img_file,Image size (pixels),Aspect ratio,RMS contrast,Luminance entropy,Complexity,Edge density,Color entropy,mean R channel,mean G channel,mean B channel (RGB),mean L channel,mean a channel,mean b channel (Lab),mean H channel,mean S channel,mean V channel,std R channel,std G channel,std B channel,std L channel,std a channel,std b channel (Lab),std H channel,std S channel,std V channel,Mirror symmetry,DCM distance,DCM x position,DCM y position,Balance,CNN symmetry left-right,CNN symmetry up-down,CNN symmetry left-right & up-down,Slope Redies,Slope Spehar,Slope Mather,Fourier sigma,2D Fractal dimension,3D Fractal dimension,Self-similarity (PHOG),Self-similarity (CNN),Anisotropy,Homogeneity,1st-order EOE,2nd-order EOE,Sparseness,Variability,
C:\Users\sblee\Downloads\Aesthetics-Toolbox-main\split_2\artemis_jacob-jordaens_kitchen-scene.jpg,3285,1.377,24.077,7.775,8.697,204.389,5.549,123.169,103.101,78.194,43.964,4.84,17.164,0.1001,0.424,0.4879,61.073,60.586,53.885,24.077,7.814,9.808,0.07884,0.1963,0.238,35.252,6.028,-0.01235,0.0275,10.548,0.5822,0.5879,0.5657,-2.46,-2.138,-1.912,0.01309,1.516,2.591,0.8557,0.865,0.0002575,98.336,4.456,4.517,0.000138,8.931e-06,
C:\Users\sblee\Downloads\Aesthetics-Toolbox-main\split_2\artemis_jacob-jordaens_love-of-cupid-and-psyche-1652.jpg,2985,1.16,15.177,6.703,4.064,99.22,4.912,59.509,33.79,19.694,15.956,9.948,12.869,0.06576,0.5699,0.2337,51.596,29.225,14.316,15.177,9.903,13.714,0.05606,0.2054,0.202,61.66,5.978,-0.01466,0.02605,8.277,0.5801,0.53,0.5047,-2.71,-1.993,-1.708,0.007993,1.418,2.453,0.6849,0.8056,0.000537,96.793,4.434,4.37,0.0001486,1.778e-05,
C:\Users\sblee\Downloads\Aesthetics-Toolbox-main\split_2\artemis_jacob-jordaens_portrait-of-a-young-married-couple-1620.jpg,3228,0.7486,22.74,7.182,7.019,69.557,5.632,65.114,60.833,41.075,24.703,-1.346,11.81,0.2,0.4188,0.2658,60.607,53.112,41.739,22.74,5.744,10.318,0.0838,0.1686,0.2336,49.001,25.414,-0.07742,0.1008,19.799,0.3289,0.3818,0.377,-2.742,-1.138,-1.044,0.00956,1.484,2.615,0.7995,0.8096,0.0001296,91.817,4.424,4.431,0.0001321,1.424e-05,
C:\Users\sblee\Downloads\Aesthetics-Toolbox-main\split_2\artemis_jacob-jordaens_satyr-and-peasant-1620-1.jpg,3126,1.262,21.173,7.221,5.862,116.583,5.226,84.578,52.922,27.176,24.767,10.907,20.035,0.08863,0.6813,0.3344,65.308,46.383,34.112,21.173,11.628,15.47,0.06074,0.1907,0.2558,44.455,12.709,0.05619,0.02967,12.629,0.51,0.539,0.4628,-2.681,-1.792,-1.34,0.008524,1.432,2.491,0.7514,0.8016,0.000329,96.264,3.892,4.196,0.0001504,1.399e-05,
C:\Users\sblee\Downloads\Aesthetics-Toolbox-main\split_2\artemis_jacob-jordaens_self-portrait.jpg,3090,0.8091,21.062,7.018,6.084,60.471,5.137,85.053,38.759,19.02,21.369,18.111,20.049,0.01773,0.741,0.3336,70.27,44.192,19.363,21.062,13.71,19.415,0.04959,0.1528,0.2755,56.27,18.449,-0.06368,0.06674,6.973,0.4216,0.4323,0.4024,-2.808,-1.416,-1.111,0.02227,1.481,2.564,0.7807,0.772,0.0001558,93.944,4.475,4.359,0.0001712,1.659e-05,
C:\Users\sblee\Downloads\Aesthetics-Toolbox-main\split_2\artemis_jacoba-van-heemskerck_composition-1914.jpg,3167,1.292,32.318,7.024,12.237,260.69,4.605,106.751,107.374,99.197,43.015,-1.81,4.443,0.1801,0.1246,0.4234,81.046,81.587,78.263,32.318,1.485,2.44,0.06749,0.1226,0.319,48.687,2.91,-0.004762,0.01375,10.066,0.5995,0.5858,0.5711,-2.376,-2.118,-1.617,0.00522,1.368,2.519,0.7642,0.8753,0.0005571,98.423,4.048,4.406,0.000196,8.831e-06,
C:\Users\sblee\Downloads\Aesthetics-Toolbox-main\split_2\artemis_jacopo-bellini_ross-and-rider.jpg,3372,1.44,13.023,6.599,5.687,74.063,2.089,185.996,187.706,186.568,75.728,-0.8077,0.3877,0.3748,0.01326,0.7367,33.883,34.488,35.203,13.023,0.374,0.7243,0.1344,0.008332,0.136,4.047,5.591,0.00804,-0.02677,12.2,0.5057,0.4264,0.4371,-2.63,-1.536,-1.385,0.003179,1.63,2.588,0.7573,0.7963,0.000215,95.214,4.027,4.235,0.000242,1.558e-05,
C:\Users\sblee\Downloads\Aesthetics-Toolbox-main\split_2\artemis_jacopo-pontormo_vertumnus-and-pomona.jpg,3862,1.795,19.451,7.476,11.059,133.33,5.797,154.482,141.977,110.776,58.826,0.3072,18.457,0.1334,0.3057,0.611,49.424,49.956,51.629,19.451,6.029,13.194,0.1107,0.1942,0.1938,17.489,5.075,-0.001613,-0.02533,15.215,0.716,0.506,0.5065,-2.019,-1.68,-1.039,0.00676,1.696,2.727,0.6751,0.851,0.0003511,98.929,4.561,4.48,0.0001192,1.373e-05,
C:\Users\sblee\Downloads\Aesthetics-Toolbox-main\split_2\artemis_jacopo-pontormo_visitation-1.jpg,3265,0.7339,21.282,7.638,4.063,102.547,5.953,116.487,98.99,81.757,42.382,4.361,12.323,0.1055,0.2701,0.4602,60.111,50.124,43.206,21.282,9.152,9.787,0.09745,0.1769,0.234,23.435,8.28,-0.007959,0.04063,8.409,0.4722,0.4323,0.3886,-2.982,-1.885,-1.699,0.005081,1.376,2.46,0.8102,0.818,0.0002857,97.59,4.477,4.483,0.0001796,1.934e-05,
C:\Users\sblee\Downloads\Aesthetics-Toolbox-main\split_2\artemis_jacques-villon_l-espagnole-1928.jpg,3578,0.6293,19.808,6.335,3.25,133.591,6.229,213.243,201.88,201.142,82.009,4.136,2.515,0.6012,0.114,0.8529,49.25,57.021,58.503,19.808,13.869,9.536,0.3159,0.1683,0.1912,5.599,15.392,0.0007236,0.07696,12.282,0.6424,0.4227,0.4152,-2.781,-2.217,-2.144,0.02075,1.402,2.4,0.5626,0.7976,0.0007591,87.259,4.38,4.492,0.0004826,2.499e-05,
C:\Users\sblee\Downloads\Aesthetics-Toolbox-main\split_2\artemis_james-ensor_skeletons-trying-to-warm-themselves-1889.jpg,3100,0.8044,18.957,7.491,7.909,85.561,6.888,101.245,102.233,85.646,42.277,-3.177,9.576,0.2253,0.2785,0.4363,54.775,45.67,49.025,18.957,9.064,12.579,0.1642,0.1588,0.203,40.571,13.048,-0.04848,-0.04366,12.977,0.503,0.4053,0.3649,-2.522,-1.475,-1.064,0.01097,1.496,2.595,0.7934,0.8053,0.0002109,94.759,4.109,4.397,0.0001206,1.667e-05,
C:\Users\sblee\Downloads\Aesthetics-Toolbox-main\split_2\artemis_james-mcneill-whistler_harmony-in-brown-the-felt-hat-1899.jpg,4377,0.4614,16.935,7.226,5.302,44.173,5.104,99.922,76.32,57.05,33.845,7.102,14.498,0.0695,0.3436,0.3922,55.807,36.665,19.678,16.935,6.096,13.58,0.06871,0.186,0.2185,45.919,15.887,0.02533,-0.07529,31.589,0.5422,0.4785,0.4769,-2.842,-1.445,-0.9246,0.01992,1.466,2.583,0.8324,0.7646,0.0001343,89.786,3.761,3.877,0.0001588,1.836e-05,
C:\Users\sblee\Downloads\Aesthetics-Toolbox-main\split_2\artemis_james-mcneill-whistler_note-in-blue-and-opal.jpg,4060,1.938,7.976,5.801,2.355,44.832,4.961,212.158,209.023,180.654,83.37,-3.456,14.57,0.1654,0.1595,0.8383,19.627,22.257,28.181,7.976,2.294,7.686,0.0454,0.1065,0.07448,0.2169,1.334,-0.005601,-0.003618,18.121,0.5297,0.4157,0.4057,-2.49,-1.913,-1.954,0.009895,1.597,2.58,0.7402,0.7666,0.0003236,75.485,3.385,3.908,0.0001793,9.569e-06,
C:\Users\sblee\Downloads\Aesthetics-Toolbox-main\split_2\artemis_james-mcneill-whistler_nude-girl-with-a-bowl.jpg,3583,0.6279,12.569,7.021,10.206,41.171,3.638,123.952,88.25,52.115,40.187,10.447,26.449,0.08267,0.5897,0.4861,34.857,30.273,21.378,12.569,3.225,6.286,0.01159,0.07809,0.1367,40.587,7.886,-0.03618,0.01567,14.394,0.6271,0.5892,0.5849,-2.352,-0.9479,-0.6366,0.01372,1.732,2.667,0.8939,0.79,8.79e-05,91.178,4.267,4.446,0.0001425,8.925e-06,
C:\Users\sblee\Downloads\Aesthetics-Toolbox-main\split_2\artemis_james-mcneill-whistler_study-of-a-head.jpg,3533,0.6425,13.334,6.379,4.337,30.596,4.97,54.638,44.653,39.122,18.768,3.394,5.079,0.08492,0.221,0.2162,39.962,28.667,24.002,13.334,5.348,6.039,0.1472,0.1535,0.1557,72.618,14.079,0.01375,0.06904,17.582,0.5422,0.3982,0.3749,-2.621,-1.242,-0.7749,0.03434,1.575,2.599,0.6697,0.7066,0.00036,78.85,4.273,4.055,0.0001673,1.115e-05,
C:\Users\sblee\Downloads\Aesthetics-Toolbox-main\split_2\artemis_james-mcneill-whistler_the-chelsea-girl.jpg,3934,0.5415,14.867,7.142,3.957,45.355,4.541,107.177,87.166,53.921,37.826,3.663,22.058,0.0993,0.5008,0.4203,37.442,36.995,22.653,14.867,4.26,8.258,0.02385,0.07994,0.1468,24.201,11.03,0.0275,0.04781,14.629,0.6466,0.493,0.4837,-2.718,-1.708,-1.27,0.01357,1.469,2.552,0.8629,0.7867,0.0002194,94.853,4.342,4.309,0.0001465,1.044e-05,
C:\Users\sblee\Downloads\Aesthetics-Toolbox-main\split_2\artemis_james-tissot_judas-hangs-himself-illustration-for-the-life-of-christ.jpg,4049,0.5182,12.595,6.876,4.199,89.029,5.82,86.366,81.776,65.022,34.488,-1.013,10.447,0.1782,0.2432,0.347,35.424,30.194,24.685,12.595,5.127,7.814,0.08988,0.153,0.1357,57.429,3.126,-0.001447,-0.01556,19.876,0.5323,0.5,0.5079,-2.254,-1.986,-2.038,0.007691,1.535,2.526,0.7817,0.8519,0.0002753,95.817,4.518,4.478,0.0001251,1.143e-05,
C:\Users\sblee\Downloads\Aesthetics-Toolbox-main\split_2\artemis_james-tissot_micah-the-prophet.jpg,4163,0.4969,17.816,7.373,3.491,96.991,2.811,132.716,130.813,124.932,54.123,-0.4176,3.452,0.1302,0.06581,0.5213,45.965,45.842,45.194,17.816,0.9074,0.9647,0.03899,0.02463,0.1798,36.361,2.97,0.002894,0.01456,18.614,0.5526,0.4807,0.4696,-2.826,-2.007,-1.952,0.006722,1.444,2.474,0.8111,0.8362,0.0003205,98.556,4.367,4.384,0.0001863,1.001e-05,
C:\Users\sblee\Downloads\Aesthetics-Toolbox-main\split_2\artemis_james-tissot_rear-of-the-mosque-of-omar-1889.jpg,3118,1.258,15.159,6.236,11.14,58.821,3.378,175.3,165.166,143.938,67.747,0.04942,12.317,0.1157,0.1824,0.6876,41.314,38.416,35.45,15.159,1.127,2.621,0.01779,0.04245,0.1617,5.967,11.988,-0.004893,0.05974,13.084,0.6057,0.2849,0.2807,-2.151,-1.131,-0.6824,0.008857,1.616,2.73,0.4376,0.838,0.0003405,83.388,4.434,4.461,0.0002096,1.237e-05,
C:\Users\sblee\Downloads\Aesthetics-Toolbox-main\split_2\artemis_james-tissot_the-ball.jpg,3661,0.6064,23.671,7.695,6.755,111.734,5.753,139.63,106.163,76.064,46.698,10.272,20.4,0.0293,0.442,0.5629,76.57,55.258,31.522,23.671,8.551,23.355,0.1914,0.1945,0.2809,21.663,12.661,0.06223,0.01163,15.997,0.4442,0.4901,0.4709,-2.369,-1.832,-1.532,0.01405,1.427,2.571,0.8365,0.8479,0.0002082,96.633,4.528,4.482,0.0001178,1.351e-05,
C:\Users\sblee\Downloads\Aesthetics-Toolbox-main\split_2\artemis_james-tissot_the-first-man-i-saw.jpg,3612,0.6197,16.398,7.129,8.813,118.607,0.0,160.583,160.583,160.583,65.647,-0.001728,0.003275,0.0,0.0,0.6297,42.264,42.264,42.264,16.398,0.000347,0.0006578,0.0,0.0,0.1657,7.821,10.943,0.02171,-0.05022,19.345,0.585,0.5044,0.4908,-2.293,-1.417,-1.389,0.004496,1.683,2.641,0.7489,0.8668,0.000285,96.068,4.537,4.549,0.0001972,9.914e-06,
C:\Users\sblee\Downloads\Aesthetics-Toolbox-main\split_2\artemis_james-tissot_the-princesse-de-broglie.jpg,3850,0.56,25.286,7.836,7.481,102.822,5.418,135.571,113.371,63.342,47.914,2.924,30.28,0.1113,0.6102,0.5369,62.247,66.147,52.031,25.286,10.659,11.881,0.04749,0.2031,0.2439,30.714,13.25,-0.06512,-0.01216,17.679,0.4855,0.4507,0.4264,-2.722,-1.427,-1.283,0.002274,1.537,2.6,0.8193,0.8129,0.0002081,96.691,4.45,4.396,0.000152,1.816e-05,
C:\Users\sblee\Downloads\Aesthetics-Toolbox-main\split_2\artemis_james-tissot_the-prodigal-son-in-modern-life-the-fatted-calf.jpg,3237,1.342,20.939,7.328,4.633,94.58,4.554,77.427,59.736,37.062,25.531,4.261,15.656,0.09522,0.4972,0.3037,60.103,48.004,28.2,20.939,5.062,12.614,0.02684,0.1075,0.2356,62.062,16.253,-0.02884,-0.07598,12.08,0.4281,0.4848,0.4412,-2.799,-1.894,-1.653,0.003799,1.379,2.483,0.8015,0.8453,0.0002706,91.59,4.506,4.495,0.0001352,1.212e-05,
C:\Users\sblee\Downloads\Aesthetics-Toolbox-main\split_2\artemis_james-tissot_the-widower.jpg,3580,0.6288,20.219,7.607,10.226,98.422,5.994,90.803,92.616,61.089,37.574,-6.007,17.252,0.2044,0.3427,0.3771,53.519,49.107,35.34,20.219,5.415,12.933,0.123,0.1541,0.2047,47.022,5.45,-0.02243,0.01547,14.319,0.5189,0.5232,0.5128,-2.394,-1.392,-1.128,0.002137,1.709,2.573,0.8144,0.8457,0.0001536,96.485,4.493,4.515,0.0001075,1.299e-05,
C:\Users\sblee\Downloads\Aesthetics-Toolbox-main\split_2\artemis_james-tissot_the-window.jpg,3821,0.5666,21.244,7.109,7.841,88.876,0.0,154.592,154.592,154.592,63.053,-0.001673,0.003171,0.0,0.0,0.6062,53.949,53.949,53.949,21.244,0.0004496,0.0008522,0.0,0.0,0.2116,11.267,12.794,0.02605,0.05843,14.396,0.4857,0.4956,0.4705,-2.663,-1.441,-1.102,0.02049,1.575,2.644,0.7125,0.8125,0.000374,92.822,4.363,4.407,0.0001864,1.564e-05,
C:\Users\sblee\Downloads\Aesthetics-Toolbox-main\split_2\artemis_jamie-wyeth_gull-rock-1970.jpg,3598,1.603,22.387,6.614,10.258,68.818,5.553,194.039,191.992,180.429,76.827,-1.099,6.078,0.1655,0.103,0.7667,55.131,58.634,56.141,22.387,3.553,5.342,0.1037,0.1017,0.2155,4.493,32.842,0.01489,-0.1635,15.041,0.5907,0.1197,0.1191,-1.891,-1.78,-1.128,0.01302,1.731,2.825,0.3377,0.6932,0.0002512,79.357,4.472,4.527,0.000327,1.36e-05,
C:\Users\sblee\Downloads\Aesthetics-Toolbox-main\split_2\artemis_jamie-wyeth_sea-of-storms-1970.jpg,3011,1.179,29.368,7.32,6.55,84.75,5.898,126.007,126.169,118.862,51.042,-1.336,3.631,0.2215,0.1016,0.5076,76.072,74.178,67.018,29.368,2.582,5.154,0.2475,0.05134,0.294,36.944,21.102,0.03407,0.09986,19.062,0.5906,0.3174,0.3031,-2.455,-1.773,-1.232,0.008131,1.453,2.523,0.5921,0.8018,0.0003164,93.693,4.104,4.328,0.0001809,1.774e-05,
C:\Users\sblee\Downloads\Aesthetics-Toolbox-main\split_2\artemis_jan-matejko_aleksander-jagiellonczyk.jpg,3196,0.7619,23.241,7.652,18.243,141.117,4.031,148.216,149.516,145.145,60.784,-1.326,2.227,0.2167,0.04334,0.5877,60.038,60.615,61.72,23.241,0.9061,1.484,0.1079,0.02894,0.2381,30.109,14.44,-0.05716,-0.0441,14.011,0.5838,0.5664,0.5581,-2.155,-1.618,-0.9192,0.02028,1.717,2.776,0.8792,0.8712,0.0001495,97.786,4.376,4.426,0.0001263,9.45e-06,
C:\Users\sblee\Downloads\Aesthetics-Toolbox-main\split_2\artemis_jan-matejko_armor-of-stefan-batory-1872.jpg,3136,0.7879,17.465,7.245,13.793,78.423,4.439,118.384,94.28,70.403,41.223,6.45,17.038,0.07407,0.395,0.4649,48.693,41.754,32.776,17.465,4.023,9.642,0.06915,0.1598,0.19,14.604,3.462,-0.01302,0.0114,6.82,0.4498,0.4708,0.4337,-2.245,-1.169,-0.6437,0.02222,1.756,2.714,0.6137,0.8249,0.0002003,98.994,4.448,4.479,0.0001318,1.748e-05,
C:\Users\sblee\Downloads\Aesthetics-Toolbox-main\split_2\artemis_jan-matejko_battle-of-grunwald-detail-7.jpg,3388,0.6889,23.697,7.844,14.944,151.751,5.451,140.888,109.291,85.162,47.78,9.407,17.964,0.05746,0.3898,0.5533,66.408,59.244,44.505,23.697,8.879,12.191,0.07956,0.1637,0.2592,28.571,9.539,0.03546,0.0319,10.063,0.5726,0.5218,0.5199,-2.266,-1.636,-1.058,0.01049,1.69,2.704,0.8329,0.8625,0.0002066,98.515,4.511,4.502,0.0001105,1.251e-05,
C:\Users\sblee\Downloads\Aesthetics-Toolbox-main\split_2\artemis_jan-matejko_dobrawa.jpg,3258,0.7367,20.644,7.539,15.494,124.232,3.754,138.667,139.888,135.798,57.278,-1.252,2.088,0.2158,0.03979,0.5496,53.331,53.901,54.804,20.644,0.8216,1.387,0.1071,0.02232,0.2119,44.027,7.009,-0.02967,-0.01866,12.703,0.5875,0.5438,0.552,-2.097,-1.746,-1.043,0.01491,1.738,2.754,0.8723,0.8566,0.0001946,98.442,4.347,4.479,0.0001267,1.025e-05,
C:\Users\sblee\Downloads\Aesthetics-Toolbox-main\split_2\artemis_jan-matejko_krakow-morgue.jpg,2952,1.136,28.271,7.351,13.41,209.717,4.556,154.125,156.038,154.238,62.864,-1.039,0.7943,0.3211,0.03382,0.6147,72.555,73.58,74.781,28.271,1.184,1.591,0.1972,0.02736,0.2894,24.132,7.874,0.03376,-0.02026,8.634,0.5406,0.5275,0.5277,-2.326,-1.978,-1.362,0.005096,1.55,2.686,0.7728,0.8638,0.0003584,99.39,3.954,4.337,0.0002128,1.2e-05,
C:\Users\sblee\Downloads\Aesthetics-Toolbox-main\split_2\artemis_jan-steen_little-collector-1665.jpg,2995,0.8568,20.588,7.275,7.466,118.719,6.338,73.7,53.661,43.866,23.751,7.616,9.001,0.9864,0.4834,0.2996,58.952,46.815,32.737,20.588,6.808,14.084,0.1717,0.1841,0.2219,49.869,10.363,-0.04848,-0.01829,10.155,0.5205,0.4932,0.5144,-2.694,-1.669,-1.443,0.001847,1.496,2.534,0.8353,0.8395,0.0001869,96.248,4.387,4.493,0.000118,1.361e-05,
C:\Users\sblee\Downloads\Aesthetics-Toolbox-main\split_2\artemis_jan-steen_quack.jpg,3270,1.366,26.958,7.487,7.58,109.805,5.557,110.531,90.753,71.798,38.73,6.07,14.245,0.06827,0.4294,0.4392,68.957,68.367,70.174,26.958,5.888,12.769,0.1329,0.2334,0.267,64.465,23.704,0.03125,0.1143,21.288,0.4915,0.4796,0.4415,-2.664,-1.498,-1.327,0.001722,1.497,2.488,0.7999,0.8382,0.0001751,85.371,4.536,4.525,0.0001404,1.567e-05,
C:\Users\sblee\Downloads\Aesthetics-Toolbox-main\split_2\artemis_jan-steen_tavern-scene.jpg,2861,0.9344,11.25,6.958,4.838,59.364,4.361,90.734,62.682,21.094,28.598,7.987,28.246,0.09399,0.764,0.3558,29.15,26.516,13.36,11.25,3.742,10.98,0.02035,0.1232,0.1143,33.141,7.737,-0.009407,0.03753,3.129,0.5626,0.5478,0.5243,-2.672,-1.6,-1.243,0.006364,1.562,2.559,0.831,0.8143,0.0001674,96.932,4.445,4.509,0.0001353,1.262e-05,
C:\Users\sblee\Downloads\Aesthetics-Toolbox-main\split_2\artemis_jan-steen_winter-landscape.jpg,3430,1.482,23.941,7.693,5.99,56.454,6.502,131.025,137.187,136.285,55.701,-1.607,0.228,0.2976,0.2047,0.5785,54.39,61.264,68.538,23.941,3.514,12.327,0.2391,0.1569,0.2453,14.532,17.283,-0.04248,-0.07525,16.015,0.3992,0.3321,0.2832,-2.541,-1.373,-1.045,0.008632,1.473,2.618,0.7552,0.7588,0.0002393,86.248,4.36,4.41,0.0002257,1.654e-05,
C:\Users\sblee\Downloads\Aesthetics-Toolbox-main\split_2\artemis_jan-toorop_self-portrait-1927.jpg,2965,0.873,19.741,7.329,5.759,86.01,5.087,174.499,158.868,127.142,65.454,1.115,18.624,0.1122,0.2799,0.6848,50.348,52.156,46.899,19.741,4.444,10.09,0.04341,0.1324,0.1977,13.409,20.661,0.01158,-0.1027,18.127,0.514,0.3719,0.3539,-2.261,-1.928,-1.582,0.003495,1.419,2.583,0.5901,0.7941,0.0003148,89.062,4.41,4.448,0.0001447,1.967e-05,
C:\Users\sblee\Downloads\Aesthetics-Toolbox-main\split_2\artemis_jan-van-eyck_the-ghent-altarpiece-the-virgin-mary-1429.jpg,4575,0.4328,26.193,7.116,7.656,98.305,5.839,95.596,77.541,71.38,33.21,7.028,5.816,0.9412,0.2614,0.3769,71.894,64.643,53.564,26.193,5.128,12.728,0.1335,0.1523,0.2822,65.079,27.458,-0.03039,0.1339,17.535,0.5298,0.2804,0.2779,-2.353,-1.772,-1.313,0.01082,1.468,2.565,0.7075,0.8398,0.0001614,84.221,4.524,4.513,0.0001432,1.515e-05,
C:\Users\sblee\Downloads\Aesthetics-Toolbox-main\split_2\artemis_jan-van-hemessen_parable-of-the-prodigal-son.jpg,3224,1.333,24.264,7.729,4.336,102.64,6.703,111.71,105.554,104.644,44.244,2.873,1.555,0.8269,0.2134,0.4793,67.282,59.781,58.204,24.264,9.367,10.372,0.358,0.1343,0.2652,36.167,11.87,-0.038,0.04559,16.593,0.4434,0.4001,0.3979,-3.01,-1.9,-1.628,0.002488,1.316,2.447,0.8549,0.8128,0.000291,97.793,4.421,4.419,0.0001586,1.846e-05,
C:\Users\sblee\Downloads\Aesthetics-Toolbox-main\split_2\artemis_jan-van-hemessen_vanit.jpg,3277,0.7293,26.168,7.528,6.011,116.979,5.734,101.162,66.983,61.431,31.587,13.773,10.123,0.01322,0.5573,0.4045,65.542,65.273,63.707,26.168,12.402,11.509,0.09959,0.2882,0.2637,41.974,25.824,-0.1042,0.07625,14.573,0.4253,0.4876,0.4121,-2.896,-1.508,-1.359,0.002769,1.404,2.498,0.6384,0.8067,0.0002455,93.1,4.467,4.445,0.0001633,1.565e-05,
C:\Users\sblee\Downloads\Aesthetics-Toolbox-main\split_2\artemis_jane-frank_aerial-view-no-1-1968.jpg,3240,1.344,13.21,6.843,6.379,69.747,5.734,216.187,110.062,94.662,59.455,39.079,28.876,0.02157,0.5783,0.8509,43.967,44.158,20.952,13.21,23.191,12.298,0.06776,0.1231,0.1686,6.249,3.131,0.003767,0.0152,11.425,0.4721,0.4988,0.4438,-2.261,-1.822,-1.339,0.005616,1.736,2.593,0.7942,0.7792,0.0001811,95.378,4.456,4.51,0.0002993,1.48e-05,
C:\Users\sblee\Downloads\Aesthetics-Toolbox-main\split_2\artemis_janet-fish_cut-peach-blue-vase-1993.jpg,3038,1.198,18.485,7.504,12.982,150.628,6.8,144.386,96.169,83.003,45.832,18.598,15.944,0.02044,0.4569,0.5854,61.827,46.852,40.118,18.485,17.248,19.961,0.1367,0.1973,0.2328,35.605,6.017,0.02597,-0.0152,6.192,0.5843,0.562,0.5503,-2.033,-1.346,-1.454,0.02454,1.706,2.714,0.8674,0.8492,0.0001815,97.591,4.194,4.412,9.732e-05,1.238e-05,
C:\Users\sblee\Downloads\Aesthetics-Toolbox-main\split_2\artemis_janos-mattis-teutsch_green-and-yellow-landscape-1910.jpg,3273,1.368,16.75,7.339,11.223,121.06,6.429,172.686,161.211,120.624,66.125,-1.62,22.257,0.1422,0.3118,0.6963,53.887,44.189,30.056,16.75,9.841,17.484,0.1291,0.139,0.1947,24.42,2.044,-0.009254,0.004342,8.954,0.5675,0.5281,0.5364,-2.619,-1.37,-1.047,0.01512,1.635,2.6,0.8886,0.8556,0.0001918,99.362,4.488,4.498,0.0001088,1.305e-05,
C:\Users\sblee\Downloads\Aesthetics-Toolbox-main\split_2\artemis_janos-mattis-teutsch_houses-with-trees-1910.jpg,2829,1.047,9.408,6.638,4.167,54.593,6.968,149.302,159.419,112.764,64.071,-10.3963,23.027,0.2286,0.3809,0.6675,47.917,21.545,32.718,9.408,12.561,19.921,0.1591,0.1504,0.1208,38.83,4.118,-0.01831,0.009407,4.251,0.5393,0.4789,0.4697,-2.663,-1.443,-1.183,0.01211,1.529,2.521,0.7972,0.8105,0.0003223,98.304,4.062,4.28,0.0001661,1.555e-05,
C:\Users\sblee\Downloads\Aesthetics-Toolbox-main\split_2\artemis_janos-mattis-teutsch_landscape-1917.jpg,3047,1.205,12.136,6.815,3.136,71.077,6.259,163.412,150.752,107.674,62.931,-0.2158,23.913,0.1123,0.4069,0.6853,54.587,29.929,51.375,12.136,15.898,23.468,0.1358,0.2639,0.1385,12.448,10.3,0.009309,-0.05065,5.713,0.5145,0.3915,0.3493,-3.0,-1.788,-1.506,0.004909,1.268,2.408,0.7651,0.7854,0.0004077,91.822,4.031,4.306,0.0001871,2.72e-05,
C:\Users\sblee\Downloads\Aesthetics-Toolbox-main\split_2\artemis_janos-mattis-teutsch_lonely-tree-1917.jpg,3229,1.336,16.324,7.184,4.468,74.137,6.768,82.939,109.864,117.774,44.717,-5.166,-7.322,0.5483,0.4734,0.5095,52.601,42.483,37.433,16.324,12.044,18.246,0.1717,0.2058,0.1426,56.076,11.48,0.01381,0.05572,14.12,0.557,0.4676,0.4513,-2.663,-1.844,-1.537,0.009099,1.426,2.471,0.814,0.7785,0.0003855,89.424,3.877,4.14,0.0001777,1.627e-05,
C:\Users\sblee\Downloads\Aesthetics-Toolbox-main\split_2\artemis_jean-alexandru-steriadi_bucure-tiul-vechi-dinspre-sf-spiridon.jpg,3285,1.377,12.89,7.02,12.07,86.362,6.472,158.394,158.543,124.952,64.437,-5.161,17.815,0.2035,0.2688,0.6552,36.257,34.863,40.25,12.89,8.329,11.929,0.1091,0.1592,0.133,16.155,5.553,0.01287,-0.0246,8.756,0.5621,0.5413,0.5219,-2.419,-1.098,-0.8097,0.0103,1.774,2.668,0.765,0.8487,0.0001197,97.444,4.452,4.541,0.0001087,1.012e-05,
C:\Users\sblee\Downloads\Aesthetics-Toolbox-main\split_2\artemis_jean-alexandru-steriadi_peisaj-de-iarn-1922.jpg,3025,1.189,17.217,7.202,9.996,95.623,6.042,173.727,163.823,144.952,67.29,0.8521,11.288,0.1389,0.1825,0.6861,41.421,46.874,46.223,17.217,5.8,8.301,0.09827,0.1441,0.1627,18.497,6.648,-0.03317,0.002171,10.357,0.5185,0.5015,0.4964,-2.392,-1.156,-1.089,0.002877,1.62,2.664,0.7395,0.8471,0.0001829,90.621,4.5,4.522,0.0001288,1.156e-05,
C:\Users\sblee\Downloads\Aesthetics-Toolbox-main\split_2\artemis_jean-baptiste-simeon-chardin_self-portrait-with-an-easel-1779.jpg,3174,0.7712,16.009,7.283,10.055,54.444,4.658,130.429,112.879,98.217,48.414,4.709,10.86,0.081,0.2745,0.5162,40.33,41.356,41.207,16.009,4.043,5.994,0.07985,0.1005,0.1633,59.017,8.625,0.02243,0.03683,9.353,0.4512,0.4481,0.4296,-2.66,-1.022,-0.8786,0.01849,1.761,2.712,0.8675,0.7718,0.0001483,88.882,4.363,4.319,0.000135,1.638e-05,
C:\Users\sblee\Downloads\Aesthetics-Toolbox-main\split_2\artemis_jean-david_illustration-for-haggadah-of-pesach-1970.jpg,2845,0.9446,13.771,6.78,2.23,60.786,5.129,127.06,132.61,126.783,54.516,-2.931,2.527,0.2118,0.1213,0.5341,37.47,34.283,36.874,13.771,6.298,8.874,0.1537,0.1436,0.123,23.574,1.304,0.006512,-0.0003418,4.176,0.4177,0.4154,0.4252,-3.113,-1.857,-1.722,0.008148,1.155,2.377,0.7337,0.8105,0.0003696,96.973,4.523,4.502,0.0002584,2.073e-05,
C:\Users\sblee\Downloads\Aesthetics-Toolbox-main\split_2\artemis_jean-david_vase-of-flowers.jpg,3298,0.7213,16.439,6.467,3.585,60.568,4.506,200.879,192.814,167.536,77.663,-1.325,13.774,0.1377,0.1725,0.7915,45.507,43.215,40.285,16.439,2.778,4.313,0.04602,0.0735,0.1736,8.09,11.824,0.05789,0.012,20.927,0.4283,0.4331,0.368,-2.442,-1.881,-1.55,0.001812,1.312,2.493,0.6765,0.7598,0.0002943,79.741,4.452,4.415,0.0002275,1.405e-05,
C:\Users\sblee\Downloads\Aesthetics-Toolbox-main\split_2\artemis_jean-degottex_d-bris-xxii.jpg,2968,0.8714,17.831,6.945,8.321,227.414,5.082,191.112,172.978,154.468,71.464,4.326,12.568,0.1044,0.2275,0.7518,37.272,50.343,61.137,17.831,5.629,9.967,0.09992,0.1956,0.149,24.763,2.852,-0.009407,0.01072,5.164,0.6444,0.6484,0.7087,-2.15,-1.984,-1.637,0.0561,1.487,2.652,0.8656,0.8498,0.0009669,99.358,2.483,3.002,0.000187,4.508e-06,
C:\Users\sblee\Downloads\Aesthetics-Toolbox-main\split_2\artemis_jean-dubuffet_portrait-of-armand-salacrou.jpg,3020,0.8437,12.054,5.444,2.812,53.612,3.783,225.207,208.04,192.636,84.351,3.693,10.03,0.08208,0.1566,0.8836,25.991,34.114,36.508,12.054,4.651,4.615,0.04552,0.1129,0.1022,1.312,9.859,0.01664,0.0464,8.166,0.4157,0.332,0.372,-2.42,-2.088,-1.774,0.005106,1.442,2.491,0.5083,0.7255,0.0003231,78.497,4.556,4.463,0.000366,1.552e-05,
C:\Users\sblee\Downloads\Aesthetics-Toolbox-main\split_2\artemis_jean-fautrier_large-tragic-head-1942.jpg,3586,0.627,15.829,7.12,2.863,49.955,3.924,107.846,108.108,108.034,45.144,-0.1473,0.1858,0.1781,0.05173,0.4348,38.885,38.964,44.143,15.829,1.335,3.494,0.2465,0.03282,0.1668,42.54,4.347,-0.01954,0.009528,14.255,0.5588,0.3925,0.3833,-2.6,-1.891,-1.623,0.01309,1.401,2.505,0.459,0.7801,0.0008815,95.703,4.033,4.19,0.0003432,2.484e-05,
C:\Users\sblee\Downloads\Aesthetics-Toolbox-main\split_2\artemis_jean-francois-millet_louise-antoinette-feuardent-1841.jpg,3069,0.8192,22.75,6.897,3.196,48.46,4.163,109.799,99.878,82.092,41.622,0.9984,10.915,0.1039,0.2564,0.4359,60.348,53.484,40.854,22.75,1.923,9.193,0.1651,0.09441,0.2295,16.692,19.369,-0.02098,0.09455,8.708,0.4092,0.2934,0.2499,-2.707,-1.982,-1.603,0.006354,1.265,2.503,0.6835,0.7422,0.000283,95.894,4.527,4.355,0.0001597,2.26e-05,
C:\Users\sblee\Downloads\Aesthetics-Toolbox-main\split_2\artemis_jean-francois-millet_not_detected_189995.jpg,3086,1.233,19.203,7.623,7.245,98.21,6.241,132.181,130.646,116.196,53.74,-2.018,7.922,0.1996,0.1555,0.5329,53.021,48.204,42.557,19.203,3.442,5.948,0.1327,0.07826,0.2,25.821,11.974,-0.05751,-0.01664,8.642,0.5965,0.5998,0.5798,-2.45,-1.687,-1.371,0.004811,1.557,2.622,0.8469,0.8683,0.0001479,96.51,4.49,4.528,0.0001088,7.525e-06,
C:\Users\sblee\Downloads\Aesthetics-Toolbox-main\split_2\artemis_jean-francois-millet_priory-at-vauville-normandy.jpg,3119,1.257,26.623,7.668,4.189,60.614,5.097,133.87,124.787,93.35,51.106,-1.355,18.445,0.1319,0.3519,0.5274,67.457,68.694,61.066,26.623,3.884,6.698,0.03903,0.1408,0.2652,49.471,27.095,-0.006621,0.1353,18.708,0.6271,0.4404,0.435,-2.713,-1.542,-1.405,0.003768,1.321,2.507,0.8809,0.8247,0.0002021,81.169,4.182,4.455,0.0001529,1.123e-05,
C:\Users\sblee\Downloads\Aesthetics-Toolbox-main\split_2\artemis_jean-hey_st-anne-presenting-anne-of-france-and-her-daughter-suzanne-of-bourbon-right-wing-of-the-bourbon.jpg,4945,0.3879,21.329,7.461,4.29,102.208,5.9,99.658,74.244,47.715,33.181,7.271,20.209,0.1285,0.5636,0.4043,65.316,50.697,48.349,21.329,14.202,12.062,0.1141,0.2158,0.2427,68.132,8.362,0.02894,0.03017,22.295,0.473,0.4522,0.4256,-2.939,-1.799,-1.601,0.002135,1.442,2.461,0.8262,0.7996,0.0002324,88.721,4.194,4.298,0.0001685,2.368e-05,
C:\Users\sblee\Downloads\Aesthetics-Toolbox-main\split_2\artemis_jean-hugo_les-deux-vaches-et-la-paysanne-1970.jpg,3813,1.759,19.049,7.229,3.419,60.956,6.303,126.264,137.51,114.971,55.682,-6.086,10.657,0.4067,0.3961,0.5939,55.899,47.573,71.598,19.049,7.66,25.855,0.2018,0.2265,0.2191,24.126,10.156,-0.01255,-0.0492,17.12,0.4412,0.3617,0.3221,-2.931,-1.78,-1.445,0.003491,1.32,2.402,0.8097,0.7782,0.000207,93.305,4.451,4.472,0.0002486,2.32e-05,
C:\Users\sblee\Downloads\Aesthetics-Toolbox-main\split_2\artemis_jean-metzinger_landscape-1904.jpg,3062,1.216,19.181,7.551,4.079,122.921,7.249,96.387,92.07,81.295,38.543,0.05067,6.84,0.2122,0.2544,0.404,53.199,44.26,43.001,19.181,7.946,11.179,0.244,0.153,0.1993,27.136,1.933,-0.007143,0.006512,7.984,0.5348,0.4923,0.4669,-3.026,-2.033,-1.889,0.009226,1.347,2.389,0.7819,0.8509,0.0003325,98.392,4.449,4.485,0.0001474,1.236e-05,
C:\Users\sblee\Downloads\Aesthetics-Toolbox-main\split_2\artemis_jimmy-ernst_sea-of-grass-1983.jpg,3031,1.193,13.6,7.076,10.567,74.69,6.636,94.966,141.655,98.889,54.942,-21.7355,16.919,0.3851,0.5214,0.5872,50.96,34.213,56.779,13.6,14.262,28.682,0.1404,0.201,0.1366,47.369,4.285,-0.008793,0.01954,8.265,0.7518,0.5305,0.529,-1.512,-1.576,-0.941,0.02015,1.652,2.713,0.7568,0.8126,0.0004191,92.359,3.738,4.259,0.0001462,1.261e-05,
C:\Users\sblee\Downloads\Aesthetics-Toolbox-main\split_2\artemis_jimmy-ernst_untitled-1950.jpg,3742,0.5856,24.528,7.218,4.82,116.227,5.702,169.492,165.938,157.063,67.295,0.1547,5.496,0.2236,0.1384,0.6765,60.149,64.725,71.082,24.528,4.641,8.752,0.1955,0.17,0.2374,32.803,2.862,-0.01085,-0.009322,16.415,0.428,0.4652,0.4131,-2.54,-2.239,-2.224,0.01051,1.154,2.415,0.7529,0.7955,0.0007426,96.806,3.097,3.515,0.000315,2.288e-05,
C:\Users\sblee\Downloads\Aesthetics-Toolbox-main\split_2\artemis_joan-hernandez-pijuan_untitled-120-1999.jpg,3785,1.739,22.644,5.593,4.502,178.811,4.963,218.35,198.348,188.075,81.418,6.688,9.562,0.1204,0.1862,0.8586,37.093,71.981,72.737,22.644,15.798,9.671,0.1071,0.2658,0.1468,6.457,4.455,-0.02185,0.004342,20.817,0.4862,0.3512,0.3073,-2.283,-1.981,-1.723,0.04852,1.292,2.64,0.449,0.7036,0.001034,95.769,4.177,4.15,0.0004565,3.777e-05,
C:\Users\sblee\Downloads\Aesthetics-Toolbox-main\split_2\artemis_joan-miro_may-1973.jpg,2766,0.9986,32.986,7.559,14.89,241.1,6.971,142.61,131.545,133.238,54.687,6.564,0.7235,0.7875,0.2589,0.6098,79.971,87.275,90.473,32.986,14.111,23.728,0.2265,0.24,0.3334,27.174,6.555,0.007959,-0.03179,4.762,0.5437,0.5395,0.5298,-2.404,-1.751,-1.155,0.0091,1.53,2.69,0.724,0.8341,0.0007316,99.049,4.423,4.507,0.0001447,1.283e-05,
C:\Users\sblee\Downloads\Aesthetics-Toolbox-main\split_2\artemis_joan-miro_not_detected_227941.jpg,6426,3.65,23.675,6.858,4.79,84.397,5.213,119.556,122.769,137.661,51.784,3.685,-6.906,0.5889,0.3525,0.6103,64.588,63.041,69.134,23.675,16.396,20.531,0.1814,0.1941,0.2453,88.601,2.61,0.000793,0.01302,28.162,0.3974,0.438,0.3745,-2.802,-1.938,-1.851,0.04566,1.662,2.58,0.6631,0.7327,0.0005204,86.228,3.23,3.396,0.0002827,4.104e-05,
C:\Users\sblee\Downloads\Aesthetics-Toolbox-main\split_2\artemis_joan-miro_portrait-of-v-nubiola.jpg,2905,1.102,26.939,7.867,18.937,196.844,7.42,111.265,94.102,76.996,40.293,5.423,12.036,0.05094,0.4103,0.4654,71.41,68.671,51.027,26.939,14.955,17.755,0.2259,0.2111,0.2758,42.952,17.41,0.02988,0.08177,12.335,0.5485,0.5498,0.5402,-2.544,-1.224,-1.276,0.007143,1.67,2.736,0.8662,0.8558,0.0001765,95.803,4.489,4.487,0.0001109,1.051e-05,
C:\Users\sblee\Downloads\Aesthetics-Toolbox-main\split_2\artemis_joan-mitchell_untitled-1964.jpg,3192,0.7635,27.949,7.506,6.044,86.083,6.662,112.269,127.105,121.256,50.857,-4.86,1.194,0.3374,0.3446,0.5335,83.722,70.147,62.263,27.949,4.807,14.797,0.2099,0.263,0.2642,50.69,11.561,-0.03039,0.04917,15.23,0.5544,0.4911,0.48,-2.672,-1.605,-1.245,0.004238,1.303,2.566,0.791,0.8233,0.0002021,91.841,4.537,4.404,0.0001307,1.765e-05,
C:\Users\sblee\Downloads\Aesthetics-Toolbox-main\split_2\artemis_joan-mitchell_untitled-1987.jpg,3494,1.528,17.849,6.616,5.224,108.287,6.679,193.333,203.94,171.483,80.523,-6.679,14.178,0.3396,0.2778,0.8324,62.112,45.621,70.278,17.849,9.593,27.704,0.1885,0.2944,0.1735,3.165,9.323,-0.04593,-0.007959,17.823,0.4953,0.4816,0.4639,-2.623,-1.57,-1.272,0.005432,1.429,2.475,0.6473,0.8143,0.0003292,91.204,4.568,4.541,0.0001713,1.84e-05,
C:\Users\sblee\Downloads\Aesthetics-Toolbox-main\split_2\artemis_joaqun-sorolla_almond-trees-in-asis.jpg,3931,1.844,24.963,7.752,6.424,103.025,5.618,128.659,110.569,92.293,46.799,4.688,13.017,0.1087,0.3359,0.5139,65.194,61.247,60.481,24.963,6.213,10.708,0.1249,0.1815,0.2574,29.093,17.744,-0.008827,0.08828,22.901,0.5068,0.4833,0.484,-2.312,-2.043,-1.896,0.004628,1.486,2.592,0.8149,0.8422,0.0001486,94.199,4.506,4.523,0.0001223,1.129e-05,
C:\Users\sblee\Downloads\Aesthetics-Toolbox-main\split_2\artemis_joaqun-sorolla_field-in-asturias-1903.jpg,3361,1.432,17.602,7.285,5.774,89.311,6.054,74.895,91.521,51.631,35.99,-13.5039,20.018,0.2858,0.4632,0.3591,47.515,43.724,30.795,17.602,3.666,14.698,0.1009,0.1358,0.1716,52.538,8.62,-0.02552,-0.03473,11.016,0.5972,0.5984,0.578,-2.172,-1.787,-1.479,0.01466,1.458,2.561,0.8487,0.811,0.0003118,92.908,3.645,3.817,0.0001204,1.038e-05,
C:\Users\sblee\Downloads\Aesthetics-Toolbox-main\split_2\artemis_joaqun-sorolla_girl-with-flowers.jpg,2780,1.012,18.752,7.341,5.397,73.023,5.725,154.941,121.269,94.781,53.067,9.882,18.751,0.0583,0.3675,0.61,57.753,44.78,35.151,18.752,7.101,16.914,0.08919,0.1776,0.2232,19.961,5.26,-0.009299,0.0246,6.337,0.5145,0.4768,0.4473,-2.67,-1.642,-1.202,0.01451,1.417,2.559,0.8457,0.8194,0.0001889,94.526,4.561,4.499,0.0001489,1.498e-05,
C:\Users\sblee\Downloads\Aesthetics-Toolbox-main\split_2\artemis_joaqun-sorolla_lighthouse-walk-at-biarritz-1906.jpg,5242,2.793,20.547,7.444,2.792,83.879,6.145,150.724,146.193,124.691,59.971,-0.9135,12.562,0.1848,0.2929,0.6113,47.744,53.427,71.779,20.547,5.166,16.655,0.2081,0.27,0.1949,20.026,16.372,-0.0158,-0.08032,25.267,0.4234,0.4517,0.3803,-2.598,-2.121,-2.196,0.006991,1.237,2.414,0.7971,0.8044,0.0003065,92.484,4.415,4.452,0.0001742,1.934e-05,
C:\Users\sblee\Downloads\Aesthetics-Toolbox-main\split_2\artemis_joaqun-sorolla_on-the-beach-valencia-1905.jpg,3039,1.199,27.734,7.236,5.815,93.643,5.557,178.818,161.807,140.171,66.425,3.807,13.817,0.09324,0.2755,0.709,70.327,71.718,75.593,27.734,7.21,15.75,0.1141,0.2352,0.2713,13.55,25.94,-0.02806,-0.1266,14.68,0.4839,0.2123,0.1853,-2.472,-1.869,-1.397,0.008187,1.469,2.533,0.4939,0.814,0.0003951,86.781,4.276,4.46,0.0003249,2.007e-05,
C:\Users\sblee\Downloads\Aesthetics-Toolbox-main\split_2\artemis_joaqun-sorolla_on-the-coast-of-valencia-1898.jpg,3463,1.506,24.766,7.496,5.58,112.118,6.427,129.476,136.845,124.853,55.21,-3.923,5.562,0.3883,0.2763,0.5838,65.328,61.697,68.674,24.766,4.976,19.203,0.2181,0.156,0.2668,14.805,18.382,0.001682,-0.0919,9.935,0.4909,0.3176,0.3228,-2.394,-1.985,-1.746,0.005671,1.373,2.522,0.5538,0.8158,0.0004866,87.739,3.89,4.269,0.0001897,2.008e-05,
C:\Users\sblee\Downloads\Aesthetics-Toolbox-main\split_2\artemis_joaqun-sorolla_portrait-of-clothilde-1891.jpg,3186,1.305,20.597,7.548,5.277,97.21,6.573,118.422,116.862,104.95,48.257,-1.559,6.853,0.1871,0.1634,0.4795,55.207,51.479,51.41,20.597,5.246,7.392,0.1714,0.116,0.2073,38.012,6.702,-0.00388,0.03329,10.365,0.4579,0.4765,0.445,-2.504,-1.915,-1.535,0.005648,1.425,2.487,0.777,0.8466,0.0003104,97.503,4.344,4.439,0.0001496,1.173e-05,
C:\Users\sblee\Downloads\Aesthetics-Toolbox-main\split_2\artemis_joaqun-sorolla_the-bath-javea-1905.jpg,3356,1.428,18.352,7.49,6.178,110.962,5.908,127.094,112.155,85.474,47.471,1.997,16.643,0.1093,0.3296,0.504,51.221,45.509,37.979,18.352,5.227,12.915,0.1281,0.1598,0.1954,22.847,11.733,0.002533,-0.05861,10.386,0.5722,0.5628,0.5393,-2.232,-1.94,-1.679,0.009685,1.489,2.564,0.8284,0.8383,0.0003296,96.235,3.83,4.156,0.0001178,1.234e-05,
C:\Users\sblee\Downloads\Aesthetics-Toolbox-main\split_2\artemis_joaqun-sorolla_the-coast-near-san-sebastian-1918.jpg,3389,1.454,19.137,7.594,4.929,102.044,6.715,146.979,144.363,127.176,59.238,-1.223,9.333,0.1379,0.2445,0.6099,50.33,50.408,49.667,19.137,6.786,17.102,0.1988,0.136,0.1863,33.755,14.377,-0.008964,-0.07133,11.877,0.5923,0.4372,0.4366,-2.586,-1.919,-1.731,0.003926,1.426,2.534,0.6477,0.8419,0.0003055,95.319,4.065,4.346,0.0001212,1.064e-05,
C:\Users\sblee\Downloads\Aesthetics-Toolbox-main\split_2\artemis_joaqun-sorolla_valencia-landscape-1894.jpg,3426,1.479,18.734,7.371,6.229,93.548,5.867,125.478,122.475,91.071,50.351,-4.298,17.71,0.1755,0.3094,0.509,55.532,46.169,45.581,18.734,5.64,7.926,0.07424,0.1181,0.2046,42.99,10.168,-0.03571,0.03618,16.967,0.4567,0.4505,0.5143,-2.235,-1.876,-1.606,0.01324,1.533,2.602,0.7531,0.8326,0.0002375,94.391,3.776,4.168,0.0001158,1.169e-05,
C:\Users\sblee\Downloads\Aesthetics-Toolbox-main\split_2\artemis_joe-goode_environmental-impact-1981.jpg,3365,1.435,29.912,7.062,6.656,91.645,5.081,159.184,111.719,121.876,53.803,28.758,3.414,0.0196,0.5986,0.7569,94.706,86.412,76.884,29.912,21.372,45.074,0.2404,0.343,0.1906,62.045,8.545,-0.04211,0.007236,17.453,0.3768,0.6264,0.3751,-2.408,-1.781,-1.217,0.01564,1.495,2.52,0.6986,0.7599,0.0005168,90.866,3.689,4.022,0.0002792,3.446e-05,
C:\Users\sblee\Downloads\Aesthetics-Toolbox-main\split_2\artemis_johan-christian-dahl_megalith-grave-in-winter-1825.jpg,3308,1.394,26.69,7.661,15.926,159.002,6.806,149.389,143.394,144.153,58.844,2.545,0.5315,0.8902,0.1461,0.6131,69.717,65.596,69.176,26.69,3.246,9.478,0.2807,0.1206,0.2777,11.329,10.404,0.03998,-0.03329,13.125,0.5127,0.4845,0.4188,-2.14,-1.617,-1.008,0.005524,1.676,2.754,0.7447,0.8579,0.0002058,94.993,4.393,4.524,0.0001375,1.226e-05,
C:\Users\sblee\Downloads\Aesthetics-Toolbox-main\split_2\artemis_johannes-sveinsson-kjarval_land-and-air-1965.jpg,3610,0.6203,15.56,7.437,3.382,86.798,5.324,135.07,124.267,110.759,52.291,1.854,8.963,0.09911,0.198,0.5328,41.507,38.256,38.986,15.56,3.292,5.683,0.08125,0.1166,0.1598,16.799,12.153,0.008683,-0.06014,21.159,0.6069,0.5286,0.5017,-2.542,-1.978,-1.839,0.01211,1.421,2.522,0.7791,0.8666,0.0001776,90.945,4.535,4.553,0.0001315,9.675e-06,
C:\Users\sblee\Downloads\Aesthetics-Toolbox-main\split_2\artemis_john-atkinson-grimshaw_bowder-stone-borrowdale.jpg,3224,1.333,26.099,7.54,4.514,97.455,7.143,135.584,128.173,123.966,53.122,2.831,3.893,0.94,0.2485,0.5568,64.176,67.199,77.481,26.099,6.435,13.078,0.2484,0.2043,0.2598,37.975,21.15,0.05103,0.09262,19.708,0.5254,0.2542,0.2551,-2.703,-1.954,-1.635,0.002156,1.394,2.522,0.5724,0.8497,0.0004496,92.435,4.146,4.356,0.0002593,1.599e-05,
C:\Users\sblee\Downloads\Aesthetics-Toolbox-main\split_2\artemis_john-atkinson-grimshaw_the-heron-s-haunt.jpg,3457,1.501,22.441,6.979,5.916,39.915,4.56,125.378,110.071,76.823,46.181,0.9929,20.622,0.1143,0.4114,0.4918,61.017,57.774,45.292,22.441,4.072,6.66,0.02436,0.09905,0.2392,64.118,20.924,-0.009398,0.1042,23.71,0.6172,0.2442,0.2456,-2.598,-1.504,-0.9639,0.04311,1.532,2.607,0.3621,0.7665,0.0003884,76.838,3.767,3.987,0.0002369,1.854e-05,
C:\Users\sblee\Downloads\Aesthetics-Toolbox-main\split_2\artemis_john-atkinson-grimshaw_the-lighthouse-at-scarborough.jpg,3548,1.567,20.091,7.51,12.472,65.322,4.785,124.382,129.145,77.239,51.753,-9.909,27.219,0.1738,0.4446,0.5166,45.215,51.893,36.965,20.091,6.404,7.811,0.0388,0.1198,0.1924,11.358,11.241,0.04109,-0.03835,14.275,0.4943,0.4994,0.4373,-2.102,-1.229,-0.791,0.02823,1.665,2.628,0.718,0.8148,0.000215,91.241,4.184,4.423,0.0001269,1.159e-05,
C:\Users\sblee\Downloads\Aesthetics-Toolbox-main\split_2\artemis_john-constable_country-road.jpg,3437,1.487,18.462,7.507,4.981,103.79,5.912,112.824,66.991,61.569,33.218,19.45,11.337,1.0,0.5488,0.4424,47.076,46.759,26.664,18.462,6.654,12.134,0.0644,0.1268,0.1846,43.247,11.304,0.009489,0.05572,17.862,0.5498,0.5734,0.5569,-2.707,-1.895,-1.768,0.01006,1.414,2.519,0.8753,0.8606,0.0001877,93.635,4.488,4.527,0.0001226,8.036e-06,
C:\Users\sblee\Downloads\Aesthetics-Toolbox-main\split_2\artemis_john-constable_view-of-salisbury-cathedral-from-the-bishop-s-grounds.jpg,3157,1.284,20.599,7.664,13.25,104.79,4.415,131.437,113.318,78.507,47.943,2.703,21.986,0.1089,0.471,0.5155,49.228,52.556,56.385,20.599,3.669,10.691,0.02365,0.2493,0.1931,34.543,5.175,0.01155,0.02315,12.592,0.569,0.593,0.5441,-2.137,-1.319,-0.9825,0.004363,1.683,2.728,0.8555,0.8589,0.0001418,96.03,4.518,4.526,0.000108,8.597e-06,
C:\Users\sblee\Downloads\Aesthetics-Toolbox-main\split_2\artemis_john-constable_view-towards-dedham-1808.jpg,3944,1.854,22.095,7.169,5.824,39.813,4.67,146.566,113.858,70.443,49.386,7.708,28.234,0.08346,0.5107,0.5748,58.408,54.969,32.807,22.095,6.815,13.453,0.03842,0.1163,0.229,18.698,15.545,-0.01639,-0.07598,18.444,0.5675,0.4961,0.4603,-2.738,-1.175,-0.9044,0.02796,1.203,2.694,0.8693,0.7909,0.0002127,87.339,4.035,4.194,0.0001443,1.202e-05,
C:\Users\sblee\Downloads\Aesthetics-Toolbox-main\split_2\artemis_john-crome_woman-in-a-turban.jpg,3159,0.7777,18.525,7.468,3.542,42.051,5.493,86.003,74.533,58.875,31.905,2.456,11.2,0.133,0.4363,0.3542,54.221,42.302,39.455,18.525,7.597,7.155,0.1493,0.1846,0.1927,35.754,13.019,-0.02098,0.06162,12.159,0.5534,0.4395,0.4278,-2.831,-1.767,-1.42,0.02563,1.472,2.516,0.8504,0.7503,0.0001797,93.514,4.484,4.227,0.0001279,1.659e-05,
C:\Users\sblee\Downloads\Aesthetics-Toolbox-main\split_2\artemis_john-crome_yarmouth-harbour-evening-1817.jpg,3719,1.691,19.081,7.022,3.932,44.444,6.181,141.76,149.385,123.651,59.993,-7.099,12.586,0.2317,0.196,0.5938,45.684,49.116,42.159,19.081,3.929,9.049,0.09331,0.09324,0.1902,6.15,14.577,-0.04429,-0.05789,19.668,0.4321,0.3651,0.3116,-2.692,-1.65,-1.184,0.01904,1.454,2.59,0.5417,0.7487,0.0002471,78.868,4.182,4.29,0.0001698,1.787e-05,
C:\Users\sblee\Downloads\Aesthetics-Toolbox-main\split_2\artemis_john-duncan-fergusson_before-a-caf-paris-1907.jpg,3156,1.284,19.127,7.452,8.084,124.578,6.273,150.135,125.902,107.406,54.186,6.76,13.938,0.1004,0.3144,0.6011,58.743,47.484,43.681,19.127,12.014,10.143,0.1393,0.1735,0.216,16.049,3.336,-0.001127,0.01664,8.381,0.5264,0.4651,0.4501,-2.54,-1.822,-1.205,0.01277,1.516,2.535,0.7822,0.8575,0.0002734,97.422,4.298,4.496,0.0001445,1.338e-05,
C:\Users\sblee\Downloads\Aesthetics-Toolbox-main\split_2\artemis_john-everett-millais_self-portrait.jpg,3322,0.7124,14.329,7.089,3.191,44.984,3.866,96.757,69.184,19.497,31.007,6.5,31.766,0.1085,0.7908,0.3795,44.526,31.312,11.23,14.329,5.22,13.304,0.01504,0.08449,0.1746,23.659,13.261,-0.02388,0.06186,9.609,0.5451,0.453,0.4504,-2.938,-1.558,-1.324,0.00651,1.41,2.484,0.8457,0.7803,0.000197,96.623,4.504,4.424,0.0001921,1.296e-05,
C:\Users\sblee\Downloads\Aesthetics-Toolbox-main\split_2\artemis_john-everett-millais_the-princess-in-the-tower.jpg,3812,0.5687,17.557,6.926,5.098,59.15,4.822,62.166,47.411,19.342,19.971,3.053,17.877,0.1175,0.6098,0.2445,51.129,39.766,13.781,17.557,5.606,16.628,0.04232,0.1627,0.2,68.11,7.477,0.0152,-0.03416,19.061,0.5398,0.3776,0.363,-2.869,-1.698,-1.326,0.006725,1.505,2.406,0.8455,0.792,0.0001432,92.052,4.464,4.399,0.0001303,1.371e-05,
C:\Users\sblee\Downloads\Aesthetics-Toolbox-main\split_2\artemis_john-french-sloan_dust-storm-fifth-avenue-1906.jpg,2952,1.136,23.869,7.641,12.161,104.145,6.442,107.614,105.105,76.09,43.027,-3.362,16.0,0.2255,0.364,0.4478,69.697,58.914,48.431,23.869,5.448,16.91,0.1772,0.1717,0.2524,49.325,12.157,0.0006369,-0.06078,5.097,0.5314,0.4209,0.4051,-2.531,-1.32,-1.012,0.01546,1.634,2.677,0.9028,0.8129,0.0002132,95.72,3.921,4.285,0.0001028,1.498e-05,
C:\Users\sblee\Downloads\Aesthetics-Toolbox-main\split_2\artemis_john-french-sloan_grassy-dunes-gloucester-1914.jpg,3004,1.174,16.053,7.221,6.807,72.002,5.397,191.768,179.189,112.211,72.713,-2.49,34.515,0.183,0.4865,0.7661,35.118,44.597,85.745,16.053,5.952,27.662,0.1629,0.3315,0.1456,30.939,24.95,-0.02466,-0.1223,9.964,0.524,0.3534,0.3369,-2.562,-1.24,-1.117,0.005844,1.551,2.618,0.6547,0.7551,0.0003555,92.797,4.145,4.259,0.0002149,1.882e-05,
C:\Users\sblee\Downloads\Aesthetics-Toolbox-main\split_2\artemis_john-french-sloan_threshing-floor-santa-fe-1924.jpg,3110,1.25,21.833,7.594,10.381,138.599,7.033,151.466,132.843,119.794,56.49,6.255,10.202,0.0532,0.3348,0.6372,64.074,56.495,61.753,21.833,12.252,18.992,0.2387,0.2016,0.2308,33.861,3.074,-0.002315,0.0152,10.926,0.6072,0.4681,0.4525,-2.429,-1.568,-1.235,0.002212,1.612,2.656,0.8022,0.8484,0.000259,97.761,4.307,4.487,0.0001189,1.338e-05,
C:\Users\sblee\Downloads\Aesthetics-Toolbox-main\split_2\artemis_john-henry-twachtman_canal-venice.jpg,3602,1.606,19.349,7.589,22.49,67.451,5.339,107.986,89.124,82.187,38.784,6.865,6.963,0.0202,0.2884,0.4239,47.527,46.729,45.276,19.349,3.509,7.233,0.06703,0.1785,0.1866,24.565,14.773,0.01802,0.07164,19.87,0.5298,0.5185,0.5002,-2.305,-0.8772,-0.4678,0.02849,1.858,2.798,0.8737,0.8419,8.879e-05,96.406,4.355,4.499,9.264e-05,1.106e-05,
C:\Users\sblee\Downloads\Aesthetics-Toolbox-main\split_2\artemis_john-henry-twachtman_the-white-bridge-1.jpg,3054,0.8266,19.444,7.654,18.278,93.13,7.269,107.373,132.065,119.46,52.496,-10.7396,4.116,0.4121,0.2979,0.5477,49.27,50.063,56.264,19.444,10.66,15.482,0.1698,0.1483,0.2059,32.316,4.077,0.01447,-0.01435,10.319,0.6057,0.5341,0.5195,-2.449,-0.8694,-0.8322,0.01097,1.791,2.723,0.8479,0.8444,0.0001103,96.081,4.314,4.477,0.000101,1.134e-05,
C:\Users\sblee\Downloads\Aesthetics-Toolbox-main\split_2\artemis_john-henry-twachtman_view-of-venice-1.jpg,3983,1.882,14.351,7.202,7.891,85.873,4.419,116.029,101.892,67.826,43.289,0.5608,21.172,0.1218,0.4195,0.4554,37.688,35.318,28.3,14.351,3.609,7.916,0.02428,0.1326,0.1478,29.087,4.971,0.01211,0.02171,19.422,0.5628,0.5497,0.4928,-2.545,-1.497,-1.177,0.005449,1.694,2.623,0.8607,0.8473,0.0001933,96.591,4.269,4.443,0.0001144,9.752e-06,
C:\Users\sblee\Downloads\Aesthetics-Toolbox-main\split_2\artemis_john-hoppner_jupiter-and-io-1785.jpg,3079,0.8144,16.207,6.794,2.021,35.571,4.682,61.148,47.055,34.771,20.009,4.437,9.84,0.08868,0.3798,0.2403,45.362,37.014,28.97,16.207,4.247,8.65,0.06998,0.1598,0.1775,81.455,10.043,-0.01954,0.04626,18.314,0.4227,0.4184,0.4188,-2.793,-1.807,-1.544,0.006509,1.413,2.425,0.6827,0.7435,0.0003267,71.053,4.509,4.401,0.0001678,1.659e-05,
C:\Users\sblee\Downloads\Aesthetics-Toolbox-main\split_2\artemis_john-hoyland_no-22-20-2-62-1962.jpg,2780,0.9886,5.835,5.142,1.173,18.414,2.482,166.484,71.539,62.611,43.037,38.217,24.723,0.01618,0.6101,0.6532,24.888,14.254,6.094,5.835,9.952,7.548,0.04347,0.1082,0.09631,96.41,2.722,-0.0007236,0.01359,1.452,0.7188,0.6217,0.6589,-2.715,-1.627,-1.588,0.01099,1.446,2.538,0.6893,0.4461,0.0007721,73.733,3.528,3.202,0.001073,1.814e-05,
C:\Users\sblee\Downloads\Aesthetics-Toolbox-main\split_2\artemis_john-hoyland_one-life-5-11-07-2007.jpg,3041,0.833,14.862,7.118,8.825,73.386,5.102,142.96,56.21,58.145,36.304,36.007,18.432,0.9989,0.6402,0.5675,52.524,34.068,34.528,14.862,18.017,13.679,0.06572,0.1542,0.2048,25.991,5.306,-0.02243,-0.01417,9.645,0.5115,0.456,0.4407,-2.141,-1.518,-0.8673,0.007547,1.77,2.673,0.6807,0.7937,0.00036,96.297,4.103,4.329,0.0001727,1.985e-05,
C:\Users\sblee\Downloads\Aesthetics-Toolbox-main\split_2\artemis_john-lewis-krimmel_philadelphia-election-day-1815.jpg,3432,1.483,21.73,7.624,7.922,155.488,6.025,153.512,128.439,119.898,55.039,8.56,8.055,0.0109,0.2459,0.6057,59.67,53.696,47.274,21.73,5.24,9.645,0.1085,0.12,0.2311,12.809,10.912,-0.03951,-0.03763,13.155,0.569,0.4244,0.386,-2.221,-2.033,-1.928,0.0242,1.564,2.671,0.716,0.8688,0.0002275,94.915,4.352,4.516,0.0001349,8.515e-06,
C:\Users\sblee\Downloads\Aesthetics-Toolbox-main\split_2\artemis_john-marin_new-york-fantasy-1912.jpg,3023,0.8422,13.647,7.09,3.029,71.931,6.071,155.795,174.954,203.251,71.183,2.214,-16.091,0.6004,0.3222,0.8331,56.64,38.113,33.199,13.647,9.106,20.374,0.2068,0.2212,0.08706,41.078,8.307,-0.03546,-0.02163,11.376,0.5707,0.4218,0.4105,-2.809,-1.97,-1.816,0.01091,1.326,2.504,0.7694,0.7964,0.000312,96.149,4.27,4.389,0.0002491,1.729e-05,
C:\Users\sblee\Downloads\Aesthetics-Toolbox-main\split_2\artemis_john-singer-sargent_abbott-lawrence-lowell-1923.jpg,3321,0.7127,13.57,6.058,3.596,48.042,4.668,47.413,36.495,30.435,15.215,3.891,5.801,0.0913,0.2655,0.1876,41.863,29.696,21.824,13.57,8.213,8.171,0.1466,0.1968,0.1633,93.296,10.397,0.01809,0.04874,7.691,0.4516,0.379,0.3784,-2.961,-1.663,-1.469,0.00287,1.597,2.371,0.6994,0.77,0.0003159,63.629,4.469,4.429,0.000165,1.511e-05,
C:\Users\sblee\Downloads\Aesthetics-Toolbox-main\split_2\artemis_john-singer-sargent_boy-on-a-rock.jpg,3306,1.392,24.146,7.669,15.222,136.712,6.551,140.636,123.477,106.532,52.069,4.77,11.635,0.05967,0.3077,0.5676,64.623,60.353,56.674,24.146,7.604,15.261,0.1545,0.204,0.2442,20.883,12.609,-0.06081,0.01664,13.897,0.4804,0.5328,0.491,-2.383,-1.297,-0.9377,0.01417,1.649,2.657,0.8273,0.8635,0.0001277,96.272,4.493,4.541,0.0001215,1.113e-05,
C:\Users\sblee\Downloads\Aesthetics-Toolbox-main\split_2\artemis_john-singer-sargent_cecily-homer-1910.jpg,3450,0.6683,27.619,7.184,4.47,56.556,5.206,102.74,98.537,94.879,40.382,0.9412,2.473,0.2879,0.1328,0.4127,71.62,65.557,62.04,27.619,4.496,5.328,0.3196,0.09538,0.2738,24.867,27.672,-0.0123,-0.1378,31.396,0.5058,0.3101,0.2984,-3.085,-1.41,-1.168,0.005873,1.351,2.559,0.6417,0.7903,0.0001913,92.001,4.528,4.398,0.0001893,1.407e-05,
C:\Users\sblee\Downloads\Aesthetics-Toolbox-main\split_2\artemis_john-singer-sargent_daisy-princess-of-pless.jpg,3195,0.7623,31.847,7.472,7.766,93.896,4.827,151.084,145.19,141.723,58.853,1.641,2.51,0.04888,0.07104,0.5928,81.198,81.041,77.723,31.847,2.132,2.638,0.07809,0.04827,0.3187,28.221,23.481,-0.03618,0.1117,9.732,0.4739,0.4262,0.3977,-2.715,-1.312,-1.136,0.005084,1.443,2.586,0.7704,0.8051,0.000161,92.909,4.406,4.375,0.0002317,1.568e-05,
C:\Users\sblee\Downloads\Aesthetics-Toolbox-main\split_2\artemis_john-singer-sargent_head-of-a-neapolitan-boy-1879.jpg,3231,0.7474,18.165,7.31,4.254,53.865,4.567,177.546,118.451,81.773,55.383,19.1,30.635,0.06924,0.5575,0.6963,45.029,53.83,46.667,18.165,15.842,8.759,0.02856,0.1668,0.1766,63.805,12.412,-0.02171,-0.05814,17.869,0.5337,0.5296,0.4641,-2.772,-1.543,-1.362,0.02628,1.581,2.487,0.7987,0.7718,0.0001737,83.39,4.401,4.304,0.0002372,1.853e-05,
C:\Users\sblee\Downloads\Aesthetics-Toolbox-main\split_2\artemis_john-singer-sargent_in-the-garden-corfu-1909.jpg,3169,0.7734,31.342,7.514,11.429,96.866,5.54,122.54,106.284,95.921,44.262,5.113,8.204,0.03001,0.2792,0.4815,79.436,76.326,75.178,31.342,4.929,10.197,0.0929,0.2108,0.3113,25.553,27.854,-0.0398,-0.1335,25.656,0.4765,0.4155,0.4182,-2.659,-1.071,-0.9416,0.007789,1.462,2.591,0.7724,0.8369,0.0001444,93.431,4.538,4.53,0.0001329,1.613e-05,
C:\Users\sblee\Downloads\Aesthetics-Toolbox-main\split_2\artemis_john-singer-sargent_marian-madge-roller-1902.jpg,3229,0.7482,21.538,7.615,4.483,81.654,3.967,155.848,129.244,90.878,54.833,4.899,24.342,0.09917,0.4219,0.6112,59.582,53.216,40.948,21.538,3.887,8.989,0.02076,0.1041,0.2335,17.992,13.271,0.008683,0.06578,8.397,0.556,0.4665,0.465,-2.715,-1.847,-1.518,0.009859,1.304,2.508,0.8263,0.8123,0.0002806,92.209,4.481,4.378,0.0001592,1.585e-05,
C:\Users\sblee\Downloads\Aesthetics-Toolbox-main\split_2\artemis_john-singer-sargent_miss-helen-duinham-1892.jpg,3419,0.6784,28.171,7.602,4.696,67.645,5.218,117.492,94.166,72.244,40.212,6.594,15.385,0.04381,0.3606,0.4608,74.165,69.006,50.286,28.171,8.156,13.551,0.07822,0.1659,0.2907,32.064,20.087,0.002894,-0.1004,26.057,0.4348,0.3627,0.3317,-3.009,-1.485,-1.271,0.004733,1.211,2.445,0.7834,0.7892,0.000202,91.194,4.429,4.423,0.0001745,2.018e-05,
C:\Users\sblee\Downloads\Aesthetics-Toolbox-main\split_2\artemis_john-singer-sargent_mosquito-nets-1908.jpg,3149,1.279,28.204,7.684,11.419,95.886,5.45,117.799,92.998,79.228,40.272,8.589,12.165,0.05978,0.3999,0.4621,70.558,72.087,67.613,28.204,9.747,8.776,0.04746,0.2034,0.2768,58.463,29.314,0.04216,0.1404,23.187,0.458,0.3988,0.3808,-2.69,-1.171,-1.012,0.009471,1.537,2.638,0.8456,0.7996,0.0001637,85.241,4.509,4.469,0.0001451,1.68e-05,
C:\Users\sblee\Downloads\Aesthetics-Toolbox-main\split_2\artemis_john-singer-sargent_portrait-of-a-man-probably-nicola-d-inverno.jpg,3159,0.7777,20.189,7.131,8.877,47.799,4.795,141.716,107.255,90.823,47.641,11.775,14.12,0.03466,0.3836,0.5557,51.339,51.605,34.144,20.189,5.899,10.036,0.05786,0.07022,0.2013,24.989,11.646,0.007959,-0.05768,14.394,0.631,0.444,0.435,-2.644,-1.081,-0.7833,0.05472,1.309,2.62,0.8555,0.7917,0.000175,92.63,4.452,4.285,0.0001482,1.713e-05,
C:\Users\sblee\Downloads\Aesthetics-Toolbox-main\split_2\artemis_john-singer-sargent_portrait-of-miss-dorothy-vickers.jpg,3140,0.7861,32.0,7.649,6.61,69.649,5.68,150.865,136.48,126.281,56.231,4.425,8.102,0.09651,0.2516,0.5945,76.533,83.263,83.59,32.0,7.485,6.539,0.1048,0.1963,0.3026,29.014,29.127,0.002171,0.1456,9.864,0.5346,0.3927,0.3814,-2.92,-1.305,-1.132,0.01919,1.317,2.512,0.8276,0.7793,0.0001834,90.604,4.519,4.452,0.0001771,2.039e-05,
C:\Users\sblee\Downloads\Aesthetics-Toolbox-main\split_2\artemis_john-singer-sargent_san-vigilio-a-boat-with-golden-sail-1913.jpg,3122,1.259,26.33,7.867,10.3,123.165,6.582,114.315,96.404,79.444,41.005,5.263,11.959,0.05025,0.3562,0.4628,71.063,64.91,54.748,26.33,7.119,15.944,0.1868,0.1807,0.2787,49.932,15.883,-0.06954,0.03835,18.026,0.472,0.4813,0.4767,-2.725,-1.459,-1.079,0.00805,1.572,2.575,0.7774,0.8368,0.0002264,93.766,4.376,4.48,0.000128,1.481e-05,
C:\Users\sblee\Downloads\Aesthetics-Toolbox-main\split_2\artemis_john-singer-sargent_self-portrait-1892.jpg,3075,0.8163,19.969,7.497,4.454,65.863,5.78,92.752,86.607,57.8,35.91,-2.248,17.225,0.1682,0.3597,0.373,56.851,47.797,35.938,19.969,6.89,11.407,0.08838,0.149,0.2196,65.843,1.791,-0.005065,-0.007383,8.146,0.4097,0.445,0.3756,-2.938,-1.82,-1.421,0.03439,1.461,2.474,0.81,0.7726,0.0002707,90.271,4.371,4.22,0.0001385,1.712e-05,
C:\Users\sblee\Downloads\Aesthetics-Toolbox-main\split_2\artemis_john-singer-sargent_the-model-1876.jpg,3187,0.7657,24.499,7.777,8.481,109.924,4.69,168.428,132.3,100.38,57.055,10.02,22.725,0.07661,0.4295,0.6607,63.332,63.301,56.152,24.499,7.371,9.113,0.04121,0.1642,0.2483,19.114,18.0,-0.02605,0.08615,6.873,0.5581,0.4928,0.5,-2.806,-1.304,-1.14,0.00811,1.52,2.579,0.8165,0.8313,0.0001517,92.962,4.395,4.46,0.0001493,1.449e-05,
C:\Users\sblee\Downloads\Aesthetics-Toolbox-main\split_2\artemis_john-william-waterhouse_saint-cecilia-1895.jpg,3613,1.614,25.657,7.37,6.825,119.189,6.539,80.273,78.956,70.859,32.14,-0.7822,5.251,0.2351,0.2629,0.3365,64.841,62.888,62.109,25.657,6.518,8.8,0.2043,0.1694,0.2533,56.061,5.661,-0.009189,0.02677,17.842,0.5044,0.473,0.465,-2.781,-1.571,-1.347,0.001681,1.475,2.572,0.8141,0.8392,0.0002079,93.316,4.545,4.505,0.0001532,1.501e-05,
C:\Users\sblee\Downloads\Aesthetics-Toolbox-main\split_2\artemis_jose-de-almada-negreiros_figurines-for-cunha-taylors-1913.jpg,3833,0.5639,25.786,7.145,13.437,94.584,5.7,184.744,181.648,151.377,72.431,-3.728,15.375,0.1707,0.1986,0.7342,69.454,66.542,53.352,25.786,3.243,10.84,0.1305,0.09917,0.2621,6.381,23.997,0.1122,-0.04264,22.993,0.285,0.4032,0.2411,-2.668,-0.9601,-1.035,0.005222,1.528,2.685,0.5115,0.7524,0.0002678,86.951,4.39,4.329,0.0002391,2.57e-05,
C:\Users\sblee\Downloads\Aesthetics-Toolbox-main\split_2\artemis_jose-de-almada-negreiros_revista-contempor-nea-1922.jpg,3343,0.7047,26.153,6.453,3.889,119.279,5.319,192.082,181.506,154.204,73.292,-0.1833,14.936,0.1577,0.2589,0.7801,82.799,66.984,54.507,26.153,8.401,14.982,0.1739,0.1329,0.2851,18.249,3.3,0.01592,0.004335,15.421,0.5694,0.418,0.3757,-2.817,-1.978,-1.473,0.01002,1.186,2.449,0.6147,0.7259,0.0009589,92.276,3.534,4.02,0.0004352,4.204e-05,
C:\Users\sblee\Downloads\Aesthetics-Toolbox-main\split_2\artemis_jose-gutierrez-solana_procession-in-toledo.jpg,3233,1.339,16.96,7.27,13.92,84.358,5.188,80.611,54.283,42.467,24.921,9.913,11.463,0.03632,0.4923,0.3163,49.443,37.74,27.926,16.96,6.17,10.193,0.05374,0.1609,0.1937,54.784,8.613,0.005673,0.04269,13.765,0.5496,0.494,0.4875,-2.279,-1.244,-0.7175,0.01028,1.811,2.722,0.8425,0.832,0.0001372,97.588,4.338,4.472,0.0001044,1.306e-05,
C:\Users\sblee\Downloads\Aesthetics-Toolbox-main\split_2\artemis_jose-gutierrez-solana_the-coffee-gathering-pombo.jpg,3176,1.298,23.621,6.537,11.328,117.955,5.718,53.536,44.995,28.665,18.527,1.495,10.172,0.09269,0.4635,0.2158,65.936,55.696,32.839,23.621,5.369,16.302,0.2519,0.2388,0.2551,63.844,20.688,-0.02954,0.09913,15.506,0.5127,0.4395,0.4394,-2.315,-1.584,-1.028,0.007096,1.564,2.614,0.7461,0.8487,0.000187,95.283,4.452,4.529,0.0001252,1.511e-05,
C:\Users\sblee\Downloads\Aesthetics-Toolbox-main\split_2\artemis_josefa-de-obidos_cesta-com-cerejas-queijos-e-barros.jpg,3732,1.7,16.927,5.195,3.649,46.111,4.131,34.621,27.62,22.261,10.794,2.526,4.453,0.4956,0.2825,0.1436,50.468,38.442,27.333,16.927,8.73,11.488,0.2915,0.2185,0.1947,87.595,14.549,0.06468,-0.03329,23.203,0.3455,0.4496,0.3284,-2.42,-1.819,-1.371,0.0107,1.352,2.581,0.5071,0.7054,0.0003298,70.756,4.516,4.45,0.0001849,1.807e-05,
C:\Users\sblee\Downloads\Aesthetics-Toolbox-main\split_2\artemis_josefa-de-obidos_the-annunciation.jpg,3072,0.8178,19.881,7.334,9.197,90.65,5.017,94.518,52.278,35.721,26.063,16.663,17.548,0.03172,0.6096,0.3707,61.267,43.832,26.412,19.881,10.164,13.878,0.03536,0.1182,0.2403,53.478,13.946,0.05427,0.04379,8.094,0.4134,0.4361,0.3616,-2.613,-1.452,-1.145,0.006152,1.52,2.566,0.7898,0.8151,0.0001581,94.183,4.508,4.491,0.0001427,1.676e-05,
C:\Users\sblee\Downloads\Aesthetics-Toolbox-main\split_2\artemis_joseph-wright_benjamin-franklin-1782.jpg,3146,0.7824,18.858,6.75,4.474,43.224,5.218,64.753,53.088,49.206,22.642,4.637,4.345,0.06586,0.2873,0.2658,54.669,44.332,38.783,18.858,8.239,7.919,0.2914,0.1793,0.2063,85.622,4.861,0.006155,-0.02351,18.124,0.4901,0.409,0.4134,-2.545,-1.476,-1.118,0.03081,1.435,2.448,0.6902,0.6952,0.0004567,66.366,4.343,4.196,0.0001418,2.252e-05,
C:\Users\sblee\Downloads\Aesthetics-Toolbox-main\split_2\artemis_joseph-wright_captain-robert-shore-milnes.jpg,3109,0.8002,16.972,7.18,8.219,93.745,6.151,72.871,58.569,43.932,25.326,4.391,10.593,0.08282,0.3688,0.2955,52.609,38.258,23.449,16.972,7.584,15.433,0.207,0.2244,0.1981,72.01,7.915,-0.02388,-0.03156,14.575,0.5819,0.5526,0.5203,-2.556,-1.631,-1.178,0.005947,1.671,2.56,0.873,0.8411,0.0001636,92.876,4.482,4.507,9.436e-05,9.608e-06,
C:\Users\sblee\Downloads\Aesthetics-Toolbox-main\split_2\artemis_joseph-wright_reverend-basil-bury-beridge.jpg,3163,0.776,11.899,5.776,2.084,28.11,3.843,50.399,29.94,34.83,13.654,10.76,0.522,0.9392,0.4392,0.1977,35.409,26.207,18.563,11.899,3.28,6.379,0.04878,0.07295,0.1388,90.946,7.714,0.002894,0.03846,11.348,0.4466,0.4596,0.3953,-3.057,-1.828,-1.658,0.004509,1.445,2.473,0.8673,0.6797,0.0001677,60.656,4.435,4.256,0.0001683,8.321e-06,
C:\Users\sblee\Downloads\Aesthetics-Toolbox-main\split_2\artemis_joshua-reynolds_miss-cocks-and-her-niece.jpg,2807,0.9684,24.386,7.475,4.126,76.318,4.891,98.159,79.897,53.644,33.815,3.893,16.896,0.06716,0.3613,0.385,68.251,57.083,30.272,24.386,3.972,15.907,0.06506,0.1703,0.2676,33.946,15.194,-0.0706,-0.02805,12.982,0.45,0.4548,0.436,-2.96,-1.72,-1.389,0.003723,1.237,2.471,0.7134,0.8287,0.0002958,92.832,4.527,4.448,0.0001562,1.437e-05,
C:\Users\sblee\Downloads\Aesthetics-Toolbox-main\split_2\artemis_joshua-reynolds_mrs-hale-1766.jpg,3662,0.6061,18.947,7.5,2.668,75.037,6.057,111.797,107.625,84.57,44.649,-2.08,13.044,0.2024,0.2541,0.4566,56.598,45.989,30.561,18.947,4.367,12.721,0.1461,0.136,0.2131,56.245,6.959,0.03184,0.01404,15.888,0.41,0.4531,0.3765,-3.035,-2.007,-1.939,0.001993,1.306,2.406,0.7005,0.8107,0.0002795,88.427,4.353,4.435,0.0001504,1.415e-05,
C:\Users\sblee\Downloads\Aesthetics-Toolbox-main\split_2\artemis_joshua-reynolds_mrs-richard-crofts.jpg,2974,0.8681,17.962,7.166,3.359,70.902,5.273,75.352,67.086,55.657,28.135,1.441,7.87,0.0966,0.2158,0.2968,48.615,41.033,32.727,17.962,3.978,7.266,0.07929,0.1417,0.1908,36.958,7.649,0.0369,-0.01005,9.413,0.4436,0.4583,0.4014,-2.791,-1.883,-1.605,0.01251,1.329,2.464,0.7543,0.8079,0.000399,95.227,4.063,4.327,0.0001689,1.323e-05,
C:\Users\sblee\Downloads\Aesthetics-Toolbox-main\split_2\artemis_joshua-reynolds_mrs-william-beresford-and-her-son-john-later-lord-decies.jpg,3027,0.8401,20.228,7.444,3.425,69.307,5.103,96.684,76.755,67.463,33.492,7.11,8.563,0.03646,0.3274,0.38,52.034,48.202,41.39,20.228,3.905,6.243,0.06761,0.121,0.204,38.062,3.184,-0.003618,-0.0155,12.395,0.4036,0.4003,0.4144,-2.908,-1.832,-1.527,0.005861,1.301,2.446,0.7805,0.8079,0.0002581,94.757,4.514,4.429,0.0001691,1.497e-05,
C:\Users\sblee\Downloads\Aesthetics-Toolbox-main\split_2\artemis_joshua-reynolds_the-puck-1789.jpg,3172,0.7721,27.501,7.513,5.28,95.963,5.608,98.532,75.475,49.16,32.367,6.761,18.473,0.0738,0.539,0.3872,69.199,69.103,50.439,27.501,7.443,13.346,0.05196,0.1609,0.2722,55.727,7.394,-0.009407,0.03575,15.73,0.5197,0.4587,0.462,-2.913,-1.821,-1.472,0.004672,1.345,2.435,0.7352,0.8331,0.0001879,95.634,4.467,4.461,0.0001217,1.395e-05,
C:\Users\sblee\Downloads\Aesthetics-Toolbox-main\split_2\artemis_jozsef-rippl-ronai_parisian-interior-1910.jpg,3294,1.384,16.276,7.343,9.249,114.018,6.032,150.551,105.539,83.192,49.306,16.149,20.942,0.0639,0.4926,0.6111,46.888,47.786,42.123,16.276,17.869,16.441,0.1089,0.2068,0.1595,42.59,2.204,0.008891,-0.006512,9.056,0.5086,0.4975,0.5139,-2.469,-1.293,-1.105,0.003264,1.648,2.579,0.7984,0.8291,0.0001412,97.086,4.441,4.542,0.0001338,1.245e-05,
C:\Users\sblee\Downloads\Aesthetics-Toolbox-main\split_2\artemis_jozsef-rippl-ronai_woman-in-ink-dress-and-black-collar-1915.jpg,3108,0.8007,27.25,7.531,4.389,50.52,5.319,158.58,129.176,120.688,55.584,10.837,9.66,0.9953,0.2763,0.6236,67.384,71.297,75.707,27.25,10.967,12.082,0.1246,0.2182,0.2659,44.703,17.996,0.08538,-0.02839,15.162,0.3678,0.3853,0.3237,-3.096,-1.346,-1.2,0.03468,1.496,2.464,0.8374,0.731,0.0001717,90.074,4.287,4.05,0.0002867,2.166e-05,
C:\Users\sblee\Downloads\Aesthetics-Toolbox-main\split_2\artemis_juan-gris_photograph-of-the-guitar-1918.jpg,3297,0.7217,25.655,7.566,4.743,112.139,5.202,149.416,124.584,78.65,52.619,4.597,27.197,0.113,0.4855,0.5926,70.418,62.961,59.437,25.655,6.345,22.682,0.09674,0.2496,0.2745,16.014,6.622,0.03256,-0.006005,13.607,0.4319,0.4229,0.4135,-2.905,-1.654,-1.48,0.004704,1.33,2.42,0.7824,0.775,0.0003802,95.681,4.316,4.34,0.0001924,2.671e-05,
C:\Users\sblee\Downloads\Aesthetics-Toolbox-main\split_2\artemis_juan-gris_still-life-with-checked-tablecloth-1915.jpg,3209,0.7564,24.541,7.859,15.499,138.668,6.622,112.209,104.153,86.636,43.377,0.6604,11.126,0.1394,0.2811,0.4619,65.446,61.01,55.185,24.541,10.476,10.952,0.1352,0.1756,0.2581,38.977,7.662,0.01013,-0.03695,13.784,0.5317,0.4887,0.4814,-2.58,-1.244,-1.116,0.006974,1.675,2.653,0.8903,0.8254,0.0001588,96.688,4.487,4.497,0.0001247,1.72e-05,
C:\Users\sblee\Downloads\Aesthetics-Toolbox-main\split_2\artemis_juan-gris_the-coffee-grinder-1916.jpg,3061,0.8231,32.7,7.497,13.231,104.745,5.568,165.953,131.773,114.482,56.157,11.409,14.109,0.0258,0.3783,0.6516,85.088,83.183,70.972,32.7,8.365,13.192,0.09196,0.1875,0.3331,23.734,15.225,0.04703,0.05986,11.808,0.4258,0.4201,0.3986,-2.543,-1.125,-0.9423,0.02081,1.593,2.706,0.7486,0.7947,0.0002181,95.149,3.685,3.98,0.0002032,3.228e-05,
C:\Users\sblee\Downloads\Aesthetics-Toolbox-main\split_2\artemis_judy-chicago_evening-fan-1971.jpg,4126,1.986,10.538,6.492,0.6779,38.383,6.803,186.322,197.859,213.488,79.703,0.5392,-8.653,0.625,0.2164,0.8681,47.506,31.49,26.562,10.538,13.07,13.752,0.1788,0.185,0.06015,30.282,5.238,-0.01822,0.01881,20.031,0.5374,0.5709,0.763,-3.139,-1.834,-1.993,0.09045,0.9904,2.12,0.6631,0.6308,0.001074,92.989,3.081,3.048,0.0006765,3.226e-05,
C:\Users\sblee\Downloads\Aesthetics-Toolbox-main\split_2\artemis_julio-gonzalez_figure-with-balls-1938.jpg,3221,0.7515,22.126,7.335,5.381,87.422,4.582,123.191,117.085,78.478,48.026,-3.652,21.561,0.1626,0.4453,0.4907,59.206,52.299,37.845,22.126,2.527,9.697,0.1016,0.1781,0.2191,15.188,3.766,-0.01881,0.0008157,10.669,0.4998,0.505,0.4785,-2.695,-1.773,-1.384,0.006806,1.45,2.521,0.7152,0.7998,0.0003389,80.835,4.069,4.184,0.0001518,1.675e-05,
C:\Users\sblee\Downloads\Aesthetics-Toolbox-main\split_2\artemis_julius-leblanc-stewart_forest-glade-santa-barbara-1918(1).jpg,3172,0.7721,20.336,7.687,6.762,92.703,6.26,100.741,109.296,84.915,44.029,-7.826,12.51,0.2365,0.2552,0.4338,51.96,50.58,47.675,20.336,5.305,8.55,0.0892,0.1144,0.203,45.599,5.696,0.02171,0.01844,14.618,0.5915,0.5784,0.5517,-2.421,-1.831,-1.409,0.004578,1.514,2.59,0.8446,0.8507,0.0001425,91.645,4.49,4.528,0.00011,8.042e-06,
C:\Users\sblee\Downloads\Aesthetics-Toolbox-main\split_2\artemis_julius-leblanc-stewart_rio-della-maddalena-1908(1).jpg,3059,0.8241,23.295,7.764,5.473,106.315,5.17,168.747,141.693,110.013,59.795,6.104,20.692,0.08685,0.3627,0.6624,60.292,60.781,55.198,23.295,5.443,11.435,0.07038,0.1475,0.2371,26.67,19.248,0.01013,-0.09571,18.144,0.5174,0.4754,0.4657,-2.669,-1.884,-1.528,0.001938,1.373,2.502,0.7326,0.833,0.0003762,95.521,4.18,4.447,0.0001684,1.614e-05,
C:\Users\sblee\Downloads\Aesthetics-Toolbox-main\split_2\artemis_julius-leblanc-stewart_spanish-girl-1875(1).jpg,3488,0.6562,22.455,6.979,3.586,79.057,5.294,91.721,59.301,46.874,27.518,13.185,13.163,0.0284,0.5429,0.3599,56.505,56.598,38.429,22.455,7.231,10.562,0.05018,0.1321,0.2217,64.177,6.297,-0.01954,-0.02469,18.959,0.4254,0.4438,0.4351,-2.761,-2.094,-1.919,0.002264,1.303,2.451,0.6985,0.8059,0.0002779,89.159,4.55,4.466,0.0001857,1.547e-05,
C:\Users\sblee\Downloads\Aesthetics-Toolbox-main\split_2\artemis_jury-annenkov_portrait-of-zinoviev-1926.jpg,3196,0.7619,13.667,6.167,5.558,48.028,3.329,207.136,195.008,174.963,79.028,0.9888,11.671,0.1044,0.1629,0.8123,35.295,37.184,36.875,13.667,1.406,2.197,0.01275,0.05235,0.1384,9.054,12.157,-0.04124,0.04465,12.687,0.4535,0.4707,0.4029,-2.082,-1.699,-1.125,0.02086,1.398,2.699,0.6729,0.7942,0.0001949,84.314,4.479,4.454,0.0002332,1.768e-05,
C:\Users\sblee\Downloads\Aesthetics-Toolbox-main\split_2\artemis_jusepe-de-ribera_jacob-s-dream-1639.jpg,3190,1.308,24.016,7.575,4.815,54.637,4.834,82.196,74.545,60.013,30.772,0.7925,8.949,0.07586,0.2349,0.3263,64.364,56.727,39.091,24.016,2.171,11.65,0.2046,0.1335,0.2487,46.847,23.878,-0.05697,0.1049,24.864,0.4352,0.4291,0.3922,-2.969,-1.422,-1.257,0.01236,1.443,2.589,0.7501,0.7894,0.0001748,88.388,4.444,4.439,0.0001408,1.343e-05,
C:\Users\sblee\Downloads\Aesthetics-Toolbox-main\split_2\artemis_jusepe-de-ribera_saint-elias-1638.jpg,3903,0.5482,28.333,7.349,3.365,112.384,5.334,164.657,148.973,141.973,61.64,5.288,6.296,0.04443,0.182,0.6468,67.762,74.853,75.835,28.333,6.453,6.434,0.08258,0.1708,0.2658,23.527,5.521,-0.001447,-0.02757,18.952,0.4151,0.3985,0.4686,-3.237,-1.89,-1.697,0.01016,1.372,2.433,0.7545,0.7978,0.0003612,98.703,4.528,4.308,0.0002865,1.753e-05,
C:\Users\sblee\Downloads\Aesthetics-Toolbox-main\split_2\artemis_jusepe-de-ribera_the-assumption-of-mary-magdalene-1636.jpg,3268,0.7328,19.056,7.576,5.568,105.972,5.513,148.853,115.255,98.239,50.994,11.24,14.901,0.05746,0.3485,0.5846,48.008,50.469,42.883,19.056,10.032,8.122,0.06142,0.1734,0.188,25.452,8.495,0.002171,0.04242,8.001,0.5502,0.4324,0.4433,-2.842,-1.871,-1.586,0.001612,1.445,2.552,0.8272,0.8274,0.0001686,98.503,4.47,4.498,0.000138,1.299e-05,
C:\Users\sblee\Downloads\Aesthetics-Toolbox-main\split_2\artemis_karl-bodmer_inside-front-cover-left.jpg,3413,0.6805,19.268,6.067,6.571,107.413,5.349,227.529,209.303,174.965,84.436,2.594,19.975,0.1747,0.272,0.8994,41.105,55.025,76.232,19.268,7.472,19.544,0.1562,0.2692,0.1635,4.489,9.406,-0.04559,0.01157,15.274,0.366,0.3673,0.3545,-2.351,-1.802,-1.395,0.01083,1.571,2.67,0.6374,0.7622,0.000547,97.612,4.267,4.304,0.0003005,2.588e-05,
C:\Users\sblee\Downloads\Aesthetics-Toolbox-main\split_2\artemis_karl-bodmer_offering-of-the-mandan-indians-plate-14-from-volume-1-of-travels-in-the-interior-of-north-1843.jpg,3228,1.336,24.756,6.939,3.278,58.369,4.846,189.1,186.875,169.449,74.641,-2.178,9.183,0.1648,0.1438,0.7483,64.219,63.618,61.802,24.756,2.349,4.094,0.08409,0.1209,0.2482,14.036,17.093,0.0195,-0.08321,21.246,0.5656,0.401,0.3838,-2.754,-1.595,-1.389,0.002414,1.174,2.533,0.4913,0.7322,0.000266,79.919,4.429,4.333,0.0004813,1.613e-05,
C:\Users\sblee\Downloads\Aesthetics-Toolbox-main\split_2\artemis_karl-bryullov_portrait-of-the-italian-singer-fanny-persiani-tacinardi.jpg,3061,0.8231,15.656,6.795,3.455,49.734,4.302,73.424,55.937,44.105,24.446,5.997,9.897,0.05136,0.3703,0.288,42.799,36.203,24.799,15.656,3.263,9.015,0.03178,0.1135,0.1678,66.993,4.646,0.0152,-0.01757,14.27,0.488,0.4234,0.3894,-3.087,-1.649,-1.505,0.002604,1.347,2.424,0.8181,0.7681,0.0002004,88.303,4.508,4.354,0.0001578,1.793e-05,
C:\Users\sblee\Downloads\Aesthetics-Toolbox-main\split_2\artemis_karl-bryullov_portrait-of-the-shishmariov-sisters.jpg,3221,0.7515,24.153,7.435,7.479,101.405,6.411,95.202,83.048,70.288,35.044,3.346,9.267,0.104,0.383,0.3905,61.757,58.126,54.711,24.153,8.676,12.001,0.1499,0.1822,0.2508,38.099,15.93,-0.07959,-0.002991,14.044,0.446,0.3932,0.3895,-2.604,-1.467,-1.226,0.001574,1.461,2.517,0.7407,0.84,0.000214,95.55,4.524,4.495,0.0001531,1.93e-05,
C:\Users\sblee\Downloads\Aesthetics-Toolbox-main\split_2\artemis_karl-bryullov_portrait-of-ye-i-ton-1840.jpg,3094,0.8072,32.3,6.576,5.385,58.383,4.712,126.932,97.754,90.868,42.782,11.784,9.626,0.01112,0.341,0.5019,79.426,85.294,84.956,32.3,13.303,12.564,0.1721,0.2259,0.3176,70.566,3.059,-0.0152,-0.001752,12.476,0.5457,0.5365,0.5034,-2.962,-1.1,-0.8832,0.006718,1.416,2.555,0.7291,0.6428,0.0005984,91.045,4.53,3.609,0.0003992,4.806e-05,
C:\Users\sblee\Downloads\Aesthetics-Toolbox-main\split_2\artemis_karl-bryullov_profile-of-glinka-1847.jpg,2974,0.8681,13.382,7.3,6.387,34.207,4.059,111.048,75.734,49.177,35.088,11.586,21.231,0.06864,0.5188,0.4355,42.545,28.106,14.665,13.382,5.766,10.301,0.01823,0.1267,0.1668,18.479,8.502,0.009407,-0.04146,11.675,0.5503,0.5378,0.5177,-2.395,-1.111,-0.856,0.04755,1.656,2.649,0.923,0.7909,0.0001103,96.666,4.532,4.42,0.0001798,1.198e-05,
C:\Users\sblee\Downloads\Aesthetics-Toolbox-main\split_2\artemis_karl-bryullov_the-last-day-of-pompeii-1833.jpg,3351,1.425,20.639,7.476,7.999,98.711,6.062,90.374,60.858,45.996,28.103,10.965,13.736,0.01947,0.4986,0.3556,56.321,49.666,31.254,20.639,10.525,14.083,0.09392,0.1451,0.2206,49.613,6.434,0.01244,-0.02967,12.973,0.5206,0.4106,0.4043,-2.519,-1.391,-1.18,0.002152,1.573,2.584,0.7175,0.846,0.0001626,96.01,4.568,4.538,0.0001416,1.272e-05,
C:\Users\sblee\Downloads\Aesthetics-Toolbox-main\split_2\artemis_karl-schrag_tree-in-flowing-moonlight-1975.jpg,3126,1.262,12.397,7.037,3.814,98.483,6.473,132.211,148.252,112.647,59.14,-11.918,16.917,0.2506,0.2694,0.5887,28.059,34.635,29.277,12.397,6.962,10.321,0.1035,0.08125,0.1326,31.053,2.069,-0.01032,-0.0007236,6.874,0.5879,0.5819,0.5635,-2.79,-1.966,-1.775,0.008276,1.454,2.471,0.8572,0.837,0.0002692,99.336,4.471,4.522,0.0001259,1.028e-05,
C:\Users\sblee\Downloads\Aesthetics-Toolbox-main\split_2\artemis_kateryna-bilokur_bouquet-of-flowers-1954.jpg,3185,0.7665,13.544,7.115,9.518,98.86,6.977,125.386,145.414,125.259,58.613,-9.599,8.888,0.3956,0.3413,0.6155,48.293,36.484,44.258,13.544,16.186,19.042,0.1897,0.1604,0.1595,23.732,5.267,-0.01375,-0.02246,11.436,0.5526,0.5662,0.5276,-2.212,-1.519,-1.307,0.003448,1.718,2.683,0.8228,0.8304,0.0001047,97.347,4.553,4.557,0.0001355,9.827e-06,
C:\Users\sblee\Downloads\Aesthetics-Toolbox-main\split_2\artemis_kateryna-bilokur_flowers-on-the-blue-background-1943.jpg,3429,0.6751,19.073,7.511,12.015,118.843,6.536,103.497,122.541,140.559,50.822,2.186,-12.0518,0.5691,0.4798,0.6203,69.587,49.13,42.517,19.073,10.16,26.752,0.2,0.2746,0.1532,34.477,1.713,0.002894,0.008061,11.591,0.576,0.5472,0.5245,-2.146,-1.44,-1.17,0.001695,1.673,2.715,0.8291,0.848,0.0001409,98.943,4.571,4.556,0.0001071,1.096e-05,
C:\Users\sblee\Downloads\Aesthetics-Toolbox-main\split_2\artemis_kathe-kollwitz_not_detected_235973.jpg,3351,1.425,32.748,6.832,19.905,181.967,4.579,73.77,82.521,83.641,32.107,-3.047,-2.178,0.4964,0.3204,0.3373,85.968,81.608,77.655,32.748,1.847,4.134,0.1423,0.2246,0.317,63.662,10.397,0.02362,-0.04631,14.218,0.5204,0.4772,0.44,-1.853,-1.304,-0.9533,0.003018,1.593,2.693,0.6678,0.8537,0.000538,92.979,4.26,4.415,0.0001647,1.578e-05,
C:\Users\sblee\Downloads\Aesthetics-Toolbox-main\split_2\artemis_kathe-kollwitz_not_detected_235990.jpg,2848,0.9427,34.62,6.735,14.605,132.023,4.471,77.601,85.489,87.607,33.214,-2.313,-2.884,0.524,0.3667,0.3574,92.148,86.04,79.363,34.62,1.783,5.24,0.1704,0.2342,0.3332,65.183,18.082,0.01375,0.08936,11.611,0.5445,0.412,0.4099,-2.436,-1.146,-0.9539,0.009937,1.424,2.599,0.7494,0.8204,0.00028,91.19,4.33,4.299,0.0001734,2.465e-05,
C:\Users\sblee\Downloads\Aesthetics-Toolbox-main\split_2\artemis_katsushika-hokusai_crossbill-and-thistle.jpg,3200,0.7602,19.796,7.352,7.9,101.126,6.309,148.0,147.259,151.226,60.689,1.727,-2.01,0.6167,0.1586,0.6288,54.238,50.494,48.121,19.796,6.356,9.905,0.2553,0.1704,0.1789,12.775,9.982,-0.01592,0.0473,8.311,0.4696,0.4629,0.4129,-2.508,-1.697,-1.019,0.01577,1.534,2.625,0.7017,0.8288,0.0003035,94.239,4.272,4.434,0.0001769,2.238e-05,
C:\Users\sblee\Downloads\Aesthetics-Toolbox-main\split_2\artemis_katsushika-hokusai_illustration-from-the-hundred-poems-series.jpg,3347,1.422,20.635,7.29,9.377,94.691,6.001,137.609,133.553,117.272,55.055,-1.086,9.347,0.1667,0.2231,0.5635,58.757,53.054,48.79,20.635,5.652,8.536,0.1664,0.1056,0.2142,55.62,6.802,-0.0002545,0.03401,15.027,0.5042,0.4522,0.443,-2.579,-1.496,-0.8833,0.009207,1.645,2.614,0.7178,0.8551,0.0002657,93.101,4.251,4.374,0.0001499,1.81e-05,
C:\Users\sblee\Downloads\Aesthetics-Toolbox-main\split_2\artemis_katsushika-hokusai_street-scenes-newly-pubished-12.jpg,3444,1.492,15.699,6.746,10.162,112.05,4.877,184.93,168.016,138.819,69.323,1.809,17.513,0.1181,0.267,0.7295,41.217,42.067,38.351,15.699,7.019,6.121,0.06059,0.1244,0.1533,7.954,4.643,0.01455,0.01809,14.325,0.5582,0.5321,0.507,-1.807,-1.758,-1.152,0.002625,1.591,2.634,0.7496,0.854,0.0002638,94.606,4.487,4.539,0.0001378,1.459e-05,
C:\Users\sblee\Downloads\Aesthetics-Toolbox-main\split_2\artemis_katsushika-hokusai_yama-uba.jpg,3240,1.344,22.288,7.752,11.029,121.106,5.921,155.17,149.81,140.171,61.382,0.3644,5.762,0.1146,0.1227,0.6129,57.799,57.218,55.44,22.288,2.356,5.836,0.136,0.09548,0.2238,20.865,17.182,-0.04144,-0.07525,13.026,0.5187,0.4821,0.4774,-2.137,-1.594,-1.138,0.001868,1.597,2.762,0.7516,0.8558,0.00023,96.876,4.197,4.41,0.0001367,1.157e-05,
C:\Users\sblee\Downloads\Aesthetics-Toolbox-main\split_2\artemis_kazimir-malevich_austrian-went-into-radziwill-1914.jpg,3569,0.6319,23.583,6.787,9.47,113.958,5.75,188.056,175.649,173.661,72.152,5.137,2.594,0.07094,0.2038,0.7825,65.566,65.005,53.19,23.583,10.875,15.611,0.1973,0.1369,0.2165,24.46,26.623,-0.008683,0.1328,11.027,0.5195,0.426,0.4252,-2.154,-1.989,-1.4,0.003942,1.369,2.563,0.683,0.8388,0.0002664,94.268,4.232,4.418,0.000208,1.888e-05,
C:\Users\sblee\Downloads\Aesthetics-Toolbox-main\split_2\artemis_kazimir-malevich_in-the-field-1912.jpg,2766,1.001,10.135,5.615,9.524,42.297,3.367,213.306,212.683,200.662,84.765,-1.904,6.04,0.1593,0.06415,0.8385,27.088,26.704,27.331,10.135,1.049,1.89,0.02778,0.03284,0.1049,0.6727,5.495,0.02457,0.0123,6.536,0.441,0.3549,0.3015,-1.721,-1.258,-0.6336,0.02,1.88,2.649,0.6148,0.7007,0.0002045,80.853,4.429,4.423,0.0002496,1.522e-05,
C:\Users\sblee\Downloads\Aesthetics-Toolbox-main\split_2\artemis_kazimir-malevich_landscape-with-white-houses.jpg,3259,1.358,14.667,7.209,15.291,90.112,6.552,144.235,160.139,130.877,63.708,-10.9133,13.474,0.2807,0.2258,0.635,41.79,37.847,39.074,14.667,4.863,9.589,0.1062,0.08636,0.1523,14.074,1.865,0.009323,0.0,9.978,0.5981,0.592,0.5645,-2.197,-1.334,-0.7575,0.02615,1.873,2.726,0.8635,0.8656,0.000138,98.053,4.534,4.552,0.0001075,8.291e-06,
C:\Users\sblee\Downloads\Aesthetics-Toolbox-main\split_2\artemis_kazimir-malevich_rest-society-in-top-hats-1908.jpg,3106,1.247,20.532,7.273,17.674,131.712,6.428,132.308,178.151,116.434,68.324,-25.0778,27.513,0.2762,0.4451,0.7107,81.102,50.487,78.13,20.532,20.886,18.059,0.1011,0.2854,0.1982,38.164,4.987,0.00406,0.0246,9.289,0.5506,0.5369,0.5195,-2.772,-1.292,-0.9029,0.007262,1.684,2.709,0.9161,0.849,0.0001007,99.47,4.497,4.539,0.0001592,1.041e-05,
C:\Users\sblee\Downloads\Aesthetics-Toolbox-main\split_2\artemis_kazimir-malevich_sketch-for-fresco-1907.jpg,2819,1.04,11.389,6.807,4.126,52.287,6.244,195.159,173.428,60.104,70.8,-4.672,57.744,0.1434,0.6995,0.7734,40.044,29.137,27.131,11.389,8.18,9.832,0.02482,0.1095,0.1427,18.102,7.989,0.03305,-0.02243,8.386,0.6566,0.6438,0.6086,-2.512,-1.484,-1.19,0.002804,1.495,2.621,0.8634,0.8217,0.0001619,89.31,3.959,4.36,0.0001752,8.71e-06,
C:\Users\sblee\Downloads\Aesthetics-Toolbox-main\split_2\artemis_kazuo-nakamura_into-space-3-1957.jpg,3054,1.21,17.956,7.193,16.912,148.472,4.494,181.368,167.937,119.996,68.524,-2.052,26.7,0.1368,0.3662,0.7128,45.484,47.66,45.853,17.956,7.908,8.415,0.04908,0.1637,0.1779,5.907,5.504,-0.001196,-0.0275,7.343,0.6107,0.6126,0.7007,-1.694,-1.351,-0.7112,0.01749,1.818,2.605,0.7863,0.7383,0.0007989,96.946,3.014,3.669,0.0001352,8.642e-06,
C:\Users\sblee\Downloads\Aesthetics-Toolbox-main\split_2\artemis_keisai-eisen_evening-glow-at-ryogoku-bridge-1848.jpg,3389,1.452,17.763,7.266,11.91,81.923,5.415,121.639,118.338,101.123,49.068,-1.691,9.894,0.1685,0.2223,0.4943,50.122,43.29,37.669,17.763,4.337,7.072,0.1312,0.09705,0.1874,22.595,3.059,-0.001744,0.0152,12.737,0.546,0.4512,0.4397,-2.534,-1.098,-0.6213,0.02162,1.745,2.726,0.7146,0.8374,0.0003501,98.416,3.721,4.123,0.0001508,1.801e-05,
C:\Users\sblee\Downloads\Aesthetics-Toolbox-main\split_2\artemis_keisai-eisen_okitsu-no-18-from-an-untitled-series-of-the-fifty-three-stations-of-the-t-kaid-road-1830(1).jpg,3328,0.7102,20.39,7.482,9.464,134.656,6.299,134.999,143.26,136.315,58.232,-3.486,3.044,0.3012,0.2258,0.5969,58.242,52.782,51.307,20.39,8.869,9.531,0.2349,0.158,0.2033,24.007,6.286,-0.01881,0.02518,9.369,0.5264,0.4745,0.4471,-2.194,-2.056,-1.548,0.009803,1.643,2.657,0.6818,0.8455,0.0003389,98.554,4.241,4.406,0.0001651,1.923e-05,
C:\Users\sblee\Downloads\Aesthetics-Toolbox-main\split_2\artemis_keisai-eisen_snow-scene-at-sens-ji-temple-at-kinry-zan-in-the-eastern-capital(1).jpg,3514,1.543,17.42,7.199,7.616,128.093,4.742,144.843,135.068,114.439,56.195,0.2643,12.53,0.1279,0.2159,0.5692,46.866,45.099,42.974,17.42,4.527,5.004,0.03738,0.1075,0.183,43.618,6.66,0.0009381,-0.03329,11.643,0.6016,0.4458,0.4468,-2.201,-1.969,-1.634,0.007262,1.543,2.621,0.7104,0.8802,0.0003754,95.224,3.798,4.246,0.0001391,9.309e-06,
C:\Users\sblee\Downloads\Aesthetics-Toolbox-main\split_2\artemis_kimon-loghi_on-the-shore-1934.jpg,3384,0.6903,14.454,7.021,8.855,58.747,4.32,193.175,158.605,139.17,67.693,10.078,15.125,0.06122,0.2871,0.7576,38.658,38.529,37.829,14.454,5.403,5.299,0.02188,0.1004,0.1516,10.632,8.935,0.03401,-0.02897,17.62,0.5346,0.5558,0.495,-2.469,-1.079,-0.6906,0.02062,1.694,2.679,0.8136,0.8223,0.0002202,90.996,4.52,4.416,0.000139,1.264e-05,
C:\Users\sblee\Downloads\Aesthetics-Toolbox-main\split_2\artemis_kitagawa-utamaro_not_detected_233128.jpg,3524,0.6452,19.942,6.598,10.761,96.156,3.703,216.172,180.291,150.994,75.262,8.808,19.771,0.07534,0.3204,0.8477,54.384,50.0,45.538,19.942,4.038,5.311,0.01823,0.1128,0.2132,1.888,8.701,-0.04342,-0.002801,15.475,0.3656,0.4123,0.3151,-2.277,-1.71,-1.068,0.007967,1.694,2.656,0.7295,0.8052,0.0002835,93.211,4.542,4.431,0.0001792,2.129e-05,
C:\Users\sblee\Downloads\Aesthetics-Toolbox-main\split_2\artemis_kitagawa-utamaro_the-hour-of-the-horse.jpg,3528,0.644,27.084,7.321,12.462,144.056,4.94,194.143,162.072,140.314,68.103,8.965,16.317,0.0791,0.302,0.7617,71.333,71.045,67.561,27.084,12.043,8.959,0.04705,0.1874,0.2791,15.209,6.981,0.02026,-0.02842,16.195,0.5035,0.3957,0.3933,-2.316,-1.82,-1.178,0.02403,1.467,2.603,0.7354,0.8291,0.0004486,93.642,4.133,4.358,0.0001854,1.78e-05,
C:\Users\sblee\Downloads\Aesthetics-Toolbox-main\split_2\artemis_koloman-moser_designs-for-silver-brooches-1904.jpg,3661,0.6064,10.971,6.071,13.965,56.922,3.746,222.439,208.514,199.558,84.383,3.345,6.16,0.06183,0.1063,0.8725,29.325,29.635,27.783,10.971,1.58,2.597,0.04004,0.03018,0.1147,1.081,5.181,0.0246,0.008118,13.835,0.4157,0.4188,0.3314,-1.829,-1.26,-1.56,0.01017,1.934,2.761,0.8967,0.7933,9.809e-05,86.195,4.509,4.503,0.0003607,2.137e-05,
C:\Users\sblee\Downloads\Aesthetics-Toolbox-main\split_2\artemis_koloman-moser_fabric-design-with-birds-for-backhausen-1899.jpg,3108,0.8007,27.9,7.096,15.163,135.243,4.851,155.401,143.033,134.768,58.897,3.417,5.943,0.05449,0.1579,0.6094,70.44,71.187,65.385,27.9,2.666,3.426,0.05227,0.07133,0.2762,22.819,7.313,-0.002171,0.0365,8.021,0.4918,0.457,0.4562,-3.236,-1.211,-1.581,0.003415,1.202,2.625,0.9388,0.8662,0.0001357,97.281,4.459,4.441,0.0002532,1.25e-05,
C:\Users\sblee\Downloads\Aesthetics-Toolbox-main\split_2\artemis_koloman-moser_pisces.jpg,2782,1.013,21.062,7.355,13.968,97.583,5.507,150.99,117.068,88.73,51.238,10.088,19.88,0.05387,0.4181,0.5923,55.211,55.843,37.582,21.062,6.747,16.015,0.05743,0.1264,0.2165,43.096,1.598,0.007857,-0.001447,4.554,0.4417,0.4425,0.4236,-2.824,-1.114,-1.527,0.03517,1.627,2.712,0.8324,0.8211,0.0001258,97.091,4.507,4.438,0.0001667,1.936e-05,
C:\Users\sblee\Downloads\Aesthetics-Toolbox-main\split_2\artemis_koloman-moser_poster-for-prince-richard-metternich-1899.jpg,6053,3.38,23.785,7.356,15.558,155.51,6.353,112.075,94.832,100.264,41.464,10.032,-1.368,0.7696,0.3678,0.5062,74.064,59.058,41.99,23.785,9.972,22.44,0.2195,0.17,0.2444,53.744,7.34,0.03458,0.0123,28.487,0.4965,0.4743,0.4572,-2.485,-1.29,-1.423,0.03026,1.514,2.653,0.9142,0.8155,8.192e-05,96.952,3.917,4.127,0.0001799,1.983e-05,
C:\Users\sblee\Downloads\Aesthetics-Toolbox-main\split_2\artemis_konstantin-bogaevsky_landscape-with-trees-1924.jpg,3405,1.464,18.023,7.401,19.487,85.281,4.864,108.776,95.86,74.306,40.692,1.73,14.259,0.11,0.338,0.4272,47.712,44.027,40.57,18.023,3.478,6.057,0.04435,0.1447,0.1867,42.854,10.625,0.03435,0.04052,16.822,0.5827,0.5798,0.5599,-2.372,-0.9465,-0.6337,0.006032,1.802,2.772,0.8874,0.8622,0.0001281,94.195,4.533,4.533,0.0001024,8.497e-06,
C:\Users\sblee\Downloads\Aesthetics-Toolbox-main\split_2\artemis_konstantin-bogaevsky_mill-near-the-forest-creek-1884.jpg,3466,0.6631,17.235,7.375,12.175,135.754,2.583,135.521,136.556,133.885,56.243,-0.9119,1.336,0.2318,0.02525,0.5358,43.998,44.39,45.026,17.235,0.56,0.9058,0.1029,0.01703,0.1742,29.826,7.439,-0.02098,-0.03071,16.322,0.6423,0.6243,0.6076,-2.119,-1.408,-1.126,0.0066,1.707,2.753,0.8325,0.8874,0.0001765,98.47,4.354,4.466,0.0001374,6.159e-06,
C:\Users\sblee\Downloads\Aesthetics-Toolbox-main\split_2\artemis_konstantin-bogaevsky_rocky-seashore-1926.jpg,3747,1.713,14.687,7.113,16.806,61.896,2.972,156.933,157.368,151.788,64.344,-1.218,2.904,0.1859,0.04209,0.6182,37.944,38.135,39.036,14.687,0.5824,1.226,0.05834,0.02307,0.1493,14.03,14.031,-0.05537,-0.04308,17.171,0.5496,0.5061,0.4356,-2.295,-0.978,-0.5631,0.002057,1.837,2.828,0.8307,0.8313,0.0001353,90.978,4.201,4.468,0.0001528,8e-06,
C:\Users\sblee\Downloads\Aesthetics-Toolbox-main\split_2\artemis_konstantin-bogaevsky_romantic-landscape-crimean-landscape-1942.jpg,3417,1.473,19.878,7.576,14.419,111.595,6.892,116.028,117.136,110.607,48.348,-1.185,3.359,0.2907,0.1762,0.4884,49.961,50.939,46.688,19.878,4.333,8.961,0.2855,0.1116,0.1948,37.022,11.731,-0.01597,0.05644,16.581,0.5738,0.5254,0.4987,-2.471,-1.167,-0.9594,0.003088,1.724,2.702,0.8787,0.849,0.000146,95.876,4.364,4.489,0.000126,1.181e-05,
C:\Users\sblee\Downloads\Aesthetics-Toolbox-main\split_2\artemis_konstantin-bogaevsky_star-the-wormwood-1908.jpg,2909,1.105,21.075,7.32,21.084,185.158,3.631,137.345,138.578,135.447,56.752,-1.077,1.586,0.2383,0.03418,0.5443,54.027,54.552,55.62,21.075,0.7596,1.324,0.1261,0.02393,0.2142,31.388,0.8903,-0.0009823,-0.004342,4.443,0.5705,0.5738,0.5832,-1.926,-1.198,-1.21,0.01386,1.735,2.843,0.8302,0.8396,0.0003519,98.757,4.375,4.422,0.0001456,8.415e-06,
C:\Users\sblee\Downloads\Aesthetics-Toolbox-main\split_2\artemis_konstantin-bogaevsky_the-crimean-landscape-1.jpg,3764,1.724,13.937,7.085,4.784,86.037,6.386,158.369,160.404,151.874,65.392,-1.95,4.33,0.2889,0.1352,0.6514,35.905,36.977,41.754,13.937,2.616,9.741,0.2229,0.1067,0.135,20.906,2.755,0.0008396,-0.01375,15.803,0.5851,0.4861,0.4695,-2.528,-1.696,-1.358,0.005198,1.538,2.559,0.8058,0.8466,0.0002418,94.175,3.973,4.319,0.0001902,1.026e-05,
C:\Users\sblee\Downloads\Aesthetics-Toolbox-main\split_2\artemis_konstantin-bogaevsky_the-old-bathhouses-in-karasubazar.jpg,3677,1.661,11.735,6.883,6.472,76.921,5.572,156.345,148.754,115.533,61.302,-2.507,18.499,0.1584,0.2694,0.6247,38.668,28.821,23.024,11.735,4.516,9.37,0.0843,0.108,0.1364,10.136,2.232,0.008497,-0.007236,14.148,0.499,0.4838,0.4813,-2.473,-1.528,-1.122,0.001851,1.664,2.589,0.8412,0.8479,0.0001667,95.511,4.468,4.499,0.0001111,1.057e-05,
C:\Users\sblee\Downloads\Aesthetics-Toolbox-main\split_2\artemis_konstantin-korovin_at-the-window-1919.jpg,3234,0.7462,20.391,7.341,8.576,127.904,6.705,89.279,83.584,88.139,35.618,3.561,-1.46,0.6469,0.202,0.3886,57.446,49.675,49.436,20.391,10.061,8.986,0.238,0.1404,0.2219,61.601,3.913,0.01013,-0.01674,10.032,0.5016,0.5169,0.4934,-2.666,-1.444,-1.182,0.003881,1.543,2.515,0.8532,0.8447,0.0001683,97.488,4.374,4.507,0.0001306,1.042e-05,
C:\Users\sblee\Downloads\Aesthetics-Toolbox-main\split_2\artemis_konstantin-korovin_khan-s-wife-costume-design-for-c-pugni-s-ballet-1901.jpg,3131,0.7902,20.185,6.862,6.281,86.256,5.066,185.484,175.847,157.033,71.504,0.5088,11.05,0.1191,0.1739,0.7297,50.169,52.921,53.032,20.185,4.11,5.655,0.04837,0.1155,0.1942,17.456,9.064,0.04052,-0.0203,16.463,0.5313,0.4672,0.4534,-2.348,-1.903,-1.249,0.01591,1.454,2.572,0.6439,0.8421,0.000214,86.249,4.571,4.543,0.0002378,1.62e-05,
C:\Users\sblee\Downloads\Aesthetics-Toolbox-main\split_2\artemis_konstantin-korovin_kustarnaya-ulitsa-1900.jpg,5178,2.747,22.265,6.694,8.247,145.105,6.742,220.938,202.001,197.836,82.428,6.697,5.148,0.08065,0.1692,0.8755,48.962,65.223,61.251,22.265,12.246,9.505,0.1615,0.2034,0.1856,6.952,21.687,-0.01159,-0.1078,26.945,0.6792,0.3937,0.3796,-1.898,-2.14,-1.787,0.003007,1.56,2.644,0.6278,0.8322,0.0003015,92.732,4.304,4.472,0.0001809,1.881e-05,
C:\Users\sblee\Downloads\Aesthetics-Toolbox-main\split_2\artemis_konstantin-korovin_paris-1906.jpg,3092,0.8082,17.637,7.399,4.563,73.11,5.91,114.643,115.495,97.701,47.505,-3.459,9.685,0.1754,0.1858,0.4644,42.087,44.049,39.782,17.637,4.583,6.577,0.09112,0.09418,0.1686,19.555,16.977,0.02967,0.07953,7.459,0.5171,0.501,0.4367,-2.623,-1.864,-1.516,0.002293,1.487,2.543,0.7977,0.8305,0.0001941,95.862,4.297,4.501,0.0001288,1.102e-05,
C:\Users\sblee\Downloads\Aesthetics-Toolbox-main\split_2\artemis_konstantin-korovin_salambo-s-room-1909.jpg,3280,1.373,13.235,7.04,13.322,68.682,5.779,91.053,75.232,69.287,33.078,5.671,6.048,0.04081,0.2326,0.3606,38.441,29.647,27.325,13.235,6.438,5.997,0.1094,0.1409,0.1497,32.128,10.006,-0.0353,-0.03546,10.299,0.5219,0.5574,0.4876,-2.204,-1.042,-0.7068,0.01778,1.782,2.663,0.8912,0.8372,0.0001499,96.859,4.284,4.485,0.0001047,1.139e-05,
C:\Users\sblee\Downloads\Aesthetics-Toolbox-main\split_2\artemis_konstantin-korovin_soldier-costume-design-for-gartman-s-ballet-1908.jpg,3482,0.6581,18.704,5.9,5.398,101.194,5.1,211.694,202.281,179.351,81.278,-0.09107,12.796,0.1352,0.1597,0.8324,45.465,53.284,46.953,18.704,9.052,7.112,0.07577,0.1139,0.1771,10.972,3.757,0.006512,0.01762,19.136,0.486,0.3922,0.3614,-2.393,-1.663,-1.399,0.004094,1.348,2.572,0.6283,0.8092,0.0002629,90.217,4.175,4.402,0.0003209,2.136e-05,
C:\Users\sblee\Downloads\Aesthetics-Toolbox-main\split_2\artemis_konstantin-makovsky_cairo.jpg,3267,0.7332,20.974,7.627,22.522,106.982,6.954,144.063,159.618,134.624,63.388,-9.647,11.432,0.3062,0.2511,0.6451,55.918,55.51,52.261,20.974,9.316,9.836,0.1363,0.1331,0.2092,16.802,15.992,0.06657,-0.0443,17.257,0.5246,0.4321,0.4026,-2.342,-0.9155,-0.8749,0.003623,1.785,2.82,0.8828,0.8432,0.0001648,94.945,4.075,4.401,0.0001293,1.387e-05,
C:\Users\sblee\Downloads\Aesthetics-Toolbox-main\split_2\artemis_konstantin-makovsky_conversation-near-the-spring.jpg,3237,0.745,16.276,6.761,9.91,89.977,6.285,191.765,199.724,166.212,78.971,-7.898,16.363,0.2299,0.2271,0.8033,43.987,44.858,55.986,16.276,10.463,12.436,0.09167,0.1826,0.1523,6.263,9.47,-0.01085,-0.04609,14.539,0.4865,0.4226,0.397,-2.468,-1.281,-1.097,0.001576,1.667,2.656,0.792,0.8142,0.0001681,94.864,4.541,4.513,0.0001799,1.594e-05,
C:\Users\sblee\Downloads\Aesthetics-Toolbox-main\split_2\artemis_konstantin-makovsky_desert.jpg,4680,2.386,15.39,6.947,8.473,46.162,6.161,158.664,188.901,147.418,73.515,-16.2008,18.457,0.3025,0.3494,0.7654,34.916,46.468,51.18,15.39,14.132,12.713,0.1438,0.1179,0.1555,4.313,14.443,-0.02213,-0.06874,23.736,0.6099,0.4131,0.4014,-2.793,-1.513,-0.8447,0.02032,1.7,2.736,0.8375,0.7177,0.0002346,83.892,3.233,3.642,0.0002292,1.323e-05,
C:\Users\sblee\Downloads\Aesthetics-Toolbox-main\split_2\artemis_konstantin-makovsky_female-portrait-4.jpg,3188,0.7652,25.18,7.818,13.573,82.314,5.844,120.196,116.348,80.775,47.409,-3.832,20.288,0.1582,0.4528,0.4863,66.047,62.497,69.998,25.18,5.787,12.637,0.08193,0.2447,0.2578,48.121,24.019,0.01085,-0.1196,23.401,0.596,0.494,0.4814,-2.655,-1.051,-0.9074,0.007308,1.639,2.707,0.7679,0.817,0.0001694,86.963,4.513,4.513,0.0001067,1.346e-05,
C:\Users\sblee\Downloads\Aesthetics-Toolbox-main\split_2\artemis_konstantin-makovsky_female-portrait.jpg,3149,0.7821,24.608,6.986,13.523,82.853,4.456,169.887,149.753,131.753,62.436,5.302,12.821,0.08995,0.2764,0.6704,57.852,66.209,71.156,24.608,5.014,8.815,0.1647,0.1615,0.2323,46.322,7.241,-0.03618,0.001415,12.989,0.5784,0.4814,0.4569,-2.613,-1.004,-0.7969,0.01705,1.803,2.746,0.8123,0.7949,0.0004299,98.036,4.509,4.185,0.0003284,2.574e-05,
C:\Users\sblee\Downloads\Aesthetics-Toolbox-main\split_2\artemis_konstantin-makovsky_gipsy-1.jpg,3288,0.7251,20.199,7.605,6.596,83.705,6.027,148.116,122.092,89.848,52.937,5.512,22.159,0.1206,0.4333,0.5865,52.214,56.182,51.368,20.199,17.213,13.216,0.1031,0.1942,0.1976,29.643,6.127,-0.008683,-0.02938,15.706,0.5094,0.4814,0.4539,-2.852,-1.397,-1.193,0.01019,1.602,2.555,0.8735,0.8079,0.0001411,98.525,4.509,4.444,0.0001386,1.543e-05,
C:\Users\sblee\Downloads\Aesthetics-Toolbox-main\split_2\artemis_konstantin-makovsky_konstantin-and-olga-makovsky.jpg,3239,1.344,19.851,7.608,4.224,105.75,6.269,146.072,135.046,104.327,56.067,0.03373,18.392,0.1475,0.3475,0.588,49.337,51.887,58.402,19.851,7.307,14.026,0.1309,0.1808,0.1982,27.073,4.415,-0.01265,0.01809,11.513,0.4828,0.4044,0.3796,-2.91,-2.03,-1.87,0.002677,1.377,2.456,0.8026,0.8303,0.0002633,98.384,4.525,4.506,0.0001527,1.659e-05,
C:\Users\sblee\Downloads\Aesthetics-Toolbox-main\split_2\artemis_konstantin-makovsky_portrait-of-o-makovskaya.jpg,2976,0.867,33.212,6.436,7.641,52.602,4.327,113.405,86.872,78.56,37.768,10.906,10.565,0.04527,0.4211,0.4489,79.193,87.145,90.433,33.212,12.001,10.734,0.1681,0.2539,0.3175,80.64,7.131,-0.03546,-0.003764,14.403,0.6462,0.6828,0.6347,-3.027,-0.7202,-0.6529,0.007461,1.483,2.685,0.6786,0.6316,0.0006009,82.119,4.548,3.162,0.0003879,3.564e-05,
C:\Users\sblee\Downloads\Aesthetics-Toolbox-main\split_2\artemis_konstantin-makovsky_portrait-of-russian-opera-singer-nikolay-figner.jpg,3176,0.7703,35.914,5.761,3.867,56.327,4.177,93.871,88.02,83.08,35.068,1.85,4.052,0.09276,0.2086,0.3723,88.523,91.062,91.798,35.914,3.1,5.714,0.1699,0.1432,0.3542,71.831,3.394,-0.002894,0.01672,13.914,0.7072,0.6358,0.6128,-3.06,-1.191,-1.016,0.01027,1.097,2.531,0.5858,0.5997,0.0007046,90.405,4.528,3.346,0.0003875,3.624e-05,
C:\Users\sblee\Downloads\Aesthetics-Toolbox-main\split_2\artemis_konstantin-makovsky_portrait-of-the-young-lady-in-russian-costume.jpg,3414,0.6801,23.21,7.526,7.491,96.438,6.215,104.565,67.43,50.832,32.684,12.87,18.182,0.08111,0.5281,0.4194,67.682,58.893,50.447,23.21,20.517,13.342,0.1047,0.2399,0.267,57.629,7.507,-0.01881,-0.03248,19.734,0.5083,0.4121,0.3964,-2.993,-1.507,-1.276,0.003301,1.491,2.506,0.8047,0.818,0.0002038,93.373,4.316,4.394,0.0001386,1.639e-05,
C:\Users\sblee\Downloads\Aesthetics-Toolbox-main\split_2\artemis_konstantin-makovsky_the-bulgarian-martyresses.jpg,3456,0.6663,15.203,7.118,6.208,74.439,5.695,79.383,73.952,52.129,30.923,-1.393,13.539,0.1812,0.3303,0.3204,42.793,35.885,24.226,15.203,4.73,9.875,0.09263,0.1568,0.1626,57.289,11.981,0.04776,-0.03616,16.84,0.5071,0.4522,0.4331,-2.514,-1.38,-1.209,0.001802,1.59,2.546,0.721,0.8269,0.0001624,89.02,4.507,4.514,0.0001077,1.145e-05,
C:\Users\sblee\Downloads\Aesthetics-Toolbox-main\split_2\artemis_konstantin-somov_lady-with-the-dog.jpg,2786,1.016,31.703,6.388,5.05,67.201,1.581,126.499,127.693,126.123,51.268,-0.758,0.7804,0.3036,0.0353,0.5008,76.214,77.07,77.458,31.703,0.3083,0.5774,0.1298,0.03258,0.3023,16.521,22.728,-0.002849,0.1136,14.143,0.4186,0.3785,0.3342,-2.737,-1.544,-1.394,0.005129,1.121,2.543,0.818,0.8025,0.0002433,87.747,4.446,4.333,0.0001952,1.888e-05,
C:\Users\sblee\Downloads\Aesthetics-Toolbox-main\split_2\artemis_konstantin-somov_landscape-with-lake.jpg,3282,1.375,19.34,7.425,10.11,53.71,5.302,121.653,111.89,99.617,46.997,1.698,8.16,0.07885,0.2022,0.4788,50.272,47.203,43.785,19.34,2.104,6.374,0.08814,0.1035,0.1966,22.916,12.782,0.01737,0.06151,16.856,0.5035,0.4143,0.3838,-2.537,-1.073,-0.7895,0.02157,1.661,2.64,0.8457,0.8292,9.563e-05,94.082,4.111,4.384,0.0001127,1.409e-05,
C:\Users\sblee\Downloads\Aesthetics-Toolbox-main\split_2\artemis_konstantin-somov_sketch-of-the-illustrations-to-gogol-s-nevsky-prospect.jpg,3534,1.557,13.721,6.242,7.117,75.34,3.57,194.875,194.88,191.899,78.396,-0.5139,1.54,0.2052,0.02624,0.7678,34.225,36.134,36.977,13.721,1.018,1.209,0.1129,0.03481,0.1358,3.739,6.465,0.005576,-0.03184,15.788,0.5373,0.4887,0.4656,-2.038,-1.575,-1.191,0.002861,1.65,2.627,0.7232,0.8255,0.0001965,86.318,4.242,4.432,0.00022,1.315e-05,
C:\Users\sblee\Downloads\Aesthetics-Toolbox-main\split_2\artemis_konstantin-vasilyev_above-the-bonfire.jpg,3646,0.6104,10.328,6.417,4.276,63.973,5.376,64.579,90.291,92.921,36.305,-8.399,-4.804,0.5166,0.3514,0.3795,24.462,26.691,17.394,10.328,4.453,7.085,0.07795,0.08362,0.09252,68.378,2.094,-0.01013,0.00265,14.091,0.5694,0.591,0.5371,-2.228,-1.585,-1.308,0.009103,1.535,2.373,0.8425,0.8752,0.0001376,94.373,4.557,4.555,0.0001296,9.515e-06,
C:\Users\sblee\Downloads\Aesthetics-Toolbox-main\split_2\artemis_konstantin-vasilyev_ilya-muromets-and-beggars-taverns.jpg,3670,1.656,18.391,7.392,9.103,110.214,6.19,79.579,106.999,78.645,42.109,-14.5924,12.33,0.3657,0.478,0.4299,58.483,45.27,37.046,18.391,6.753,15.596,0.1314,0.1799,0.1891,49.567,3.512,-0.01093,-0.01375,13.118,0.7121,0.5745,0.5617,-2.223,-1.784,-1.243,0.1033,1.578,2.574,0.8112,0.818,0.000217,98.392,4.085,4.262,0.0001405,1.9e-05,
C:\Users\sblee\Downloads\Aesthetics-Toolbox-main\split_2\artemis_konstantin-vasilyev_north-legend.jpg,3640,0.612,16.818,7.135,5.054,88.676,5.4,60.57,83.916,80.418,33.142,-9.584,-0.6924,0.4659,0.3279,0.3387,38.398,41.914,44.808,16.818,2.839,6.082,0.05907,0.09689,0.1777,72.492,0.2894,-0.001447,0.0,13.465,0.4498,0.4105,0.3613,-2.353,-1.997,-1.809,0.001722,1.531,2.52,0.7083,0.8227,0.0002722,89.456,4.388,4.431,0.0001286,1.2e-05,
C:\Users\sblee\Downloads\Aesthetics-Toolbox-main\split_2\artemis_konstantinos-parthenis_the-night-responds-to-my-complaints-1933.jpg,2913,0.9027,16.911,7.161,11.696,91.524,3.442,166.987,136.391,103.689,58.401,6.977,21.742,0.08426,0.3759,0.6549,48.137,41.287,31.915,16.911,2.254,6.841,0.01589,0.06801,0.1888,7.883,7.754,0.01809,0.03429,5.665,0.5225,0.4814,0.4679,-2.843,-0.9843,-1.051,0.01366,1.705,2.699,0.8363,0.8005,0.0001963,93.626,3.745,4.125,0.0001761,1.622e-05,
C:\Users\sblee\Downloads\Aesthetics-Toolbox-main\split_2\artemis_kuzma-petrov-vodkin_artist-s-model-from-the-back-1906.jpg,3568,0.6322,8.736,6.585,5.933,36.131,3.911,163.502,129.084,96.312,56.461,8.952,23.01,0.08385,0.4166,0.6412,19.313,24.399,25.182,8.736,5.744,4.726,0.0152,0.1095,0.07573,41.249,2.029,-0.006512,-0.007777,14.15,0.5156,0.4699,0.4304,-2.344,-1.209,-0.8414,0.005318,1.712,2.73,0.8764,0.739,0.0001643,95.332,4.32,4.294,0.0002072,2.011e-05,
C:\Users\sblee\Downloads\Aesthetics-Toolbox-main\split_2\artemis_kuzma-petrov-vodkin_old-dieppe-1925.jpg,3402,1.462,13.717,7.152,8.0,101.03,2.681,141.78,141.522,136.463,58.396,-0.8625,2.739,0.1607,0.04364,0.5579,34.688,35.364,34.846,13.717,0.6583,0.4938,0.03799,0.01574,0.137,22.468,6.575,0.03267,0.003618,11.933,0.5563,0.5761,0.5507,-2.529,-1.434,-1.25,0.006168,1.668,2.64,0.9256,0.8663,0.0001121,97.617,4.005,4.363,0.0001698,7.867e-06,
C:\Users\sblee\Downloads\Aesthetics-Toolbox-main\split_2\artemis_kuzma-petrov-vodkin_seated-boy-1906.jpg,3472,0.6612,12.146,6.766,6.058,51.945,3.656,187.79,170.6,135.718,70.268,0.9357,20.342,0.1138,0.2839,0.7364,30.542,32.669,32.179,12.146,2.787,4.984,0.0139,0.08831,0.1198,7.745,2.715,-0.007236,0.01148,11.544,0.4122,0.4075,0.4042,-2.452,-1.284,-0.9319,0.008993,1.617,2.634,0.7268,0.7724,0.0002163,93.585,4.389,4.375,0.0002746,2.301e-05,
C:\Users\sblee\Downloads\Aesthetics-Toolbox-main\split_2\artemis_lajos-tihanyi_self-portrait-1920.jpg,3063,0.8221,20.114,7.553,3.596,97.955,6.128,127.712,107.707,75.826,46.129,4.047,19.897,0.1159,0.3871,0.5105,60.296,48.995,40.7,20.114,8.693,18.463,0.147,0.235,0.2301,28.044,8.97,0.0123,0.04313,7.638,0.4403,0.4863,0.4254,-3.103,-2.006,-1.818,0.004986,1.26,2.421,0.7627,0.7864,0.0003161,97.261,4.434,4.449,0.0001682,2.041e-05,
C:\Users\sblee\Downloads\Aesthetics-Toolbox-main\split_2\artemis_larry-zox_open-white-center-1974.jpg,2767,0.9978,16.621,4.729,1.181,44.793,4.1,214.683,215.516,190.3,85.555,-3.424,13.079,0.1596,0.2064,0.8788,63.985,43.912,54.366,16.621,11.542,11.98,0.08511,0.2425,0.1566,12.933,12.912,-0.05861,-0.02708,18.024,0.4233,0.4946,0.3542,-2.999,-1.766,-1.71,0.0189,1.076,2.441,0.446,0.4749,0.001192,80.564,2.073,1.614,0.0009356,3.484e-05,
C:\Users\sblee\Downloads\Aesthetics-Toolbox-main\split_2\artemis_laszlo-mednyanszky_part-of-tab-n-1900.jpg,3118,1.256,16.911,7.376,16.651,63.033,6.38,112.275,114.547,100.789,47.366,-2.626,7.659,0.1983,0.244,0.4881,39.501,44.462,40.831,16.911,9.428,8.212,0.1955,0.1154,0.1733,20.132,11.4,-0.053,0.02098,12.513,0.5088,0.5036,0.4601,-2.216,-0.8564,-0.6518,0.01249,1.759,2.756,0.8439,0.8245,0.0001494,95.693,4.419,4.531,0.0001127,1.116e-05,
C:\Users\sblee\Downloads\Aesthetics-Toolbox-main\split_2\artemis_lavinia-fontana_portrait-of-a-couple-1580.jpg,3333,1.412,13.257,6.126,3.009,43.377,4.32,53.657,51.375,40.741,20.953,-1.122,6.998,0.2126,0.2185,0.2179,36.462,30.008,24.485,13.257,6.156,6.981,0.08144,0.1488,0.1424,78.081,7.649,-0.03819,0.002171,14.843,0.3366,0.3332,0.2253,-2.697,-1.623,-1.107,0.005748,1.456,2.448,0.4769,0.7648,0.0003108,90.419,4.548,4.471,0.0001995,2.139e-05,
C:\Users\sblee\Downloads\Aesthetics-Toolbox-main\split_2\artemis_lee-ufan_dialogue-2010.jpg,3224,1.333,5.476,4.836,0.2602,8.419,3.397,220.88,220.252,216.177,87.76,-0.4909,2.057,0.1496,0.03116,0.8706,16.013,15.042,12.294,5.476,0.768,2.254,0.07817,0.02971,0.04756,0.2027,11.751,0.01357,-0.05716,7.534,0.669,0.6216,0.5902,-2.614,-1.728,-1.549,0.02298,0.8733,2.133,0.3847,0.2839,0.00141,46.796,2.994,2.748,0.001283,9.953e-06,
C:\Users\sblee\Downloads\Aesthetics-Toolbox-main\split_2\artemis_lee-ufan_from-point-1980.jpg,3087,1.234,13.464,6.241,4.976,135.26,4.34,184.925,172.682,133.914,70.501,-1.442,21.308,0.1362,0.29,0.7338,42.423,34.027,23.258,13.464,2.099,11.021,0.09714,0.09163,0.1452,3.005,0.7097,0.002053,-0.002894,6.098,0.6375,0.6334,0.607,-2.536,-2.163,-1.968,0.04139,1.479,2.488,0.9223,0.9138,0.0004405,99.646,3.696,4.272,0.0001367,3.316e-06,
C:\Users\sblee\Downloads\Aesthetics-Toolbox-main\split_2\artemis_leo-villareal_monohex-2008.jpg,3455,0.6667,15.53,6.702,1.324,47.271,4.053,75.957,80.806,99.258,34.131,2.862,-10.973,0.6386,0.1998,0.3894,35.579,39.311,48.196,15.53,4.163,9.949,0.04237,0.1375,0.1893,92.589,10.054,0.02315,0.04462,11.886,0.6429,0.1988,0.1745,-2.748,-1.973,-1.699,0.123,1.223,2.275,0.4288,0.5176,0.0009682,81.952,3.431,2.641,0.0004882,2.285e-05,
C:\Users\sblee\Downloads\Aesthetics-Toolbox-main\split_2\artemis_leon-bakst_portrait-of-boris-nikolayevich-bugaev-pseudonym-andrey-bely-1905.jpg,3210,0.756,18.591,6.762,5.658,69.919,4.705,212.048,188.808,150.985,77.14,2.818,22.083,0.1024,0.2873,0.8316,49.723,49.066,40.425,18.591,4.709,7.725,0.02998,0.08891,0.195,5.436,7.924,0.02967,0.02626,12.283,0.5479,0.373,0.3582,-2.352,-1.882,-1.373,0.008776,1.604,2.6,0.6781,0.8002,0.0002598,88.321,4.444,4.435,0.0002346,1.783e-05,
C:\Users\sblee\Downloads\Aesthetics-Toolbox-main\split_2\artemis_leon-spilliaert_the-absinthe-drinker-1907.jpg,3296,0.722,25.534,7.242,2.356,57.186,6.32,88.355,96.989,78.368,38.645,-6.918,9.057,0.3009,0.2521,0.3904,71.494,63.806,49.904,25.534,3.272,10.208,0.1181,0.07878,0.2631,64.917,23.236,-0.05861,0.1003,16.335,0.422,0.3481,0.3088,-3.203,-1.854,-1.639,0.002981,1.293,2.369,0.7481,0.7653,0.0002943,84.703,4.358,4.303,0.0001913,1.917e-05,
C:\Users\sblee\Downloads\Aesthetics-Toolbox-main\split_2\artemis_leonardo-da-vinci_bust-of-a-man-in-profile-with-measurements-and-notes.jpg,3085,0.8115,11.27,5.627,6.227,58.058,4.481,229.274,220.348,210.611,88.174,1.466,5.951,0.08947,0.08837,0.8999,27.995,30.564,33.347,11.27,1.918,3.594,0.05484,0.06424,0.11,1.153,9.957,-0.01881,0.0461,8.261,0.5575,0.4372,0.4166,-1.988,-1.354,-0.9353,0.01021,1.687,2.595,0.5803,0.7718,0.0002255,85.474,4.429,4.512,0.0002015,1.519e-05,
C:\Users\sblee\Downloads\Aesthetics-Toolbox-main\split_2\artemis_leonardo-da-vinci_drawing-of-an-flood.jpg,3194,1.311,16.581,7.28,11.738,162.001,3.628,187.074,155.975,135.205,66.193,8.507,15.312,0.06666,0.2927,0.7336,43.989,43.821,42.168,16.581,2.456,2.198,0.0122,0.07359,0.1725,16.252,8.514,0.03422,0.02533,11.411,0.7087,0.704,0.6992,-1.996,-1.84,-1.314,0.01082,1.711,2.782,0.9113,0.9067,0.0002481,98.615,4.558,4.569,0.000128,3.112e-06,
C:\Users\sblee\Downloads\Aesthetics-Toolbox-main\split_2\artemis_leonardo-da-vinci_grotesque-profile.jpg,3539,0.6407,13.628,6.496,5.883,80.868,4.182,209.075,187.744,157.059,77.004,3.164,18.553,0.1026,0.2618,0.8199,29.748,38.99,39.801,13.628,4.871,4.482,0.02029,0.1093,0.1167,12.427,4.803,0.02243,-0.008577,16.368,0.5252,0.516,0.531,-2.177,-1.75,-1.472,0.007852,1.52,2.687,0.7551,0.8343,0.0003323,90.195,4.565,4.545,0.0001488,1.127e-05,
C:\Users\sblee\Downloads\Aesthetics-Toolbox-main\split_2\artemis_leonardo-da-vinci_head-of-leda.jpg,3065,0.8212,19.881,6.588,9.211,92.275,5.001,208.452,194.474,188.721,79.057,4.223,4.887,0.04393,0.1176,0.8187,47.412,54.1,55.647,19.881,3.949,3.801,0.08371,0.1012,0.1868,6.999,4.045,-0.01881,0.007427,13.319,0.4447,0.4764,0.4218,-1.999,-1.464,-1.082,0.005268,1.521,2.72,0.6478,0.8566,0.0002246,92.383,4.54,4.519,0.0002099,1.47e-05,
C:\Users\sblee\Downloads\Aesthetics-Toolbox-main\split_2\artemis_leonardo-da-vinci_head-of-st-andrew.jpg,3180,0.7686,26.03,7.397,6.701,63.986,4.495,157.808,126.522,99.401,54.039,8.32,18.805,0.06479,0.3712,0.6189,73.395,62.991,48.756,26.03,3.284,10.954,0.03533,0.107,0.2878,21.096,11.94,-0.009407,0.05895,11.599,0.5565,0.5333,0.5182,-2.631,-1.278,-1.088,0.0134,1.299,2.636,0.8794,0.8095,0.0001054,87.897,4.487,4.327,0.0001357,1.184e-05,
C:\Users\sblee\Downloads\Aesthetics-Toolbox-main\split_2\artemis_leopold-survage_destins-1954.jpg,3201,1.316,23.619,7.673,5.131,97.391,6.411,116.501,100.921,85.009,43.375,5.499,11.71,0.09858,0.3765,0.5058,67.158,58.147,60.38,23.619,14.401,21.903,0.1944,0.2244,0.2766,37.046,4.49,-0.02226,0.002894,10.33,0.4228,0.4503,0.4307,-2.805,-1.866,-1.46,0.004098,1.398,2.349,0.8425,0.8017,0.0003454,96.379,4.419,4.329,0.0001581,2.211e-05,
C:\Users\sblee\Downloads\Aesthetics-Toolbox-main\split_2\artemis_ligia-macovei_still-life.jpg,3006,0.851,14.329,7.374,4.979,73.536,5.889,107.028,90.562,71.339,39.344,4.18,13.766,0.1074,0.3507,0.4286,37.707,34.457,34.359,14.329,8.304,10.113,0.1092,0.21,0.1443,15.92,5.06,0.005789,0.02463,5.781,0.4466,0.4443,0.4135,-2.704,-1.599,-1.262,0.003753,1.489,2.523,0.806,0.8202,0.0002812,98.641,4.266,4.412,0.0001636,2.251e-05,
C:\Users\sblee\Downloads\Aesthetics-Toolbox-main\split_2\artemis_ligia-macovei_unknown-title-21.jpg,3391,0.6879,19.557,7.583,5.3,92.272,6.535,110.206,118.575,130.749,48.965,0.252,-7.627,0.6083,0.2363,0.5264,52.658,48.24,49.872,19.557,5.481,10.142,0.1569,0.1785,0.1868,23.84,7.344,0.02171,0.02962,13.258,0.4767,0.458,0.4238,-2.493,-1.842,-1.429,0.001988,1.435,2.474,0.8,0.8178,0.0002623,97.822,4.476,4.472,0.0001581,1.734e-05,
C:\Users\sblee\Downloads\Aesthetics-Toolbox-main\split_2\artemis_lorenzo-lotto_altar-of-recanati-polyptych-main-board-madonna-enthroned-with-the-christ-child-three-angels-st-1508.jpg,4300,0.4736,27.103,6.953,4.938,158.589,5.241,127.783,87.956,65.432,40.164,14.024,19.808,0.04318,0.4487,0.5019,74.663,68.003,57.148,27.103,13.095,15.119,0.07445,0.2726,0.2919,42.444,16.107,-0.01809,0.07848,17.626,0.5875,0.4968,0.4849,-2.648,-2.114,-2.131,0.004841,1.424,2.482,0.7203,0.8416,0.0004587,97.368,4.312,4.433,0.0001772,1.853e-05,
C:\Users\sblee\Downloads\Aesthetics-Toolbox-main\split_2\artemis_lorenzo-lotto_altar-of-st-lucia-st-lucia-in-front-of-the-judges-1532.jpg,2835,0.9511,18.07,7.418,4.449,85.618,5.207,87.044,61.702,33.426,27.94,7.414,20.479,0.1024,0.5787,0.3422,54.841,41.157,28.531,18.07,12.002,15.743,0.04375,0.2207,0.215,54.022,13.066,0.02533,-0.06022,9.568,0.3949,0.3322,0.3886,-2.859,-1.82,-1.467,0.001926,1.381,2.472,0.698,0.8095,0.0002623,93.736,4.505,4.51,0.0001523,1.854e-05,
C:\Users\sblee\Downloads\Aesthetics-Toolbox-main\split_2\artemis_lorenzo-lotto_altar-polyptych-of-san-bartolomeo-bergamo-foot-plate-martyrdom-of-st-stephen-1516.jpg,4184,2.027,24.629,7.256,4.077,136.538,5.442,122.794,89.631,68.934,40.159,11.245,17.418,0.07167,0.4001,0.4825,68.526,60.283,52.637,24.629,11.53,14.252,0.08424,0.2459,0.2688,33.596,8.421,0.04104,0.009407,19.652,0.5333,0.5317,0.5148,-2.72,-2.108,-2.192,0.0149,1.354,2.467,0.811,0.848,0.0002737,98.444,4.435,4.511,0.0001518,1.259e-05,
C:\Users\sblee\Downloads\Aesthetics-Toolbox-main\split_2\artemis_lorenzo-lotto_bust-of-a-bearded-man-1541.jpg,3126,0.7924,17.93,7.074,7.398,37.085,4.927,82.269,77.832,67.716,32.494,-0.05935,6.307,0.1497,0.1529,0.3261,49.471,42.048,33.933,17.93,3.192,7.346,0.1431,0.1174,0.1916,40.036,22.035,0.004342,0.1101,8.99,0.4984,0.3616,0.3436,-2.257,-1.665,-1.017,0.07164,1.412,2.641,0.722,0.7414,0.0002026,87.028,4.421,4.199,0.0001038,1.974e-05,
C:\Users\sblee\Downloads\Aesthetics-Toolbox-main\split_2\artemis_lorenzo-lotto_crucifixion-1531.jpg,3892,0.5506,29.402,5.898,4.982,148.574,4.825,99.415,80.907,70.322,34.302,6.244,9.014,0.03125,0.2477,0.3908,78.992,72.197,64.106,29.402,9.137,10.757,0.08613,0.2291,0.3091,51.911,12.564,-0.0152,0.06096,17.443,0.598,0.4917,0.4786,-2.588,-2.118,-2.003,0.007233,1.383,2.547,0.66,0.864,0.0004903,95.65,4.51,4.469,0.0002157,2.43e-05,
C:\Users\sblee\Downloads\Aesthetics-Toolbox-main\split_2\artemis_lorenzo-lotto_madonna-and-st-catherine-of-alexandria-st-james-the-greater-and-an-angel.jpg,3196,1.313,23.748,7.621,6.753,134.112,6.354,83.167,77.665,65.611,32.34,1.47,7.872,0.1491,0.4529,0.3643,57.347,57.609,62.117,23.748,6.794,16.186,0.2131,0.2405,0.2477,41.637,4.951,0.01047,0.02243,11.594,0.5089,0.4733,0.4632,-2.796,-1.745,-1.406,0.001264,1.464,2.501,0.8039,0.8441,0.0002697,98.408,4.388,4.489,0.0001412,1.196e-05,
C:\Users\sblee\Downloads\Aesthetics-Toolbox-main\split_2\artemis_lorenzo-lotto_st-jerome-meditating-in-the-desert-1506.jpg,3098,0.8054,20.162,6.968,6.261,91.295,5.064,74.752,53.976,25.164,23.454,5.591,19.249,0.1171,0.5905,0.2947,59.664,44.338,22.333,20.162,7.225,17.069,0.05945,0.191,0.2324,47.302,21.684,0.01954,-0.1066,20.862,0.5409,0.513,0.4812,-2.426,-1.607,-1.287,0.002802,1.435,2.575,0.7684,0.8516,0.0002939,92.346,4.055,4.358,0.0001145,1.003e-05,
C:\Users\sblee\Downloads\Aesthetics-Toolbox-main\split_2\artemis_louay-kayyali_portrait-of-a-lady-1964.jpg,3628,0.6153,14.506,7.352,4.278,55.331,4.749,88.556,83.059,44.904,34.525,-3.556,22.222,0.1555,0.4376,0.3496,39.64,34.118,12.698,14.506,4.612,13.337,0.0313,0.162,0.1541,30.186,7.663,-0.0152,0.03517,12.751,0.6037,0.5206,0.5145,-2.732,-1.784,-1.396,0.05573,1.475,2.594,0.8471,0.8027,0.0001653,97.332,4.217,4.203,0.0001125,1.079e-05,
C:\Users\sblee\Downloads\Aesthetics-Toolbox-main\split_2\artemis_louis-cane_papier-d-coup-et-coll-1967-1.jpg,3482,0.6581,13.245,6.562,3.096,115.478,6.234,202.736,196.012,181.822,79.614,1.25,8.784,0.1709,0.2307,0.8489,44.481,41.473,41.623,13.245,13.835,12.674,0.1898,0.1695,0.08737,14.297,2.078,0.006512,0.008095,10.731,0.6263,0.5498,0.575,-3.028,-1.992,-1.808,0.0127,1.283,2.297,0.8887,0.8574,0.0003015,99.379,3.971,4.252,0.0001509,9.46e-06,
C:\Users\sblee\Downloads\Aesthetics-Toolbox-main\split_2\artemis_louis-marcoussis_still-life-with-pomegranates-and-knife-on-a-pedistal-1925.jpg,3071,1.222,33.147,7.472,4.625,119.354,6.587,131.866,120.227,120.658,51.109,6.503,3.444,0.1133,0.3945,0.591,86.664,88.691,81.738,33.147,17.419,18.647,0.2921,0.3076,0.3123,26.308,9.312,0.02931,0.03618,15.905,0.4036,0.4268,0.3704,-3.057,-1.89,-1.649,0.003354,1.226,2.385,0.7479,0.7707,0.0003547,96.728,4.16,4.249,0.0002662,2.978e-05,
C:\Users\sblee\Downloads\Aesthetics-Toolbox-main\split_2\artemis_louis-schanker_abstract-composition-1938.jpg,3205,1.319,16.375,6.267,5.556,105.391,4.864,212.288,207.248,192.526,82.883,-0.7331,7.986,0.1331,0.1204,0.8431,45.22,42.625,41.772,16.375,3.631,3.745,0.1147,0.05531,0.1673,2.783,1.27,-0.006308,0.0007236,16.415,0.4721,0.518,0.448,-1.792,-2.122,-1.591,0.02239,1.412,2.574,0.4944,0.7889,0.000879,82.115,3.985,4.334,0.0004681,2.483e-05,
C:\Users\sblee\Downloads\Aesthetics-Toolbox-main\split_2\artemis_louis-valtat_flowers-1913.jpg,3196,1.313,21.164,7.693,9.392,157.325,6.251,138.486,124.565,72.474,51.961,-1.401,29.684,0.163,0.5073,0.5668,63.579,54.16,39.01,21.164,12.65,17.454,0.1147,0.1701,0.2242,30.81,5.894,-0.01378,0.02605,11.404,0.5746,0.5797,0.5866,-2.633,-1.513,-1.343,0.002888,1.537,2.571,0.8766,0.8737,0.0001732,98.595,4.544,4.548,0.0001083,8.649e-06,
C:\Users\sblee\Downloads\Aesthetics-Toolbox-main\split_2\artemis_louis-valtat_young-girls-playing-with-a-lion-cub.jpg,3098,1.242,20.35,7.634,10.808,137.633,6.261,146.484,132.998,96.956,55.604,0.1663,21.396,0.1475,0.4275,0.6063,68.067,49.424,46.3,20.35,12.36,13.76,0.1285,0.2229,0.2244,15.895,6.838,-0.02214,-0.02605,8.836,0.5648,0.5037,0.5056,-2.701,-1.423,-1.124,0.003363,1.613,2.595,0.7891,0.8562,0.0001409,97.286,4.342,4.499,0.0001189,1.049e-05,
C:\Users\sblee\Downloads\Aesthetics-Toolbox-main\split_2\artemis_louise-elisabeth-vigee-le-brun_german-opera-singer-elisabeth-mara.jpg,3042,0.8325,37.715,6.591,4.963,69.406,5.197,123.218,120.089,113.781,48.012,0.3094,4.074,0.1219,0.1658,0.4917,94.08,96.272,96.528,37.715,4.098,8.743,0.2964,0.1521,0.376,60.983,3.28,0.0123,0.01084,13.014,0.6139,0.6194,0.5684,-2.762,-1.742,-1.156,0.01959,1.239,2.55,0.6477,0.7073,0.0006986,92.974,4.561,3.575,0.0004173,4.15e-05,
C:\Users\sblee\Downloads\Aesthetics-Toolbox-main\split_2\artemis_louise-elisabeth-vigee-le-brun_the-marquise-de-pezay-and-the-marquise-de-roug-with-her-sons-alexis-and-adrien-1787.jpg,3119,1.257,24.684,7.759,4.881,105.326,5.915,103.325,90.921,82.253,38.397,4.083,7.168,0.06539,0.3188,0.4184,61.529,60.957,62.828,24.684,4.963,9.361,0.1379,0.1756,0.2514,45.63,3.082,0.01526,-0.002171,12.137,0.4556,0.4455,0.4211,-3.054,-1.877,-1.545,0.002567,1.313,2.437,0.8151,0.8226,0.0002578,94.318,4.513,4.481,0.0001557,1.559e-05,
C:\Users\sblee\Downloads\Aesthetics-Toolbox-main\split_2\artemis_lourdes-castro_sombra-projectada-de-adami-1967.jpg,3060,0.8236,29.176,6.002,1.974,87.382,3.97,148.712,172.179,199.578,69.035,2.881,-17.1704,0.5663,0.3411,0.7835,100.896,77.06,46.827,29.176,5.579,20.221,0.07048,0.398,0.1842,24.705,9.423,0.01809,-0.0435,14.214,0.3909,0.4528,0.3651,-2.713,-2.027,-1.675,0.0423,1.027,2.124,0.5417,0.6892,0.001461,92.622,3.246,3.586,0.000699,4.081e-05,
C:\Users\sblee\Downloads\Aesthetics-Toolbox-main\split_2\artemis_lovis-corinth_schlossfreiheit-berlin-1923.jpg,3260,0.7359,23.502,7.731,5.724,126.273,6.363,98.55,99.918,88.31,40.837,-2.271,6.793,0.1793,0.2557,0.4158,54.674,58.907,65.95,23.502,4.183,10.601,0.1669,0.1426,0.2434,63.851,17.963,-0.02098,0.08733,8.098,0.5098,0.4975,0.4769,-2.746,-2.014,-1.71,0.00214,1.502,2.466,0.8497,0.8433,0.0002538,91.235,4.419,4.513,0.0001415,1.292e-05,
C:\Users\sblee\Downloads\Aesthetics-Toolbox-main\split_2\artemis_lovis-corinth_self-portrait-in-a-tyrolean-hat-1913.jpg,3199,0.7606,29.972,7.601,4.965,89.398,6.611,116.043,114.806,107.472,46.636,-0.3164,4.697,0.2459,0.197,0.4829,71.565,74.879,77.33,29.972,7.045,8.872,0.2184,0.1703,0.2969,34.081,21.55,-0.0123,0.107,11.913,0.4792,0.4453,0.4138,-2.731,-1.926,-1.538,0.004367,1.193,2.478,0.7867,0.8009,0.0003319,92.589,4.344,4.324,0.0001557,1.818e-05,
C:\Users\sblee\Downloads\Aesthetics-Toolbox-main\split_2\artemis_lovis-corinth_self-portrait-with-skeleton-1896.jpg,3205,1.319,22.473,7.561,7.877,98.476,5.927,138.987,118.118,107.04,50.611,7.278,9.923,0.03658,0.2964,0.5507,50.9,58.288,64.321,22.473,7.239,10.768,0.1397,0.2274,0.2035,32.114,14.074,-0.02057,0.06729,13.499,0.4519,0.4369,0.3881,-2.955,-1.332,-1.237,0.005709,1.46,2.591,0.8363,0.8129,0.000155,94.756,3.724,4.036,0.0001795,1.635e-05,
C:\Users\sblee\Downloads\Aesthetics-Toolbox-main\split_2\artemis_lovis-corinth_the-artist-and-his-family-1909.jpg,2833,0.9524,22.133,7.778,6.618,114.87,5.956,118.608,116.903,105.842,48.117,-1.314,6.342,0.1899,0.141,0.4742,56.035,55.27,53.156,22.133,3.46,5.545,0.1213,0.09868,0.2208,36.077,1.341,0.001447,0.006547,4.995,0.526,0.5305,0.4951,-2.801,-1.412,-1.289,0.001746,1.438,2.491,0.8555,0.8464,0.0001969,96.977,4.42,4.485,0.0001467,1.128e-05,
C:\Users\sblee\Downloads\Aesthetics-Toolbox-main\split_2\artemis_luca-signorelli_life-of-st-benedict-benedict-tells-two-monks-what-they-have-eaten-1502.jpg,3061,0.8231,21.867,7.602,7.88,119.4,4.929,172.872,145.389,121.75,61.617,7.573,16.996,0.07848,0.3377,0.6783,50.701,59.342,60.36,21.867,6.887,8.738,0.04014,0.193,0.1988,23.733,6.042,0.01737,-0.02472,7.411,0.5884,0.4876,0.4527,-2.681,-1.313,-1.107,0.009296,1.465,2.625,0.7089,0.8135,0.00053,96.435,3.663,4.031,0.000177,1.86e-05,
C:\Users\sblee\Downloads\Aesthetics-Toolbox-main\split_2\artemis_luca-signorelli_the-poet-virgil-1504.jpg,3166,0.7747,21.747,7.674,17.052,164.903,5.21,155.271,136.006,107.057,57.043,3.602,18.286,0.1066,0.3355,0.6119,55.604,55.774,56.987,21.747,4.992,14.111,0.07699,0.2098,0.2199,21.625,2.827,-0.004342,0.01345,6.737,0.6118,0.664,0.5795,-2.319,-1.224,-0.971,0.008518,1.776,2.778,0.8032,0.8663,0.0002828,98.388,3.862,4.196,0.0001158,1.048e-05,
C:\Users\sblee\Downloads\Aesthetics-Toolbox-main\split_2\artemis_lucas-cranach-the-elder_adam-and-eve-2.jpg,3200,0.7602,24.187,7.422,6.807,125.493,5.19,104.784,77.277,55.636,33.971,8.799,16.591,0.06412,0.4846,0.4114,66.395,57.176,42.095,24.187,6.304,11.898,0.04395,0.1244,0.2607,43.93,6.931,0.0,0.03465,9.316,0.5438,0.5009,0.4618,-3.044,-1.41,-1.358,0.005929,1.415,2.541,0.8193,0.8146,0.0002778,96.964,3.666,4.195,0.0001955,2.076e-05,
C:\Users\sblee\Downloads\Aesthetics-Toolbox-main\split_2\artemis_lucas-cranach-the-elder_apollo-and-diana.jpg,3543,0.6395,27.633,7.715,4.391,107.134,6.522,95.161,78.681,74.707,33.904,6.852,5.719,0.03556,0.3614,0.3933,70.731,68.154,69.621,27.633,11.55,9.664,0.2193,0.2375,0.2857,46.377,17.196,-0.04486,0.07335,14.263,0.4667,0.4121,0.3981,-3.093,-1.749,-1.566,0.001562,1.325,2.412,0.8661,0.7951,0.0002686,94.14,4.445,4.421,0.0001778,1.994e-05,
C:\Users\sblee\Downloads\Aesthetics-Toolbox-main\split_2\artemis_lucas-cranach-the-elder_melancholy-1532.jpg,3266,0.7335,24.397,7.74,8.808,114.206,6.05,101.854,95.909,89.304,40.969,3.029,5.868,0.4227,0.4422,0.4662,69.55,62.036,59.728,24.397,15.604,17.607,0.3147,0.2862,0.2498,38.701,13.7,0.04197,-0.05414,17.319,0.4252,0.3875,0.4066,-2.861,-1.148,-1.207,0.0048,1.463,2.571,0.7556,0.8169,0.0002041,95.285,4.277,4.417,0.0001889,2.227e-05,
C:\Users\sblee\Downloads\Aesthetics-Toolbox-main\split_2\artemis_lucas-cranach-the-elder_portrait-of-duchess-katharina-von-mecklenburg-1514.jpg,4523,0.44,22.439,7.327,4.126,103.801,6.065,120.621,82.994,75.034,38.326,15.113,10.113,0.975,0.4172,0.4737,63.841,54.951,34.065,22.439,8.929,15.843,0.09708,0.1298,0.2496,40.572,6.099,0.01375,-0.02722,27.348,0.6118,0.4735,0.481,-2.913,-1.876,-1.905,0.00522,1.325,2.454,0.8923,0.8352,0.0002082,94.367,4.407,4.425,0.0001331,1.212e-05,
C:\Users\sblee\Downloads\Aesthetics-Toolbox-main\split_2\artemis_lucas-cranach-the-elder_portrait-of-frau-reuss-1514.jpg,3338,0.7065,21.874,7.705,14.711,86.009,5.878,127.519,92.283,71.043,42.15,12.109,18.813,0.09577,0.4687,0.5117,60.224,56.572,47.75,21.874,16.639,12.14,0.1155,0.2291,0.2346,37.045,11.543,-0.007236,0.05726,11.78,0.5422,0.413,0.3932,-2.33,-1.174,-0.8552,0.01129,1.736,2.727,0.8353,0.8245,0.0001195,94.097,4.524,4.519,0.0001512,1.939e-05,
C:\Users\sblee\Downloads\Aesthetics-Toolbox-main\split_2\artemis_lucas-cranach-the-elder_saint-christopher.jpg,3548,0.638,16.283,7.231,5.961,86.685,6.213,102.746,101.824,89.528,42.485,-1.638,7.197,0.2342,0.2028,0.4284,46.462,40.558,37.967,16.283,6.617,8.238,0.1571,0.1232,0.1811,61.994,4.053,-0.02026,0.0004617,13.109,0.4921,0.4597,0.4443,-2.682,-1.682,-1.276,0.002695,1.592,2.524,0.8149,0.8248,0.000204,93.837,4.337,4.44,0.0001396,1.786e-05,
C:\Users\sblee\Downloads\Aesthetics-Toolbox-main\split_2\artemis_lucas-cranach-the-elder_samson-and-delilah.jpg,3483,0.6578,18.513,6.853,8.156,84.166,5.249,70.027,55.985,39.994,23.866,3.482,11.848,0.1137,0.3842,0.2771,55.891,41.679,30.259,18.513,8.547,10.802,0.06175,0.1744,0.22,71.09,7.062,0.02894,0.02023,13.568,0.4578,0.4787,0.4424,-2.531,-1.621,-1.017,0.01524,1.57,2.531,0.8054,0.8316,0.0001918,92.453,4.498,4.507,0.0001045,1.694e-05,
C:\Users\sblee\Downloads\Aesthetics-Toolbox-main\split_2\artemis_lucas-cranach-the-elder_the-old-man-in-love.jpg,3296,0.722,20.251,7.162,6.729,86.748,5.229,88.964,59.363,51.357,27.39,12.094,10.031,0.01872,0.4296,0.349,56.763,47.707,38.675,20.251,8.087,9.857,0.04738,0.1615,0.2228,62.297,3.627,0.01737,0.005225,11.124,0.4158,0.4748,0.3998,-2.581,-1.66,-1.33,0.003038,1.503,2.61,0.7869,0.8012,0.0001815,89.886,4.55,4.481,0.0001245,1.416e-05,
C:\Users\sblee\Downloads\Aesthetics-Toolbox-main\split_2\artemis_lucian-freud_bella-and-esther-1988.jpg,3346,1.421,16.443,7.276,6.251,75.785,6.206,111.833,110.827,94.28,46.008,-2.201,9.47,0.1992,0.2596,0.4625,43.592,41.668,42.86,16.443,4.032,10.11,0.1791,0.1257,0.1624,50.889,4.829,-0.003564,0.02388,12.507,0.4766,0.4595,0.4513,-2.573,-1.827,-1.33,0.023,1.57,2.545,0.8525,0.8038,0.0002792,97.047,4.503,4.474,0.0001275,2.015e-05,
C:\Users\sblee\Downloads\Aesthetics-Toolbox-main\split_2\artemis_lucian-freud_benefits-supervisor-sleeping-ii.jpg,2890,0.9164,25.627,7.803,5.115,85.916,5.162,128.838,104.326,92.31,44.927,7.613,10.203,0.05565,0.3051,0.5053,73.486,59.992,54.221,25.627,6.985,6.151,0.04393,0.1264,0.2881,27.088,3.186,0.0007236,-0.01592,13.056,0.4977,0.4499,0.4387,-2.519,-1.997,-1.66,0.009104,1.406,2.539,0.6883,0.8064,0.0003813,95.355,4.284,4.418,0.0001488,1.814e-05,
C:\Users\sblee\Downloads\Aesthetics-Toolbox-main\split_2\artemis_lucian-freud_buttercups-1968.jpg,2774,0.9928,23.636,7.594,14.246,108.521,5.005,163.809,147.074,110.872,60.793,1.692,20.997,0.1081,0.3707,0.6429,60.714,59.583,68.299,23.636,4.863,17.189,0.04596,0.2607,0.2378,18.361,2.254,0.008683,0.007184,9.56,0.5279,0.462,0.4624,-2.639,-1.227,-1.263,0.003629,1.684,2.679,0.8536,0.8156,0.0001517,95.178,4.53,4.52,0.0001368,1.591e-05,
C:\Users\sblee\Downloads\Aesthetics-Toolbox-main\split_2\artemis_lucian-freud_david-pluto-and-eli.jpg,3618,1.618,15.541,7.038,5.388,105.367,5.204,157.233,137.564,100.038,58.03,2.732,22.94,0.1317,0.3875,0.6188,38.934,40.545,47.228,15.541,7.809,13.635,0.05624,0.2575,0.1526,6.806,6.331,0.005814,-0.03111,13.021,0.4414,0.3718,0.3656,-2.756,-1.558,-1.398,0.004543,1.487,2.541,0.7052,0.8324,0.0002383,92.268,4.425,4.476,0.0001511,1.448e-05,
C:\Users\sblee\Downloads\Aesthetics-Toolbox-main\split_2\artemis_lucian-freud_girl-with-fuzzy-hair.jpg,3115,0.7975,28.463,7.711,23.49,187.297,5.185,148.71,146.681,140.965,59.42,-0.3087,3.464,0.1123,0.1059,0.5856,71.48,71.876,74.269,28.463,1.61,2.966,0.1307,0.1325,0.2813,18.886,11.829,0.0,0.05915,8.83,0.5724,0.5171,0.531,-2.078,-1.682,-0.8584,0.02309,1.797,2.858,0.7463,0.8871,0.0002542,98.415,4.414,4.527,0.0001731,1.042e-05,
C:\Users\sblee\Downloads\Aesthetics-Toolbox-main\split_2\artemis_lucian-freud_large-interior-london-w-9-1973.jpg,2779,0.9893,26.327,7.798,12.265,80.129,4.978,162.087,118.998,85.453,52.502,13.326,24.833,0.06594,0.5075,0.6356,69.885,67.331,53.621,26.327,7.69,12.38,0.03338,0.1682,0.2741,35.791,5.978,0.01158,-0.02756,11.211,0.3698,0.4067,0.3913,-2.721,-1.137,-1.145,0.01186,1.663,2.649,0.7,0.792,0.000403,93.076,4.465,4.393,0.0002243,2.159e-05,
C:\Users\sblee\Downloads\Aesthetics-Toolbox-main\split_2\artemis_lucian-freud_lawrence-gowing.jpg,2991,0.8589,27.368,7.661,19.014,144.917,4.633,157.948,159.744,156.673,64.288,-1.246,1.48,0.2996,0.05203,0.6287,69.069,69.589,71.027,27.368,1.325,1.896,0.1645,0.08625,0.2725,20.034,10.501,0.0521,0.006526,14.119,0.5705,0.5976,0.5867,-1.415,-1.895,-1.249,0.008896,1.676,2.838,0.6522,0.8459,0.0003505,92.163,4.535,4.444,0.0001291,1.138e-05,
C:\Users\sblee\Downloads\Aesthetics-Toolbox-main\split_2\artemis_lucian-freud_portrait-on-a-grey-cover.jpg,3151,1.28,20.352,7.652,6.226,105.66,4.768,130.59,113.545,91.718,48.186,3.419,14.599,0.0955,0.3454,0.5124,53.819,49.93,48.329,20.352,4.276,8.262,0.04083,0.2121,0.2108,22.583,7.985,-0.008197,0.03907,13.388,0.4597,0.4444,0.4446,-2.655,-1.681,-1.29,0.001542,1.436,2.561,0.6974,0.8188,0.000221,97.601,4.494,4.501,0.0001489,1.149e-05,
C:\Users\sblee\Downloads\Aesthetics-Toolbox-main\split_2\artemis_lucian-freud_small-portait.jpg,3322,0.7124,31.485,7.414,4.001,72.604,6.02,108.595,100.982,79.591,41.398,0.4659,12.961,0.1592,0.4689,0.4432,72.095,79.421,76.519,31.485,7.639,12.253,0.1254,0.3062,0.3015,27.291,23.006,0.05499,0.101,9.46,0.4723,0.4625,0.414,-2.998,-1.708,-1.4,0.007769,1.334,2.48,0.7556,0.7692,0.0003173,96.528,4.22,4.079,0.000174,1.761e-05,
C:\Users\sblee\Downloads\Aesthetics-Toolbox-main\split_2\artemis_lucian-freud_woman-sleeping.jpg,3085,0.8115,17.459,6.035,3.493,79.099,3.828,192.18,193.066,190.897,77.499,-0.7209,1.008,0.2372,0.02431,0.7601,45.083,44.692,45.152,17.459,0.7746,1.453,0.1827,0.02387,0.1759,3.877,7.893,0.01592,0.03611,9.732,0.4758,0.4226,0.3615,-2.865,-1.856,-1.352,0.004089,1.313,2.46,0.5378,0.7671,0.0005757,87.746,4.438,4.46,0.0006051,1.591e-05,
C:\Users\sblee\Downloads\Aesthetics-Toolbox-main\split_2\artemis_lucian-grigorescu_marea-la-tuzla-1940.jpg,3565,1.58,14.093,6.844,7.995,70.293,5.856,198.322,193.914,165.346,78.078,-1.931,15.474,0.2581,0.2439,0.8082,36.528,40.003,61.929,14.093,7.695,18.291,0.178,0.2179,0.1264,18.524,23.307,-0.002978,-0.1165,13.458,0.6065,0.3289,0.3101,-2.607,-1.331,-0.9016,0.01125,1.522,2.654,0.6722,0.7849,0.0002734,88.288,4.185,4.38,0.0001873,1.384e-05,
C:\Users\sblee\Downloads\Aesthetics-Toolbox-main\split_2\artemis_lynd-ward_not-detected-272498.jpg,3835,0.5634,32.646,6.997,23.92,179.608,3.762,87.774,88.865,86.575,35.325,-0.9354,1.301,0.2255,0.07632,0.3501,81.485,82.204,83.045,32.646,1.038,1.413,0.1509,0.09547,0.3233,53.87,1.059,-0.001447,-0.005096,17.302,0.4793,0.4449,0.4317,-2.292,-1.306,-0.7618,0.01624,1.653,2.795,0.6732,0.8276,0.0005646,97.618,4.297,4.393,0.0001657,1.908e-05,
C:\Users\sblee\Downloads\Aesthetics-Toolbox-main\split_2\artemis_lynd-ward_not-detected-272503.jpg,3501,0.6522,35.459,6.929,19.754,155.734,3.257,99.78,100.855,98.862,39.986,-0.8401,1.121,0.2286,0.06279,0.3969,88.537,89.497,90.45,35.459,0.8431,1.284,0.1544,0.08018,0.3521,51.571,5.261,-0.0152,0.02147,11.594,0.4347,0.4207,0.4089,-2.669,-1.127,-0.5871,0.03696,1.593,2.826,0.709,0.8225,0.0003181,97.158,4.077,4.256,0.0001897,2.378e-05,
C:\Users\sblee\Downloads\Aesthetics-Toolbox-main\split_2\artemis_lynd-ward_not-detected-272548.jpg,3307,0.7179,33.777,7.361,31.129,217.972,4.299,84.265,88.821,94.708,35.201,-0.2758,-4.29,0.6109,0.2678,0.3722,86.24,84.119,81.656,33.777,1.481,3.088,0.131,0.2453,0.3213,53.342,11.786,-0.01085,0.05792,10.462,0.5388,0.4804,0.4765,-2.288,-1.273,-0.8378,0.005521,1.701,2.833,0.6388,0.8553,0.0004965,97.787,4.253,4.418,0.0001707,1.172e-05,
C:\Users\sblee\Downloads\Aesthetics-Toolbox-main\split_2\artemis_lyonel-feininger_euphoric-victory-siegesrausch-1918.jpg,2946,0.8836,18.127,7.2,6.303,97.349,6.344,167.689,152.127,125.884,63.526,2.936,16.033,0.1404,0.3166,0.6905,52.334,49.657,46.361,18.127,12.803,19.162,0.1537,0.1904,0.1781,23.746,1.778,-0.008683,-0.001918,8.083,0.4929,0.4986,0.4874,-2.388,-1.936,-1.416,0.01602,1.483,2.526,0.8102,0.8295,0.0002944,95.105,4.448,4.502,0.0001386,1.943e-05,
C:\Users\sblee\Downloads\Aesthetics-Toolbox-main\split_2\artemis_lyonel-feininger_on-the-bridge-ober-weimar-1913.jpg,2848,1.061,25.019,7.687,8.678,104.858,6.783,144.846,148.643,125.402,59.686,-5.109,11.763,0.179,0.2118,0.5995,62.679,64.713,62.16,25.019,7.239,12.348,0.1676,0.1512,0.2536,22.497,2.32,0.004093,0.01085,8.672,0.4725,0.4308,0.4578,-3.076,-1.178,-1.291,0.006521,1.508,2.558,0.8368,0.8151,0.0001848,97.999,4.211,4.323,0.0001798,1.575e-05,
C:\Users\sblee\Downloads\Aesthetics-Toolbox-main\split_2\artemis_lyonel-feininger_the-green-bridge-ii-1916-1.jpg,3102,0.8035,21.865,7.602,9.037,112.168,6.888,124.675,122.922,106.583,50.827,-1.323,9.536,0.1785,0.2919,0.5383,53.264,58.94,49.961,21.865,14.114,10.118,0.1909,0.149,0.2156,44.814,8.648,-0.02388,0.03605,6.579,0.4573,0.4255,0.4093,-2.637,-1.247,-1.243,0.002455,1.555,2.555,0.8369,0.8429,0.0001995,94.47,4.316,4.379,0.0001533,1.773e-05,
C:\Users\sblee\Downloads\Aesthetics-Toolbox-main\split_2\artemis_lyonel-feininger_werther-i-1916.jpg,3240,1.344,15.293,7.129,6.81,76.244,5.14,182.148,116.801,102.269,55.686,24.148,18.778,0.02324,0.4807,0.7143,36.196,44.736,28.72,15.293,12.156,12.8,0.05294,0.1009,0.1419,34.129,5.637,0.02099,-0.01881,9.08,0.5435,0.5476,0.524,-2.513,-1.484,-1.051,0.02322,1.494,2.541,0.8185,0.8156,0.000244,97.752,4.2,4.429,0.0001639,1.379e-05,
C:\Users\sblee\Downloads\Aesthetics-Toolbox-main\split_2\artemis_lyubov-popova_sketch-for-portrait.jpg,3418,0.678,28.591,7.592,14.626,176.548,6.448,99.903,99.279,56.097,40.127,-5.131,22.762,0.2019,0.5346,0.4341,79.488,69.397,52.87,28.591,11.666,20.537,0.1226,0.2635,0.2961,26.986,11.106,-0.04381,0.03412,10.813,0.5009,0.4914,0.4786,-2.769,-1.53,-1.014,0.01142,1.576,2.565,0.7977,0.8447,0.0002581,98.621,4.275,4.418,0.0001348,1.471e-05,
C:\Users\sblee\Downloads\Aesthetics-Toolbox-main\split_2\artemis_m.-h.-maxy_flowers-1920.jpg,3457,0.666,34.887,7.661,4.944,158.193,7.066,120.749,124.366,130.558,50.607,2.301,-4.038,0.5076,0.394,0.5731,92.107,91.095,74.192,34.887,13.623,17.103,0.2539,0.2868,0.314,38.969,24.801,-0.02388,0.1217,10.774,0.5324,0.4838,0.4752,-2.758,-2.146,-2.122,0.02324,1.332,2.48,0.6917,0.835,0.0003702,92.554,4.409,4.494,0.0001662,1.96e-05,
C:\Users\sblee\Downloads\Aesthetics-Toolbox-main\split_2\artemis_m.c.-escher_chrysanthemum.jpg,3229,0.7482,19.263,6.072,4.866,102.588,3.601,210.326,212.575,212.764,84.425,-0.7314,-0.3043,0.5238,0.02406,0.8387,49.486,50.317,51.74,19.263,1.109,1.398,0.1528,0.03233,0.1976,2.503,13.044,-0.05789,-0.03005,23.219,0.4222,0.3564,0.3252,-2.193,-2.166,-1.843,0.002777,1.363,2.566,0.4896,0.8089,0.0007514,89.713,4.382,4.439,0.0004957,1.666e-05,
C:\Users\sblee\Downloads\Aesthetics-Toolbox-main\split_2\artemis_m.c.-escher_emblemata-retreat.jpg,3194,0.7627,37.85,7.043,18.371,281.378,4.848,88.616,90.441,88.756,35.409,-0.9345,0.6566,0.3033,0.1552,0.3578,93.314,94.403,94.794,37.85,1.431,1.645,0.2033,0.2003,0.3704,52.827,10.391,-0.002894,-0.05188,19.986,0.6438,0.5974,0.5739,-1.69,-2.034,-1.601,0.02827,1.585,2.73,0.7016,0.868,0.0008304,96.692,3.076,3.683,0.0001683,8.017e-06,
C:\Users\sblee\Downloads\Aesthetics-Toolbox-main\split_2\artemis_m.c.-escher_flower-1.jpg,3138,1.271,31.929,5.126,13.554,153.67,3.401,196.929,199.623,199.534,78.722,-0.9535,-0.2028,0.4885,0.03303,0.7865,81.583,82.51,83.61,31.929,1.001,1.265,0.1625,0.05529,0.3238,14.126,8.689,-0.03303,-0.02822,28.096,0.5202,0.4947,0.438,-2.289,-1.505,-0.8983,0.03342,1.611,2.808,0.4308,0.8048,0.0009196,87.762,4.477,4.353,0.0006266,3.575e-05,
C:\Users\sblee\Downloads\Aesthetics-Toolbox-main\split_2\artemis_m.c.-escher_not_detected_204653.jpg,3206,0.7577,33.215,6.805,10.972,222.257,4.092,71.518,72.949,70.868,28.499,-0.901,0.9155,0.2466,0.1413,0.288,80.395,81.459,82.014,33.215,1.126,1.512,0.1653,0.1572,0.3204,54.738,8.74,-0.02677,0.03454,11.176,0.6023,0.5456,0.5348,-2.325,-2.194,-1.892,0.008737,1.462,2.609,0.7398,0.8779,0.0005396,97.655,3.767,4.181,0.0001963,1.216e-05,
C:\Users\sblee\Downloads\Aesthetics-Toolbox-main\split_2\artemis_mabuse_portrait-of-a-man.jpg,3165,0.7751,19.35,6.989,6.469,61.93,6.296,73.737,44.459,50.995,21.384,14.573,1.059,0.9285,0.4796,0.2949,56.226,44.647,32.129,19.35,8.817,12.191,0.11,0.1932,0.2174,73.17,4.046,0.01664,-0.0115,15.492,0.514,0.5019,0.4625,-2.744,-1.512,-1.249,0.007263,1.505,2.528,0.8854,0.7694,0.0001345,83.718,4.557,4.444,0.0001074,1.275e-05,
C:\Users\sblee\Downloads\Aesthetics-Toolbox-main\split_2\artemis_maerten-van-heemskerck_calvary-1543.jpg,2986,0.8616,25.022,7.719,6.301,153.247,5.023,124.45,101.386,82.633,43.631,6.843,14.283,0.08204,0.3869,0.4886,64.443,62.211,60.18,25.022,7.496,9.353,0.04168,0.2146,0.2521,45.576,16.149,-0.0123,0.0798,7.403,0.6375,0.5125,0.4947,-2.683,-1.996,-1.712,0.01829,1.441,2.511,0.7363,0.8354,0.0005996,94.825,4.203,4.084,0.0001853,1.568e-05,
C:\Users\sblee\Downloads\Aesthetics-Toolbox-main\split_2\artemis_maerten-van-heemskerck_the-infanticide-in-bethlehem.jpg,3224,1.333,22.654,7.612,6.668,143.715,6.218,124.629,117.493,106.39,48.947,1.318,7.357,0.2033,0.2014,0.5033,58.537,57.112,58.558,22.654,6.398,11.007,0.2113,0.1846,0.2292,37.517,2.945,-0.002714,0.01447,11.27,0.6545,0.5412,0.5282,-2.57,-1.654,-1.367,0.0143,1.533,2.533,0.6615,0.8236,0.0006422,96.897,4.142,4.341,0.0002394,2.102e-05,
C:\Users\sblee\Downloads\Aesthetics-Toolbox-main\split_2\artemis_marc-chagall_a-couple-in-twilight-1980.jpg,3475,0.6603,13.311,6.385,8.1,85.201,5.819,210.704,214.421,205.365,85.068,-2.784,4.134,0.2864,0.07292,0.8491,37.012,35.777,39.936,13.311,3.741,6.426,0.1446,0.07235,0.1373,3.877,5.835,-0.02822,0.007406,14.139,0.5334,0.5632,0.5126,-2.044,-1.812,-1.099,0.008675,1.671,2.673,0.711,0.8348,0.0003081,94.243,4.459,4.52,0.0002173,1.575e-05,
C:\Users\sblee\Downloads\Aesthetics-Toolbox-main\split_2\artemis_marc-chagall_a-group-of-people.jpg,2854,0.9389,34.246,6.685,6.228,169.389,4.398,143.529,142.356,144.067,57.25,0.9858,-0.8225,0.7479,0.04961,0.5698,85.504,88.306,86.89,34.246,2.155,1.179,0.237,0.05768,0.3398,24.512,17.778,0.0398,0.07948,12.926,0.4763,0.421,0.3772,-2.964,-1.776,-1.513,0.002544,1.326,2.449,0.6689,0.8579,0.0004863,97.77,4.403,4.51,0.000289,1.821e-05,
C:\Users\sblee\Downloads\Aesthetics-Toolbox-main\split_2\artemis_marc-chagall_banquet-at-the-police-chief-s-house.jpg,3247,0.741,21.475,6.587,8.116,102.388,4.755,204.574,204.779,204.674,81.629,0.005941,0.03186,0.1789,0.02759,0.8104,53.585,56.283,55.293,21.475,1.914,1.207,0.4327,0.04893,0.2133,4.63,7.711,-0.01809,0.03405,20.126,0.5157,0.4717,0.4612,-2.481,-1.647,-1.007,0.01785,1.533,2.646,0.672,0.8724,0.0002478,88.4,4.566,4.534,0.0003037,1.474e-05,
C:\Users\sblee\Downloads\Aesthetics-Toolbox-main\split_2\artemis_marc-chagall_birth-1910.jpg,3201,1.316,22.308,7.467,14.802,89.94,6.639,95.629,75.602,66.628,33.141,7.722,8.171,0.001744,0.3858,0.3857,60.285,55.301,46.48,22.308,8.448,14.038,0.175,0.186,0.2265,64.876,8.864,-0.01622,-0.04124,10.328,0.4928,0.482,0.4637,-2.963,-0.8366,-1.057,0.009569,1.649,2.741,0.878,0.7643,0.0001617,93.974,3.747,4.08,0.0001471,1.782e-05,
C:\Users\sblee\Downloads\Aesthetics-Toolbox-main\split_2\artemis_marc-chagall_couple-and-basket-with-fruits.jpg,2923,0.8956,24.164,7.54,15.45,237.086,4.553,169.958,157.927,119.321,64.304,-1.58,21.732,0.1302,0.3148,0.6672,66.147,62.737,54.07,24.164,4.533,7.48,0.0267,0.1036,0.2585,19.602,5.581,-0.001086,0.02789,5.65,0.6473,0.6215,0.6107,-2.206,-1.68,-1.334,0.01156,1.686,2.792,0.8324,0.881,0.0001778,98.643,4.547,4.562,0.000137,6.048e-06,
C:\Users\sblee\Downloads\Aesthetics-Toolbox-main\split_2\artemis_marc-chagall_david-killed-a-lion-that-threatened-his-flock-i-samuel-xvii-34-36.jpg,3153,0.7804,13.207,7.096,8.171,64.4,3.338,139.347,113.868,84.416,49.387,5.684,19.926,0.09268,0.3821,0.5467,39.497,31.498,23.651,13.207,2.604,6.821,0.03512,0.1046,0.1545,18.396,9.073,0.0246,0.03811,6.966,0.5362,0.5505,0.5144,-2.216,-1.475,-0.8999,0.02038,1.692,2.696,0.8405,0.8486,0.000201,97.929,4.243,4.439,0.0001266,1.196e-05,
C:\Users\sblee\Downloads\Aesthetics-Toolbox-main\split_2\artemis_marc-chagall_esther-1960.jpg,3265,0.7339,18.325,7.255,5.372,72.233,4.314,162.129,152.014,136.669,62.755,1.171,9.358,0.09129,0.1628,0.6361,47.646,47.408,43.377,18.325,1.381,4.872,0.06064,0.07359,0.1868,29.662,6.505,0.005065,-0.03213,14.806,0.488,0.4765,0.4935,-2.34,-1.756,-1.239,0.005593,1.412,2.582,0.7073,0.8182,0.0004449,88.725,4.1,4.383,0.0002169,2.225e-05,
C:\Users\sblee\Downloads\Aesthetics-Toolbox-main\split_2\artemis_marc-chagall_for-vava-1955.jpg,3267,0.7322,20.456,6.722,6.28,80.655,5.655,69.967,67.819,61.239,27.844,0.002662,4.14,0.1368,0.184,0.2881,52.395,50.446,48.146,20.456,2.827,10.367,0.1651,0.1546,0.2092,74.981,5.323,0.02571,-0.006893,13.79,0.3918,0.443,0.3924,-2.5,-1.66,-1.211,0.007913,1.518,2.517,0.6502,0.8222,0.0002403,85.834,4.552,4.496,0.0001432,1.797e-05,
C:\Users\sblee\Downloads\Aesthetics-Toolbox-main\split_2\artemis_marc-chagall_king-david-1973.jpg,3373,0.6941,14.361,4.547,3.016,52.769,4.126,208.123,211.244,205.161,83.992,-2.076,2.686,0.2565,0.05475,0.8337,38.97,37.963,38.839,14.361,3.378,5.182,0.09561,0.08564,0.1374,5.202,5.272,0.005065,0.02587,19.574,0.5468,0.537,0.4812,-1.978,-2.078,-1.794,0.01409,1.357,2.565,0.3733,0.6267,0.001074,72.156,4.524,4.256,0.0007997,1.978e-05,
C:\Users\sblee\Downloads\Aesthetics-Toolbox-main\split_2\artemis_marc-chagall_lilies-of-the-valley-1916.jpg,3177,0.7699,22.029,7.736,8.197,120.238,6.733,99.269,100.382,76.9,41.118,-4.345,13.012,0.233,0.344,0.4269,62.959,52.757,45.506,22.029,10.627,13.034,0.1608,0.1791,0.2296,27.293,4.582,0.02098,-0.009192,10.912,0.532,0.4566,0.4369,-2.788,-1.641,-1.261,0.00695,1.523,2.56,0.8389,0.8463,0.0001795,97.976,4.366,4.499,0.0001519,1.601e-05,
C:\Users\sblee\Downloads\Aesthetics-Toolbox-main\split_2\artemis_marc-chagall_moses-receiving-the-tablets-of-law-1.jpg,2960,0.8758,19.396,7.343,8.726,115.041,4.616,153.122,125.355,67.712,53.502,4.604,32.757,0.0986,0.5247,0.6007,55.207,48.694,44.454,19.396,4.919,23.417,0.03437,0.2497,0.2164,19.229,5.82,0.005789,-0.02852,9.099,0.5105,0.4889,0.4826,-2.397,-1.604,-1.148,0.002578,1.54,2.592,0.8099,0.8443,0.000218,97.155,4.46,4.53,0.0001388,1.257e-05,
C:\Users\sblee\Downloads\Aesthetics-Toolbox-main\split_2\artemis_marc-chagall_the-exodus-from-egypt-1931.jpg,3054,1.21,7.37,5.738,5.708,58.648,3.397,235.47,208.852,176.229,85.152,4.433,19.664,0.09202,0.2549,0.9234,18.664,20.725,22.663,7.37,2.215,3.165,0.0107,0.05422,0.07319,1.642,8.623,-0.01256,-0.04124,6.442,0.5703,0.4251,0.4119,-1.36,-1.801,-1.215,0.02704,1.743,2.634,0.6389,0.8502,0.0002123,93.691,4.557,4.57,0.0001642,9.571e-06,
C:\Users\sblee\Downloads\Aesthetics-Toolbox-main\split_2\artemis_marc-chagall_the-message-of-ulysse.jpg,3560,1.576,22.975,7.76,13.895,181.482,5.689,164.324,131.649,124.03,57.232,11.99,9.569,0.03037,0.3033,0.6463,55.137,61.39,60.556,22.975,8.798,7.702,0.06748,0.1979,0.2151,18.095,12.212,0.01102,0.06006,20.134,0.6745,0.6608,0.6453,-1.605,-2.028,-1.614,0.02067,1.679,2.74,0.9015,0.8852,0.0001569,96.735,4.515,4.562,0.0001046,5.574e-06,
C:\Users\sblee\Downloads\Aesthetics-Toolbox-main\split_2\artemis_marc-chagall_the-noah-s-sacrifice-1932.jpg,3093,0.8077,19.525,7.412,5.674,82.811,5.395,148.928,146.122,122.089,59.653,-2.986,13.198,0.1756,0.2016,0.5922,52.9,50.358,50.922,19.525,2.912,9.193,0.07479,0.1367,0.2018,28.157,17.388,-0.01809,-0.08504,17.063,0.5268,0.4947,0.4556,-2.569,-1.662,-1.193,0.007441,1.439,2.581,0.7675,0.8462,0.0002271,93.701,4.348,4.455,0.0001588,1.255e-05,
C:\Users\sblee\Downloads\Aesthetics-Toolbox-main\split_2\artemis_marc-chagall_the-sacrifice-of-isaac-4.jpg,2794,0.9788,13.638,6.08,9.638,82.808,3.51,205.272,206.267,194.472,82.223,-2.435,5.796,0.1989,0.06571,0.8102,35.3,35.669,37.064,13.638,1.014,2.436,0.07862,0.0469,0.1389,1.232,5.224,-0.0152,-0.02125,5.972,0.481,0.4647,0.4415,-1.695,-1.507,-0.8456,0.002858,1.684,2.582,0.6556,0.8592,0.000562,94.812,4.552,4.553,0.0002773,2.364e-05,
C:\Users\sblee\Downloads\Aesthetics-Toolbox-main\split_2\artemis_marc-chagall_the-sacrifice-of-isaac-5.jpg,3033,0.8371,14.016,7.049,7.406,86.212,6.577,143.541,139.065,119.957,57.653,-1.096,11.272,0.2056,0.2254,0.5886,35.084,38.744,43.934,14.016,8.202,9.152,0.1391,0.1608,0.1335,59.865,1.593,-0.007959,0.0003028,6.234,0.598,0.5929,0.5838,-2.471,-1.485,-1.039,0.01106,1.643,2.675,0.8366,0.8112,0.0002691,99.515,3.933,4.084,0.0001211,1.656e-05,
C:\Users\sblee\Downloads\Aesthetics-Toolbox-main\split_2\artemis_marevna-(marie-vorobieff)_portrait-of-diego-rivera-1960.jpg,3184,0.7669,23.87,7.745,5.785,100.697,5.956,102.313,107.868,114.052,44.151,-0.4449,-4.403,0.5498,0.1805,0.4547,60.783,57.976,55.227,23.87,2.167,6.328,0.1988,0.1668,0.2202,24.732,10.972,-0.04559,0.03052,9.02,0.5185,0.4725,0.4424,-2.754,-1.795,-1.386,0.001794,1.412,2.491,0.8252,0.8041,0.0002389,97.419,4.432,4.35,0.0001637,1.397e-05,
C:\Users\sblee\Downloads\Aesthetics-Toolbox-main\split_2\artemis_maria-primachenko_lion-1947.jpg,3389,1.452,28.346,7.332,4.653,117.473,5.841,164.352,123.047,101.717,54.9,14.198,19.487,0.06051,0.41,0.6473,71.767,78.41,75.218,28.346,19.547,17.911,0.08716,0.278,0.2787,45.365,8.531,0.0416,0.009407,16.319,0.4927,0.3894,0.3492,-2.813,-1.883,-1.624,0.004774,1.252,2.518,0.7408,0.7913,0.0004263,94.387,4.118,4.314,0.0002046,2.506e-05,
C:\Users\sblee\Downloads\Aesthetics-Toolbox-main\split_2\artemis_maria-primachenko_two-headed-chicken-1977.jpg,3255,1.355,18.96,6.865,6.153,90.123,5.565,140.521,138.244,137.25,59.899,13.807,-0.2657,0.6519,0.6995,0.8361,94.576,51.615,67.354,18.96,15.524,56.314,0.3208,0.1668,0.1326,36.226,1.753,-0.008275,0.002894,11.598,0.4824,0.5231,0.4906,-2.375,-1.679,-1.434,0.01015,1.483,2.54,0.7946,0.8249,0.0003659,93.389,4.404,4.402,0.0002882,2.262e-05,
C:\Users\sblee\Downloads\Aesthetics-Toolbox-main\split_2\artemis_marianne-north_in-the-old-palace-kandy-ceylon-sri-lanka-1880.jpg,3300,1.388,15.322,7.227,6.265,81.267,5.97,123.796,145.018,159.9,58.771,-3.531,-10.0277,0.5616,0.2572,0.6401,37.281,40.43,47.094,15.322,5.94,10.03,0.131,0.1181,0.1744,13.723,12.132,-0.02398,-0.05572,10.771,0.5404,0.5425,0.513,-2.383,-1.492,-1.218,0.002042,1.515,2.582,0.7939,0.8271,0.0002587,90.159,4.303,4.476,0.0001755,1.425e-05,
C:\Users\sblee\Downloads\Aesthetics-Toolbox-main\split_2\artemis_marie-bracquemond_under-the-lamp-1887.jpg,3663,1.651,23.824,7.76,9.5,133.054,5.281,141.948,90.136,51.001,42.69,17.718,30.719,0.0694,0.6889,0.557,61.141,61.437,45.595,23.824,12.864,13.489,0.04048,0.1942,0.2401,25.441,8.809,0.01337,-0.04197,13.744,0.548,0.5576,0.5416,-2.282,-1.569,-1.419,0.006986,1.596,2.653,0.8223,0.8448,0.0003373,98.686,4.363,4.491,0.0001145,1.236e-05,
C:\Users\sblee\Downloads\Aesthetics-Toolbox-main\split_2\artemis_marie-bracquemond_woman-with-an-umbrella-1880.jpg,3344,0.7044,13.92,5.946,2.494,38.214,5.111,204.107,200.369,195.801,80.728,0.7309,2.984,0.2497,0.06791,0.81,33.16,39.489,42.074,13.92,6.283,4.464,0.1695,0.1033,0.1241,14.136,10.438,0.05137,-0.009174,16.288,0.4108,0.5019,0.3759,-2.63,-1.674,-1.149,0.007436,1.116,2.531,0.4529,0.6422,0.0003508,80.547,4.524,4.432,0.0006193,1.659e-05,
C:\Users\sblee\Downloads\Aesthetics-Toolbox-main\split_2\artemis_marie-laurencin_portrait-of-mademoiselle-chanel-1923.jpg,3133,0.7893,15.081,7.236,3.232,53.855,6.363,130.3,141.115,139.15,57.481,-4.213,-0.141,0.3882,0.1412,0.5731,46.002,37.529,40.488,15.081,6.176,7.03,0.2111,0.1099,0.1542,25.452,4.776,-0.02388,0.0002856,9.002,0.4478,0.442,0.4056,-2.84,-1.852,-1.529,0.01918,1.328,2.424,0.8588,0.7721,0.0002558,97.653,4.444,4.343,0.0001951,1.562e-05,
C:\Users\sblee\Downloads\Aesthetics-Toolbox-main\split_2\artemis_mario-schifano_pesci-1982.jpg,3027,0.8401,31.556,7.371,8.706,178.192,6.142,125.071,131.909,111.898,52.275,-6.381,10.058,0.2432,0.2188,0.5201,83.64,79.258,80.036,31.556,5.355,10.34,0.116,0.1725,0.3123,36.553,13.742,-0.04631,-0.05076,14.924,0.5485,0.5328,0.5442,-2.596,-2.025,-1.668,0.006996,1.421,2.545,0.7728,0.8607,0.0003362,96.418,4.37,4.418,0.0001692,8.784e-06,
C:\Users\sblee\Downloads\Aesthetics-Toolbox-main\split_2\artemis_mark-rothko_black-on-maroon-3.jpg,2963,0.8741,2.622,4.209,0.2064,5.02,2.508,44.963,37.307,38.834,15.781,3.935,0.4146,0.7868,0.1603,0.181,12.857,3.16,2.681,2.622,4.447,2.322,0.1751,0.1338,0.04686,57.518,4.209,-0.02098,-0.001581,4.745,0.6919,0.84,0.6886,-3.283,-1.471,-1.433,0.04078,0.9695,2.153,0.6954,0.7254,0.001234,86.958,3.583,3.182,0.0004343,6.356e-06,
C:\Users\sblee\Downloads\Aesthetics-Toolbox-main\split_2\artemis_mark-rothko_not_detected_242129.jpg,3169,0.7734,11.358,6.693,6.105,17.852,6.892,223.311,109.881,16.833,59.918,38.056,64.355,0.07344,0.9257,0.8757,13.998,49.0,8.051,11.358,19.642,8.543,0.03523,0.03388,0.05489,36.393,11.492,-0.008683,-0.0568,14.496,0.8402,0.474,0.4689,-2.517,-0.6084,-0.5603,0.08898,1.608,2.831,0.777,0.6979,0.0001829,93.322,3.871,3.239,0.001013,4.001e-06,
C:\Users\sblee\Downloads\Aesthetics-Toolbox-main\split_2\artemis_mark-tobey_komposition-schwarz-1972.jpg,3345,0.704,12.675,5.297,4.328,47.035,2.023,214.813,216.828,215.229,86.219,-0.9735,0.5701,0.3946,0.01522,0.851,33.059,33.476,34.192,12.675,0.8049,1.001,0.09124,0.01924,0.13,2.436,9.558,0.007959,-0.04712,19.94,0.576,0.6038,0.602,-1.595,-2.072,-1.591,0.0179,1.555,2.713,0.3629,0.2977,0.001092,72.584,4.45,4.272,0.0009384,1.661e-05,
C:\Users\sblee\Downloads\Aesthetics-Toolbox-main\split_2\artemis_mark-tobey_louvre-1961.jpg,3229,0.7482,21.352,7.418,6.842,92.052,4.89,136.923,122.879,92.628,51.461,1.366,19.241,0.1377,0.3919,0.5387,51.229,56.506,67.268,21.352,5.199,10.178,0.07262,0.2262,0.2037,75.722,3.022,-0.007236,0.01326,10.687,0.6588,0.6046,0.5995,-2.4,-1.78,-1.409,0.01099,1.519,2.713,0.8172,0.8392,0.0002736,86.889,4.055,4.201,0.0001444,1.024e-05,
C:\Users\sblee\Downloads\Aesthetics-Toolbox-main\split_2\artemis_mark-tobey_sentinels-of-the-field-1958.jpg,3219,0.7523,12.87,7.139,14.843,112.622,3.905,138.354,129.28,60.271,53.263,-5.889,37.747,0.1487,0.5822,0.5438,34.649,32.649,26.41,12.87,3.223,7.146,0.01412,0.1271,0.135,17.413,1.637,-0.002171,0.007893,7.141,0.7685,0.7595,0.7594,-0.8506,-1.835,-1.29,0.02317,1.836,2.84,0.9288,0.9183,0.0001642,99.861,4.525,4.575,7.212e-05,2.809e-06,
C:\Users\sblee\Downloads\Aesthetics-Toolbox-main\split_2\artemis_mark-tobey_untitled-4.jpg,3163,0.776,23.246,7.647,22.896,157.554,5.47,103.825,95.892,94.607,40.329,3.054,1.935,0.01039,0.1814,0.4111,56.082,57.617,56.008,23.246,2.287,3.626,0.1233,0.1786,0.22,33.158,1.5,0.005789,-0.004773,10.83,0.5824,0.5967,0.58,-2.26,-0.8877,-1.101,0.01793,1.848,2.803,0.9007,0.8744,7.019e-05,98.189,4.306,4.455,0.0001826,8.901e-06,
C:\Users\sblee\Downloads\Aesthetics-Toolbox-main\split_2\artemis_mark-tobey_untitled.jpg,3374,1.441,20.177,7.574,21.97,152.096,6.424,92.989,107.268,93.617,43.054,-8.093,5.886,0.353,0.23,0.4225,52.737,50.419,49.422,20.177,3.958,7.788,0.1118,0.1423,0.1981,45.447,0.7838,0.001506,0.003618,10.53,0.6989,0.6913,0.6866,-1.17,-2.142,-1.261,0.001489,1.85,2.846,0.9154,0.8959,0.0001343,99.027,4.565,4.57,8.752e-05,4.26e-06,
C:\Users\sblee\Downloads\Aesthetics-Toolbox-main\split_2\artemis_marsden-hartley_mont-sainte-victoire-1927.jpg,3086,1.233,24.963,7.606,7.639,89.339,7.301,141.363,132.329,139.325,55.625,6.596,-2.9,0.9552,0.323,0.6323,77.344,63.255,49.93,24.963,10.831,17.83,0.3279,0.2127,0.2269,25.098,23.51,0.008803,-0.1172,7.497,0.5282,0.4527,0.4244,-2.768,-1.342,-1.138,0.00572,1.45,2.575,0.6784,0.8291,0.0002278,91.198,4.425,4.468,0.0001364,1.361e-05,
C:\Users\sblee\Downloads\Aesthetics-Toolbox-main\split_2\artemis_martin-schongauer_christ-before-pilate.jpg,3330,0.7094,33.619,7.618,19.245,266.427,4.615,132.804,134.607,132.385,53.892,-1.07,0.9958,0.3039,0.07923,0.5303,82.759,83.629,84.291,33.619,1.308,1.628,0.1765,0.1299,0.3277,20.696,1.998,-0.002171,-0.009754,10.5,0.609,0.6135,0.6029,-2.327,-1.894,-1.18,0.004343,1.652,2.764,0.8101,0.8795,0.0002801,98.585,4.466,4.535,0.0001556,9.612e-06,
C:\Users\sblee\Downloads\Aesthetics-Toolbox-main\split_2\artemis_martiros-saryan_apricot-tree-in-blossom-1942.jpg,3281,1.374,18.465,7.376,10.581,99.266,6.308,172.369,166.977,156.56,68.173,0.3977,6.192,0.1629,0.12,0.6845,46.004,49.017,48.887,18.465,4.084,7.256,0.1819,0.1126,0.1807,10.919,9.038,0.03133,-0.03256,10.76,0.5095,0.4394,0.417,-2.326,-1.549,-1.072,0.008733,1.666,2.639,0.8146,0.8326,0.0002391,94.297,4.517,4.507,0.0001349,1.75e-05,
C:\Users\sblee\Downloads\Aesthetics-Toolbox-main\split_2\artemis_martiros-saryan_armenian-village-1929.jpg,3294,0.7228,31.186,7.434,28.389,223.493,4.909,149.45,149.015,143.207,59.88,-0.8543,3.23,0.1688,0.1008,0.5907,77.149,78.805,78.871,31.186,1.735,1.791,0.08581,0.1377,0.3047,16.39,7.978,0.007236,-0.03923,13.41,0.6247,0.581,0.5615,-1.764,-1.73,-0.955,0.01059,1.74,2.894,0.7199,0.8772,0.0004451,99.132,4.368,4.527,0.0001373,6.708e-06,
C:\Users\sblee\Downloads\Aesthetics-Toolbox-main\split_2\artemis_martiros-saryan_autumn-still-life-1961.jpg,3098,1.242,20.263,7.642,5.45,126.466,7.0,117.262,108.791,99.84,46.175,3.461,6.727,0.1276,0.3339,0.5201,51.581,52.169,54.324,20.263,11.51,20.295,0.2785,0.1719,0.2191,22.051,7.657,0.02506,0.02894,11.709,0.5218,0.4415,0.446,-2.698,-1.773,-1.457,0.003823,1.419,2.482,0.7528,0.8608,0.0003189,98.216,4.528,4.547,0.0001728,1.371e-05,
C:\Users\sblee\Downloads\Aesthetics-Toolbox-main\split_2\artemis_martiros-saryan_fellah-village-1911-3.jpg,3237,1.342,17.985,7.49,5.067,88.081,7.173,118.057,134.014,90.71,54.867,-7.048,21.778,0.2604,0.6196,0.6283,74.95,49.335,44.584,17.985,22.051,30.807,0.2438,0.168,0.196,35.553,4.347,0.00566,-0.02098,10.311,0.4825,0.433,0.4231,-2.586,-1.753,-1.43,0.002874,1.372,2.471,0.7944,0.7901,0.0003066,97.018,4.362,4.463,0.0002004,2.117e-05,
C:\Users\sblee\Downloads\Aesthetics-Toolbox-main\split_2\artemis_martiros-saryan_flowers-1960.jpg,3077,1.226,20.618,7.471,9.84,118.083,6.915,96.595,79.304,75.461,34.645,7.015,4.706,0.9351,0.2908,0.3948,58.321,49.588,39.441,20.618,9.681,12.352,0.2273,0.1466,0.219,50.005,19.136,0.005605,0.09551,14.99,0.5978,0.5072,0.4863,-2.423,-1.532,-1.167,0.004499,1.64,2.567,0.7488,0.8609,0.0001337,93.195,4.516,4.545,0.0001014,1.126e-05,
C:\Users\sblee\Downloads\Aesthetics-Toolbox-main\split_2\artemis_martiros-saryan_heat-running-dog-1909.jpg,3158,1.287,21.747,7.506,6.214,84.355,6.08,120.86,128.217,110.784,52.463,-1.584,7.927,0.2182,0.4652,0.5961,69.189,54.804,45.206,21.747,7.783,31.19,0.26,0.1762,0.2204,15.735,2.361,0.003658,-0.01122,8.447,0.4264,0.4084,0.3513,-2.737,-1.586,-1.275,0.006959,1.477,2.505,0.8233,0.7556,0.000298,95.02,4.358,4.281,0.0001768,2.412e-05,
C:\Users\sblee\Downloads\Aesthetics-Toolbox-main\split_2\artemis_martiros-saryan_illustration-to-armenian-folk-tales-1937-10.jpg,3356,0.7001,21.06,7.41,6.213,115.555,3.682,157.021,157.796,157.315,64.2,-0.3528,0.1744,0.189,0.01985,0.6216,52.596,53.389,53.563,21.06,0.8801,1.234,0.2758,0.02855,0.2084,4.603,13.845,-0.05499,-0.04205,17.088,0.4902,0.4241,0.4362,-2.512,-1.858,-1.512,0.006486,1.489,2.59,0.794,0.8306,0.0003209,93.259,3.996,4.364,0.0001936,1.156e-05,
C:\Users\sblee\Downloads\Aesthetics-Toolbox-main\split_2\artemis_martiros-saryan_illustration-to-armenian-folk-tales-1937-7.jpg,3333,0.7084,21.125,7.545,7.728,116.448,6.284,168.829,162.496,157.878,66.691,2.168,3.533,0.1088,0.1723,0.692,54.097,56.322,54.809,21.125,7.399,10.04,0.1873,0.1589,0.1956,11.149,15.172,-0.06585,-0.03767,17.663,0.4853,0.4871,0.4389,-2.269,-1.85,-1.281,0.006233,1.552,2.619,0.7221,0.8315,0.0003058,91.77,4.512,4.488,0.0001661,1.913e-05,
C:\Users\sblee\Downloads\Aesthetics-Toolbox-main\split_2\artemis_martiros-saryan_in-the-grove-in-sambek-1909.jpg,3188,1.307,24.511,7.37,9.801,109.889,6.252,94.555,86.909,69.342,36.094,0.5612,10.457,0.2493,0.2579,0.3912,71.691,58.358,39.58,24.511,8.19,16.54,0.2443,0.1811,0.2755,47.236,13.471,0.0515,-0.04342,13.499,0.4375,0.4678,0.4207,-2.544,-1.536,-1.109,0.00978,1.514,2.586,0.7779,0.8455,0.0002149,95.708,4.485,4.513,0.0001182,1.553e-05,
C:\Users\sblee\Downloads\Aesthetics-Toolbox-main\split_2\artemis_martiros-saryan_irises-1903.jpg,3243,1.347,20.741,7.435,7.511,66.634,5.827,107.574,94.41,78.415,40.034,2.979,10.683,0.05895,0.2613,0.4236,52.798,52.021,38.428,20.741,4.597,10.003,0.09239,0.1243,0.2078,49.169,6.088,-0.03036,0.002171,11.521,0.4843,0.4889,0.4669,-2.626,-1.429,-0.9822,0.03027,1.53,2.595,0.8567,0.8073,0.00011,93.666,4.474,4.455,0.0001279,1.444e-05,
C:\Users\sblee\Downloads\Aesthetics-Toolbox-main\split_2\artemis_martiros-saryan_orange-rocks-1958.jpg,2785,1.015,14.502,7.036,10.193,71.263,6.198,148.621,143.375,133.159,60.094,3.604,6.454,0.1543,0.401,0.6927,41.419,39.669,65.523,14.502,9.597,28.964,0.3639,0.2151,0.1617,17.844,1.354,0.006771,0.0,3.559,0.564,0.452,0.4478,-2.494,-1.241,-0.8807,0.0594,1.646,2.577,0.8483,0.8087,0.0001892,90.851,4.516,4.499,0.0001677,1.731e-05,
C:\Users\sblee\Downloads\Aesthetics-Toolbox-main\split_2\artemis_martiros-saryan_portrait-of-composer-aram-khachaturian-1944.jpg,3288,0.7251,19.931,6.94,5.644,69.292,6.116,71.628,62.309,56.101,26.329,3.17,4.872,0.2907,0.2518,0.2991,60.167,45.726,34.917,19.931,7.837,12.199,0.332,0.1719,0.2281,72.31,14.708,-0.03111,0.06663,9.666,0.46,0.3746,0.3496,-2.566,-1.609,-1.17,0.00561,1.455,2.48,0.7114,0.8112,0.000187,89.85,4.537,4.478,0.0001163,1.822e-05,
C:\Users\sblee\Downloads\Aesthetics-Toolbox-main\split_2\artemis_martiros-saryan_portrait-of-victoria-alabyan-1931.jpg,3193,1.312,26.575,7.795,9.408,117.287,6.555,123.406,105.51,96.911,44.919,6.13,7.511,0.06572,0.2484,0.4936,72.622,65.069,62.104,26.575,9.392,11.881,0.1927,0.1929,0.2777,32.62,7.454,-0.01435,-0.0344,10.297,0.454,0.4512,0.4124,-2.535,-1.561,-1.097,0.006834,1.52,2.56,0.792,0.8317,0.0002909,97.427,4.412,4.463,0.0001538,2.02e-05,
C:\Users\sblee\Downloads\Aesthetics-Toolbox-main\split_2\artemis_martiros-saryan_trees-in-blossom-1910.jpg,3620,1.619,20.251,7.348,6.646,120.697,7.131,96.143,85.098,78.007,36.625,4.42,6.096,0.0855,0.3416,0.4134,54.075,51.638,44.556,20.251,10.774,13.916,0.2659,0.1754,0.2014,56.661,11.399,-0.05451,0.01664,17.45,0.4905,0.5268,0.4609,-2.677,-1.861,-1.334,0.008348,1.48,2.51,0.733,0.8571,0.0002426,95.277,4.313,4.472,0.0001098,1.145e-05,
C:\Users\sblee\Downloads\Aesthetics-Toolbox-main\split_2\artemis_martiros-saryan_wildflowers-1916.jpg,3468,0.6625,16.226,7.231,8.378,119.489,6.367,138.493,105.927,90.99,47.864,12.395,13.823,0.06798,0.4277,0.5829,57.208,39.858,37.236,16.226,15.13,21.204,0.2012,0.1943,0.1946,13.784,7.919,0.01302,0.03739,10.299,0.6043,0.5425,0.5455,-2.106,-1.989,-1.382,0.01126,1.659,2.605,0.7992,0.8307,0.0002125,98.973,4.531,4.501,0.0001368,1.417e-05,
C:\Users\sblee\Downloads\Aesthetics-Toolbox-main\split_2\artemis_mary-cassatt_leontine-in-a-pink-fluffy-hat-1898.jpg,3310,0.7168,15.157,7.006,14.774,56.73,3.805,203.161,168.475,129.502,71.023,7.946,25.146,0.08698,0.3893,0.7967,35.693,41.7,51.605,15.157,5.236,10.844,0.01426,0.2,0.14,7.256,11.019,-0.05355,-0.01297,16.939,0.6012,0.5766,0.5526,-1.957,-0.9191,-0.5838,0.03129,1.838,2.785,0.8348,0.8305,9.596e-05,86.912,4.527,4.498,0.0001106,1.048e-05,
C:\Users\sblee\Downloads\Aesthetics-Toolbox-main\split_2\artemis_mary-cassatt_mother-and-child-1890.jpg,3093,0.8077,24.842,7.381,3.731,73.57,5.673,134.7,118.573,88.403,49.526,1.397,18.469,0.1537,0.3763,0.5421,75.193,57.257,45.389,24.842,7.959,10.987,0.12,0.1064,0.2779,13.522,19.511,-0.03546,0.09088,9.096,0.4536,0.4294,0.417,-2.888,-1.64,-1.402,0.001073,1.282,2.453,0.6967,0.8125,0.0003038,87.32,4.442,4.468,0.0001639,1.444e-05,
C:\Users\sblee\Downloads\Aesthetics-Toolbox-main\split_2\artemis_mary-cassatt_mrs-robert-s-cassatt-katherine-kelson-johnston-cassatt-1889.jpg,3333,0.7084,25.554,7.436,4.098,79.497,5.152,114.856,94.639,78.867,40.322,5.997,11.589,0.04986,0.3528,0.4504,63.801,62.026,48.574,25.554,4.15,8.658,0.05925,0.09956,0.2502,24.946,12.615,0.04486,0.04434,15.423,0.3686,0.3745,0.3844,-2.796,-1.95,-1.666,0.007102,1.404,2.422,0.7177,0.8125,0.0003393,97.53,4.279,4.355,0.0001784,1.787e-05,
C:\Users\sblee\Downloads\Aesthetics-Toolbox-main\split_2\artemis_mary-cassatt_susan-comforting-the-baby-no-1.jpg,3257,1.357,21.388,7.66,13.311,82.958,5.491,139.618,111.295,90.193,48.46,8.472,16.322,0.07017,0.4017,0.5485,55.619,53.378,52.088,21.388,8.301,8.377,0.05464,0.1819,0.2177,17.847,14.473,0.0008,-0.07236,8.221,0.5045,0.4539,0.4508,-2.414,-1.12,-0.8181,0.02993,1.634,2.613,0.8184,0.8187,0.0001388,96.603,4.451,4.479,0.0001198,1.387e-05,
C:\Users\sblee\Downloads\Aesthetics-Toolbox-main\split_2\artemis_mary-cassatt_woman-standing-holding-a-fan-1879.jpg,3957,0.5367,19.181,7.434,5.871,75.604,5.598,203.067,151.999,107.696,66.63,14.713,30.763,0.0728,0.4822,0.8028,53.1,54.188,50.101,19.181,13.267,18.194,0.09786,0.1918,0.1923,21.069,7.683,-0.0369,-0.01068,22.415,0.5002,0.4952,0.4616,-2.799,-1.291,-1.123,0.001994,1.639,2.613,0.8384,0.7875,0.0001511,97.063,4.442,4.407,0.0001692,1.543e-05,
C:\Users\sblee\Downloads\Aesthetics-Toolbox-main\split_2\artemis_mary-fedden_chinese-teapot-1989.jpg,3433,0.6738,16.982,6.808,2.506,58.847,6.07,174.929,116.329,124.793,55.695,24.515,6.311,0.9538,0.3588,0.6902,46.182,49.219,52.757,16.982,19.564,15.738,0.1283,0.2571,0.1809,42.376,5.383,-0.02243,-0.01487,15.597,0.414,0.3732,0.3771,-2.698,-2.049,-1.787,0.00392,1.347,2.372,0.7732,0.7169,0.0003257,96.832,4.452,4.396,0.0002629,2.826e-05,
C:\Users\sblee\Downloads\Aesthetics-Toolbox-main\split_2\artemis_mary-fedden_still-life-with-pears-and-onions-1992.jpg,3048,1.205,33.255,7.273,4.031,119.857,5.327,124.657,121.22,106.77,49.02,-0.7858,8.538,0.208,0.2134,0.5015,83.32,82.619,84.833,33.255,10.697,12.609,0.09979,0.2346,0.3247,28.261,18.935,0.03421,0.08828,14.377,0.3665,0.3784,0.3422,-2.927,-2.066,-1.703,0.006934,1.174,2.309,0.6666,0.7631,0.0006742,97.408,4.071,4.203,0.0002532,3.073e-05,
C:\Users\sblee\Downloads\Aesthetics-Toolbox-main\split_2\artemis_matthias-stom_st-ambrose(1).jpg,3239,1.344,21.743,7.035,4.424,81.505,5.225,116.568,89.118,69.815,39.579,8.449,15.353,0.07908,0.3439,0.4574,67.435,53.328,40.447,21.743,12.815,13.129,0.04999,0.187,0.2647,57.787,9.005,-0.008885,-0.04414,12.248,0.397,0.3048,0.2877,-2.622,-1.931,-1.614,0.001716,1.367,2.533,0.697,0.7937,0.0003206,94.997,4.408,4.438,0.0001535,2.072e-05,
C:\Users\sblee\Downloads\Aesthetics-Toolbox-main\split_2\artemis_maurice-de-vlaminck_at-the-bar.jpg,3269,0.7324,32.262,7.501,7.85,116.57,5.617,126.284,86.78,66.49,39.289,14.112,18.232,0.04519,0.5324,0.4961,85.4,81.978,69.6,32.262,15.106,16.225,0.06258,0.2331,0.3358,49.07,16.759,-0.06512,-0.05273,22.839,0.4617,0.4863,0.4649,-2.269,-1.988,-1.599,0.01697,1.48,2.532,0.7416,0.8341,0.0002316,92.57,4.502,4.477,0.0001239,1.631e-05,
C:\Users\sblee\Downloads\Aesthetics-Toolbox-main\split_2\artemis_maurice-de-vlaminck_autumn-landscape-1905.jpg,3071,1.222,13.353,6.775,4.111,63.391,5.946,145.957,96.091,68.623,46.233,18.324,25.065,0.07359,0.5541,0.5891,35.519,41.331,46.929,13.353,17.334,17.476,0.1481,0.2604,0.1304,68.182,10.612,-0.005033,0.05282,11.015,0.5782,0.4854,0.4801,-2.533,-1.87,-1.491,0.002544,1.46,2.493,0.818,0.8122,0.0002865,81.365,4.295,4.48,0.000162,1.81e-05,
C:\Users\sblee\Downloads\Aesthetics-Toolbox-main\split_2\artemis_maurice-de-vlaminck_self-portrait.jpg,3083,0.8125,17.954,7.309,5.768,67.862,5.941,110.314,85.247,78.176,38.068,9.611,7.947,0.02422,0.3164,0.4338,47.345,44.825,32.822,17.954,7.551,8.291,0.07781,0.1268,0.1861,45.264,4.999,-0.0246,-0.004409,10.581,0.4671,0.4378,0.4237,-2.604,-1.785,-1.236,0.03136,1.415,2.519,0.8267,0.7941,0.0002405,94.403,4.371,4.36,0.0001426,2.088e-05,
C:\Users\sblee\Downloads\Aesthetics-Toolbox-main\split_2\artemis_maurice-de-vlaminck_the-bridge-at-nogent.jpg,2997,1.169,25.443,7.732,8.906,121.149,6.664,92.263,122.561,113.719,48.035,-10.7572,1.003,0.4577,0.4056,0.5135,66.591,65.077,53.902,25.443,8.477,16.627,0.1511,0.1794,0.2542,33.375,13.376,0.06656,-0.006512,8.908,0.4918,0.5173,0.4781,-2.94,-1.384,-1.247,0.007431,1.475,2.548,0.8402,0.819,0.0001736,95.964,4.278,4.433,0.0001633,1.582e-05,
C:\Users\sblee\Downloads\Aesthetics-Toolbox-main\split_2\artemis_maurice-denis_april-1892.jpg,3625,1.623,12.466,6.81,3.61,67.629,5.931,201.798,201.939,115.738,79.713,-10.9929,41.978,0.1868,0.4602,0.8362,39.481,35.818,48.468,12.466,11.96,23.794,0.08927,0.2113,0.1288,6.943,6.117,0.02831,-0.01158,16.274,0.4873,0.4415,0.422,-2.402,-1.845,-1.534,0.002215,1.509,2.456,0.7567,0.775,0.0002674,94.932,4.421,4.499,0.0001692,1.786e-05,
C:\Users\sblee\Downloads\Aesthetics-Toolbox-main\split_2\artemis_maurice-denis_maternite-anne-marie-et-marthe-a-la-bague-ovale.jpg,3051,1.208,21.31,7.471,9.459,67.36,5.873,112.718,82.945,58.607,37.212,9.504,19.268,0.08234,0.5296,0.4503,57.536,53.049,41.849,21.31,12.285,9.179,0.08346,0.1454,0.2243,35.512,4.442,0.01288,0.01809,13.327,0.4285,0.4035,0.427,-2.911,-1.111,-0.9838,0.0229,1.475,2.562,0.8697,0.7874,9.68e-05,97.065,4.468,4.423,0.0001592,1.877e-05,
C:\Users\sblee\Downloads\Aesthetics-Toolbox-main\split_2\artemis_maurice-denis_the-road-to-calvary.jpg,3137,0.7875,26.804,6.361,2.79,53.947,5.902,75.833,65.329,65.763,28.21,5.131,1.466,0.06201,0.5044,0.3227,68.259,64.992,65.787,26.804,7.823,12.654,0.2094,0.325,0.2877,26.214,31.82,0.07887,0.1382,22.255,0.2965,0.2979,0.273,-3.024,-1.804,-1.519,0.001094,1.395,2.394,0.5946,0.7639,0.0004524,96.618,4.393,4.378,0.0002813,2.683e-05,
C:\Users\sblee\Downloads\Aesthetics-Toolbox-main\split_2\artemis_maurice-prendergast_beach-no-3.jpg,3576,1.588,22.403,7.793,19.669,188.323,6.473,123.883,113.37,55.201,47.135,-2.882,32.135,0.1575,0.5896,0.5246,67.086,56.042,38.839,22.403,15.947,20.105,0.1053,0.213,0.2454,26.026,2.696,0.01276,0.004342,13.804,0.6221,0.6344,0.6089,-2.251,-1.443,-0.9381,0.007121,1.795,2.735,0.9105,0.8661,0.0001359,99.648,4.432,4.513,8.966e-05,6.428e-06,
C:\Users\sblee\Downloads\Aesthetics-Toolbox-main\split_2\artemis_maurice-prendergast_beach-scene-with-lighthouse-also-known-as-children-at-the-seashore.jpg,3440,1.489,17.536,7.452,16.027,129.414,6.356,120.802,121.934,86.057,49.933,-5.698,19.591,0.1925,0.4097,0.517,51.57,43.312,39.102,17.536,9.069,12.158,0.1271,0.1696,0.1816,20.38,2.611,0.004373,0.0123,10.904,0.61,0.5626,0.5486,-2.338,-1.23,-0.9156,0.006295,1.793,2.727,0.832,0.8505,0.000153,99.567,4.426,4.536,0.000104,9.435e-06,
C:\Users\sblee\Downloads\Aesthetics-Toolbox-main\split_2\artemis_maurice-prendergast_city-point-bridge.jpg,3094,0.8072,20.189,7.576,8.709,107.941,6.693,140.651,149.328,123.557,60.014,-7.144,12.342,0.2841,0.2861,0.6125,63.193,50.894,42.017,20.189,5.627,15.631,0.1775,0.1189,0.2109,32.816,8.961,0.009407,-0.04381,11.403,0.5233,0.4933,0.4894,-2.405,-1.311,-1.155,0.001417,1.593,2.61,0.7646,0.8414,0.0003161,95.523,4.363,4.496,0.0001267,1.404e-05,
C:\Users\sblee\Downloads\Aesthetics-Toolbox-main\split_2\artemis_maurice-prendergast_decorative-composition.jpg,3455,1.5,24.994,7.731,14.81,248.698,6.633,166.509,153.292,129.609,63.389,3.581,13.858,0.1167,0.3683,0.7001,67.854,66.594,68.686,24.994,10.466,25.696,0.1875,0.2569,0.2264,17.086,5.734,0.01954,-0.02098,10.565,0.6459,0.6309,0.6236,-2.121,-1.646,-1.236,0.00841,1.672,2.706,0.8748,0.887,0.000218,99.612,4.305,4.509,8.86e-05,8.249e-06,
C:\Users\sblee\Downloads\Aesthetics-Toolbox-main\split_2\artemis_maurice-prendergast_figures-on-the-beach.jpg,3350,0.7022,22.982,7.541,9.045,115.888,6.391,169.522,164.269,159.339,67.048,1.582,3.382,0.0914,0.154,0.691,59.255,60.554,60.014,22.982,5.444,10.264,0.2509,0.1409,0.2235,18.627,22.564,-0.01085,-0.1123,24.987,0.6043,0.3451,0.3383,-2.422,-1.482,-1.188,0.00161,1.554,2.634,0.7146,0.8471,0.0002108,91.463,4.407,4.497,0.000157,1.033e-05,
C:\Users\sblee\Downloads\Aesthetics-Toolbox-main\split_2\artemis_maurice-prendergast_quai-dinard.jpg,3458,1.502,19.149,7.476,15.929,161.758,6.24,153.882,131.818,106.622,56.173,5.701,17.031,0.09852,0.3618,0.6169,50.408,49.401,54.807,19.149,10.087,16.73,0.1348,0.2453,0.1955,12.349,5.933,-0.009152,-0.02822,10.911,0.6171,0.5545,0.5435,-1.852,-1.436,-1.092,0.004416,1.786,2.713,0.8728,0.8747,0.0001488,97.829,4.339,4.531,8.856e-05,1.02e-05,
C:\Users\sblee\Downloads\Aesthetics-Toolbox-main\split_2\artemis_maurice-prendergast_st-mark-s-lion-venice.jpg,3765,0.5799,20.41,7.668,17.847,141.746,6.652,92.472,98.561,99.187,40.455,-1.908,-1.028,0.4589,0.182,0.4142,50.572,49.825,51.908,20.41,3.41,8.237,0.2378,0.1036,0.2126,39.018,9.208,-0.002894,0.04595,12.459,0.5948,0.5976,0.5649,-2.221,-1.381,-1.008,0.003911,1.805,2.716,0.8973,0.858,0.0001075,97.696,4.467,4.534,0.000111,8.655e-06,
C:\Users\sblee\Downloads\Aesthetics-Toolbox-main\split_2\artemis_maurice-prendergast_summer-visitors-1896.jpg,3348,0.703,19.326,7.357,27.711,108.407,6.644,166.963,189.272,194.433,74.99,-4.957,-4.84,0.454,0.2492,0.8043,61.035,50.618,54.637,19.326,6.054,17.018,0.2067,0.2082,0.1911,11.721,14.503,0.03835,-0.06155,18.123,0.6441,0.4738,0.4667,-1.979,-0.9096,-0.7307,0.005075,1.895,2.887,0.8076,0.8485,7.567e-05,95.229,4.223,4.504,0.0001583,1.135e-05,
C:\Users\sblee\Downloads\Aesthetics-Toolbox-main\split_2\artemis_maurice-prendergast_the-breezy-common-1897.jpg,3371,0.6948,14.738,7.076,16.359,68.136,3.612,195.369,168.415,119.05,70.0,3.014,29.12,0.1083,0.3949,0.7662,41.731,39.521,33.144,14.738,4.497,6.504,0.0193,0.08928,0.1636,26.865,4.757,0.006512,0.02288,8.978,0.6512,0.5402,0.5155,-2.381,-0.8757,-0.3026,0.04057,1.865,2.815,0.822,0.7907,0.0001763,97.506,3.772,4.086,0.0001334,1.216e-05,
C:\Users\sblee\Downloads\Aesthetics-Toolbox-main\split_2\artemis_maurice-prendergast_the-picnic.jpg,3477,1.516,20.234,7.704,11.463,172.589,7.415,116.625,121.442,99.037,49.915,-3.537,11.952,0.2472,0.4199,0.546,59.909,51.06,59.459,20.234,12.856,22.775,0.227,0.2289,0.2154,29.643,7.605,0.01169,-0.03618,13.027,0.6234,0.6099,0.5983,-2.258,-1.693,-1.281,0.008137,1.65,2.585,0.9204,0.8762,0.0001543,98.542,4.542,4.553,8.742e-05,7.831e-06,
C:\Users\sblee\Downloads\Aesthetics-Toolbox-main\split_2\artemis_maurice-prendergast_venice-1.jpg,3356,1.428,22.142,7.802,15.75,200.621,7.107,139.174,130.117,114.974,54.474,2.758,9.745,0.1204,0.3631,0.5995,63.809,56.767,61.836,22.142,10.85,20.709,0.2259,0.2473,0.22,25.506,0.8833,-0.002533,-0.003618,11.128,0.6113,0.5899,0.5874,-1.823,-1.792,-1.243,0.009758,1.694,2.735,0.7889,0.8834,0.0002124,98.855,4.483,4.555,9.228e-05,8.623e-06,
C:\Users\sblee\Downloads\Aesthetics-Toolbox-main\split_2\artemis_maurice-quentin-de-la-tour_portrait-of-duval-de-l-epinoy-1745.jpg,3232,0.747,18.28,7.367,5.284,71.387,5.641,79.578,68.562,68.192,29.448,4.982,1.823,0.9561,0.2561,0.3289,48.304,42.559,39.657,18.28,3.4,8.583,0.1795,0.1262,0.1855,51.024,6.715,-0.008683,-0.03243,16.943,0.4204,0.3275,0.3467,-2.537,-1.76,-1.285,0.008227,1.511,2.526,0.6685,0.785,0.0002448,91.95,4.417,4.481,0.0001499,1.661e-05,
C:\Users\sblee\Downloads\Aesthetics-Toolbox-main\split_2\artemis_maurice-quentin-de-la-tour_portrait-of-louis-of-france.jpg,2965,0.873,29.664,6.542,2.38,56.504,5.156,108.03,93.97,84.193,39.672,4.067,7.206,0.04835,0.1966,0.4291,80.426,71.186,61.673,29.664,5.635,9.064,0.09304,0.1687,0.3179,27.142,7.962,-0.0398,0.0009476,14.82,0.5285,0.4722,0.4585,-2.922,-1.746,-1.6,0.003413,1.239,2.439,0.6865,0.7115,0.0005409,94.933,4.562,4.003,0.0002749,2.975e-05,
C:\Users\sblee\Downloads\Aesthetics-Toolbox-main\split_2\artemis_maurice-quentin-de-la-tour_study-of-a-young-man.jpg,3228,0.7486,23.372,7.6,2.991,54.599,5.133,104.611,86.501,75.18,37.085,5.614,8.838,0.03329,0.2679,0.4159,68.414,53.283,43.658,23.372,5.601,10.83,0.1587,0.1404,0.2632,35.958,22.95,0.01013,-0.1143,23.472,0.5083,0.4494,0.3948,-2.763,-1.682,-1.542,0.03017,1.275,2.475,0.7933,0.8103,0.0001917,91.986,4.529,4.46,0.0001615,1.292e-05,
C:\Users\sblee\Downloads\Aesthetics-Toolbox-main\split_2\artemis_maurice-utrillo_bernot-house.jpg,3412,1.469,26.811,7.795,7.1,152.906,4.681,148.669,126.28,98.374,53.11,5.126,18.624,0.09157,0.4232,0.5831,64.622,68.734,66.312,26.811,5.002,8.125,0.0288,0.222,0.2535,28.59,11.5,0.03202,-0.04776,14.702,0.5169,0.4654,0.4578,-2.48,-1.855,-1.649,0.008678,1.459,2.536,0.7824,0.8548,0.0003624,95.257,3.919,4.32,0.0001633,1.131e-05,
C:\Users\sblee\Downloads\Aesthetics-Toolbox-main\split_2\artemis_maurice-utrillo_mont-cenis-street-in-the-snow.jpg,3079,1.228,22.054,7.696,8.825,101.901,6.511,122.57,114.715,92.896,47.652,-0.1197,13.137,0.1359,0.2938,0.4925,54.719,55.504,48.928,22.054,7.172,9.925,0.1112,0.1739,0.2119,20.024,13.111,-0.04567,-0.04703,9.739,0.4769,0.4694,0.4693,-2.63,-1.459,-1.22,0.004574,1.62,2.593,0.8875,0.831,0.000163,97.976,4.118,4.359,0.000122,1.201e-05,
C:\Users\sblee\Downloads\Aesthetics-Toolbox-main\split_2\artemis_maurice-utrillo_moutier-street-and-square-de-la-mairie.jpg,3420,1.475,25.921,7.489,4.864,106.185,6.107,134.723,131.943,107.932,53.615,-2.675,13.87,0.1868,0.3047,0.5429,62.849,65.519,68.767,25.921,5.344,8.891,0.1072,0.2148,0.2487,22.262,11.108,-0.0211,-0.05137,14.48,0.5052,0.3879,0.3479,-2.749,-1.943,-1.763,0.003743,1.344,2.569,0.6924,0.8148,0.0003935,94.317,3.629,4.067,0.0001884,1.63e-05,
C:\Users\sblee\Downloads\Aesthetics-Toolbox-main\split_2\artemis_maurice-utrillo_norvins-street-near-montmartre.jpg,3210,0.756,20.47,7.203,7.809,111.381,6.267,168.06,161.47,145.601,65.926,-0.2163,9.096,0.1503,0.1628,0.6708,55.96,52.111,49.525,20.47,4.134,7.89,0.1443,0.09649,0.2133,11.135,6.369,0.03184,-0.000547,13.657,0.5322,0.4972,0.4936,-2.118,-1.979,-1.648,0.008883,1.513,2.646,0.7474,0.8545,0.0002321,91.092,4.345,4.463,0.0001361,1.106e-05,
C:\Users\sblee\Downloads\Aesthetics-Toolbox-main\split_2\artemis_maurice-utrillo_renoir-s-garden.jpg,3513,1.542,26.955,7.914,15.428,157.649,6.753,105.144,114.639,97.906,45.754,-6.567,8.002,0.2887,0.2514,0.4564,66.522,67.985,63.417,26.955,4.874,6.693,0.1269,0.1752,0.2648,42.328,19.503,0.04294,0.08755,22.226,0.593,0.5239,0.4967,-2.214,-1.334,-1.177,0.00196,1.718,2.721,0.8477,0.8677,0.0001272,93.444,4.199,4.443,0.0001124,8.374e-06,
C:\Users\sblee\Downloads\Aesthetics-Toolbox-main\split_2\artemis_maurice-utrillo_untitled.jpg,3054,1.21,22.52,7.594,7.783,150.488,6.971,115.85,128.369,111.053,51.814,-6.418,8.575,0.2973,0.3666,0.5479,60.851,57.52,72.387,22.52,9.99,18.852,0.1872,0.215,0.2403,38.645,1.582,-0.007775,0.001447,9.666,0.5802,0.4593,0.4272,-2.499,-1.855,-1.582,0.007532,1.448,2.61,0.7027,0.834,0.0002555,94.26,4.046,4.368,0.0001289,1.343e-05,
C:\Users\sblee\Downloads\Aesthetics-Toolbox-main\split_2\artemis_max-beckmann_not-detected-259756.jpg,2823,0.9591,28.746,7.693,10.909,122.993,6.132,118.103,100.472,85.445,42.303,4.816,10.572,0.06587,0.3064,0.4739,83.211,67.34,60.119,28.746,7.177,14.477,0.2168,0.1754,0.3169,33.63,20.381,0.0246,0.09889,14.404,0.4956,0.4366,0.4186,-2.721,-1.337,-1.129,0.0087,1.495,2.648,0.7963,0.8151,0.0002887,93.706,4.489,4.421,0.0001523,1.945e-05,
C:\Users\sblee\Downloads\Aesthetics-Toolbox-main\split_2\artemis_max-beckmann_perseus-1941.jpg,3420,1.475,28.569,7.735,9.019,215.265,6.35,113.136,100.152,83.79,41.732,3.097,11.238,0.09239,0.3569,0.4507,72.553,70.824,70.771,28.569,7.881,12.03,0.1085,0.242,0.2819,38.587,8.154,0.02797,0.02967,14.932,0.5887,0.6081,0.5782,-2.556,-2.191,-1.897,0.001909,1.47,2.538,0.8055,0.8568,0.0004174,98.563,3.778,4.204,0.0001629,1.138e-05,
C:\Users\sblee\Downloads\Aesthetics-Toolbox-main\split_2\artemis_max-beckmann_the-dream-1921.jpg,4395,0.4587,23.444,7.809,7.77,222.948,5.189,162.287,120.656,92.584,53.429,13.321,22.034,0.06337,0.4809,0.637,60.456,60.93,58.785,23.444,8.804,11.498,0.04534,0.2042,0.2366,26.876,3.75,0.0,-0.01875,20.88,0.6017,0.5869,0.5805,-2.409,-2.046,-1.86,0.01001,1.528,2.508,0.8508,0.8652,0.0002931,99.289,4.377,4.489,0.0001445,9.309e-06,
C:\Users\sblee\Downloads\Aesthetics-Toolbox-main\split_2\artemis_max-kurzweil_lady-in-yellow-1899.jpg,2790,0.9815,22.32,7.695,7.494,72.751,6.43,155.42,127.971,78.994,54.875,5.747,28.199,0.1149,0.4356,0.6315,77.981,52.355,52.295,22.32,15.209,29.653,0.1335,0.3203,0.2859,16.766,6.873,-0.004342,-0.03409,5.232,0.5689,0.3846,0.3779,-2.826,-1.171,-1.145,0.01332,1.539,2.615,0.7705,0.7602,0.0001634,92.893,4.427,4.297,0.0001619,2.4e-05,
C:\Users\sblee\Downloads\Aesthetics-Toolbox-main\split_2\artemis_max-liebermann_walther-nernst.jpg,3273,0.7308,24.833,7.286,5.378,64.655,3.685,151.453,142.845,111.852,58.278,-1.894,17.377,0.1371,0.2555,0.5944,67.519,63.925,51.277,24.833,1.488,7.21,0.02281,0.06872,0.2641,25.711,5.402,-0.02605,0.007139,15.155,0.5016,0.3886,0.3495,-2.963,-1.383,-1.225,0.01483,1.515,2.597,0.8625,0.7673,0.0002604,90.088,3.982,4.055,0.0002145,2.577e-05,
C:\Users\sblee\Downloads\Aesthetics-Toolbox-main\split_2\artemis_max-pechstein_girl-on-a-green-sofa-with-a-cat-1910.jpg,2846,0.944,13.745,7.071,4.388,75.651,5.71,88.933,81.201,61.231,34.574,-0.3137,12.81,0.1802,0.2834,0.364,47.675,30.224,21.866,13.745,10.693,10.408,0.08488,0.1665,0.1834,51.365,4.572,-0.0152,0.01708,4.45,0.4774,0.4334,0.421,-2.682,-1.843,-1.487,0.005167,1.426,2.509,0.8275,0.8047,0.0002515,96.408,4.547,4.462,0.0001279,1.651e-05,
C:\Users\sblee\Downloads\Aesthetics-Toolbox-main\split_2\artemis_max-pechstein_zwei-fischer-mit-netz-1923.jpg,3067,1.219,39.523,6.628,11.331,252.734,4.568,124.918,126.604,125.132,49.842,-0.9006,0.6565,0.3306,0.0769,0.4997,97.623,98.64,99.25,39.523,1.346,1.736,0.2132,0.106,0.3869,34.017,4.598,0.005045,0.02243,9.106,0.5626,0.5068,0.5101,-2.386,-2.173,-1.825,0.01013,1.415,2.663,0.6052,0.8315,0.000783,97.972,3.943,4.325,0.0002602,1.679e-05,
C:\Users\sblee\Downloads\Aesthetics-Toolbox-main\split_2\artemis_max-slevogt_bathing-house-havel.jpg,3028,1.191,19.092,7.409,9.184,125.766,6.649,146.088,135.555,121.273,56.547,2.1,9.166,0.07647,0.2432,0.588,49.987,47.56,49.013,19.092,4.96,12.87,0.1891,0.1939,0.1891,6.275,9.043,-0.02612,-0.0369,6.774,0.5394,0.5041,0.4638,-2.584,-1.649,-1.266,0.002747,1.655,2.558,0.8092,0.8363,0.000204,92.403,4.114,4.417,0.0001173,1.173e-05,
C:\Users\sblee\Downloads\Aesthetics-Toolbox-main\split_2\artemis_max-weber_family-reunion.jpg,3067,1.219,23.608,7.864,23.052,153.692,7.098,121.642,102.565,99.212,44.618,7.768,5.437,0.9875,0.2934,0.4945,59.646,61.193,57.795,23.608,12.188,12.63,0.2189,0.2373,0.2317,32.718,7.381,-0.03175,0.01881,7.91,0.4987,0.5475,0.5048,-2.294,-1.105,-1.119,0.001581,1.738,2.829,0.8515,0.8374,0.0001143,98.228,4.492,4.531,0.000135,1.569e-05,
C:\Users\sblee\Downloads\Aesthetics-Toolbox-main\split_2\artemis_maxim-vorobiev_view-from-the-terrace-of-the-elagin-palace-1823.jpg,3450,1.496,22.249,6.754,9.933,93.402,6.399,191.258,193.626,168.105,76.898,-4.582,12.781,0.2183,0.1926,0.7758,53.823,60.951,69.32,22.249,6.254,14.524,0.1523,0.1765,0.2223,19.693,22.849,0.03337,-0.1093,15.388,0.5387,0.4322,0.3861,-2.143,-1.633,-0.9141,0.03767,1.611,2.787,0.5849,0.811,0.0007952,95.542,3.825,4.207,0.0003342,2.561e-05,
C:\Users\sblee\Downloads\Aesthetics-Toolbox-main\split_2\artemis_maxim-vorobiev_view-from-window-1821.jpg,3289,1.38,17.002,7.383,7.675,90.687,5.456,170.654,160.002,116.157,65.451,-2.333,24.274,0.1514,0.3301,0.6757,45.13,45.535,46.684,17.002,6.009,13.285,0.06405,0.1826,0.1753,26.63,5.397,-0.01862,-0.01954,9.639,0.5125,0.54,0.4542,-2.365,-1.571,-1.066,0.04643,1.519,2.637,0.756,0.801,0.0006221,97.008,3.399,3.865,0.0001322,1.825e-05,
C:\Users\sblee\Downloads\Aesthetics-Toolbox-main\split_2\artemis_maxime-maufra_fishing-boats-on-the-shore.jpg,3136,1.269,19.74,7.614,14.756,114.008,7.308,125.389,126.913,111.71,52.243,-2.66,8.598,0.2236,0.2731,0.5415,54.694,50.05,51.641,19.74,11.316,10.913,0.2188,0.1739,0.1996,26.257,7.723,-0.03706,0.01085,11.185,0.5603,0.5134,0.5057,-2.319,-1.192,-0.8978,0.01133,1.759,2.707,0.8154,0.8518,0.0001573,97.969,4.1,4.389,8.644e-05,1.211e-05,
C:\Users\sblee\Downloads\Aesthetics-Toolbox-main\split_2\artemis_maxime-maufra_near-the-mill-1897.jpg,3046,1.204,22.345,7.49,11.487,90.81,5.793,169.483,148.581,125.014,62.147,4.944,15.511,0.07249,0.3106,0.6664,53.987,58.52,59.478,22.345,6.212,12.997,0.09626,0.2367,0.2111,9.305,5.218,0.01202,-0.02315,12.453,0.5492,0.4779,0.4974,-2.173,-1.412,-0.8899,0.01449,1.513,2.632,0.6969,0.8333,0.0001508,92.339,4.23,4.435,9.841e-05,1.141e-05,
C:\Users\sblee\Downloads\Aesthetics-Toolbox-main\split_2\artemis_maxime-maufra_the-red-rocks-at-belle-ile.jpg,3066,1.219,20.319,7.645,13.622,70.137,6.576,114.137,97.573,89.087,42.59,6.854,7.789,0.033,0.387,0.4884,60.032,50.326,52.773,20.319,12.416,18.688,0.295,0.2713,0.2075,46.029,20.078,-0.02316,0.09768,18.665,0.6016,0.4898,0.4805,-1.967,-1.25,-0.6851,0.03373,1.679,2.672,0.6881,0.8195,0.0001469,89.934,3.736,4.157,9.118e-05,1.349e-05,
C:\Users\sblee\Downloads\Aesthetics-Toolbox-main\split_2\artemis_medi-wechsler-dinu_spring-landscape-1951.jpg,3314,1.398,18.396,7.246,7.27,88.14,5.573,173.259,165.093,112.408,66.938,-5.313,28.504,0.1602,0.3911,0.7081,64.014,44.246,42.61,18.396,9.84,7.916,0.07078,0.09433,0.2165,20.762,9.469,-0.03054,-0.03618,12.649,0.5168,0.4784,0.4365,-2.658,-1.386,-1.124,0.003139,1.533,2.574,0.7545,0.8353,0.0001502,89.59,4.538,4.512,0.000196,1.314e-05,
C:\Users\sblee\Downloads\Aesthetics-Toolbox-main\split_2\artemis_menez_unknown-title.jpg,3079,1.228,18.108,6.892,5.905,97.646,6.494,202.162,200.532,189.605,80.317,-0.8719,6.004,0.2207,0.1272,0.8154,46.829,49.62,55.874,18.108,6.389,10.253,0.2103,0.1457,0.1698,9.232,19.156,-0.07219,-0.06295,12.979,0.5331,0.4862,0.476,-2.382,-1.748,-1.252,0.02491,1.462,2.57,0.7336,0.7925,0.000514,92.872,3.708,4.192,0.0001863,1.994e-05,
C:\Users\sblee\Downloads\Aesthetics-Toolbox-main\split_2\artemis_michelangelo_bearded-slave-1536.jpg,3944,0.5394,26.411,7.453,4.253,92.06,5.943,148.934,121.656,104.369,52.622,9.743,15.053,0.09722,0.3868,0.5913,54.563,74.35,74.423,26.411,13.099,9.815,0.09637,0.2707,0.2166,39.716,9.997,-0.04993,0.002342,19.546,0.373,0.5102,0.3648,-2.855,-1.839,-1.556,0.002646,1.308,2.458,0.7555,0.8014,0.0003568,92.838,3.94,4.15,0.0002223,2.483e-05,
C:\Users\sblee\Downloads\Aesthetics-Toolbox-main\split_2\artemis_michelangelo_study-for-christ-on-the-cross-with-mourners-1548.jpg,3018,0.8447,12.15,6.89,7.596,77.528,4.1,174.327,176.464,169.038,71.429,-2.135,3.536,0.2184,0.04384,0.6925,32.572,32.241,31.518,12.15,0.9851,1.355,0.05079,0.01596,0.1267,13.249,1.807,0.002894,-0.008557,8.044,0.6591,0.6235,0.5967,-2.319,-1.475,-1.06,0.01474,1.672,2.67,0.8536,0.8621,0.0001096,95.338,4.25,4.444,0.0001328,6.49e-06,
C:\Users\sblee\Downloads\Aesthetics-Toolbox-main\split_2\artemis_michelangelo_the-ancestors-of-christ-salmon-1509.jpg,2991,1.164,20.727,7.616,9.544,137.255,5.773,159.209,147.585,131.513,61.103,1.93,10.018,0.09663,0.1884,0.6293,55.255,53.946,49.899,20.727,4.42,9.333,0.1245,0.1335,0.212,22.756,5.033,-0.005283,-0.0246,5.197,0.5676,0.5106,0.4828,-2.387,-1.835,-1.308,0.01409,1.563,2.565,0.7554,0.8074,0.000506,97.878,4.306,4.194,0.0001506,1.696e-05,
C:\Users\sblee\Downloads\Aesthetics-Toolbox-main\split_2\artemis_michelangelo_the-virgin-and-child-with-saint-john-and-angels-manchester-madonna.jpg,3244,0.7422,28.601,7.705,12.462,148.173,6.385,172.463,155.95,135.909,64.309,3.676,13.612,0.144,0.2714,0.6848,71.818,75.714,81.89,28.601,11.719,13.18,0.1437,0.2391,0.2827,24.549,19.876,-0.07019,-0.07035,24.068,0.4398,0.5277,0.4224,-2.454,-1.653,-1.033,0.01092,1.571,2.652,0.7862,0.8323,0.0002149,96.027,4.369,4.474,0.0001479,1.569e-05,
C:\Users\sblee\Downloads\Aesthetics-Toolbox-main\split_2\artemis_mikalojus-ciurlionis_raigardas-ii-1907.jpg,3003,1.173,17.839,7.143,3.819,58.172,5.259,103.244,104.778,42.248,42.357,-9.794,33.753,0.1727,0.6387,0.4207,49.649,44.722,33.627,17.839,3.832,8.989,0.01923,0.1346,0.1901,66.337,17.847,-0.006477,0.089,12.786,0.6201,0.4152,0.4047,-2.832,-1.501,-1.371,0.006562,1.491,2.533,0.7411,0.7336,0.0002658,82.031,3.371,3.847,0.0001996,1.423e-05,
C:\Users\sblee\Downloads\Aesthetics-Toolbox-main\split_2\artemis_mikalojus-ciurlionis_spring-motif-1908.jpg,3002,0.8531,21.488,7.241,5.215,84.686,6.425,130.434,137.027,113.579,55.419,-5.624,11.546,0.2414,0.3497,0.5786,68.755,50.916,36.953,21.488,6.778,14.272,0.185,0.1536,0.214,13.831,2.158,-0.004342,0.009877,7.718,0.5206,0.4577,0.4359,-2.819,-1.761,-1.33,0.01108,1.328,2.501,0.8631,0.7847,0.0002874,94.062,4.119,4.307,0.0001299,2.07e-05,
C:\Users\sblee\Downloads\Aesthetics-Toolbox-main\split_2\artemis_mikalojus-ciurlionis_thor-1909.jpg,2783,1.014,9.979,6.672,4.343,46.582,6.097,80.137,65.418,67.61,29.106,7.037,0.8132,0.9492,0.2296,0.3193,28.378,22.982,15.079,9.979,3.741,8.422,0.1093,0.1064,0.1081,48.206,5.586,-0.01178,0.02533,6.436,0.5671,0.4754,0.485,-2.783,-1.341,-1.2,0.007225,1.565,2.574,0.8504,0.7845,0.0001935,94.97,4.171,4.42,0.0001156,1.034e-05,
C:\Users\sblee\Downloads\Aesthetics-Toolbox-main\split_2\artemis_mikhail-nesterov_spring-1922.jpg,2996,1.168,11.577,7.146,3.435,52.415,6.76,112.733,117.469,103.713,48.454,-4.31,6.981,0.2509,0.1632,0.4718,31.372,28.469,27.601,11.577,4.615,6.947,0.1564,0.08709,0.1134,18.105,5.996,-0.02664,0.01375,6.213,0.5554,0.4938,0.4683,-2.622,-1.694,-1.393,0.004958,1.507,2.565,0.7982,0.8136,0.0003021,97.577,4.118,4.29,0.0001154,1.45e-05,
C:\Users\sblee\Downloads\Aesthetics-Toolbox-main\split_2\artemis_mikhail-vrubel_angel-with-censer-and-candle-1887.jpg,4709,0.4154,22.727,6.9,4.55,113.693,5.929,162.015,165.542,167.563,66.965,-0.79,-1.408,0.5263,0.08035,0.6714,61.875,60.008,62.21,22.727,2.149,6.424,0.2827,0.07418,0.2366,35.269,3.476,-0.01737,0.0007514,20.893,0.523,0.5123,0.5237,-2.925,-1.812,-1.488,0.01029,1.43,2.604,0.8084,0.8135,0.0003547,98.155,3.822,3.793,0.0002845,1.473e-05,
C:\Users\sblee\Downloads\Aesthetics-Toolbox-main\split_2\artemis_mikhail-vrubel_christ-1885.jpg,3094,0.8072,20.003,7.526,3.939,93.701,6.627,99.404,115.308,78.137,45.771,-11.634,18.07,0.2843,0.3904,0.4616,47.141,51.084,48.211,20.003,6.327,18.084,0.1269,0.1807,0.2038,31.882,8.348,0.01085,0.0403,8.6,0.5506,0.4994,0.4816,-2.886,-1.909,-1.721,0.02994,1.336,2.445,0.7899,0.8044,0.0004825,96.539,3.716,4.158,0.0001559,1.679e-05,
C:\Users\sblee\Downloads\Aesthetics-Toolbox-main\split_2\artemis_mikhail-vrubel_christ-in-gethsemane-1888.jpg,5118,0.3699,14.077,6.975,3.91,83.498,5.517,67.418,74.45,67.658,30.431,-4.151,2.852,0.4224,0.2172,0.3021,41.402,32.563,24.575,14.077,3.358,7.827,0.1392,0.1176,0.1478,64.66,5.798,-0.02894,0.001606,23.085,0.6298,0.5072,0.4965,-2.214,-2.028,-2.128,0.004808,1.555,2.505,0.8041,0.8359,0.000197,95.075,4.448,4.421,0.0001193,9.15e-06,
C:\Users\sblee\Downloads\Aesthetics-Toolbox-main\split_2\artemis_mikhail-vrubel_demon-and-angel-with-tamara-s-soul-1891.jpg,3611,0.62,19.865,7.241,5.825,66.247,5.665,122.46,137.625,112.472,54.763,-10.0584,11.479,0.2539,0.1829,0.5414,42.776,51.102,41.379,19.865,5.801,5.947,0.09333,0.05911,0.1971,3.627,13.844,0.04486,-0.05271,22.11,0.5345,0.5237,0.523,-2.476,-1.62,-1.148,0.01257,1.557,2.615,0.806,0.8216,0.0001182,81.474,4.524,4.497,0.000119,1.039e-05,
C:\Users\sblee\Downloads\Aesthetics-Toolbox-main\split_2\artemis_mikhail-vrubel_hamlet-and-ophelia-1888.jpg,3262,0.7351,25.547,6.847,6.475,51.415,5.881,139.204,135.063,124.965,55.333,0.1283,6.228,0.1456,0.1648,0.5566,60.711,67.488,67.15,25.547,3.859,5.472,0.1382,0.1027,0.246,32.17,23.53,0.02533,0.1149,10.006,0.3436,0.3624,0.2527,-2.5,-1.425,-1.148,0.007909,1.392,2.628,0.7406,0.8057,0.0001412,87.959,4.523,4.541,0.0001626,1.47e-05,
C:\Users\sblee\Downloads\Aesthetics-Toolbox-main\split_2\artemis_mikhail-vrubel_karibeevich.jpg,3350,0.7022,28.199,7.745,6.641,86.272,2.78,131.445,132.592,129.89,53.762,-0.9993,1.447,0.2526,0.04249,0.5208,71.374,71.768,73.378,28.199,0.6116,1.343,0.1367,0.04021,0.2825,37.57,13.186,-0.02098,0.0625,13.843,0.5534,0.474,0.4552,-2.468,-1.904,-1.532,0.01093,1.4,2.607,0.7914,0.857,0.0001281,95.241,4.54,4.492,0.0001675,8.453e-06,
C:\Users\sblee\Downloads\Aesthetics-Toolbox-main\split_2\artemis_mikhail-vrubel_portrait-of-s-mamontov-the-founder-of-the-first-private-opera-1897.jpg,3247,0.741,14.161,6.393,3.242,54.782,5.457,44.22,40.657,25.575,15.937,-0.9339,9.65,0.1965,0.4089,0.1825,39.006,32.436,21.183,14.161,5.05,9.119,0.09883,0.1861,0.1482,87.826,15.896,-0.0152,0.07802,7.869,0.3907,0.3998,0.3397,-2.68,-1.833,-1.493,0.002461,1.432,2.426,0.6864,0.808,0.0002903,80.76,4.524,4.49,0.0001306,1.786e-05,
C:\Users\sblee\Downloads\Aesthetics-Toolbox-main\split_2\artemis_mikhail-vrubel_prophet-1898.jpg,2978,0.8647,24.603,7.37,8.132,124.68,5.994,117.785,104.287,74.792,43.772,2.04,19.027,0.1271,0.4679,0.4741,55.976,64.936,67.717,24.603,8.832,13.714,0.1304,0.2262,0.2303,49.454,18.114,0.003983,0.09048,7.722,0.5576,0.485,0.45,-2.48,-1.71,-1.408,0.002978,1.554,2.604,0.7816,0.8478,0.0003753,94.797,4.545,4.467,0.0001843,1.521e-05,
C:\Users\sblee\Downloads\Aesthetics-Toolbox-main\split_2\artemis_mikhail-vrubel_the-vision-of-the-prophet-ezekiel-1906.jpg,4120,0.5047,13.651,7.22,5.348,99.378,5.043,130.597,114.545,102.455,49.067,4.34,9.024,0.06536,0.2258,0.5124,33.764,34.325,32.192,13.651,3.237,4.88,0.04807,0.09039,0.1325,17.541,6.096,0.008683,0.02922,16.879,0.631,0.5907,0.5787,-2.194,-1.837,-1.582,0.009905,1.603,2.616,0.8899,0.8736,0.0001379,98.616,4.468,4.527,0.0001249,6.544e-06,
C:\Users\sblee\Downloads\Aesthetics-Toolbox-main\split_2\artemis_miklos-barabas_the-eruption-of-the-vesuv-1835.jpg,3195,1.312,13.221,6.86,4.77,39.173,4.787,112.012,98.668,72.582,42.189,1.12,16.503,0.1335,0.3096,0.4407,46.097,30.202,18.268,13.221,6.134,10.778,0.04134,0.1336,0.1795,63.861,6.957,-0.001931,0.03473,12.917,0.5649,0.5069,0.4868,-2.086,-1.67,-1.215,0.02188,1.537,2.646,0.8252,0.7847,0.0002039,80.646,4.399,4.437,9.975e-05,1.406e-05,
C:\Users\sblee\Downloads\Aesthetics-Toolbox-main\split_2\artemis_milton-resnick_flag-1963.jpg,3128,0.7915,6.955,6.24,6.918,73.585,5.468,167.318,161.26,133.143,66.129,-2.376,15.447,0.1402,0.2095,0.6604,19.316,18.911,22.518,6.955,3.975,8.624,0.05459,0.1016,0.07408,26.782,2.915,0.01447,-0.001718,6.874,0.7002,0.7034,0.6977,-1.705,-1.76,-1.176,0.01195,1.828,2.652,0.9404,0.8978,0.0001111,99.384,4.557,4.573,6.938e-05,4.295e-06,
C:\Users\sblee\Downloads\Aesthetics-Toolbox-main\split_2\artemis_mily-possoz_mulher-com-leque.jpg,3455,0.6667,21.978,7.322,2.914,109.25,6.428,174.432,174.672,162.896,70.361,-1.756,5.924,0.1682,0.1612,0.7149,60.385,56.95,54.803,21.978,5.513,11.9,0.1805,0.131,0.2113,9.517,8.397,0.02171,0.03594,10.934,0.3892,0.3942,0.3803,-3.048,-2.016,-1.861,0.005685,1.24,2.331,0.6988,0.7976,0.0005336,96.208,4.119,4.227,0.0002522,2.322e-05,
C:\Users\sblee\Downloads\Aesthetics-Toolbox-main\split_2\artemis_miriam-schapiro_yard-sale-1993.jpg,2884,1.087,26.516,7.843,16.582,196.408,7.125,135.357,96.08,80.662,45.087,14.91,15.862,0.06399,0.5099,0.5766,88.53,67.217,64.613,26.516,22.902,29.35,0.1996,0.2784,0.3147,40.436,5.177,-0.009987,-0.02388,5.905,0.5627,0.5597,0.5076,-2.357,-1.362,-1.114,0.02467,1.693,2.598,0.7695,0.8256,0.0004499,97.183,3.568,4.082,0.000114,1.531e-05,
C:\Users\sblee\Downloads\Aesthetics-Toolbox-main\split_2\artemis_moise-kisling_bouquet-of-tulips.jpg,3121,0.7947,24.579,7.537,7.506,134.104,5.983,81.605,91.138,110.105,38.626,6.099,-11.1051,0.614,0.5864,0.5121,78.129,61.38,60.406,24.579,12.244,25.31,0.1892,0.2501,0.2455,57.994,1.136,-0.002894,-0.004888,17.186,0.6121,0.5339,0.516,-2.342,-1.889,-1.617,0.01241,1.433,2.567,0.7305,0.8452,0.0002587,88.141,4.541,4.506,0.0001362,1.386e-05,
C:\Users\sblee\Downloads\Aesthetics-Toolbox-main\split_2\artemis_moise-kisling_not-identified-1952.jpg,3239,0.7442,14.788,6.736,2.532,53.613,6.362,73.406,58.361,57.24,26.165,6.72,3.488,0.9469,0.3643,0.3179,51.964,32.736,23.24,14.788,13.089,11.006,0.3015,0.1465,0.1861,77.488,9.413,-0.03763,0.02827,9.966,0.4662,0.3721,0.3617,-2.706,-1.975,-1.803,0.002518,1.361,2.397,0.7017,0.7389,0.0003851,82.818,4.398,4.318,0.0001665,2.397e-05,
C:\Users\sblee\Downloads\Aesthetics-Toolbox-main\split_2\artemis_moise-kisling_not-identified-35.jpg,3167,0.7742,30.167,7.234,4.024,69.902,3.183,106.656,116.9,115.556,46.588,-4.404,-0.551,0.4717,0.1778,0.4601,79.945,74.944,75.405,30.167,2.579,1.379,0.04705,0.1456,0.2935,37.299,20.655,0.01809,-0.1017,24.53,0.4458,0.3498,0.3367,-2.777,-1.873,-1.562,0.004679,1.217,2.44,0.7945,0.7483,0.000305,88.386,4.053,4.144,0.0002029,2.049e-05,
C:\Users\sblee\Downloads\Aesthetics-Toolbox-main\split_2\artemis_morris-graves_surf-and-bird-1940.jpg,2994,1.166,14.598,7.114,7.219,96.074,4.273,122.584,106.496,83.161,45.554,2.646,15.315,0.1047,0.3134,0.4811,42.224,35.909,29.597,14.598,3.111,7.738,0.03162,0.1017,0.1654,59.32,1.468,0.001241,0.007236,4.807,0.6072,0.5332,0.5067,-2.521,-1.76,-1.224,0.006287,1.599,2.571,0.821,0.8388,0.0001872,98.86,4.403,4.363,0.0001217,1.071e-05,
C:\Users\sblee\Downloads\Aesthetics-Toolbox-main\split_2\artemis_morris-louis_beth-rash-1959.jpg,3322,1.404,33.694,6.482,1.063,41.635,4.902,70.337,68.378,69.032,26.712,1.178,-0.181,0.7506,0.1558,0.2849,83.793,83.874,81.717,33.694,3.095,4.01,0.2592,0.1416,0.3267,74.357,9.519,-0.03402,-0.03329,27.762,0.6141,0.3285,0.3106,-3.458,-1.556,-1.607,0.00104,0.9807,2.382,0.5531,0.7094,0.0008014,80.51,3.882,3.152,0.0003163,2.096e-05,
C:\Users\sblee\Downloads\Aesthetics-Toolbox-main\split_2\artemis_morris-louis_number-82-1961.jpg,3218,1.329,17.142,4.612,0.7265,33.7,3.841,208.223,210.424,200.463,83.592,-2.411,4.891,0.2146,0.07228,0.83,48.182,44.601,55.598,17.142,5.245,9.636,0.06533,0.137,0.1692,14.642,1.857,-0.009259,0.0007236,17.82,0.53,0.6708,0.4601,-3.146,-1.86,-1.977,0.03689,0.9801,2.267,0.3419,0.2915,0.001229,68.705,1.284,1.164,0.001083,1.398e-05,
C:\Users\sblee\Downloads\Aesthetics-Toolbox-main\split_2\artemis_mostafa-dashti_untitled-1989(2).jpg,3323,1.404,14.47,6.653,3.004,52.615,4.177,45.605,48.934,53.428,19.599,0.03277,-2.854,0.2485,0.1881,0.222,29.626,33.057,44.172,14.47,2.211,9.727,0.2478,0.13,0.1734,57.294,5.309,-0.01159,0.02388,13.716,0.3424,0.3454,0.2699,-2.493,-1.916,-1.622,0.008704,1.297,2.322,0.6045,0.7513,0.0003799,92.997,4.323,4.426,0.0002143,2.242e-05,
C:\Users\sblee\Downloads\Aesthetics-Toolbox-main\split_2\artemis_mstislav-dobuzhinsky_auk-nai-church-belfry-1933.jpg,3195,1.312,21.385,6.668,11.365,156.295,4.86,189.744,185.102,171.668,74.531,-0.7849,7.365,0.1468,0.1077,0.7493,59.509,54.887,52.049,21.385,2.324,2.908,0.08415,0.04947,0.2273,8.966,15.681,-0.006343,-0.07815,11.585,0.5356,0.4249,0.4307,-1.871,-2.04,-1.447,0.003098,1.657,2.789,0.6371,0.8866,0.0005359,94.979,4.508,4.543,0.0003924,1.632e-05,
C:\Users\sblee\Downloads\Aesthetics-Toolbox-main\split_2\artemis_mstislav-dobuzhinsky_monument-to-peter-the-great-1923.jpg,3405,1.464,17.316,5.971,9.973,74.312,3.069,181.217,166.596,141.293,68.442,1.174,14.876,0.1044,0.2215,0.7108,46.387,42.436,36.154,17.316,0.967,4.757,0.03709,0.08041,0.1814,3.545,6.736,0.03188,-0.01085,12.556,0.4599,0.3694,0.3357,-2.178,-1.473,-0.9634,0.003494,1.549,2.625,0.6016,0.7982,0.0002614,85.369,4.425,4.468,0.0002184,1.81e-05,
C:\Users\sblee\Downloads\Aesthetics-Toolbox-main\split_2\artemis_mstislav-dobuzhinsky_omnibus-in-vilno-1907.jpg,3355,0.7005,24.721,7.667,8.524,102.758,5.637,169.016,157.581,107.464,63.95,-2.547,27.47,0.132,0.3909,0.6686,58.954,66.689,52.532,24.721,8.672,13.265,0.05333,0.1566,0.2353,16.183,24.89,-0.01954,-0.1229,26.195,0.5467,0.4782,0.4663,-2.385,-1.588,-1.084,0.007087,1.507,2.668,0.738,0.8474,0.0002233,92.105,4.201,4.431,0.0001131,1.277e-05,
C:\Users\sblee\Downloads\Aesthetics-Toolbox-main\split_2\artemis_mstislav-dobuzhinsky_pan.jpg,3135,0.7884,21.008,5.775,2.75,46.83,3.938,163.123,148.178,118.551,61.433,1.646,18.49,0.1401,0.3347,0.6444,48.579,58.213,74.507,21.008,2.678,12.068,0.1633,0.192,0.1983,79.382,0.8872,0.003618,0.002567,10.808,0.6765,0.6673,0.663,-2.897,-1.666,-1.336,0.002015,1.025,2.661,0.767,0.7104,0.0006,81.421,4.488,3.527,0.0003398,2.799e-05,
C:\Users\sblee\Downloads\Aesthetics-Toolbox-main\split_2\artemis_mstislav-dobuzhinsky_province-voronezh-1912.jpg,3002,1.172,24.459,7.458,6.834,116.706,5.76,170.39,156.827,138.705,64.512,2.345,11.482,0.1142,0.2107,0.6728,63.02,65.376,62.322,24.459,5.91,7.373,0.1033,0.1271,0.2474,26.965,23.702,0.02531,-0.1158,7.905,0.502,0.4668,0.4524,-2.606,-1.738,-1.376,0.001808,1.387,2.582,0.7816,0.8403,0.000271,94.795,4.28,4.466,0.000157,1.569e-05,
C:\Users\sblee\Downloads\Aesthetics-Toolbox-main\split_2\artemis_mykola-pymonenko_from-the-forrest.jpg,3268,0.7328,28.356,7.398,3.365,81.14,6.095,110.362,113.955,76.65,45.304,-6.893,19.033,0.2083,0.3404,0.4634,67.06,71.591,48.951,28.356,9.985,17.675,0.1559,0.1737,0.2744,24.922,26.86,-0.0246,-0.132,24.849,0.5362,0.4208,0.407,-2.892,-1.82,-1.591,0.01918,1.267,2.438,0.7438,0.8078,0.000285,93.958,4.493,4.493,0.0001577,1.813e-05,
C:\Users\sblee\Downloads\Aesthetics-Toolbox-main\split_2\artemis_mykola-pymonenko_laundry.jpg,3121,0.7947,18.638,7.47,8.716,98.092,6.053,119.89,121.672,84.867,49.581,-6.791,19.846,0.1861,0.3455,0.5022,53.608,46.355,43.085,18.638,8.816,10.989,0.07572,0.1547,0.1953,34.764,7.215,-0.01302,-0.03364,9.898,0.467,0.4641,0.4686,-2.274,-1.574,-1.169,0.002582,1.581,2.585,0.7768,0.8335,0.0002258,95.921,4.442,4.487,0.0001172,1.828e-05,
C:\Users\sblee\Downloads\Aesthetics-Toolbox-main\split_2\artemis_mykola-pymonenko_ukrainian-night-1905.jpg,3178,1.3,24.718,7.515,11.588,105.878,5.151,84.769,87.841,69.227,35.367,-4.52,9.831,0.1996,0.2559,0.3477,58.415,60.097,50.648,24.718,4.172,7.619,0.06297,0.1458,0.2365,24.862,24.621,-0.1231,-0.003618,16.338,0.5002,0.5142,0.4677,-2.429,-1.471,-1.034,0.006998,1.566,2.582,0.8148,0.845,0.0001925,95.078,4.353,4.478,0.0001301,1.095e-05,
C:\Users\sblee\Downloads\Aesthetics-Toolbox-main\split_2\artemis_n.c.-wyeth_the-lady-lyoness-had-the-dwarf-in-examination.jpg,3106,0.8016,17.913,7.56,10.828,75.9,6.345,96.427,85.531,72.565,36.541,2.814,9.031,0.07771,0.2941,0.39,47.483,43.607,37.052,17.913,6.596,12.23,0.1858,0.2037,0.1796,36.554,5.221,-0.01302,-0.02262,12.155,0.5083,0.3856,0.3675,-2.744,-1.175,-1.35,0.003146,1.709,2.699,0.9017,0.8264,0.0001089,95.39,4.18,4.373,0.000113,1.485e-05,
C:\Users\sblee\Downloads\Aesthetics-Toolbox-main\split_2\artemis_natalia-goncharova_boy-with-rooster.jpg,3149,0.7821,17.37,7.093,6.51,114.495,6.828,104.248,83.966,90.262,37.827,10.538,0.1343,0.847,0.2969,0.4478,51.855,43.082,44.824,17.37,11.293,15.438,0.1879,0.1797,0.2027,58.141,5.231,-0.01447,0.02179,8.302,0.4616,0.4187,0.3957,-2.786,-1.626,-1.528,0.01196,1.544,2.539,0.8684,0.8164,0.0002159,95.02,4.527,4.428,0.0001377,1.755e-05,
C:\Users\sblee\Downloads\Aesthetics-Toolbox-main\split_2\artemis_natalia-goncharova_corner-of-a-garden-sun.jpg,2988,0.8605,28.689,7.948,31.572,204.257,6.539,137.24,127.382,89.405,52.17,-0.8559,20.746,0.1352,0.4763,0.5576,75.423,72.042,72.697,28.689,8.747,21.538,0.1302,0.3107,0.2927,20.657,5.778,0.01085,-0.02677,8.241,0.6107,0.6233,0.5873,-1.784,-1.635,-0.8139,0.004932,1.832,2.987,0.8503,0.8857,0.0002286,99.392,4.572,4.564,7.781e-05,7.166e-06,
C:\Users\sblee\Downloads\Aesthetics-Toolbox-main\split_2\artemis_natalia-goncharova_portrait-of-a-woman-tatiana-ryabushinskaya.jpg,3100,0.8044,26.824,7.14,2.683,73.847,4.384,119.833,113.398,99.417,46.523,-0.01347,8.532,0.1455,0.181,0.472,68.657,65.308,61.938,26.824,2.315,6.632,0.08446,0.09485,0.2699,20.752,9.808,-0.03256,-0.03667,11.326,0.4449,0.4431,0.4145,-3.13,-1.812,-1.625,0.02923,1.165,2.427,0.751,0.7759,0.000596,93.473,3.544,3.896,0.0002072,2.17e-05,
C:\Users\sblee\Downloads\Aesthetics-Toolbox-main\split_2\artemis_nicholas-roerich_armchair-1904.jpg,3270,0.732,18.249,6.757,3.001,76.243,4.041,178.723,176.918,175.922,71.812,0.494,0.651,0.6212,0.05602,0.7167,51.311,48.083,45.263,18.249,1.361,4.113,0.2404,0.03137,0.1976,24.909,9.321,-0.04342,-0.01695,15.823,0.4706,0.3976,0.3629,-2.928,-1.91,-1.61,0.007141,1.359,2.535,0.6735,0.8073,0.0004792,95.349,4.206,4.269,0.0003374,1.936e-05,
C:\Users\sblee\Downloads\Aesthetics-Toolbox-main\split_2\artemis_nicholas-roerich_ashram-ceylon-1931.jpg,3521,0.6461,17.13,6.939,6.188,83.617,5.312,37.388,63.867,52.551,23.994,-12.2888,3.486,0.4383,0.4626,0.2539,35.702,43.652,33.028,17.13,7.79,8.725,0.06695,0.1322,0.1746,80.838,17.283,-0.06512,-0.0568,22.538,0.4266,0.4667,0.4153,-2.264,-2.025,-1.813,0.002987,1.615,2.577,0.7852,0.8158,0.0002521,79.417,4.416,4.504,9.444e-05,1.172e-05,
C:\Users\sblee\Downloads\Aesthetics-Toolbox-main\split_2\artemis_nicholas-roerich_beyond-the-seas-there-are-the-great-lands-1910-1.jpg,3077,0.8153,21.209,7.532,9.213,114.98,6.673,149.62,143.24,113.105,58.843,-1.983,17.558,0.1637,0.3299,0.6057,58.08,55.061,69.81,21.209,9.744,14.373,0.1427,0.2383,0.2162,38.539,13.018,-0.007959,0.0646,5.874,0.496,0.4697,0.4367,-2.061,-2.101,-1.749,0.01371,1.505,2.637,0.8313,0.809,0.00022,93.453,4.464,4.517,0.0001099,1.325e-05,
C:\Users\sblee\Downloads\Aesthetics-Toolbox-main\split_2\artemis_nicholas-roerich_bhagavan-1943.jpg,3584,1.593,26.099,7.157,2.108,40.573,6.118,120.912,116.891,121.446,48.679,3.884,-2.36,0.8372,0.2609,0.5402,79.032,63.849,55.446,26.099,5.639,17.554,0.2879,0.1993,0.2676,32.173,25.393,0.06085,0.1114,24.1,0.3087,0.2573,0.2554,-3.094,-1.766,-1.457,0.007212,1.061,2.443,0.674,0.7018,0.0003792,89.749,4.227,4.241,0.0003422,3.162e-05,
C:\Users\sblee\Downloads\Aesthetics-Toolbox-main\split_2\artemis_nicholas-roerich_book-of-doves-1922.jpg,3258,1.357,17.342,7.401,6.701,113.737,5.805,152.105,136.261,100.589,57.025,0.9697,21.196,0.1433,0.3612,0.6144,53.063,43.337,34.117,17.342,7.527,13.308,0.1257,0.1371,0.1931,16.46,8.647,-0.03145,-0.02967,11.623,0.5705,0.5091,0.4923,-2.754,-1.519,-1.355,0.004543,1.552,2.581,0.8309,0.8423,0.0001752,96.955,4.277,4.451,0.0001358,1.317e-05,
C:\Users\sblee\Downloads\Aesthetics-Toolbox-main\split_2\artemis_nicholas-roerich_coast-ledenets-1919.jpg,3237,1.342,16.855,7.137,16.332,65.882,4.253,201.459,158.909,112.826,68.044,10.198,29.792,0.08274,0.4429,0.7932,52.766,42.994,40.448,16.855,7.141,12.864,0.0574,0.1532,0.2008,8.31,13.32,-0.01698,-0.0644,9.135,0.4579,0.4063,0.3319,-2.475,-0.9963,-0.698,0.02051,1.709,2.789,0.8411,0.778,0.0002761,90.276,3.494,3.952,0.0001923,1.65e-05,
C:\Users\sblee\Downloads\Aesthetics-Toolbox-main\split_2\artemis_nicholas-roerich_cross-on-the-truvor-mound-1903.jpg,3152,1.281,27.204,7.813,15.687,93.112,5.506,163.542,126.946,108.699,55.106,12.373,15.754,0.02969,0.3985,0.6414,70.267,69.404,71.998,27.204,6.301,13.465,0.06329,0.2109,0.2756,22.925,25.28,0.01751,-0.1252,6.949,0.523,0.4535,0.4355,-1.959,-1.622,-0.8327,0.05754,1.658,2.727,0.6984,0.8263,0.0003598,93.279,4.194,4.464,0.0001297,1.669e-05,
C:\Users\sblee\Downloads\Aesthetics-Toolbox-main\split_2\artemis_nicholas-roerich_fiat-rex.jpg,3249,1.351,16.697,7.397,2.714,65.05,5.425,115.834,97.289,68.727,42.153,4.677,19.005,0.1042,0.5023,0.483,49.623,40.929,43.313,16.697,6.154,19.917,0.1109,0.187,0.1987,67.657,7.195,-0.009373,0.03473,13.446,0.5463,0.5148,0.4557,-2.948,-1.733,-1.534,0.01381,1.325,2.501,0.7594,0.7565,0.000436,83.452,3.108,3.831,0.0001974,1.871e-05,
C:\Users\sblee\Downloads\Aesthetics-Toolbox-main\split_2\artemis_nicholas-roerich_guardians-of-the-snow-1922.jpg,3448,1.495,16.484,7.001,13.099,94.599,5.148,80.934,99.776,175.481,44.577,18.064,-42.1639,0.6207,0.5553,0.6948,44.748,48.712,26.847,16.484,18.73,23.209,0.07435,0.2104,0.1025,35.759,5.345,-0.01742,-0.02026,14.015,0.5496,0.5594,0.5602,-2.622,-1.074,-0.8465,0.006882,1.7,2.662,0.7593,0.8265,0.0002723,97.394,4.275,4.466,0.0002028,9.894e-06,
C:\Users\sblee\Downloads\Aesthetics-Toolbox-main\split_2\artemis_nicholas-roerich_harrowing-of-hell-1933.jpg,3037,0.835,13.405,6.996,3.84,48.084,5.492,132.769,67.016,51.217,36.723,26.262,21.786,0.02899,0.5744,0.5262,57.614,25.625,20.847,13.405,16.938,20.358,0.1053,0.2172,0.2202,28.552,9.436,-0.03256,0.03414,7.965,0.381,0.3948,0.3251,-1.896,-1.927,-1.68,0.0238,1.433,2.549,0.6282,0.7695,0.0003462,92.548,4.407,4.431,0.000245,2.645e-05,
C:\Users\sblee\Downloads\Aesthetics-Toolbox-main\split_2\artemis_nicholas-roerich_himalayas-12.jpg,3414,1.47,11.706,6.876,6.54,48.953,6.715,170.646,161.387,176.191,67.43,6.415,-6.36,0.7577,0.1245,0.7091,26.205,33.712,31.827,11.706,5.514,5.966,0.1521,0.06096,0.1115,40.734,8.456,-0.01427,-0.0398,12.756,0.5401,0.5047,0.4742,-2.462,-1.392,-0.8571,0.02527,1.619,2.633,0.823,0.794,0.0002146,94.483,4.068,4.219,0.0001657,9.788e-06,
C:\Users\sblee\Downloads\Aesthetics-Toolbox-main\split_2\artemis_nicholas-roerich_himalayas-36.jpg,3498,1.531,22.524,7.383,1.745,49.156,6.922,127.651,113.093,96.827,48.093,5.608,9.584,0.9059,0.3769,0.5472,62.496,57.833,43.592,22.524,9.46,28.967,0.2562,0.2115,0.228,23.948,13.533,-0.007089,0.06729,19.058,0.5012,0.3355,0.3197,-2.99,-1.832,-1.765,0.007188,1.203,2.356,0.7484,0.7245,0.0005142,95.915,3.89,4.024,0.0002745,3.617e-05,
C:\Users\sblee\Downloads\Aesthetics-Toolbox-main\split_2\artemis_nicholas-roerich_himalayas-45.jpg,3448,1.495,20.215,6.516,3.596,30.028,5.916,148.121,133.877,152.912,57.214,10.308,-8.708,0.8426,0.2504,0.6539,54.939,55.368,36.874,20.215,7.427,18.123,0.1906,0.08775,0.187,56.797,17.387,-0.03146,0.08104,18.789,0.463,0.3396,0.3285,-2.943,-1.481,-1.053,0.03163,1.352,2.635,0.7872,0.6956,0.0002397,82.195,3.576,3.984,0.0002856,1.686e-05,
C:\Users\sblee\Downloads\Aesthetics-Toolbox-main\split_2\artemis_nicholas-roerich_himalayas-6.jpg,3467,1.509,25.653,7.752,5.869,56.684,6.055,133.239,157.638,185.894,63.69,1.399,-17.1837,0.6437,0.3906,0.7486,84.987,65.279,54.297,25.653,9.132,16.102,0.1664,0.292,0.2235,20.153,25.072,-0.02758,-0.1223,17.582,0.5309,0.4526,0.4459,-2.503,-1.794,-1.434,0.04154,1.471,2.716,0.8742,0.7354,0.0001833,90.133,4.234,4.124,0.0002035,1.572e-05,
C:\Users\sblee\Downloads\Aesthetics-Toolbox-main\split_2\artemis_nicholas-roerich_himalayas-blue-mountains-1939.jpg,3277,1.371,18.428,7.508,5.986,39.257,5.113,96.519,119.139,164.826,49.571,5.05,-27.2933,0.6101,0.4373,0.6468,42.838,48.623,41.17,18.428,8.586,11.495,0.04083,0.1405,0.1614,28.683,12.922,0.01979,0.06151,16.584,0.5095,0.4742,0.4162,-2.356,-1.579,-0.9884,0.02614,1.618,2.66,0.8315,0.6948,0.0002131,90.707,4.438,4.433,0.0003637,1.409e-05,
C:\Users\sblee\Downloads\Aesthetics-Toolbox-main\split_2\artemis_nicholas-roerich_lahaul-1.jpg,3442,1.491,15.376,6.797,3.149,37.634,5.185,122.979,131.171,147.513,54.331,1.089,-10.0379,0.5912,0.2119,0.5903,42.269,40.566,30.732,15.376,3.258,9.81,0.1765,0.1064,0.1327,63.954,13.893,-0.0004854,0.06946,15.569,0.5574,0.495,0.4988,-2.595,-1.645,-1.272,0.02246,1.554,2.589,0.8277,0.7733,0.0003038,79.917,4.115,4.344,0.0002263,1.149e-05,
C:\Users\sblee\Downloads\Aesthetics-Toolbox-main\split_2\artemis_nicholas-roerich_lake-yam-tso-1937.jpg,3128,1.263,18.124,7.025,4.846,54.483,6.483,120.079,116.107,119.592,48.965,3.247,-1.71,0.7851,0.2581,0.5301,54.244,46.702,31.551,18.124,7.612,15.003,0.266,0.1171,0.1771,61.795,15.568,0.008018,0.07742,13.415,0.4709,0.3736,0.3539,-2.852,-1.489,-1.177,0.01889,1.549,2.61,0.843,0.7292,0.0003108,83.259,3.733,4.158,0.0002045,2.412e-05,
C:\Users\sblee\Downloads\Aesthetics-Toolbox-main\split_2\artemis_nicholas-roerich_landscape-1.jpg,3187,1.306,16.385,7.147,1.428,43.834,5.384,167.795,133.202,79.609,57.75,9.024,30.864,0.06633,0.5791,0.6833,47.131,42.828,52.12,16.385,7.064,33.443,0.1371,0.1999,0.1859,19.499,13.824,-0.01579,-0.06729,7.87,0.5772,0.3636,0.347,-2.954,-1.886,-1.798,0.0129,1.184,2.333,0.625,0.6803,0.0007637,86.799,3.575,3.921,0.0004243,3.099e-05,
C:\Users\sblee\Downloads\Aesthetics-Toolbox-main\split_2\artemis_nicholas-roerich_living-water-1915.jpg,3109,1.25,18.556,7.357,4.537,86.868,4.386,164.878,153.948,139.829,63.591,1.644,8.805,0.08997,0.158,0.6467,48.497,49.101,44.129,18.556,1.831,2.872,0.0256,0.03481,0.1903,20.593,13.654,0.02808,-0.06223,9.765,0.5334,0.4759,0.4616,-2.783,-1.763,-1.424,0.003349,1.427,2.595,0.823,0.8124,0.0002992,93.664,3.994,4.12,0.000167,1.282e-05,
C:\Users\sblee\Downloads\Aesthetics-Toolbox-main\split_2\artemis_nicholas-roerich_lonely-wanderer-1944.jpg,3468,1.511,13.687,6.807,3.133,31.468,3.067,108.333,151.682,200.039,61.189,-1.048,-29.525,0.5881,0.4688,0.7845,35.349,35.377,34.015,13.687,3.063,7.785,0.02174,0.1257,0.1334,5.218,10.658,-0.002635,-0.05322,12.893,0.676,0.6129,0.6066,-2.49,-1.728,-1.429,0.02615,1.593,2.635,0.8675,0.6797,0.0002576,63.145,4.286,4.218,0.0004637,7.814e-06,
C:\Users\sblee\Downloads\Aesthetics-Toolbox-main\split_2\artemis_nicholas-roerich_monastery-brahmaputra-1937.jpg,3676,1.66,26.833,6.938,2.545,52.881,5.366,107.551,95.521,103.153,40.99,9.148,-3.223,0.7312,0.504,0.5252,83.305,61.04,48.918,26.833,7.996,22.025,0.262,0.2132,0.275,19.374,18.889,0.01439,-0.09334,15.128,0.3673,0.389,0.3038,-2.739,-2.091,-1.913,0.00326,1.208,2.456,0.7068,0.7071,0.0003242,87.776,4.317,4.246,0.0002197,1.936e-05,
C:\Users\sblee\Downloads\Aesthetics-Toolbox-main\split_2\artemis_nicholas-roerich_mongolia-yurtas-1938.jpg,3224,1.333,19.309,7.063,1.541,39.139,5.928,133.996,161.734,186.513,64.962,-2.155,-15.6456,0.595,0.3059,0.7398,50.634,52.697,50.176,19.309,7.207,14.448,0.1282,0.1995,0.187,51.04,3.371,0.01629,-0.004342,13.231,0.5075,0.2329,0.2377,-2.808,-1.905,-1.681,0.003993,1.376,2.392,0.2322,0.3777,0.0009948,91.183,4.404,4.313,0.0007913,1.728e-05,
C:\Users\sblee\Downloads\Aesthetics-Toolbox-main\split_2\artemis_nicholas-roerich_monhigan-study-1922-31.jpg,3416,1.472,6.99,5.512,2.642,40.112,3.888,217.079,205.226,182.14,82.809,0.3212,12.984,0.1105,0.1616,0.8513,19.723,19.039,18.573,6.99,0.8557,1.924,0.008692,0.02463,0.07732,1.129,4.756,0.005408,0.02315,12.214,0.3931,0.3984,0.392,-2.302,-1.888,-1.639,0.003772,1.505,2.538,0.6954,0.8061,0.000306,92.859,4.231,4.426,0.0002727,1.445e-05,
C:\Users\sblee\Downloads\Aesthetics-Toolbox-main\split_2\artemis_nicholas-roerich_mountain-landscape.jpg,3261,1.36,4.952,5.546,5.644,24.247,3.679,203.233,200.699,177.58,80.466,-3.064,11.877,0.1561,0.1282,0.7991,15.145,13.407,11.984,4.952,0.8978,3.032,0.03858,0.03156,0.05624,9.737,2.293,0.008249,-0.007959,8.964,0.6396,0.6352,0.6142,-1.361,-1.553,-0.9099,0.05859,1.873,2.75,0.8364,0.7861,0.000201,97.004,4.327,4.435,0.0001317,7.457e-06,
C:\Users\sblee\Downloads\Aesthetics-Toolbox-main\split_2\artemis_nicholas-roerich_pir-panjal-1925.jpg,3446,1.493,19.629,7.335,9.395,92.211,6.406,107.973,113.871,119.851,46.998,-0.7294,-4.275,0.5922,0.1782,0.4806,54.861,48.604,44.996,19.629,3.225,5.846,0.1873,0.1333,0.1826,39.569,15.807,-0.03634,0.07019,17.807,0.5087,0.3897,0.3981,-2.744,-1.153,-1.016,0.003836,1.542,2.595,0.6916,0.8526,0.0001679,92.044,4.42,4.491,0.0001655,1.171e-05,
C:\Users\sblee\Downloads\Aesthetics-Toolbox-main\split_2\artemis_nicholas-roerich_russian-easter-1924.jpg,3370,1.438,12.477,6.615,4.028,35.87,5.42,72.297,84.14,83.674,34.834,-3.164,-0.8033,0.6059,0.316,0.3682,30.148,32.575,29.14,12.477,11.169,9.784,0.2931,0.1537,0.1255,24.398,10.126,-0.03219,0.03907,14.848,0.3996,0.3068,0.2969,-2.37,-1.098,-0.9576,0.00475,1.426,2.513,0.5174,0.718,0.0002034,92.558,4.322,4.472,0.0003459,2.254e-05,
C:\Users\sblee\Downloads\Aesthetics-Toolbox-main\split_2\artemis_nicholas-roerich_sadness-two-in-boat-1939.jpg,3537,1.559,13.002,6.208,2.638,33.068,5.989,135.807,201.579,222.909,78.1,-14.2954,-16.6733,0.5225,0.4298,0.8923,23.117,48.693,16.628,13.002,22.682,18.417,0.07472,0.1436,0.05419,2.192,14.635,-0.0109,-0.07236,13.522,0.5926,0.4653,0.4261,-2.9,-1.711,-1.449,0.007497,1.554,2.601,0.8343,0.6213,0.0003273,71.337,3.738,3.786,0.0005676,6.216e-06,
C:\Users\sblee\Downloads\Aesthetics-Toolbox-main\split_2\artemis_nicholas-roerich_salome-with-head-of-st-john-the-baptist.jpg,3227,1.335,9.0,6.527,11.04,46.133,4.132,160.031,138.141,121.159,58.933,5.562,12.188,0.07272,0.2457,0.6276,24.132,23.692,23.854,9.0,2.459,3.442,0.02101,0.05671,0.09474,36.81,2.489,-0.001897,-0.0123,7.963,0.6303,0.5972,0.5875,-2.272,-1.004,-0.4385,0.05083,1.907,2.758,0.9281,0.8281,0.0001749,99.049,3.994,4.152,0.0001075,9.841e-06,
C:\Users\sblee\Downloads\Aesthetics-Toolbox-main\split_2\artemis_nicholas-roerich_shara-muren-1936.jpg,3734,1.702,16.944,7.184,3.818,106.373,6.403,171.828,167.233,178.478,69.078,5.154,-4.968,0.7835,0.2362,0.7691,44.413,46.46,49.991,16.944,6.232,16.959,0.2245,0.1181,0.1729,10.801,3.667,-0.002976,-0.01809,16.052,0.4624,0.3719,0.3527,-2.576,-2.196,-2.134,0.002454,1.454,2.416,0.6848,0.8367,0.0005032,95.804,4.395,4.452,0.0003583,1.811e-05,
C:\Users\sblee\Downloads\Aesthetics-Toolbox-main\split_2\artemis_nicholas-roerich_she-who-holds-the-world-1933.jpg,3726,1.696,14.095,6.974,2.819,52.775,5.461,154.34,164.13,176.257,67.084,0.3723,-6.69,0.6019,0.2598,0.7345,35.101,41.017,48.851,14.095,10.825,13.799,0.1493,0.1665,0.1118,36.726,9.372,0.0465,0.005789,19.371,0.3648,0.3058,0.1997,-2.101,-1.983,-1.829,0.006763,1.366,2.4,0.4632,0.6589,0.0007831,94.978,4.311,4.193,0.0005673,2.434e-05,
C:\Users\sblee\Downloads\Aesthetics-Toolbox-main\split_2\artemis_nicholas-roerich_shrines-and-strongholds-1925.jpg,3191,1.309,14.077,6.941,7.541,45.76,6.425,190.144,182.281,161.849,74.11,-0.07776,11.144,0.07132,0.184,0.7658,38.941,40.056,26.441,14.077,6.832,14.486,0.1939,0.1117,0.1411,25.432,22.258,0.01133,-0.1107,7.12,0.5748,0.2864,0.2809,-2.496,-0.9757,-0.9487,0.007609,1.636,2.676,0.5949,0.7616,0.0002363,90.313,3.614,4.128,0.0002712,1.76e-05,
C:\Users\sblee\Downloads\Aesthetics-Toolbox-main\split_2\artemis_nicholas-roerich_sketch-for-light-conquers-darkness-1933.jpg,3170,1.294,9.218,6.444,9.799,61.825,2.558,220.487,174.854,95.887,73.941,7.745,46.215,0.1058,0.5722,0.8647,26.17,24.888,27.83,9.218,2.901,5.927,0.007468,0.09331,0.1026,10.422,2.93,0.006711,-0.01302,7.933,0.588,0.6296,0.574,-2.013,-1.241,-0.8192,0.01712,1.87,2.723,0.8216,0.8198,0.0001448,96.502,4.529,4.491,0.0001652,1.296e-05,
C:\Users\sblee\Downloads\Aesthetics-Toolbox-main\split_2\artemis_nicholas-roerich_smolensk-tower-1903-1.jpg,3194,1.311,24.685,7.652,5.98,73.859,6.192,142.084,128.063,97.891,53.556,0.9191,18.916,0.1654,0.3996,0.5947,80.082,61.312,60.419,24.685,14.02,12.823,0.1522,0.1784,0.2744,45.82,19.631,0.02263,0.09551,17.054,0.4956,0.4531,0.42,-2.333,-1.817,-1.426,0.009087,1.505,2.544,0.7175,0.8026,0.0002398,88.275,4.303,4.384,0.0001175,2.286e-05,
C:\Users\sblee\Downloads\Aesthetics-Toolbox-main\split_2\artemis_nicholas-roerich_solveig-s-song-hut-in-the-forest-1912.jpg,3271,1.367,15.462,7.252,4.83,91.092,7.326,164.462,156.005,150.323,64.944,3.144,4.576,0.1656,0.2186,0.6941,41.913,45.065,43.632,15.462,11.924,14.33,0.3012,0.1505,0.1447,38.424,3.831,0.01773,-0.007236,12.433,0.5416,0.5511,0.4983,-2.788,-1.625,-1.346,0.006131,1.483,2.537,0.8192,0.8435,0.0002378,97.769,4.071,4.387,0.000136,1.264e-05,
C:\Users\sblee\Downloads\Aesthetics-Toolbox-main\split_2\artemis_nicholas-roerich_stones-and-rocks-1919.jpg,3577,1.59,18.623,7.263,5.327,78.628,5.093,66.042,86.864,107.83,35.378,-1.529,-14.2288,0.5778,0.3915,0.4251,41.08,46.833,55.121,18.623,3.91,9.872,0.05822,0.1531,0.2149,74.246,15.268,0.05328,0.05467,20.022,0.5384,0.5224,0.5172,-2.525,-1.969,-1.698,0.01214,1.557,2.515,0.8533,0.814,0.0002917,80.881,4.437,4.461,0.0001429,1.363e-05,
C:\Users\sblee\Downloads\Aesthetics-Toolbox-main\split_2\artemis_nicholas-roerich_study-of-scene-decoration-for-the-rite-of-spring-1930.jpg,3700,1.677,22.422,7.571,8.848,113.28,6.828,158.569,156.23,151.288,63.904,0.7828,3.083,0.1059,0.2173,0.672,61.719,58.438,61.179,22.422,7.596,14.099,0.2897,0.1598,0.2226,20.21,19.09,-0.01122,-0.09479,15.536,0.5037,0.4637,0.4051,-2.645,-1.355,-1.075,0.006035,1.39,2.58,0.7493,0.8002,0.000223,92.881,3.977,4.274,0.0001812,1.733e-05,
C:\Users\sblee\Downloads\Aesthetics-Toolbox-main\split_2\artemis_nicholas-roerich_study-to-overseas-guests.jpg,3423,1.477,4.402,4.88,2.866,29.678,3.213,222.791,207.582,174.641,83.757,0.07903,18.297,0.114,0.2165,0.8737,12.23,12.158,11.339,4.402,0.6536,1.353,0.004564,0.01671,0.04796,1.5,0.6188,-0.002205,0.002171,11.076,0.5227,0.5298,0.477,-1.734,-1.901,-1.542,0.004347,1.748,2.651,0.7352,0.7773,0.0002183,90.081,4.315,4.46,0.0002778,1.156e-05,
C:\Users\sblee\Downloads\Aesthetics-Toolbox-main\split_2\artemis_nicholas-roerich_study-to-sister-beatrice.jpg,2948,1.133,36.875,6.668,12.717,322.741,4.767,157.697,147.73,126.943,59.15,0.1655,11.734,0.1201,0.2714,0.6196,96.654,90.95,81.256,36.875,1.885,6.429,0.06416,0.1911,0.3776,16.588,7.681,-0.01916,0.03329,8.73,0.5678,0.549,0.5116,-2.393,-2.218,-1.888,0.03588,1.428,2.715,0.7187,0.8702,0.0006676,98.833,3.803,4.256,0.0002087,1.087e-05,
C:\Users\sblee\Downloads\Aesthetics-Toolbox-main\split_2\artemis_nicholas-roerich_teacher-s-order-1931.jpg,3455,1.5,21.9,7.211,2.958,43.393,4.671,98.215,117.069,163.774,48.672,5.903,-26.3522,0.6331,0.373,0.6446,43.644,53.658,74.194,21.9,5.617,15.09,0.071,0.139,0.2896,10.087,16.07,0.002171,-0.08032,12.612,0.5496,0.4001,0.3961,-3.164,-1.546,-1.321,0.0137,1.383,2.486,0.7119,0.717,0.0002044,87.679,4.22,4.164,0.0004642,1.415e-05,
C:\Users\sblee\Downloads\Aesthetics-Toolbox-main\split_2\artemis_nicholas-roerich_testament-of-teacher-1947.jpg,2773,0.9935,11.127,6.742,2.306,42.067,5.691,33.059,51.746,64.379,20.388,-2.246,-9.756,0.5109,0.4859,0.2655,19.798,26.274,34.992,11.127,4.899,12.525,0.1385,0.2061,0.1337,45.592,5.501,-0.02171,0.01689,3.375,0.4292,0.461,0.3863,-3.19,-1.838,-1.684,0.007542,1.256,2.433,0.8322,0.7542,0.0002915,97.339,4.385,4.289,0.0002209,1.48e-05,
C:\Users\sblee\Downloads\Aesthetics-Toolbox-main\split_2\artemis_nicholas-roerich_the-scene-with-the-two-large-groups-of-figures-in-costumes.jpg,4091,1.96,21.092,7.361,11.155,160.42,4.389,139.309,141.047,142.461,57.816,-0.3216,-0.9535,0.5992,0.029,0.5608,54.026,55.603,56.1,21.092,1.323,1.369,0.2009,0.02293,0.2197,41.681,2.973,-0.01458,0.002894,17.874,0.5635,0.586,0.5366,-1.953,-1.866,-1.412,0.005047,1.641,2.741,0.8357,0.8732,0.0001941,96.763,4.258,4.476,0.0001507,9.426e-06,
C:\Users\sblee\Downloads\Aesthetics-Toolbox-main\split_2\artemis_nicholas-roerich_urusvati-1939.jpg,3785,1.739,16.171,5.981,1.9,18.177,5.268,105.981,97.172,131.774,43.12,12.511,-17.7199,0.6862,0.3681,0.5585,55.104,37.326,42.968,16.171,8.18,16.635,0.09546,0.1304,0.1804,45.329,16.937,-0.02892,0.07959,22.786,0.4343,0.4051,0.3851,-3.067,-1.623,-1.32,0.03221,0.8307,2.552,0.7937,0.6169,0.0002985,86.481,3.876,3.85,0.0004834,1.546e-05,
C:\Users\sblee\Downloads\Aesthetics-Toolbox-main\split_2\artemis_nicholas-roerich_varangian-warriors-1905.jpg,3233,1.339,21.967,7.635,9.461,165.273,5.95,142.099,146.189,149.16,59.641,-0.4362,-1.763,0.5949,0.1312,0.6051,55.188,56.686,62.307,21.967,2.411,8.436,0.253,0.1463,0.2268,44.728,4.573,0.01972,0.01158,9.461,0.5683,0.5251,0.5302,-2.433,-1.669,-1.15,0.006117,1.62,2.569,0.8127,0.8487,0.000619,99.205,3.421,3.941,0.0001556,8.809e-06,
C:\Users\sblee\Downloads\Aesthetics-Toolbox-main\split_2\artemis_nicholas-roerich_vernicle-and-saint-princes-1910.jpg,3036,1.197,24.627,7.491,17.931,104.19,6.41,154.136,143.043,135.504,59.445,3.894,5.569,0.8535,0.2184,0.6334,66.395,65.586,64.802,24.627,7.782,16.113,0.3678,0.1955,0.2488,43.909,10.503,0.01088,-0.05137,7.292,0.7192,0.4053,0.4004,-1.757,-1.702,-0.844,0.06307,1.74,2.791,0.7614,0.8332,0.0003761,98.617,4.346,4.363,0.0002225,2.114e-05,
C:\Users\sblee\Downloads\Aesthetics-Toolbox-main\split_2\artemis_nicholas-roerich_waiting.jpg,3144,1.275,9.831,6.357,2.813,37.74,5.516,156.653,163.119,166.598,66.557,-1.137,-2.681,0.3994,0.1561,0.6862,31.621,25.732,19.902,9.831,2.424,10.649,0.3135,0.08837,0.07768,9.764,5.207,-0.02554,-0.005065,8.922,0.4964,0.4379,0.4117,-2.512,-1.764,-1.415,0.01889,1.471,2.491,0.7789,0.7645,0.0004853,85.398,3.681,4.176,0.0002537,2.051e-05,
C:\Users\sblee\Downloads\Aesthetics-Toolbox-main\split_2\artemis_nicholas-roerich_zmievna-1906.jpg,3891,1.815,22.741,7.725,8.826,160.83,6.148,113.021,84.404,68.104,37.714,9.991,13.709,0.049,0.442,0.4589,71.91,52.314,40.694,22.741,10.494,15.899,0.1874,0.1925,0.2677,41.482,8.612,0.04245,0.007236,20.76,0.5773,0.5933,0.5558,-2.192,-2.051,-1.657,0.002201,1.549,2.61,0.7952,0.87,0.0002523,96.276,4.464,4.526,0.0001105,1.091e-05,
C:\Users\sblee\Downloads\Aesthetics-Toolbox-main\split_2\artemis_nicolae-darascu_balcic-hills.jpg,3133,1.267,11.597,6.449,4.849,66.845,5.871,173.093,172.589,161.313,70.279,-1.186,6.172,0.1945,0.2,0.7302,32.52,31.452,39.839,11.597,5.612,12.031,0.2438,0.08635,0.1258,11.813,2.555,-0.009994,-0.007959,9.16,0.5495,0.4336,0.4377,-2.526,-1.427,-1.233,0.003293,1.476,2.517,0.7032,0.8429,0.0002448,88.616,4.449,4.499,0.0002201,1.244e-05,
C:\Users\sblee\Downloads\Aesthetics-Toolbox-main\split_2\artemis_nicolae-darascu_still-life-with-lobsters-1925.jpg,3098,1.242,19.122,7.254,10.399,96.89,6.197,201.464,174.724,171.238,73.306,9.809,5.843,0.01619,0.2055,0.806,48.355,54.483,51.149,19.122,10.697,9.309,0.1346,0.1429,0.177,11.426,2.92,-0.01224,0.007959,10.713,0.4966,0.4649,0.4462,-2.67,-1.16,-0.9975,0.008056,1.566,2.625,0.747,0.8269,0.0001569,95.82,4.494,4.481,0.0001442,1.598e-05,
C:\Users\sblee\Downloads\Aesthetics-Toolbox-main\split_2\artemis_nicolae-grigorescu_laundrywoman-in-brittany.jpg,3356,1.428,24.156,7.504,9.185,63.86,6.213,157.142,156.177,140.278,63.272,-1.919,9.286,0.2595,0.232,0.6401,57.114,63.68,78.166,24.156,5.104,11.282,0.2326,0.1982,0.2386,30.11,27.609,-0.03647,-0.1331,12.472,0.5836,0.3644,0.3462,-2.048,-1.743,-1.099,0.05745,1.515,2.707,0.6036,0.8355,0.0001564,91.313,4.399,4.508,0.0001478,9.752e-06,
C:\Users\sblee\Downloads\Aesthetics-Toolbox-main\split_2\artemis_nicolae-grigorescu_still-life-with-fruit.jpg,4132,1.99,21.624,7.545,4.327,80.278,5.695,123.055,68.62,44.92,34.904,21.103,24.133,0.03636,0.6896,0.4827,53.589,56.932,31.489,21.624,11.468,14.025,0.05615,0.133,0.2102,36.086,17.045,0.009818,-0.08466,21.71,0.5559,0.4884,0.4588,-2.957,-1.792,-1.54,0.004609,1.372,2.482,0.9039,0.8227,0.0001798,96.12,4.436,4.484,0.0001775,1.11e-05,
C:\Users\sblee\Downloads\Aesthetics-Toolbox-main\split_2\artemis_nicolae-tonitza_queuing-for-bread-1920.jpg,3244,1.347,20.755,7.632,8.165,148.426,6.728,145.669,124.249,118.451,53.27,7.825,6.267,0.003485,0.2584,0.583,57.236,51.558,50.78,20.755,6.845,11.518,0.1489,0.1615,0.2084,18.798,6.213,0.01128,-0.02894,9.85,0.6146,0.5755,0.5577,-2.256,-1.937,-1.555,0.008726,1.565,2.584,0.8103,0.8738,0.0003111,96.234,4.385,4.504,0.0001176,1.018e-05,
C:\Users\sblee\Downloads\Aesthetics-Toolbox-main\split_2\artemis_nicolae-tonitza_two-sisters-1927.jpg,3012,0.8479,19.098,7.391,8.075,86.213,5.433,195.374,155.829,109.0,66.761,9.284,30.588,0.102,0.4543,0.776,54.044,52.828,47.741,19.098,14.891,11.864,0.05989,0.1698,0.1992,19.596,2.106,0.001447,0.01043,7.879,0.508,0.494,0.4792,-2.885,-1.072,-1.063,0.008805,1.664,2.62,0.8607,0.8072,0.0001313,96.929,4.457,4.422,0.0001591,1.595e-05,
C:\Users\sblee\Downloads\Aesthetics-Toolbox-main\split_2\artemis_nicolae-tonitza_venice-girl-putana-1926.jpg,2994,0.8573,25.244,7.27,6.564,55.262,4.905,137.116,96.124,67.254,43.467,12.8,22.343,0.06655,0.4479,0.5414,83.178,58.606,35.337,25.244,14.116,16.705,0.04758,0.1556,0.3245,42.409,12.612,0.04631,-0.0428,14.358,0.466,0.4282,0.3892,-2.837,-1.322,-1.137,0.0267,1.409,2.496,0.8156,0.7455,0.0001706,93.542,4.398,4.245,0.0002012,2.609e-05,
C:\Users\sblee\Downloads\Aesthetics-Toolbox-main\split_2\artemis_nicolae-vermont_nchinarea-p-storilor-cu-motivele-satului-rom-nesc-1903.jpg,2959,0.8763,12.129,6.779,3.41,38.157,4.838,66.796,53.645,44.964,23.3,4.33,7.509,0.09248,0.2782,0.2626,37.153,25.685,19.842,12.129,5.979,7.357,0.07113,0.1827,0.1455,58.058,15.265,-0.07598,-0.007292,11.57,0.419,0.4837,0.3606,-2.858,-1.386,-1.25,0.006895,1.465,2.553,0.6518,0.7857,0.0002171,85.944,4.428,4.476,0.000142,1.316e-05,
C:\Users\sblee\Downloads\Aesthetics-Toolbox-main\split_2\artemis_nicolae-vermont_the-refugees-1923.jpg,3410,0.6806,15.649,6.279,10.804,70.471,3.425,218.9,206.831,185.541,83.171,0.703,12.11,0.1064,0.1575,0.8584,42.506,41.841,40.109,15.649,1.185,2.721,0.01363,0.04347,0.1667,7.191,6.434,0.02353,-0.02193,21.003,0.5493,0.4931,0.4677,-2.243,-1.192,-0.6002,0.01906,1.63,2.77,0.5534,0.7916,0.0003199,87.715,4.506,4.489,0.0002339,1.73e-05,
C:\Users\sblee\Downloads\Aesthetics-Toolbox-main\split_2\artemis_niki-de-sainte-phalle_green-goddess-1990.jpg,3205,0.7581,19.352,6.432,1.894,55.705,5.538,175.49,171.714,164.848,69.88,0.2696,4.246,0.008232,0.1215,0.71,54.493,47.949,55.32,19.352,9.267,10.546,0.1622,0.1433,0.1921,9.877,8.567,-0.01447,-0.04032,14.933,0.2905,0.361,0.2625,-2.671,-1.7,-1.398,0.003589,1.165,2.383,0.4083,0.5989,0.0008192,86.041,4.457,4.428,0.0005524,2.64e-05,
C:\Users\sblee\Downloads\Aesthetics-Toolbox-main\split_2\artemis_niko-pirosmani_company-bego-2(1).jpg,3596,1.602,27.15,6.577,4.647,120.523,5.464,55.65,59.442,56.468,23.003,-1.606,1.059,0.4278,0.221,0.2504,65.989,66.008,63.681,27.15,5.282,9.505,0.1565,0.1507,0.273,62.267,7.417,0.03523,-0.01158,18.625,0.4114,0.3817,0.328,-2.662,-2.192,-2.026,0.003728,1.301,2.463,0.7181,0.8005,0.0004773,90.402,4.406,4.464,0.0002009,2.042e-05,
C:\Users\sblee\Downloads\Aesthetics-Toolbox-main\split_2\artemis_niko-pirosmani_hen-with-her-chicks-1.jpg,3064,1.217,25.491,7.575,8.879,155.996,5.324,120.269,116.921,93.925,47.745,-2.581,13.26,0.1689,0.2561,0.4778,66.782,64.637,64.178,25.491,3.069,9.994,0.05984,0.1539,0.2598,53.731,5.658,0.01724,0.02243,10.265,0.4822,0.4789,0.44,-2.607,-1.815,-1.436,0.004813,1.477,2.584,0.8453,0.8413,0.0002655,95.046,4.381,4.483,0.0001526,1.491e-05,
C:\Users\sblee\Downloads\Aesthetics-Toolbox-main\split_2\artemis_niko-pirosmani_robbers-getting-ready-for-a-raid.jpg,3120,0.7952,25.394,7.18,4.584,77.259,6.313,105.569,109.065,105.67,44.476,-1.364,2.083,0.2301,0.2178,0.4628,58.001,64.554,73.89,25.394,3.497,12.049,0.2308,0.1297,0.2711,41.366,18.956,0.06729,0.06674,13.381,0.3836,0.3319,0.3013,-2.634,-1.882,-1.432,0.002014,1.357,2.481,0.674,0.7816,0.0003287,90.358,4.325,4.407,0.0002251,1.911e-05,
C:\Users\sblee\Downloads\Aesthetics-Toolbox-main\split_2\artemis_niko-pirosmani_sona-plays-accordion(1).jpg,3414,0.6801,26.237,7.746,3.042,129.34,5.046,132.929,113.642,90.265,47.983,4.377,15.844,0.0975,0.3516,0.5215,66.227,65.554,58.94,26.237,9.037,10.962,0.03599,0.1932,0.2596,22.507,5.81,-0.01375,0.02559,13.241,0.4337,0.4504,0.4101,-3.435,-1.999,-1.914,0.03808,1.225,2.365,0.7523,0.8036,0.0006775,97.698,4.087,4.322,0.0002313,1.773e-05,
C:\Users\sblee\Downloads\Aesthetics-Toolbox-main\split_2\artemis_niko-pirosmani_the-white-bear-with-cubs-1912.jpg,2943,1.13,19.601,7.478,11.32,93.279,5.986,105.186,101.096,98.513,42.378,1.567,1.619,0.9944,0.1857,0.4361,52.353,48.435,41.333,19.601,2.414,9.971,0.2885,0.1152,0.1849,37.34,13.88,0.01698,-0.06729,7.246,0.5241,0.3901,0.3865,-2.754,-1.439,-0.8183,0.03688,1.694,2.591,0.8059,0.8031,0.0001678,94.635,4.309,4.38,0.0001249,1.361e-05,
C:\Users\sblee\Downloads\Aesthetics-Toolbox-main\split_2\artemis_nikolai-ge_death-of-virginia-study.jpg,3281,1.374,14.608,7.209,8.263,70.216,5.167,122.308,108.91,80.327,46.208,1.059,18.065,0.1293,0.3612,0.4814,36.97,36.694,37.812,14.608,4.902,8.939,0.06486,0.1791,0.144,22.487,10.507,0.03344,0.04052,14.379,0.5589,0.4342,0.4071,-2.458,-1.148,-1.025,0.007034,1.672,2.681,0.8829,0.8374,0.0001453,96.381,3.904,4.266,0.0001385,1.487e-05,
C:\Users\sblee\Downloads\Aesthetics-Toolbox-main\split_2\artemis_nikolai-ge_gorge-in-the-mountains-of-carrara.jpg,3182,1.302,7.42,5.601,2.411,34.195,4.587,42.687,37.895,32.932,15.331,1.263,4.015,0.08521,0.1835,0.1681,20.216,16.271,12.962,7.42,3.381,4.715,0.07692,0.1525,0.07974,63.314,8.992,-0.035,0.02822,12.365,0.5359,0.4583,0.4244,-1.984,-1.533,-1.367,0.002575,1.44,2.466,0.7138,0.7767,0.0003368,91.717,3.729,4.218,0.0001503,1.315e-05,
C:\Users\sblee\Downloads\Aesthetics-Toolbox-main\split_2\artemis_nikolai-ge_the-judgment-of-the-sanhedrin.jpg,3466,1.508,10.071,6.97,4.615,59.24,4.877,79.405,54.327,40.745,25.212,9.212,12.781,0.06724,0.413,0.3117,37.131,18.969,11.693,10.071,8.716,10.373,0.05598,0.2102,0.1453,44.415,5.488,0.02063,0.01809,13.054,0.5402,0.5725,0.5098,-2.315,-1.854,-1.53,0.00226,1.617,2.592,0.8534,0.8483,0.0001652,97.108,4.333,4.486,0.0001143,9.664e-06,
C:\Users\sblee\Downloads\Aesthetics-Toolbox-main\split_2\artemis_nikolai-ge_young-italian-woman-in-a-folk-costume-study.jpg,3394,0.6869,18.567,7.142,3.826,63.669,4.775,169.623,168.825,98.261,67.33,-9.711,36.147,0.1703,0.4351,0.6865,44.637,49.616,35.223,18.567,8.18,11.377,0.03726,0.1306,0.1809,4.493,5.806,-0.0246,0.01541,12.481,0.5559,0.5074,0.4779,-2.764,-1.805,-1.501,0.004251,1.504,2.452,0.8203,0.7702,0.0002408,86.076,4.49,4.35,0.0001726,1.434e-05,
C:\Users\sblee\Downloads\Aesthetics-Toolbox-main\split_2\artemis_nikolaos-gyzis_flowers-1895.jpg,3309,0.7172,24.689,6.736,2.816,59.753,4.843,72.338,64.888,50.73,26.359,0.5149,9.289,0.187,0.2795,0.2899,68.877,58.384,47.024,24.689,4.698,8.63,0.1148,0.1402,0.2662,63.816,10.1,-0.006512,0.05008,22.147,0.3506,0.3308,0.3139,-2.975,-1.86,-1.576,0.003509,1.153,2.405,0.6725,0.7616,0.0003543,80.525,4.542,4.416,0.0001809,2.121e-05,
C:\Users\sblee\Downloads\Aesthetics-Toolbox-main\split_2\artemis_nikolaos-lytras_landscape.jpg,3561,1.577,20.484,7.507,8.272,109.122,5.138,148.304,124.723,82.276,52.961,3.674,25.701,0.115,0.4321,0.5844,62.691,49.949,46.086,20.484,6.345,17.997,0.06019,0.2166,0.2425,33.366,13.405,0.03832,0.05499,18.451,0.5545,0.5498,0.5189,-2.209,-1.994,-1.66,0.01835,1.498,2.591,0.8057,0.8471,0.0004124,94.786,3.782,4.224,0.0001008,1.589e-05,
C:\Users\sblee\Downloads\Aesthetics-Toolbox-main\split_2\artemis_nikolay-bogdanov-belsky_children-at-the-piano.jpg,3142,1.274,22.722,7.467,10.436,108.806,6.155,79.161,72.693,68.717,30.418,2.374,3.731,0.1646,0.2248,0.3285,56.04,55.405,54.731,22.722,9.182,7.733,0.1749,0.1681,0.2298,55.371,8.586,0.04091,0.01302,14.585,0.4302,0.4712,0.433,-2.339,-1.364,-1.145,0.006078,1.577,2.647,0.7454,0.8369,0.0002227,96.096,4.423,4.49,0.0001159,1.394e-05,
C:\Users\sblee\Downloads\Aesthetics-Toolbox-main\split_2\artemis_nikolay-bogdanov-belsky_country-children.jpg,3171,0.7725,26.497,7.589,5.844,123.338,5.685,137.948,129.835,91.732,53.074,-2.432,22.028,0.1575,0.404,0.5489,67.803,69.519,68.4,26.497,8.024,10.45,0.06771,0.2063,0.2624,54.593,11.155,-0.02967,0.04723,9.555,0.4675,0.4558,0.4379,-2.719,-1.742,-1.626,0.002955,1.422,2.482,0.771,0.8208,0.0003338,90.001,4.196,4.38,0.0001539,1.4e-05,
C:\Users\sblee\Downloads\Aesthetics-Toolbox-main\split_2\artemis_nikolay-bogdanov-belsky_inspiration.jpg,2992,0.8584,16.805,7.376,5.427,64.878,6.299,111.603,87.605,58.844,38.915,6.469,20.21,0.1261,0.4535,0.4547,54.894,39.905,26.575,16.805,14.175,16.612,0.1416,0.2281,0.2084,43.212,12.151,0.02894,0.05342,7.996,0.5326,0.4609,0.4431,-2.451,-1.784,-1.386,0.002958,1.504,2.568,0.7845,0.8064,0.0002353,92.34,4.352,4.462,0.0001449,1.641e-05,
C:\Users\sblee\Downloads\Aesthetics-Toolbox-main\split_2\artemis_nikolay-bogdanov-belsky_landscape.jpg,3096,1.24,21.435,7.437,6.754,103.81,7.434,175.626,175.215,168.447,71.12,0.1042,4.225,0.4323,0.2241,0.7508,52.36,59.381,70.665,21.435,12.641,17.643,0.2844,0.2129,0.2058,10.333,23.36,-0.04492,-0.1078,15.176,0.5586,0.4242,0.4203,-2.371,-1.858,-1.48,0.001349,1.469,2.563,0.6942,0.8339,0.0002535,89.495,4.524,4.536,0.0001332,1.244e-05,
C:\Users\sblee\Downloads\Aesthetics-Toolbox-main\split_2\artemis_nikolay-bogdanov-belsky_on-a-visit.jpg,3109,0.8002,21.548,7.641,5.773,111.796,7.036,97.015,103.159,91.795,42.206,-4.038,5.941,0.3216,0.2771,0.4381,55.289,54.774,48.549,21.548,12.079,7.588,0.2043,0.1497,0.2139,37.753,14.639,0.05282,0.05067,8.177,0.489,0.5029,0.4577,-2.856,-1.718,-1.548,0.007526,1.446,2.529,0.833,0.8185,0.0002298,95.535,4.319,4.433,0.0001308,1.441e-05,
C:\Users\sblee\Downloads\Aesthetics-Toolbox-main\split_2\artemis_nikolay-bogdanov-belsky_reading-the-newspaper-war-news.jpg,2979,0.8654,19.21,7.229,7.695,93.254,6.094,78.057,69.987,62.504,29.432,2.309,5.466,0.04868,0.2103,0.31,48.268,46.565,38.823,19.21,3.87,7.524,0.1535,0.1302,0.189,60.927,7.108,-0.02822,0.0216,9.836,0.5071,0.502,0.4839,-2.737,-1.363,-1.238,0.002431,1.541,2.562,0.8046,0.8369,0.0001737,91.114,4.497,4.518,0.0001185,1.186e-05,
C:\Users\sblee\Downloads\Aesthetics-Toolbox-main\split_2\artemis_nikolay-bogdanov-belsky_talant-and-admirer.jpg,3173,0.7716,12.573,6.762,8.296,69.273,6.076,54.832,65.102,50.065,25.874,-7.335,7.752,0.2947,0.2803,0.2583,29.501,30.286,24.617,12.573,4.034,5.401,0.09335,0.08296,0.1215,54.997,6.862,0.02243,0.02596,9.084,0.5295,0.5366,0.5097,-2.571,-1.298,-1.076,0.007113,1.742,2.604,0.7813,0.8351,9.624e-05,96.632,4.458,4.497,0.0001003,8.86e-06,
C:\Users\sblee\Downloads\Aesthetics-Toolbox-main\split_2\artemis_nikolay-bogdanov-belsky_teacher-visitors.jpg,3172,1.295,20.155,7.682,6.883,153.648,7.421,115.031,118.284,112.324,48.826,-1.489,3.164,0.3539,0.2474,0.5117,50.668,52.527,50.342,20.155,10.048,11.126,0.2638,0.1559,0.1982,33.957,6.81,-0.001676,0.03401,11.503,0.594,0.5593,0.5299,-2.512,-2.073,-1.941,0.06773,1.485,2.567,0.8119,0.8642,0.0002043,96.544,4.447,4.528,0.0001161,8.875e-06,
C:\Users\sblee\Downloads\Aesthetics-Toolbox-main\split_2\artemis_octav-bancila_can-cu-violete.jpg,2765,1.001,19.659,7.421,15.063,106.426,6.187,107.936,82.291,55.576,36.671,7.702,19.602,0.1055,0.4659,0.4295,55.204,48.924,43.837,19.659,12.523,15.553,0.08737,0.266,0.2143,56.959,8.539,0.0003615,-0.04269,9.291,0.609,0.5275,0.518,-2.092,-1.045,-0.9253,0.002766,1.747,2.64,0.8022,0.85,0.0001476,94.376,4.514,4.538,9.432e-05,1.205e-05,
C:\Users\sblee\Downloads\Aesthetics-Toolbox-main\split_2\artemis_odilon-redon_angel-in-chains.jpg,3038,1.198,18.364,7.15,6.5,58.565,5.82,98.162,59.151,56.93,29.499,16.618,9.243,0.9811,0.4385,0.3896,53.905,46.277,35.827,18.364,14.537,11.201,0.1176,0.1877,0.206,81.716,0.3623,0.001812,0.0,11.885,0.5011,0.4803,0.472,-2.58,-1.476,-0.9895,0.02487,1.549,2.567,0.748,0.7476,0.0002558,75.392,4.312,4.324,0.000172,1.476e-05,
C:\Users\sblee\Downloads\Aesthetics-Toolbox-main\split_2\artemis_odilon-redon_apollo-s-chariot-1.jpg,3612,0.6197,13.319,6.979,14.657,62.552,6.521,107.879,78.944,69.376,37.529,12.083,12.193,0.07282,0.4799,0.4687,46.9,38.263,38.322,13.319,18.261,19.904,0.2315,0.2564,0.1581,66.412,6.41,0.01809,0.02646,13.151,0.5817,0.501,0.4817,-2.178,-1.062,-0.5629,0.02122,1.921,2.74,0.8036,0.8286,8.982e-05,93.513,4.551,4.537,0.0001131,1.322e-05,
C:\Users\sblee\Downloads\Aesthetics-Toolbox-main\split_2\artemis_odilon-redon_brunhild-the-valkyrie.jpg,3073,1.224,23.38,7.749,9.299,84.564,6.739,100.161,138.374,146.009,55.155,-6.027,-7.111,0.509,0.5282,0.654,58.402,62.807,75.297,23.38,12.111,26.235,0.1985,0.235,0.2472,17.09,13.209,0.04406,-0.0492,10.029,0.6003,0.5118,0.4932,-2.052,-1.708,-1.189,0.03863,1.568,2.656,0.6864,0.8219,0.0001166,93.448,4.553,4.532,0.000155,1.206e-05,
C:\Users\sblee\Downloads\Aesthetics-Toolbox-main\split_2\artemis_odilon-redon_butterflies-1913.jpg,3219,0.7523,18.895,7.487,40.568,59.011,4.584,203.443,161.514,116.112,69.089,10.062,30.042,0.08931,0.4565,0.7979,46.762,54.327,51.415,18.895,11.651,8.836,0.03307,0.1772,0.1831,14.821,4.239,0.02098,-0.002994,9.657,0.5051,0.4865,0.4649,-1.914,-0.6238,-0.4756,0.02711,1.971,2.935,0.8525,0.7948,0.0002185,99.196,4.556,4.514,9.864e-05,1.157e-05,
C:\Users\sblee\Downloads\Aesthetics-Toolbox-main\split_2\artemis_odilon-redon_madness-1883.jpg,2979,0.8654,14.493,7.375,13.871,38.592,4.1,100.819,71.578,53.534,32.657,9.951,15.321,0.05659,0.4387,0.3954,45.331,31.043,20.976,14.493,4.931,9.647,0.02151,0.1299,0.1778,39.604,9.044,0.02967,-0.03413,12.931,0.5415,0.5524,0.5454,-2.311,-0.7088,-0.7267,0.03335,1.737,2.822,0.9253,0.8085,7.371e-05,94.473,4.447,4.361,0.0001205,9.982e-06,
C:\Users\sblee\Downloads\Aesthetics-Toolbox-main\split_2\artemis_odilon-redon_portrait-of-madame-redon-embroidering-1880.jpg,3358,0.6994,25.779,7.573,13.464,52.051,4.429,111.75,95.723,64.965,39.981,1.829,18.956,0.1113,0.3981,0.4387,71.734,61.007,41.98,25.779,4.061,13.68,0.02622,0.131,0.2817,32.969,26.68,-0.1302,0.02885,17.779,0.4754,0.5841,0.4652,-2.202,-0.9932,-0.6872,0.0406,1.545,2.746,0.835,0.8138,8.332e-05,92.57,4.405,4.427,8.104e-05,1.088e-05,
C:\Users\sblee\Downloads\Aesthetics-Toolbox-main\split_2\artemis_odilon-redon_portrait-of-yseult-fayet-1908.jpg,3075,1.225,18.931,7.567,5.479,82.598,6.56,132.131,123.402,99.563,51.721,1.133,14.257,0.1277,0.3868,0.563,54.492,48.021,52.165,18.931,11.553,23.182,0.1433,0.1782,0.1961,23.195,5.694,-0.007383,0.0275,11.258,0.4446,0.4682,0.4047,-2.614,-1.856,-1.576,0.003543,1.42,2.519,0.7371,0.8016,0.0002221,97.483,4.505,4.485,0.0001216,1.743e-05,
C:\Users\sblee\Downloads\Aesthetics-Toolbox-main\split_2\artemis_odilon-redon_the-departure.jpg,3564,0.6334,23.576,7.827,17.145,63.905,4.723,160.533,124.251,75.675,53.815,8.772,31.637,0.0928,0.5769,0.6296,59.306,62.353,50.689,23.576,7.738,10.4,0.02748,0.1791,0.2326,27.927,22.039,-0.02894,-0.1063,26.882,0.5035,0.485,0.4874,-2.401,-0.8474,-0.5401,0.0213,1.691,2.757,0.8594,0.8157,0.0001486,93.959,4.283,4.372,0.0001107,1.382e-05,
C:\Users\sblee\Downloads\Aesthetics-Toolbox-main\split_2\artemis_odilon-redon_the-druidess-1893.jpg,3055,0.8261,16.112,7.272,9.389,52.77,5.908,87.628,76.823,86.398,34.843,12.336,-3.331,0.7007,0.5556,0.4948,63.334,34.234,56.031,16.112,11.537,36.789,0.3404,0.2193,0.2307,60.424,5.699,-0.0275,-0.007472,12.066,0.4875,0.4528,0.3789,-1.937,-1.142,-0.8567,0.017,1.699,2.772,0.6617,0.778,0.0001481,86.893,4.327,4.44,0.000205,1.906e-05,
C:\Users\sblee\Downloads\Aesthetics-Toolbox-main\split_2\artemis_odilon-redon_the-laureate-head.jpg,2999,0.8547,31.003,7.842,29.931,61.052,4.513,142.514,128.528,83.153,52.329,-1.401,25.443,0.1422,0.4771,0.561,87.159,76.74,56.145,31.003,2.985,13.475,0.03755,0.2131,0.3394,31.126,24.775,-0.1129,0.05102,15.164,0.4791,0.5343,0.4203,-2.181,-0.6215,-0.452,0.0508,1.758,2.904,0.7598,0.8115,0.0001297,94.537,4.457,4.334,0.0001278,1.364e-05,
C:\Users\sblee\Downloads\Aesthetics-Toolbox-main\split_2\artemis_odilon-redon_the-winged-man-the-fallen-angel-1880.jpg,3325,1.406,22.287,7.475,7.202,51.214,6.371,126.292,154.56,107.9,59.961,-17.7007,21.356,0.2665,0.3536,0.6151,52.91,59.876,45.632,22.287,10.944,10.339,0.1024,0.08521,0.2293,10.036,12.074,-0.05687,-0.02026,12.989,0.5148,0.4595,0.4197,-2.688,-1.505,-0.9862,0.02953,1.521,2.599,0.7583,0.722,0.0001399,85.298,4.523,4.432,0.0002163,1.308e-05,
C:\Users\sblee\Downloads\Aesthetics-Toolbox-main\split_2\artemis_odilon-redon_vase-of-flowers-on-a-red-tablecloth.jpg,3205,0.7581,17.775,6.947,7.495,56.52,5.53,150.974,135.934,118.256,57.724,3.81,12.997,0.1534,0.2726,0.6085,41.99,51.203,57.083,17.775,16.592,13.052,0.09463,0.2756,0.1462,22.563,9.704,0.01013,-0.04745,13.65,0.567,0.3732,0.3617,-2.847,-1.226,-1.105,0.008636,1.32,2.591,0.8648,0.7535,0.0001286,89.161,4.555,4.469,0.0001867,2.022e-05,
C:\Users\sblee\Downloads\Aesthetics-Toolbox-main\split_2\artemis_olexandr-archipenko_king-solomon.jpg,3457,0.666,25.839,7.564,1.528,45.782,3.769,114.861,112.658,107.489,46.288,0.1341,3.484,0.1804,0.1635,0.4538,62.025,65.358,69.957,25.839,1.446,4.919,0.1693,0.2382,0.2478,57.785,12.877,0.02677,-0.05855,21.827,0.4362,0.2724,0.2571,-2.931,-1.943,-1.727,0.006965,1.048,2.316,0.5137,0.638,0.0008733,83.586,4.077,3.901,0.0004079,3.097e-05,
C:\Users\sblee\Downloads\Aesthetics-Toolbox-main\split_2\artemis_olga-rozanova_sideboard-with-dishes.jpg,3358,0.6994,23.434,7.277,5.604,75.399,5.841,124.735,97.654,95.901,43.337,11.634,5.824,0.9953,0.3063,0.507,61.371,60.437,61.554,23.434,9.17,13.717,0.1225,0.1913,0.2447,52.935,15.945,-0.07959,0.004555,16.745,0.3955,0.4557,0.4112,-3.006,-1.528,-1.345,0.004317,1.386,2.471,0.8589,0.7707,0.0001858,87.431,4.269,4.338,0.0001605,2.447e-05,
C:\Users\sblee\Downloads\Aesthetics-Toolbox-main\split_2\artemis_olivier-debre_pale-jaune.jpg,2764,1.0,8.634,6.188,1.356,23.834,3.131,178.438,169.73,87.55,68.567,-7.887,42.775,0.1494,0.5088,0.6998,21.953,23.734,20.621,8.634,3.096,9.687,0.01053,0.09919,0.08597,11.506,7.249,-0.01592,-0.03256,6.012,0.5672,0.5115,0.4981,-2.663,-1.627,-1.372,0.004894,1.197,2.476,0.4976,0.6062,0.0006649,84.146,3.776,3.712,0.0004822,1.493e-05,
C:\Users\sblee\Downloads\Aesthetics-Toolbox-main\split_2\artemis_olivier-debre_petite-langue-1985.jpg,3554,1.572,8.399,6.332,6.581,43.779,6.419,145.079,125.37,99.371,53.946,4.228,17.375,0.1192,0.3561,0.5904,35.476,22.339,22.09,8.399,11.232,10.984,0.1161,0.1465,0.1111,50.334,2.225,-0.004604,0.01013,12.938,0.5572,0.3793,0.377,-2.03,-1.758,-1.173,0.02139,1.793,2.72,0.759,0.7667,0.0002312,97.426,3.767,4.073,0.0001211,1.873e-05,
C:\Users\sblee\Downloads\Aesthetics-Toolbox-main\split_2\artemis_orest-kiprensky_blind-musician-1809.jpg,3508,0.65,22.372,7.288,12.693,116.355,4.911,187.955,177.98,149.3,72.027,-0.7206,16.575,0.1358,0.2663,0.7398,56.92,59.047,72.682,22.372,2.563,10.526,0.1203,0.195,0.2255,21.768,15.78,-0.04124,-0.06726,24.072,0.5904,0.4316,0.4189,-2.087,-1.731,-1.044,0.03004,1.664,2.736,0.7247,0.8611,0.0002668,93.865,4.544,4.494,0.0002047,1.29e-05,
C:\Users\sblee\Downloads\Aesthetics-Toolbox-main\split_2\artemis_orest-kiprensky_portrait-caricature-of-giacomo-quarenghi-1814.jpg,3027,0.8401,21.039,6.84,12.683,128.699,4.077,186.223,187.902,186.681,75.405,-0.8197,0.4799,0.3949,0.02411,0.7404,55.16,55.804,57.414,21.039,1.039,1.556,0.2174,0.01794,0.2199,11.459,22.114,-0.007236,-0.1103,18.183,0.5709,0.3896,0.3738,-2.018,-1.616,-0.9783,0.004075,1.677,2.779,0.5495,0.8797,0.000344,92.581,4.488,4.525,0.000316,1.502e-05,
C:\Users\sblee\Downloads\Aesthetics-Toolbox-main\split_2\artemis_orest-kiprensky_portrait-of-general-chaplits-1813.jpg,3126,0.7924,23.076,7.001,7.765,122.008,2.564,180.426,181.833,180.787,73.022,-0.6958,0.4072,0.3702,0.01809,0.7145,59.191,59.712,60.61,23.076,0.5912,0.8922,0.1635,0.02391,0.2349,16.65,3.584,0.007959,-0.01606,16.543,0.613,0.4887,0.4956,-2.249,-1.736,-1.595,0.005029,1.464,2.682,0.7035,0.8765,0.0001589,90.731,4.531,4.526,0.0002454,1.005e-05,
C:\Users\sblee\Downloads\Aesthetics-Toolbox-main\split_2\artemis_orest-kiprensky_portrait-of-ivan-aleksandrovich-annenkov.jpg,3220,0.751,24.988,7.615,14.421,81.142,4.883,148.028,151.216,143.956,61.062,-2.598,3.633,0.2635,0.07679,0.5936,64.475,64.676,67.706,24.988,1.273,2.898,0.1045,0.06511,0.254,34.858,18.87,-0.001086,-0.09434,22.287,0.4876,0.4268,0.3982,-2.62,-1.1,-1.004,0.009555,1.654,2.753,0.718,0.8215,0.0002239,95.414,4.483,4.433,0.0001949,1.335e-05,
C:\Users\sblee\Downloads\Aesthetics-Toolbox-main\split_2\artemis_orest-kiprensky_portrait-of-prince-pyotr-andreyevich-vyazemsky-1835.jpg,3095,0.8068,11.529,5.948,5.302,38.877,3.616,208.422,193.907,163.374,78.665,0.2215,17.203,0.113,0.2172,0.8173,32.459,30.55,26.46,11.529,0.6612,2.33,0.005343,0.02033,0.1273,10.212,1.015,0.004342,-0.002627,13.596,0.5255,0.4682,0.4969,-2.281,-1.25,-1.031,0.006765,1.316,2.701,0.6607,0.7873,0.0001552,80.012,4.422,4.436,0.0003766,1.245e-05,
C:\Users\sblee\Downloads\Aesthetics-Toolbox-main\split_2\artemis_oskar-kokoschka_not_detected_235844.jpg,3144,0.7843,27.811,7.594,7.932,177.286,4.182,153.159,160.029,159.172,64.052,-2.775,-0.3927,0.4806,0.08195,0.6301,74.222,71.044,71.707,27.811,1.986,1.363,0.09327,0.09255,0.2797,26.112,10.79,0.01737,0.05108,11.253,0.6239,0.6118,0.585,-2.54,-1.943,-1.889,0.02742,1.48,2.62,0.7991,0.8927,0.0002262,96.324,4.522,4.527,0.0002122,7.525e-06,
C:\Users\sblee\Downloads\Aesthetics-Toolbox-main\split_2\artemis_oskar-kokoschka_not_detected_235845.jpg,3113,0.7984,26.986,7.649,10.267,210.693,4.587,150.082,157.556,156.172,63.118,-3.078,-0.1766,0.4659,0.08247,0.6201,71.326,68.804,69.48,26.986,2.144,1.525,0.08371,0.08779,0.2703,23.167,6.477,0.0152,0.0286,10.193,0.629,0.6193,0.6188,-2.299,-2.169,-1.828,0.03318,1.539,2.734,0.7797,0.8881,0.0003142,96.835,4.481,4.515,0.000184,7.229e-06,
C:\Users\sblee\Downloads\Aesthetics-Toolbox-main\split_2\artemis_otto-dix_dedicated-to-the-dramatist-frank-wedekind.jpg,3337,0.7069,22.912,7.669,16.736,82.074,6.287,163.553,157.14,125.808,64.02,-1.357,16.403,0.1333,0.3052,0.6702,62.529,61.119,50.253,22.912,8.613,22.995,0.2157,0.2017,0.2246,19.898,13.214,0.04559,0.04783,11.008,0.4922,0.4074,0.4045,-2.567,-0.928,-0.9388,0.01112,1.65,2.697,0.7841,0.8025,8.391e-05,95.47,4.401,4.421,0.0001309,1.961e-05,
C:\Users\sblee\Downloads\Aesthetics-Toolbox-main\split_2\artemis_otto-dix_street-noise.jpg,3055,0.8261,36.0,7.273,29.7,200.239,4.791,153.858,158.197,155.785,62.599,-2.196,0.7249,0.3406,0.1048,0.6217,94.03,90.944,91.005,36.0,2.043,1.674,0.1593,0.1584,0.3562,23.317,6.761,0.006512,0.03317,11.776,0.5166,0.5331,0.5285,-2.449,-1.092,-1.075,0.008669,1.674,2.908,0.7902,0.8746,0.0002674,95.476,4.261,4.41,0.000187,1.156e-05,
C:\Users\sblee\Downloads\Aesthetics-Toolbox-main\split_2\artemis_otto-gustav-carlsund_still-life-with-bottle-and-green-pears-1932.jpg,3935,1.847,24.798,7.726,14.196,105.308,5.365,130.168,118.845,96.926,49.494,1.391,13.891,0.1307,0.3314,0.5313,67.036,61.104,59.208,24.798,9.369,9.538,0.1164,0.2048,0.2524,20.425,10.809,0.04367,-0.03184,18.117,0.5578,0.5489,0.4872,-1.637,-2.022,-1.712,0.05264,1.754,2.781,0.751,0.8133,0.0001953,98.005,4.262,4.4,0.0001157,1.405e-05,
C:\Users\sblee\Downloads\Aesthetics-Toolbox-main\split_2\artemis_pablo-picasso_a-driade-nude-in-the-forest-1908.jpg,3838,0.5627,21.52,7.714,9.955,105.704,4.961,143.104,91.02,62.781,43.18,18.146,24.418,0.05312,0.5483,0.5613,66.591,50.759,34.034,21.52,11.049,15.401,0.0379,0.1564,0.2609,33.838,5.339,0.005789,-0.02606,19.716,0.5001,0.4844,0.4935,-2.524,-1.566,-1.299,0.008686,1.657,2.665,0.8773,0.8096,0.0001488,97.547,4.367,4.368,0.0001464,1.81e-05,
C:\Users\sblee\Downloads\Aesthetics-Toolbox-main\split_2\artemis_pablo-picasso_bull-plate-viii-1946.jpg,3611,1.613,18.936,5.177,4.424,90.581,3.226,208.63,208.409,196.444,82.837,-2.03,5.988,0.1671,0.0658,0.8203,49.653,49.866,48.848,18.936,0.8674,1.729,0.02719,0.03264,0.1945,4.89,2.571,0.01009,0.007959,20.869,0.4356,0.3261,0.317,-2.102,-2.111,-1.915,0.003007,1.328,2.499,0.5726,0.7264,0.0006672,83.921,4.227,4.303,0.0004489,2.778e-05,
C:\Users\sblee\Downloads\Aesthetics-Toolbox-main\split_2\artemis_pablo-picasso_crouching-female-nude-1956.jpg,3232,0.747,21.843,7.516,12.246,114.446,5.595,110.815,91.157,64.731,39.284,4.867,18.425,0.1069,0.4713,0.4382,54.488,55.728,55.764,21.843,8.137,10.9,0.063,0.2582,0.2139,56.483,2.342,-0.006512,-0.00973,10.684,0.4376,0.4663,0.429,-2.797,-1.199,-1.04,0.01266,1.675,2.565,0.8182,0.8242,0.0002238,95.339,4.431,4.423,0.0001496,1.634e-05,
C:\Users\sblee\Downloads\Aesthetics-Toolbox-main\split_2\artemis_pablo-picasso_francoise-gilot-with-paloma-and-claude-1951.jpg,3144,1.277,30.7,7.777,6.337,182.263,6.949,156.546,134.202,101.22,57.236,6.621,20.02,0.1703,0.4913,0.6649,82.393,85.16,85.16,30.7,19.056,31.384,0.2104,0.3298,0.2913,27.684,3.876,-0.01049,-0.01629,11.578,0.4423,0.4318,0.4215,-2.656,-2.127,-1.901,0.008017,1.304,2.459,0.7301,0.8152,0.0006421,97.064,4.35,4.47,0.000187,3.06e-05,
C:\Users\sblee\Downloads\Aesthetics-Toolbox-main\split_2\artemis_pablo-picasso_glass-and-bottle-of-straw-rum-1914.jpg,2847,1.06,23.259,7.842,14.304,154.689,5.881,125.531,112.709,64.038,46.902,-1.325,28.191,0.1472,0.5449,0.5153,63.011,58.653,46.14,23.259,12.456,13.236,0.07257,0.1918,0.2444,29.818,6.758,-0.03379,0.0,4.34,0.5466,0.5351,0.5237,-2.458,-1.313,-1.44,0.0221,1.661,2.708,0.9124,0.849,0.0001185,98.798,4.423,4.494,0.0001253,1.18e-05,
C:\Users\sblee\Downloads\Aesthetics-Toolbox-main\split_2\artemis_pablo-picasso_glass-and-fruits-1908.jpg,3161,0.7768,16.092,7.21,12.619,64.894,6.23,90.02,71.231,46.754,31.561,4.574,17.929,0.1655,0.4843,0.3733,52.717,37.368,29.574,16.092,13.777,12.081,0.1351,0.2046,0.1891,52.099,6.21,0.005065,-0.03064,9.323,0.4897,0.4111,0.3887,-2.475,-1.102,-0.6512,0.01291,1.762,2.723,0.8754,0.7665,0.0001482,97.354,3.824,4.038,0.0001441,2.252e-05,
C:\Users\sblee\Downloads\Aesthetics-Toolbox-main\split_2\artemis_pablo-picasso_guitar-sheet-music-and-wine-glass-1912.jpg,3283,0.727,17.704,7.092,9.926,85.52,4.401,180.793,140.831,80.41,61.434,10.337,38.089,0.107,0.6365,0.7427,55.385,49.411,54.152,17.704,15.284,18.675,0.1002,0.1796,0.1762,51.244,6.746,0.02967,-0.01604,13.927,0.5193,0.4848,0.4307,-2.35,-1.158,-0.8935,0.01153,1.7,2.63,0.8636,0.7661,0.0002311,98.847,4.058,4.218,0.0001912,2.692e-05,
C:\Users\sblee\Downloads\Aesthetics-Toolbox-main\split_2\artemis_pablo-picasso_life-1903.jpg,3483,0.6578,19.169,7.597,14.202,101.576,5.529,75.168,119.711,124.13,46.865,-12.9381,-7.406,0.5054,0.4743,0.5073,51.074,49.355,41.779,19.169,4.613,10.106,0.07845,0.1686,0.185,50.186,8.589,0.03763,0.0207,14.161,0.5417,0.5429,0.5031,-2.76,-0.8567,-1.133,0.002772,1.724,2.721,0.904,0.8042,9.057e-05,94.725,4.104,4.326,0.0001783,1.153e-05,
C:\Users\sblee\Downloads\Aesthetics-Toolbox-main\split_2\artemis_pablo-picasso_minotaur-attacking-an-amazone.jpg,3193,1.312,37.705,6.92,15.423,299.83,5.186,160.571,162.511,161.251,64.282,-0.8608,0.4868,0.382,0.08451,0.6425,94.089,95.937,96.932,37.705,1.728,1.855,0.2369,0.1454,0.3747,17.566,10.956,-0.01987,-0.05105,8.711,0.6211,0.631,0.6117,-2.095,-2.225,-1.957,0.01209,1.553,2.798,0.7821,0.8999,0.0003325,98.565,4.559,4.536,0.0001794,7.455e-06,
C:\Users\sblee\Downloads\Aesthetics-Toolbox-main\split_2\artemis_pablo-picasso_nude-with-towel-1907.jpg,3217,0.7531,22.816,7.648,10.989,105.501,5.938,114.269,91.03,48.043,39.537,5.509,26.321,0.1352,0.6224,0.4717,67.894,54.322,45.302,22.816,12.175,22.128,0.1367,0.2524,0.2562,27.991,17.304,-0.04848,-0.07166,16.361,0.4849,0.4326,0.4378,-2.485,-1.375,-1.059,0.00217,1.612,2.649,0.8105,0.8154,0.000231,96.421,4.39,4.396,0.0001393,1.991e-05,
C:\Users\sblee\Downloads\Aesthetics-Toolbox-main\split_2\artemis_pablo-picasso_portrait-of-a-tailor-soler-1903.jpg,3348,0.703,15.155,6.146,4.763,45.576,5.43,32.65,39.508,43.215,14.888,-1.127,-3.421,0.6258,0.2949,0.1804,35.477,36.503,30.618,15.155,4.144,7.152,0.1345,0.1986,0.152,86.843,7.018,-0.02822,-0.02085,12.124,0.4948,0.3294,0.2846,-2.382,-1.867,-1.428,0.01845,1.547,2.545,0.7833,0.739,0.0001534,77.256,4.515,4.451,0.0001108,1.553e-05,
C:\Users\sblee\Downloads\Aesthetics-Toolbox-main\split_2\artemis_pablo-picasso_portrait-of-igor-stravinsky-1920.jpg,3117,0.7965,14.739,5.962,8.742,98.966,3.528,232.699,196.648,162.155,81.353,7.953,22.076,0.07993,0.3134,0.9127,39.981,37.654,34.234,14.739,2.748,5.317,0.027,0.09361,0.1568,0.5187,9.511,-0.0007236,-0.04755,10.812,0.4994,0.4162,0.4052,-1.528,-1.487,-1.068,0.008574,1.645,2.523,0.7242,0.8531,0.0003127,95.661,4.385,4.515,0.0002391,3.137e-05,
C:\Users\sblee\Downloads\Aesthetics-Toolbox-main\split_2\artemis_pablo-picasso_portrait-of-paulo-artist-s-son-1923.jpg,3117,0.7965,15.873,7.198,12.255,75.993,5.379,191.876,178.561,144.567,72.787,-0.281,19.252,0.138,0.2613,0.7564,41.949,42.961,42.913,15.873,4.691,8.392,0.06575,0.1429,0.1612,15.295,3.979,-0.01954,-0.003746,9.968,0.5647,0.4186,0.4071,-2.493,-1.032,-0.9923,0.003904,1.743,2.745,0.7917,0.7822,0.0001768,95.806,4.45,4.302,0.0001775,1.886e-05,
C:\Users\sblee\Downloads\Aesthetics-Toolbox-main\split_2\artemis_pablo-picasso_seated-woman-with-her-legs-crossed-1906.jpg,3575,0.6302,19.571,7.618,22.387,62.923,5.594,140.935,113.471,97.922,49.462,8.889,12.369,0.01536,0.3016,0.5548,58.132,48.23,37.684,19.571,5.19,13.836,0.1052,0.1742,0.2257,43.143,1.941,-0.008683,-0.004332,14.573,0.4368,0.4353,0.414,-2.814,-0.6576,-0.7516,0.0171,1.811,2.801,0.9196,0.8001,0.0001475,94.784,4.43,4.388,0.0001334,1.718e-05,
C:\Users\sblee\Downloads\Aesthetics-Toolbox-main\split_2\artemis_pablo-picasso_self-portrait-1906-1.jpg,3328,0.7102,14.227,7.028,7.283,73.386,4.022,192.116,159.497,123.029,67.487,7.049,23.553,0.09154,0.3592,0.7541,40.587,36.897,33.079,14.227,4.9,7.588,0.04436,0.1071,0.1572,10.231,5.768,-0.01085,-0.02672,12.514,0.5762,0.4841,0.4616,-2.226,-1.956,-1.49,0.007146,1.66,2.637,0.8376,0.7779,0.0001694,96.418,4.463,4.254,0.0001262,1.365e-05,
C:\Users\sblee\Downloads\Aesthetics-Toolbox-main\split_2\artemis_pablo-picasso_standing-nude-1908.jpg,3155,0.7795,18.603,6.308,7.93,66.313,5.29,51.002,34.152,18.8,14.778,5.65,11.024,0.123,0.4745,0.2028,62.064,38.052,17.673,18.603,9.434,17.333,0.1322,0.2405,0.2416,69.488,1.192,-0.005789,-0.00141,17.916,0.5127,0.4785,0.4785,-2.568,-1.342,-1.137,0.02627,1.521,2.601,0.7797,0.8071,0.0001694,83.464,4.464,4.344,0.0001131,1.683e-05,
C:\Users\sblee\Downloads\Aesthetics-Toolbox-main\split_2\artemis_pablo-picasso_still-life-with-stone-1924.jpg,3239,1.344,28.181,7.761,9.81,123.169,6.646,106.941,103.664,79.313,42.666,-0.3537,14.149,0.1662,0.4856,0.4842,74.436,70.798,66.982,28.181,11.883,22.361,0.1767,0.2217,0.2908,28.916,12.455,0.002423,0.06223,13.764,0.4219,0.4114,0.3574,-2.71,-1.655,-1.091,0.01219,1.471,2.522,0.7941,0.7876,0.0003794,97.829,3.77,4.076,0.0002119,3.436e-05,
C:\Users\sblee\Downloads\Aesthetics-Toolbox-main\split_2\artemis_pablo-picasso_studio-pigeons-velazquez-1957-3.jpg,3105,0.8021,26.597,7.896,15.968,210.12,6.578,119.89,113.176,87.822,46.694,0.2149,14.315,0.1466,0.3777,0.5073,68.483,66.629,72.59,26.597,8.113,22.667,0.1604,0.2618,0.2865,29.602,3.882,0.007959,0.0177,6.291,0.5587,0.5613,0.5326,-2.574,-1.213,-1.184,0.007621,1.669,2.709,0.8057,0.8618,0.0002251,99.063,4.208,4.442,0.000125,1.157e-05,
C:\Users\sblee\Downloads\Aesthetics-Toolbox-main\split_2\artemis_pablo-picasso_two-naked-women-1906.jpg,3461,0.6647,24.435,7.75,21.993,121.875,2.655,132.63,133.593,129.599,54.491,-1.136,2.033,0.2048,0.05396,0.5242,60.373,60.543,60.615,24.435,0.6097,0.9173,0.05771,0.08056,0.2374,13.846,8.917,-0.002894,0.04449,9.132,0.57,0.5401,0.5179,-2.495,-1.088,-0.8374,0.03942,1.814,2.805,0.9371,0.8356,8.191e-05,95.548,4.418,4.43,0.0001419,1.436e-05,
C:\Users\sblee\Downloads\Aesthetics-Toolbox-main\split_2\artemis_pablo-picasso_untitled-1970.jpg,3198,1.314,33.496,7.806,46.208,128.94,5.41,124.163,124.825,120.348,50.178,-1.097,2.39,0.1958,0.1412,0.4938,84.148,84.633,85.173,33.496,1.614,2.363,0.1517,0.2285,0.3314,31.264,3.953,-0.01487,0.01302,12.039,0.6567,0.6488,0.6658,-1.134,-1.59,-0.6965,0.1031,1.903,3.003,0.893,0.8836,0.0001927,99.136,4.552,4.54,0.0001061,4.246e-06,
C:\Users\sblee\Downloads\Aesthetics-Toolbox-main\split_2\artemis_pablo-picasso_young-naked-girl-with-flower-basket-1905.jpg,4715,0.4146,18.973,7.566,28.579,47.972,6.27,124.459,117.26,118.145,49.51,3.665,0.4297,0.726,0.2306,0.5353,54.53,47.128,42.317,18.973,5.837,13.26,0.2726,0.1349,0.198,36.733,5.143,-0.007959,-0.02445,25.073,0.4795,0.4233,0.4007,-2.879,-0.4858,-0.7008,0.003703,1.922,2.892,0.9425,0.7666,0.0001195,97.488,4.298,4.282,0.0001526,1.551e-05,
C:\Users\sblee\Downloads\Aesthetics-Toolbox-main\split_2\artemis_paolo-uccello_christ-on-cross-1438.jpg,3549,1.568,23.92,7.169,4.552,118.286,4.932,143.765,102.26,86.373,46.139,14.538,15.32,0.03609,0.3785,0.5638,70.663,56.362,45.121,23.92,8.715,9.662,0.03837,0.1377,0.277,23.262,1.011,-0.004845,-0.001447,13.954,0.5813,0.4611,0.4458,-2.953,-2.003,-1.816,0.002282,1.319,2.465,0.7721,0.8428,0.0002764,93.832,4.227,4.409,0.0001655,1.656e-05,
C:\Users\sblee\Downloads\Aesthetics-Toolbox-main\split_2\artemis_paolo-uccello_oculus-depicting-the-nativity-1443.jpg,2793,1.021,29.874,7.334,14.345,229.271,6.331,83.752,75.85,51.064,31.032,0.3056,14.44,0.1841,0.528,0.3515,81.829,73.004,58.761,29.874,9.85,18.946,0.1329,0.2554,0.3212,56.316,1.644,0.003898,-0.007236,9.65,0.6943,0.6928,0.6879,-2.088,-1.677,-1.358,0.02179,1.656,2.76,0.7988,0.887,0.0003043,95.915,4.398,4.494,0.0001467,1.477e-05,
C:\Users\sblee\Downloads\Aesthetics-Toolbox-main\split_2\artemis_paolo-uccello_saints-and-two-children-1445.jpg,4600,0.4295,21.441,4.642,1.744,45.605,3.308,95.019,67.815,57.658,30.615,9.676,10.164,0.01682,0.2191,0.3733,74.437,43.908,31.099,21.441,12.898,12.793,0.0665,0.2481,0.2915,52.586,17.651,-0.0007236,0.08825,19.055,0.4053,0.2227,0.2065,-2.934,-1.915,-1.714,0.002785,1.088,2.137,0.5521,0.6869,0.0004194,90.735,4.045,3.976,0.0002939,2.926e-05,
C:\Users\sblee\Downloads\Aesthetics-Toolbox-main\split_2\artemis_paolo-uccello_the-adoration-of-the-child-1463.jpg,2938,0.8882,16.104,7.372,7.022,82.259,4.924,98.977,76.694,61.587,34.013,7.055,12.308,0.0663,0.3436,0.3883,49.147,36.26,27.663,16.104,6.731,9.478,0.04514,0.1466,0.1926,47.926,6.932,0.01809,-0.02956,8.538,0.5586,0.5832,0.545,-2.417,-1.569,-1.167,0.002969,1.564,2.597,0.8965,0.8459,0.0001886,94.162,4.478,4.48,0.0001042,1.088e-05,
C:\Users\sblee\Downloads\Aesthetics-Toolbox-main\split_2\artemis_paolo-veronese_adoration-of-the-magi-1573.jpg,2893,0.9146,19.016,7.45,8.338,113.178,5.175,84.232,64.36,52.507,28.368,6.904,10.268,0.0635,0.426,0.3319,48.389,44.574,39.226,19.016,5.604,7.36,0.06824,0.1877,0.1913,40.498,12.319,0.02098,0.05791,9.359,0.5339,0.5364,0.4979,-2.597,-1.443,-1.224,0.002866,1.562,2.584,0.8269,0.8597,0.0001635,96.376,4.507,4.547,0.0001284,1.025e-05,
C:\Users\sblee\Downloads\Aesthetics-Toolbox-main\split_2\artemis_paolo-veronese_ceiling-of-the-sala-dell-olimpo.jpg,2932,0.8916,21.416,7.751,10.537,168.618,5.213,135.588,119.117,112.273,50.563,5.473,6.217,0.04151,0.2189,0.5358,54.518,53.456,52.628,21.416,3.451,6.625,0.08395,0.1354,0.2122,32.257,2.027,0.007236,-0.007097,5.515,0.6603,0.6928,0.636,-2.595,-1.414,-1.231,0.004829,1.58,2.62,0.8048,0.8746,0.0003058,98.882,3.979,4.288,0.0001494,7.786e-06,
C:\Users\sblee\Downloads\Aesthetics-Toolbox-main\split_2\artemis_paolo-veronese_mars-and-venus-united-by-love.jpg,3158,0.7782,15.961,7.242,3.961,84.803,5.798,66.944,59.719,42.588,24.876,0.4257,11.361,0.1302,0.4296,0.2709,40.425,36.682,31.7,15.961,4.777,8.045,0.1022,0.1684,0.1586,50.812,5.067,-0.01592,-0.01971,12.137,0.4709,0.447,0.4686,-2.842,-1.932,-1.662,0.002484,1.415,2.447,0.7909,0.8366,0.0002558,95.47,4.346,4.478,0.0001442,1.488e-05,
C:\Users\sblee\Downloads\Aesthetics-Toolbox-main\split_2\artemis_paolo-veronese_portrait-of-mehmed-ii.jpg,3208,0.7568,22.181,7.309,6.691,57.028,4.45,102.899,85.682,65.024,36.567,3.901,14.051,0.08816,0.3284,0.4036,62.961,53.458,36.9,22.181,4.623,11.183,0.03003,0.1317,0.2469,51.527,20.083,-0.04703,0.08872,12.626,0.4817,0.4776,0.456,-2.336,-1.499,-0.9926,0.01804,1.405,2.613,0.8778,0.8071,0.0001697,85.371,4.363,4.367,0.0001092,1.354e-05,
C:\Users\sblee\Downloads\Aesthetics-Toolbox-main\split_2\artemis_paolo-veronese_the-holy-family.jpg,2896,1.096,19.504,7.599,8.091,103.099,5.199,108.971,84.958,68.166,37.483,7.641,13.672,0.0753,0.3851,0.4286,52.872,47.491,42.52,19.504,7.681,7.868,0.04991,0.1763,0.2068,57.47,6.74,0.02378,0.02388,10.914,0.5069,0.5345,0.503,-2.672,-1.429,-1.294,0.002963,1.6,2.589,0.8827,0.8327,0.0001707,96.156,4.541,4.479,0.0001426,1.177e-05,
C:\Users\sblee\Downloads\Aesthetics-Toolbox-main\split_2\artemis_paolo-veronese_vulcan-and-venus-1561.jpg,3718,1.69,20.787,7.677,7.867,117.383,4.715,132.836,111.259,102.338,47.974,7.455,8.451,0.0423,0.2736,0.521,50.898,52.467,53.426,20.787,4.297,6.119,0.03479,0.1822,0.1995,39.803,3.058,0.001712,-0.0152,15.456,0.5853,0.5443,0.5259,-2.646,-1.567,-1.359,0.00445,1.508,2.57,0.8191,0.8407,0.0002759,96.562,4.5,4.479,0.0001568,1.182e-05,
C:\Users\sblee\Downloads\Aesthetics-Toolbox-main\split_2\artemis_park-seo-bo_ecriture-no-060805.jpg,3184,1.304,8.172,6.034,2.976,118.736,3.662,137.936,151.674,171.882,62.184,-0.3574,-12.2474,0.6001,0.2036,0.674,24.471,21.093,17.0,8.172,1.213,3.65,0.01405,0.07552,0.06667,9.875,1.165,0.003885,-0.004342,6.929,0.8198,0.7946,0.7847,-1.961,-1.679,-1.791,0.1421,1.497,2.324,0.871,0.6921,0.001033,99.719,1.777,1.839,0.0002471,5.01e-06,
C:\Users\sblee\Downloads\Aesthetics-Toolbox-main\split_2\artemis_parmigianino_circe-and-the-companions-of-ulysses.jpg,3084,1.232,13.081,6.876,9.931,77.502,5.205,189.253,160.063,120.155,67.335,5.25,24.962,0.09719,0.3783,0.7422,32.789,35.312,34.427,13.081,3.238,3.918,0.01062,0.09803,0.1286,16.383,5.531,-0.002938,-0.0275,8.047,0.6095,0.5789,0.5747,-2.338,-1.235,-0.9722,0.01205,1.684,2.681,0.7804,0.8406,0.0001481,92.479,4.451,4.515,0.0001487,1.124e-05,
C:\Users\sblee\Downloads\Aesthetics-Toolbox-main\split_2\artemis_parmigianino_diogenes.jpg,3390,0.6882,17.3,7.468,17.294,129.096,4.155,136.278,125.675,103.532,52.515,0.336,13.727,0.1141,0.2704,0.5347,44.513,43.97,45.087,17.3,1.814,3.074,0.02504,0.1038,0.175,36.108,3.423,0.01664,-0.003984,11.435,0.5941,0.5871,0.5666,-2.254,-1.083,-0.9347,0.003213,1.819,2.787,0.8468,0.8416,0.0002111,98.938,3.934,4.216,0.0001546,1.199e-05,
C:\Users\sblee\Downloads\Aesthetics-Toolbox-main\split_2\artemis_parmigianino_portrait-of-a-young-lady-1537.jpg,4061,0.5159,10.807,6.36,4.075,49.596,5.048,103.256,70.078,71.367,33.28,14.581,4.767,0.9788,0.3476,0.405,32.597,25.825,15.721,10.807,5.307,8.296,0.04339,0.0881,0.1278,72.433,3.157,0.0123,-0.009892,18.628,0.5217,0.4759,0.4594,-2.377,-1.836,-1.538,0.003897,1.559,2.551,0.8114,0.7832,0.000217,89.676,4.124,4.313,0.0001278,1.24e-05,
C:\Users\sblee\Downloads\Aesthetics-Toolbox-main\split_2\artemis_patrick-caulfield_coloured-still-life-1967.jpg,3649,1.64,8.77,4.968,1.355,33.219,2.644,58.685,78.437,114.325,35.959,7.994,-18.5069,0.5902,0.717,0.5431,56.419,26.391,45.653,8.77,20.942,28.582,0.1592,0.154,0.1459,1.006,1.287,-0.006396,-0.0007236,13.168,0.3291,0.4818,0.3084,-2.247,-1.759,-1.636,0.09499,1.322,2.477,0.4032,0.5601,0.0008288,99.926,4.258,4.384,0.0009868,2.898e-05,
C:\Users\sblee\Downloads\Aesthetics-Toolbox-main\split_2\artemis_paul-cezanne_cote-du-galet-at-pontoise.jpg,3054,1.21,21.284,7.737,13.503,137.929,6.927,94.416,117.534,81.588,46.244,-14.7426,16.963,0.3154,0.4334,0.4745,64.918,51.79,47.637,21.284,10.418,14.679,0.1285,0.1952,0.2174,44.478,11.022,-0.02333,0.04993,10.564,0.5876,0.5858,0.5789,-2.398,-1.503,-1.004,0.01058,1.699,2.63,0.9093,0.8565,0.000141,96.807,4.403,4.518,8.602e-05,9.103e-06,
C:\Users\sblee\Downloads\Aesthetics-Toolbox-main\split_2\artemis_paul-cezanne_fisherman-on-the-rocks.jpg,4663,2.374,13.278,7.08,12.614,72.779,6.317,76.581,72.751,52.596,30.435,-1.664,12.509,0.1704,0.3425,0.3116,33.891,31.482,26.722,13.278,5.655,9.139,0.1158,0.1951,0.129,41.484,4.06,-0.01052,-0.01737,20.528,0.633,0.5815,0.5656,-2.245,-1.427,-0.7387,0.01248,1.852,2.691,0.8674,0.8374,0.0001909,98.847,4.369,4.499,8.701e-05,8.703e-06,
C:\Users\sblee\Downloads\Aesthetics-Toolbox-main\split_2\artemis_paul-cezanne_flowers-in-an-olive-jar.jpg,3270,0.732,20.403,7.661,9.406,100.272,6.553,116.837,100.724,86.996,43.258,5.06,10.548,0.07216,0.3229,0.4731,51.348,50.629,54.367,20.403,9.023,13.88,0.1731,0.2231,0.2094,33.325,14.015,-0.05499,0.04343,10.825,0.5508,0.4276,0.4069,-2.758,-1.299,-1.151,0.005191,1.646,2.602,0.7877,0.821,0.0001418,95.813,4.54,4.519,0.000128,1.456e-05,
C:\Users\sblee\Downloads\Aesthetics-Toolbox-main\split_2\artemis_paul-cezanne_medea-1882.jpg,3556,0.6357,19.075,7.627,7.177,132.842,5.855,130.611,133.003,87.587,53.827,-7.835,24.069,0.189,0.4265,0.537,50.211,47.955,57.355,19.075,7.116,13.387,0.08117,0.256,0.1887,28.165,6.467,0.0275,-0.01702,14.634,0.5409,0.5335,0.5463,-2.602,-1.91,-1.642,0.001512,1.493,2.532,0.8827,0.8467,0.0001867,98.579,4.457,4.52,0.0001309,9.67e-06,
C:\Users\sblee\Downloads\Aesthetics-Toolbox-main\split_2\artemis_paul-cezanne_mont-sainte-victoire-1897.jpg,3111,1.251,18.291,7.59,5.616,114.214,7.346,115.519,107.188,91.812,45.601,1.9,10.282,0.2431,0.3725,0.5134,60.721,43.022,51.786,18.291,14.119,20.555,0.2714,0.1979,0.2233,31.951,12.804,-0.006651,0.06368,13.498,0.5503,0.5158,0.488,-2.83,-1.8,-1.537,0.001448,1.444,2.481,0.8302,0.8457,0.0002282,96.509,4.54,4.543,0.0001186,1.317e-05,
C:\Users\sblee\Downloads\Aesthetics-Toolbox-main\split_2\artemis_paul-cezanne_portrait-of-anthony-valabregue.jpg,3060,0.8236,17.591,6.821,4.982,56.35,4.659,54.401,52.733,54.711,21.694,1.354,-1.111,0.6388,0.2359,0.2378,49.664,39.917,32.259,17.591,4.236,7.299,0.1309,0.1843,0.1861,85.159,16.437,0.009407,0.08164,9.458,0.5983,0.4737,0.4501,-2.936,-1.438,-1.271,0.008712,1.512,2.529,0.7578,0.7663,0.0001394,64.077,4.514,4.353,0.0001312,1.052e-05,
C:\Users\sblee\Downloads\Aesthetics-Toolbox-main\split_2\artemis_paul-cezanne_road-at-pontoise-1875.jpg,3098,1.242,17.897,6.65,2.825,71.124,5.337,106.725,105.735,81.952,43.677,-3.672,13.445,0.1869,0.2461,0.434,49.404,46.038,44.748,17.897,5.13,10.515,0.08582,0.1444,0.1919,88.557,0.9763,-0.004662,-0.001447,8.273,0.4922,0.5285,0.4566,-3.08,-1.575,-1.441,0.03336,1.259,2.471,0.7542,0.7241,0.0005878,89.142,3.196,3.518,0.0001778,2.986e-05,
C:\Users\sblee\Downloads\Aesthetics-Toolbox-main\split_2\artemis_paul-cezanne_road-trees-and-lake.jpg,3122,0.7943,20.674,7.616,10.477,102.602,5.898,91.055,84.038,64.044,35.007,-0.247,12.607,0.1323,0.3307,0.3645,51.846,50.538,45.335,20.674,5.951,9.967,0.08071,0.1621,0.207,52.488,6.694,0.01809,0.02816,11.942,0.578,0.5493,0.5308,-2.416,-1.288,-1.108,0.004008,1.676,2.652,0.8238,0.8433,0.0001548,92.627,4.382,4.487,0.0001052,1.056e-05,
C:\Users\sblee\Downloads\Aesthetics-Toolbox-main\split_2\artemis_paul-cezanne_table-napkin-and-fruit.jpg,3067,1.219,20.62,7.657,7.675,128.438,6.34,130.923,124.16,73.587,51.247,-3.903,27.814,0.1792,0.4846,0.5454,57.708,53.039,51.386,20.62,13.097,16.524,0.08675,0.2535,0.214,29.161,4.727,0.01217,-0.02026,7.333,0.5121,0.5058,0.5022,-2.652,-1.772,-1.421,0.002329,1.526,2.481,0.7741,0.8246,0.0002506,98.591,4.522,4.481,0.0001252,1.376e-05,
C:\Users\sblee\Downloads\Aesthetics-Toolbox-main\split_2\artemis_paul-cezanne_the-lion-and-the-basin-at-jas-de-bouffan-1866.jpg,3497,1.53,12.612,6.383,8.074,69.74,5.111,43.92,37.386,27.207,15.049,1.158,7.269,0.1462,0.3063,0.1754,38.349,26.677,17.756,12.612,7.206,9.21,0.07773,0.1998,0.1506,79.797,1.154,-0.004492,0.003618,12.9,0.5432,0.5246,0.4963,-2.221,-1.497,-1.248,0.0106,1.736,2.596,0.8551,0.823,0.0001846,93.544,4.369,4.477,9.652e-05,1.444e-05,
C:\Users\sblee\Downloads\Aesthetics-Toolbox-main\split_2\artemis_paul-cezanne_three-skulls-on-a-patterned-carpet.jpg,3066,1.219,15.438,6.962,10.989,68.535,5.483,64.431,48.543,39.619,21.178,5.651,7.988,0.05292,0.3205,0.2537,46.815,33.048,23.885,15.438,7.826,10.382,0.08264,0.1964,0.1835,59.561,4.869,-0.004751,0.02388,12.009,0.5536,0.5233,0.5073,-2.533,-1.04,-0.9069,0.01965,1.745,2.642,0.8781,0.8325,0.0001102,95.125,4.547,4.507,0.000102,1.453e-05,
C:\Users\sblee\Downloads\Aesthetics-Toolbox-main\split_2\artemis_paul-gauguin_conversation-1885.jpg,3090,1.236,17.98,7.511,16.592,104.833,4.637,141.388,107.522,67.694,47.419,8.671,27.148,0.08942,0.5332,0.5545,49.826,44.658,33.687,17.98,6.724,10.32,0.02561,0.1404,0.1953,31.034,6.479,0.02108,0.0246,9.399,0.6244,0.6099,0.5968,-2.086,-1.12,-0.9265,0.005245,1.813,2.757,0.9047,0.8734,7.402e-05,97.537,4.505,4.549,9.204e-05,7.222e-06,
C:\Users\sblee\Downloads\Aesthetics-Toolbox-main\split_2\artemis_paul-gauguin_horse-and-cow-in-a-meadow-1885.jpg,3065,1.218,14.556,7.217,17.454,82.937,4.254,133.253,104.105,45.093,45.451,4.936,36.196,0.1118,0.668,0.5227,41.686,35.11,24.147,14.556,5.754,10.895,0.0201,0.135,0.1634,16.371,1.765,-0.005051,-0.007236,5.199,0.5991,0.6243,0.6037,-2.124,-0.9462,-0.7119,0.02355,1.945,2.7,0.9074,0.8466,0.0001001,99.555,4.419,4.499,8.953e-05,7.882e-06,
C:\Users\sblee\Downloads\Aesthetics-Toolbox-main\split_2\artemis_paul-gauguin_nativity-1896.jpg,3312,1.397,21.661,7.291,3.708,81.346,5.118,103.493,85.159,39.32,36.297,2.59,27.279,0.09604,0.5888,0.4129,49.749,57.853,18.342,21.661,11.578,20.207,0.04635,0.1386,0.2074,60.031,14.497,0.01503,-0.07091,11.563,0.4686,0.402,0.3967,-2.916,-1.832,-1.634,0.003615,1.29,2.462,0.7503,0.8103,0.0002323,88.051,4.177,4.373,0.0001528,1.48e-05,
C:\Users\sblee\Downloads\Aesthetics-Toolbox-main\split_2\artemis_paul-gauguin_portrait-of-philibert-favre-1885.jpg,3282,0.7274,18.645,7.569,26.407,65.379,5.024,136.446,88.807,67.371,41.936,17.295,20.132,0.03848,0.5066,0.5352,55.526,44.181,35.893,18.645,7.885,12.679,0.04387,0.1678,0.2176,40.337,7.136,0.01013,0.03421,11.354,0.6384,0.6242,0.6198,-1.929,-0.7134,-0.31,0.05382,1.968,2.854,0.9059,0.8467,9.276e-05,97.005,4.536,4.51,9.306e-05,9.971e-06,
C:\Users\sblee\Downloads\Aesthetics-Toolbox-main\split_2\artemis_paul-gauguin_pots-and-boquets-1886.jpg,3030,1.192,23.653,7.756,12.49,85.893,5.187,150.754,104.402,65.604,47.559,14.596,28.853,0.07097,0.5891,0.5912,62.369,61.124,44.776,23.653,12.662,13.932,0.03702,0.1765,0.2446,29.684,19.688,-0.002427,0.09841,15.022,0.5108,0.4894,0.4732,-2.473,-1.073,-0.9594,0.01245,1.653,2.684,0.8012,0.808,0.0001455,95.254,4.294,4.404,0.0001243,1.497e-05,
C:\Users\sblee\Downloads\Aesthetics-Toolbox-main\split_2\artemis_paul-gauguin_returning-from-the-harvest-manuring-1884.jpg,3101,1.244,23.479,7.822,24.44,84.03,5.035,137.578,116.901,93.939,49.626,5.013,15.801,0.08748,0.3697,0.5408,60.684,58.348,59.446,23.479,5.472,10.525,0.05687,0.2274,0.237,25.528,12.386,0.01774,0.05933,15.063,0.576,0.4943,0.4849,-2.383,-0.7978,-0.6589,0.01407,1.777,2.803,0.8901,0.8327,0.0001814,96.473,4.078,4.341,9.703e-05,1.109e-05,
C:\Users\sblee\Downloads\Aesthetics-Toolbox-main\split_2\artemis_paul-gauguin_tahitian-man-with-his-arms-raised-1897.jpg,3176,0.7703,17.032,7.214,15.779,62.924,6.77,75.119,57.273,53.968,25.483,8.043,4.687,0.9226,0.3531,0.3096,49.168,38.431,32.376,17.032,8.073,15.267,0.1724,0.1867,0.1939,53.614,13.952,0.03618,0.05964,6.837,0.4749,0.4633,0.4259,-2.607,-0.7385,-0.6023,0.03688,1.774,2.668,0.7095,0.8017,0.0001023,92.541,4.379,4.437,0.000107,1.655e-05,
C:\Users\sblee\Downloads\Aesthetics-Toolbox-main\split_2\artemis_paul-gauguin_tahitians-at-rest-unfinished.jpg,3061,1.215,21.513,7.151,7.324,62.55,3.947,186.748,149.753,111.302,63.764,8.599,25.38,0.08739,0.4238,0.7337,64.776,51.167,47.747,21.513,6.025,9.683,0.0515,0.1247,0.2525,5.198,18.5,0.09202,0.009407,15.741,0.4266,0.4339,0.3947,-2.51,-1.251,-1.118,0.004402,1.521,2.603,0.7939,0.7888,0.0001382,79.707,4.543,4.46,0.0001801,1.649e-05,
C:\Users\sblee\Downloads\Aesthetics-Toolbox-main\split_2\artemis_paul-gauguin_tree-in-the-farm-yard-1874-1.jpg,3694,0.5978,25.532,7.837,17.997,80.613,5.524,126.855,112.63,85.561,46.964,1.868,17.11,0.1065,0.3935,0.4994,60.549,65.761,58.036,25.532,5.996,7.359,0.05058,0.1889,0.2397,41.543,19.909,0.003618,0.09948,13.615,0.5838,0.5185,0.5146,-2.291,-1.302,-0.601,0.0387,1.648,2.714,0.8532,0.8374,0.0001308,92.271,4.495,4.501,9.55e-05,1.065e-05,
C:\Users\sblee\Downloads\Aesthetics-Toolbox-main\split_2\artemis_paul-klee_the-signatories-to-the-window-the-artist-at-the-window-1909(1).jpg,3219,0.7523,22.741,7.462,5.872,112.665,4.75,156.535,134.362,112.968,56.719,5.523,14.883,0.08223,0.3111,0.6141,56.295,60.02,58.238,22.741,4.129,6.641,0.03234,0.1325,0.2208,30.41,8.671,-0.03907,-0.01878,14.371,0.4731,0.4821,0.459,-2.716,-1.923,-1.58,0.002812,1.438,2.495,0.8126,0.8165,0.0003822,98.568,3.685,4.102,0.0001673,1.328e-05,
C:\Users\sblee\Downloads\Aesthetics-Toolbox-main\split_2\artemis_paul-mathiopoulos_female-nude-1898.jpg,4504,0.4427,13.222,7.13,1.92,37.021,5.96,80.291,77.132,58.717,32.28,-2.164,11.348,0.1842,0.2957,0.3303,39.894,30.048,24.68,13.222,5.351,5.661,0.08856,0.1165,0.1478,61.969,4.831,-0.01375,-0.01986,22.796,0.5491,0.5056,0.4909,-3.04,-1.722,-1.591,0.01577,1.355,2.486,0.8225,0.7615,0.0002108,87.515,4.202,4.015,0.0001532,1.446e-05,
C:\Users\sblee\Downloads\Aesthetics-Toolbox-main\split_2\artemis_paul-mathiopoulos_portrait-of-a-child.jpg,3448,1.495,6.518,5.557,1.217,30.26,3.699,191.371,164.034,132.091,68.992,5.44,20.398,0.09338,0.3119,0.751,15.15,18.449,23.438,6.518,2.984,6.739,0.04525,0.0959,0.05997,3.039,3.416,-0.01694,0.002171,11.822,0.4493,0.4793,0.4697,-2.894,-1.863,-1.825,0.04133,1.451,2.405,0.6525,0.7251,0.0004052,74.97,4.539,4.466,0.0004271,1.582e-05,
C:\Users\sblee\Downloads\Aesthetics-Toolbox-main\split_2\artemis_paul-reed_ggr-2004.jpg,3112,0.7988,19.842,6.792,3.465,73.286,6.669,104.916,105.269,107.887,44.286,2.773,-1.935,0.6598,0.4095,0.5198,50.819,48.616,51.023,19.842,10.913,27.03,0.2493,0.1602,0.1986,8.386,0.3704,0.001447,-0.001156,8.809,0.4812,0.3281,0.3561,-3.195,-1.509,-1.467,0.003888,1.573,2.299,0.756,0.744,0.0003966,99.341,3.912,4.075,0.0002734,2.612e-05,
C:\Users\sblee\Downloads\Aesthetics-Toolbox-main\split_2\artemis_paul-signac_le-corne-d-or-le-pont-1907.jpg,3063,0.8221,15.361,7.143,10.913,116.283,7.263,183.334,172.562,149.988,70.968,1.22,13.181,0.1333,0.274,0.7616,48.013,43.36,43.118,15.361,13.404,16.531,0.1758,0.1827,0.1458,9.889,14.348,-0.002894,-0.07168,14.597,0.5687,0.5109,0.4593,-2.209,-1.301,-1.184,0.006895,1.702,2.698,0.8005,0.8605,0.0002536,92.489,4.454,4.531,7.459e-05,1.119e-05,
C:\Users\sblee\Downloads\Aesthetics-Toolbox-main\split_2\artemis_paul-signac_the-bay-1906.jpg,3138,1.271,19.18,7.397,10.942,130.584,7.633,183.399,179.194,184.617,73.575,4.324,-1.597,0.7594,0.2535,0.8101,61.283,53.954,57.054,19.18,14.475,19.409,0.3347,0.2202,0.1635,14.083,20.582,-0.09396,-0.04197,16.368,0.512,0.5996,0.4846,-1.989,-1.652,-1.298,0.01185,1.624,2.772,0.7431,0.8788,0.0001817,93.835,4.519,4.558,7.038e-05,7.998e-06,
C:\Users\sblee\Downloads\Aesthetics-Toolbox-main\split_2\artemis_paula-modersohn-becker_mother-with-baby-at-her-breast-and-child-in-landscape-1905.jpg,2808,0.9691,12.939,7.038,7.656,53.149,5.709,120.057,116.53,100.006,48.655,-1.552,9.586,0.1618,0.2005,0.4822,37.198,31.962,27.794,12.939,3.491,5.738,0.1155,0.07776,0.1351,45.137,8.519,-0.01013,0.04137,5.054,0.5886,0.52,0.5176,-2.474,-1.151,-0.8982,0.03619,1.704,2.647,0.8786,0.8265,0.0001096,92.71,4.473,4.452,0.0001093,1.104e-05,
C:\Users\sblee\Downloads\Aesthetics-Toolbox-main\split_2\artemis_paula-modersohn-becker_nude-girl-sitting-on-the-floor-1904.jpg,2986,1.161,7.184,6.076,13.762,29.747,3.737,206.735,202.958,200.466,81.833,0.864,1.713,0.06472,0.03195,0.8108,19.127,19.877,20.215,7.184,0.902,1.159,0.05511,0.01611,0.07499,9.138,4.694,0.01185,-0.02026,6.785,0.5544,0.5577,0.5841,-2.26,-0.7498,-1.038,0.001901,1.983,2.838,0.869,0.8245,4.378e-05,97.59,4.545,4.486,0.0002701,5.576e-06,
C:\Users\sblee\Downloads\Aesthetics-Toolbox-main\split_2\artemis_paula-modersohn-becker_seated-child-in-an-armchair-1902.jpg,3558,0.6351,12.472,6.921,19.216,65.064,4.445,183.39,174.77,172.93,71.802,2.779,2.052,0.02659,0.06371,0.7192,32.244,33.455,33.028,12.472,1.482,1.695,0.0499,0.02725,0.1264,17.823,0.8876,0.004342,-0.0009191,14.025,0.6988,0.6507,0.644,-2.239,-0.9436,-1.097,0.002058,1.918,2.871,0.9212,0.8487,9.161e-05,96.438,4.192,4.401,0.0001517,5.658e-06,
C:\Users\sblee\Downloads\Aesthetics-Toolbox-main\split_2\artemis_paula-modersohn-becker_self-portrait-in-front-of-flowering-trees.jpg,3220,1.33,14.024,7.103,6.954,55.805,6.414,87.288,76.998,61.832,33.602,4.054,11.45,0.1094,0.4985,0.4054,36.526,34.67,47.596,14.024,12.298,20.38,0.1829,0.1728,0.1744,29.036,12.983,0.008161,0.0644,14.811,0.5727,0.4343,0.4198,-2.097,-1.396,-1.072,0.002982,1.581,2.557,0.8957,0.7818,0.000137,95.215,4.467,4.497,0.0001186,1.678e-05,
C:\Users\sblee\Downloads\Aesthetics-Toolbox-main\split_2\artemis_paula-modersohn-becker_still-life-with-fish-bowl.jpg,3399,1.461,18.313,7.472,10.348,98.966,5.897,153.737,131.065,114.204,56.281,7.123,13.076,0.06669,0.2852,0.6069,42.776,50.792,58.34,18.313,10.652,14.789,0.1189,0.2649,0.1655,33.479,2.333,-0.009911,-0.006155,11.168,0.4704,0.432,0.4162,-2.891,-1.065,-1.075,0.009531,1.549,2.574,0.8722,0.7901,0.000122,97.016,4.45,4.399,0.0001628,1.807e-05,
C:\Users\sblee\Downloads\Aesthetics-Toolbox-main\split_2\artemis_pavel-fedotov_difficult-bride.jpg,3078,1.227,14.77,6.445,3.292,59.779,4.722,85.309,60.156,47.3,27.431,9.132,11.891,0.03819,0.3611,0.3347,47.727,31.444,19.438,14.77,7.849,10.51,0.04824,0.2124,0.187,47.404,10.376,-0.04776,-0.02026,10.633,0.4124,0.4421,0.4104,-2.688,-1.945,-1.62,0.0024,1.375,2.49,0.7031,0.8203,0.0003077,89.708,4.391,4.482,0.0001909,1.684e-05,
C:\Users\sblee\Downloads\Aesthetics-Toolbox-main\split_2\artemis_pavel-fedotov_portrait-of-f-ye-yakovlev-1847.jpg,2945,0.883,11.579,6.417,2.71,37.066,4.505,59.396,46.125,34.648,19.793,4.245,9.176,0.06102,0.3652,0.2329,33.411,24.968,14.97,11.579,3.904,9.539,0.04199,0.1518,0.131,70.667,10.046,-0.03874,0.03197,7.215,0.4597,0.3925,0.3721,-2.763,-1.688,-1.421,0.001983,1.472,2.461,0.7292,0.7638,0.0002559,90.18,4.45,4.443,0.0001431,1.51e-05,
C:\Users\sblee\Downloads\Aesthetics-Toolbox-main\split_2\artemis_pavel-fedotov_portrait-of-p-v-zhdanovich-1847.jpg,3246,0.7414,12.744,6.706,3.785,52.764,4.145,76.018,57.548,35.653,25.314,5.069,16.103,0.08587,0.4897,0.2981,37.251,28.468,15.865,12.744,4.044,10.794,0.02301,0.1548,0.1461,72.004,8.21,0.02677,-0.03112,11.829,0.4724,0.4031,0.355,-2.601,-1.697,-1.332,0.006193,1.532,2.472,0.693,0.7986,0.0002877,87.232,4.331,4.317,0.0001358,1.681e-05,
C:\Users\sblee\Downloads\Aesthetics-Toolbox-main\split_2\artemis_pavel-fedotov_s-d-shishmarev-on-board-the-ship.jpg,3164,0.7755,21.34,7.292,6.13,73.932,4.972,171.854,181.279,192.828,72.722,-0.675,-7.012,0.6116,0.1221,0.7567,48.387,58.206,55.754,21.34,4.513,2.725,0.09547,0.03179,0.2177,21.285,18.806,0.07236,-0.06004,24.278,0.5091,0.4391,0.3903,-2.442,-1.571,-1.196,0.007615,1.505,2.631,0.58,0.7978,0.0002725,86.835,4.252,4.37,0.0003172,1.526e-05,
C:\Users\sblee\Downloads\Aesthetics-Toolbox-main\split_2\artemis_pavel-svinyin_steamboat.jpg,2920,1.113,18.897,6.568,16.57,74.881,4.181,200.404,202.593,191.466,80.613,-2.734,5.283,0.2044,0.05791,0.7951,51.048,51.632,49.795,18.897,1.098,2.143,0.05834,0.02211,0.2021,19.796,9.611,-0.04681,-0.01085,14.466,0.5599,0.4702,0.4601,-2.134,-0.946,-0.7597,0.008147,1.713,2.828,0.6596,0.8156,0.0004977,92.802,3.945,4.297,0.0002698,1.875e-05,
C:\Users\sblee\Downloads\Aesthetics-Toolbox-main\split_2\artemis_peder-severin-kroyer_viggo-johansen-1887.jpg,2974,0.8681,25.509,7.615,8.977,58.467,5.627,142.968,124.194,102.233,52.196,4.081,14.045,0.08625,0.2552,0.5647,73.846,64.301,47.09,25.509,6.874,13.285,0.1439,0.1618,0.2846,41.83,14.836,-0.07236,-0.01633,12.294,0.4122,0.4604,0.4124,-2.5,-1.419,-0.9157,0.04457,1.322,2.681,0.7685,0.8014,0.0001886,93.1,4.424,4.262,0.0001477,1.83e-05,
C:\Users\sblee\Downloads\Aesthetics-Toolbox-main\split_2\artemis_pericles-pantazis_ath-the-beach-no2.jpg,4370,2.162,13.926,6.732,2.656,50.608,5.164,138.445,133.254,123.427,55.498,0.4293,6.184,0.0975,0.1411,0.5486,32.698,34.682,40.607,13.926,2.291,8.417,0.2295,0.1397,0.1297,9.651,8.494,0.01272,-0.04052,20.078,0.5023,0.3181,0.2927,-2.644,-1.944,-1.855,0.006913,1.523,2.507,0.6411,0.8105,0.0002848,85.236,4.245,4.403,0.0001983,1.235e-05,
C:\Users\sblee\Downloads\Aesthetics-Toolbox-main\split_2\artemis_pericles-pantazis_lighthouse-of-marseille.jpg,3602,1.608,14.045,6.885,2.741,41.337,5.552,161.66,166.551,166.505,67.657,-1.642,-0.5076,0.4511,0.06547,0.6641,36.911,36.547,37.267,14.045,3.244,3.22,0.2201,0.06887,0.1384,7.467,19.089,-0.01778,-0.09377,13.135,0.5662,0.3402,0.3366,-2.331,-1.823,-1.621,0.009379,1.356,2.564,0.5397,0.774,0.0003949,80.496,3.997,4.343,0.0002201,1.155e-05,
C:\Users\sblee\Downloads\Aesthetics-Toolbox-main\split_2\artemis_pericles-pantazis_mauvaise-recette.jpg,3561,0.6342,19.097,7.339,3.894,54.594,4.895,76.37,60.72,45.999,26.179,4.349,11.092,0.09463,0.3997,0.3009,53.646,42.917,34.369,19.097,7.895,9.657,0.04775,0.1609,0.2114,53.902,24.212,0.03184,0.1168,13.667,0.475,0.4514,0.4001,-2.792,-1.666,-1.349,0.01149,1.379,2.522,0.7623,0.7994,0.0001677,87.172,4.364,4.467,0.0001225,1.307e-05,
C:\Users\sblee\Downloads\Aesthetics-Toolbox-main\split_2\artemis_pericles-pantazis_on-the-beach-ostend.jpg,3057,1.212,17.621,6.744,3.855,61.468,5.417,158.197,161.109,150.997,65.307,-2.882,4.821,0.2617,0.09614,0.6376,46.464,43.653,40.799,17.621,1.72,4.664,0.1201,0.1032,0.1745,2.767,7.853,-0.003881,0.03907,8.508,0.5418,0.2744,0.274,-2.636,-1.8,-1.407,0.02568,1.394,2.524,0.6628,0.778,0.0003696,87.517,3.749,4.26,0.0001908,1.113e-05,
C:\Users\sblee\Downloads\Aesthetics-Toolbox-main\split_2\artemis_pericles-pantazis_still-life-with-cakes-and-a-silver-teapot.jpg,3444,1.492,22.861,7.459,2.726,89.167,5.332,154.469,108.816,87.292,49.999,15.984,20.39,0.05552,0.4828,0.6058,49.035,66.467,49.269,22.861,15.163,8.618,0.05654,0.1863,0.1923,34.502,21.963,-0.02085,-0.1078,12.991,0.4808,0.3876,0.3912,-2.917,-2.039,-1.948,0.07149,1.27,2.422,0.6576,0.7817,0.0004176,89.811,4.186,4.361,0.0002616,1.429e-05,
C:\Users\sblee\Downloads\Aesthetics-Toolbox-main\split_2\artemis_pericles-pantazis_stubbornness.jpg,3146,1.276,18.134,6.966,1.383,42.164,4.693,65.388,49.728,25.213,21.011,3.115,16.442,0.1296,0.6067,0.2576,56.913,37.381,22.68,18.134,6.866,11.892,0.04279,0.115,0.2222,54.917,3.541,0.01757,-0.002171,18.453,0.4742,0.4951,0.5052,-3.317,-1.895,-1.746,0.04256,1.032,2.337,0.7187,0.7621,0.0004103,85.649,4.478,4.349,0.0002006,1.292e-05,
C:\Users\sblee\Downloads\Aesthetics-Toolbox-main\split_2\artemis_perle-fine_black-on-yellow-1952.jpg,3198,1.314,21.409,6.253,3.775,38.026,3.569,100.659,88.095,44.981,37.05,1.007,20.847,0.09325,0.3326,0.3974,67.402,51.325,24.861,21.409,1.545,30.806,0.07572,0.3687,0.2632,65.66,13.574,-0.008811,-0.06729,11.56,0.4504,0.3033,0.2861,-2.938,-1.588,-1.185,0.02301,1.09,2.588,0.7854,0.6903,0.0003028,80.976,3.675,3.695,0.0002218,3.279e-05,
C:\Users\sblee\Downloads\Aesthetics-Toolbox-main\split_2\artemis_perle-fine_cool-series-blue-over-red-1963.jpg,2912,0.9033,5.907,5.74,2.285,15.719,3.125,116.805,83.794,97.048,42.713,24.99,2.416,0.9415,0.7284,0.6557,76.97,8.758,45.016,5.907,15.921,35.063,0.254,0.1384,0.06582,25.224,3.402,-0.0007236,0.01699,3.506,0.7529,0.3291,0.324,-2.306,-1.383,-0.9146,0.03407,1.427,2.597,0.8235,0.5333,0.0002763,95.014,3.953,3.691,0.0009246,1.802e-05,
C:\Users\sblee\Downloads\Aesthetics-Toolbox-main\split_2\artemis_perle-fine_plan-for-the-white-city-1950.jpg,3409,0.6818,14.043,6.871,4.795,109.57,4.932,190.623,163.103,134.398,69.579,7.116,19.851,0.1099,0.3198,0.7631,41.725,48.71,55.312,14.043,19.398,20.115,0.07323,0.2614,0.1304,21.568,3.881,0.01592,-0.0111,13.436,0.4652,0.4665,0.4362,-2.688,-1.893,-1.529,0.00745,1.486,2.451,0.8,0.7418,0.0002757,98.427,4.385,4.47,0.0001786,2.258e-05,
C:\Users\sblee\Downloads\Aesthetics-Toolbox-main\split_2\artemis_perle-fine_untitled-1973.jpg,3063,1.216,2.261,4.036,1.266,5.771,3.85,223.366,217.404,206.986,87.035,0.2495,5.86,0.1074,0.07357,0.876,5.745,6.433,9.115,2.261,0.9935,2.154,0.02289,0.02717,0.02253,6.75,1.792,-0.006841,-0.005789,5.435,0.818,0.7407,0.7182,-1.381,-0.9804,-0.217,0.1621,1.495,2.631,0.2849,0.4535,0.001015,90.503,3.968,3.846,0.0009797,1.524e-05,
C:\Users\sblee\Downloads\Aesthetics-Toolbox-main\split_2\artemis_peter-blake_the-meeting-or-have-a-nice-day-mr-hockney-1983.jpg,3116,1.255,19.497,7.233,4.571,94.458,6.72,113.151,134.715,127.012,54.363,-6.143,2.211,0.373,0.3685,0.5919,67.798,48.35,57.71,19.497,10.524,24.085,0.2124,0.2458,0.2032,36.383,4.986,-0.004037,-0.0246,5.851,0.5061,0.3928,0.3788,-2.789,-1.41,-1.32,0.001977,1.325,2.44,0.6792,0.786,0.0004944,94.019,4.155,4.435,0.0003151,2.788e-05,
C:\Users\sblee\Downloads\Aesthetics-Toolbox-main\split_2\artemis_peter-busa_venetian-glow-1959.jpg,3458,1.502,18.558,7.331,6.822,56.16,6.675,118.676,87.186,87.213,40.168,13.451,5.825,0.998,0.3155,0.4737,50.107,48.806,44.439,18.558,13.55,9.289,0.1773,0.1997,0.1928,68.121,9.699,0.04528,0.01737,16.81,0.4036,0.4812,0.3833,-2.14,-1.629,-1.031,0.02537,1.524,2.548,0.7323,0.7786,0.0002238,83.242,4.068,4.335,0.0001552,1.854e-05,
C:\Users\sblee\Downloads\Aesthetics-Toolbox-main\split_2\artemis_peter-max_12-captain-midnight-1966.jpg,3440,0.6715,17.176,7.45,11.222,134.091,7.169,152.722,134.041,124.482,57.356,6.826,8.006,0.04198,0.3306,0.6461,59.704,43.165,43.216,17.176,12.281,19.34,0.2365,0.1762,0.1922,28.862,2.468,-0.002171,-0.01215,12.513,0.878,0.662,0.657,-1.61,-2.201,-2.087,0.07118,1.681,2.677,0.8333,0.868,0.0002374,96.147,3.893,4.328,0.000109,2.109e-05,
C:\Users\sblee\Downloads\Aesthetics-Toolbox-main\split_2\artemis_peter-paul-rubens_drunken-bacchus-with-faun-and-satyr.jpg,3268,1.365,16.378,7.309,4.222,61.762,5.054,96.369,84.131,59.496,35.768,1.088,15.966,0.1187,0.3648,0.3792,44.767,39.01,28.07,16.378,4.011,7.962,0.0491,0.1234,0.175,39.405,13.284,0.06628,0.004342,15.898,0.4714,0.5558,0.4498,-3.001,-1.438,-1.233,0.009106,1.457,2.508,0.754,0.828,0.0001951,91.389,4.26,4.323,0.0001379,1.411e-05,
C:\Users\sblee\Downloads\Aesthetics-Toolbox-main\split_2\artemis_peter-paul-rubens_holy-trinity.jpg,2905,0.9074,22.584,7.759,5.422,122.068,6.44,108.442,106.203,81.902,43.566,-3.002,14.022,0.1994,0.3247,0.4446,57.726,56.519,53.459,22.584,5.779,9.797,0.1136,0.1865,0.2273,42.598,7.49,-0.02822,0.02462,9.869,0.5021,0.464,0.4415,-3.087,-1.8,-1.689,0.00194,1.4,2.453,0.8481,0.8394,0.0002595,96.038,4.531,4.49,0.0001511,1.524e-05,
C:\Users\sblee\Downloads\Aesthetics-Toolbox-main\split_2\artemis_peter-paul-rubens_judith-with-the-head-of-holofernes.jpg,2821,0.9604,19.448,6.604,3.629,60.706,4.63,56.916,41.144,32.841,17.469,5.824,7.461,0.01622,0.296,0.2235,57.526,43.265,30.36,19.448,7.012,11.185,0.07752,0.2181,0.2254,74.125,4.081,-0.02026,-0.002432,17.298,0.3949,0.4645,0.3864,-2.863,-1.835,-1.445,0.007199,1.4,2.438,0.6815,0.7916,0.000254,83.011,4.48,4.411,0.0001517,1.377e-05,
C:\Users\sblee\Downloads\Aesthetics-Toolbox-main\split_2\artemis_peter-paul-rubens_landscape-with-the-ruins-of-mount-palatine-in-rome.jpg,3402,1.462,28.966,7.778,8.534,86.467,5.05,118.598,108.077,89.833,44.457,1.193,11.512,0.1217,0.2609,0.4664,75.064,71.57,63.434,28.966,3.57,7.658,0.05802,0.1442,0.2937,36.134,29.944,-0.09752,0.1136,25.23,0.434,0.42,0.4503,-2.773,-1.309,-1.104,0.008216,1.51,2.622,0.8005,0.8208,0.0001919,92.125,4.326,4.463,0.0001351,1.253e-05,
C:\Users\sblee\Downloads\Aesthetics-Toolbox-main\split_2\artemis_peter-paul-rubens_marie-de-medicis-as-bellona-1625.jpg,4049,0.5182,27.003,7.642,4.288,131.003,6.224,90.328,86.29,76.619,35.467,0.4167,6.1,0.2247,0.2521,0.3697,67.223,65.529,63.548,27.003,5.206,10.615,0.2218,0.2146,0.2667,36.376,22.782,-0.005065,0.1138,14.066,0.52,0.4652,0.4517,-2.836,-2.036,-1.93,0.002654,1.323,2.378,0.7543,0.8446,0.0003091,94.644,4.507,4.477,0.0001507,1.392e-05,
C:\Users\sblee\Downloads\Aesthetics-Toolbox-main\split_2\artemis_peter-paul-rubens_mulay-ahmad.jpg,3323,0.712,23.935,7.503,4.48,114.171,6.204,78.611,80.261,70.295,32.658,-1.587,5.924,0.1721,0.3267,0.3443,54.965,58.566,60.36,23.935,6.771,10.321,0.1744,0.2022,0.2349,38.702,18.551,0.03401,0.0863,10.025,0.5052,0.4646,0.4599,-2.705,-1.994,-1.839,0.004417,1.323,2.448,0.7513,0.8228,0.0003632,95.37,4.475,4.417,0.0001633,1.852e-05,
C:\Users\sblee\Downloads\Aesthetics-Toolbox-main\split_2\artemis_peter-paul-rubens_night-scene-1617.jpg,3096,0.8063,15.073,6.635,2.621,53.265,4.255,52.827,38.367,27.815,16.312,4.827,8.741,0.07404,0.387,0.2073,45.539,32.22,19.91,15.073,6.578,9.875,0.03591,0.1521,0.1786,64.957,16.068,0.05644,-0.05718,20.344,0.43,0.3994,0.3749,-2.869,-1.945,-1.725,0.002419,1.274,2.412,0.7093,0.7858,0.0002579,84.459,4.523,4.468,0.0001488,1.413e-05,
C:\Users\sblee\Downloads\Aesthetics-Toolbox-main\split_2\artemis_peter-paul-rubens_portrait-of-boy.jpg,3205,0.7581,12.337,6.401,5.566,51.832,3.53,221.219,199.171,174.877,81.326,3.973,15.009,0.0879,0.2129,0.8675,33.465,33.464,30.836,12.337,2.23,2.193,0.01267,0.04097,0.1312,9.273,4.711,-0.02098,-0.0107,14.606,0.5452,0.5663,0.509,-2.348,-1.382,-1.12,0.007836,1.54,2.647,0.7851,0.8044,0.0001389,87.205,4.417,4.485,0.0002045,1.155e-05,
C:\Users\sblee\Downloads\Aesthetics-Toolbox-main\split_2\artemis_peter-paul-rubens_the-adoration-of-the-magi.jpg,3317,1.4,21.27,7.554,8.378,129.549,3.493,73.158,73.225,73.173,30.142,-0.03739,-0.02868,0.5381,0.07777,0.2933,52.238,50.835,50.154,21.27,0.8719,1.34,0.3711,0.126,0.202,55.332,7.563,-0.03643,-0.01013,13.686,0.5547,0.5774,0.5519,-2.632,-1.645,-1.31,0.002501,1.602,2.599,0.8421,0.8782,0.0001411,95.709,4.541,4.548,0.0001646,8.075e-06,
C:\Users\sblee\Downloads\Aesthetics-Toolbox-main\split_2\artemis_peter-paul-rubens_the-consequences-of-war-1638.jpg,3688,1.669,18.982,7.526,5.79,102.358,6.089,80.512,77.181,55.394,31.871,-2.33,13.095,0.1725,0.3306,0.331,50.763,44.971,34.544,18.982,6.12,9.248,0.087,0.1258,0.1997,48.262,7.116,-0.01258,0.03329,16.889,0.5452,0.513,0.4959,-2.878,-1.544,-1.369,0.002143,1.539,2.486,0.853,0.8418,0.0001792,96.93,4.5,4.517,0.0001424,1.179e-05,
C:\Users\sblee\Downloads\Aesthetics-Toolbox-main\split_2\artemis_peter-paul-rubens_the-triumph-of-the-victory.jpg,3658,1.647,23.966,7.652,6.442,119.917,5.497,105.212,82.564,70.313,35.942,7.651,10.595,0.05475,0.3476,0.4135,63.623,57.539,49.409,23.966,7.87,8.93,0.0566,0.1399,0.2493,40.109,9.722,0.003515,-0.04848,13.289,0.4951,0.4922,0.4858,-2.945,-1.548,-1.336,0.004136,1.443,2.474,0.8284,0.8398,0.0001929,97.587,4.401,4.488,0.0001618,1.299e-05,
C:\Users\sblee\Downloads\Aesthetics-Toolbox-main\split_2\artemis_peter-paul-rubens_two-young-women-with-a-dog.jpg,3077,0.8143,16.177,7.067,5.213,97.735,3.367,201.013,179.44,157.918,74.013,4.403,13.891,0.08315,0.2254,0.7883,42.637,43.258,41.808,16.177,1.75,2.294,0.01086,0.06082,0.1672,14.664,16.624,0.08291,-0.005896,10.277,0.5365,0.5381,0.516,-2.645,-1.744,-1.603,0.0127,1.429,2.552,0.8648,0.8517,0.0001629,94.34,4.541,4.535,0.0001701,8.337e-06,
C:\Users\sblee\Downloads\Aesthetics-Toolbox-main\split_2\artemis_petrus-christus_kneeling-female-donor.jpg,4029,0.5221,17.053,6.907,2.728,64.483,5.443,114.474,88.548,68.904,39.505,8.022,15.53,0.07922,0.3683,0.4498,47.095,44.282,30.937,17.053,11.199,10.488,0.05345,0.1746,0.1854,58.778,6.813,-0.03256,0.01001,17.353,0.382,0.3608,0.3533,-2.738,-1.991,-2.012,0.007166,1.312,2.488,0.7349,0.7625,0.000395,93.698,3.977,4.187,0.0001632,2.704e-05,
C:\Users\sblee\Downloads\Aesthetics-Toolbox-main\split_2\artemis_philip-wilson-steer_a-summer-s-evening.jpg,3455,1.5,10.212,6.399,6.635,43.039,5.236,97.739,79.866,76.637,35.531,6.987,4.657,0.0003623,0.2393,0.3857,29.58,23.269,21.636,10.212,3.585,5.974,0.1017,0.1422,0.115,24.259,1.523,-0.007477,0.001447,12.678,0.5445,0.5175,0.5103,-2.129,-1.398,-0.7637,0.03143,1.831,2.738,0.9006,0.7767,0.0002134,97.55,3.758,4.139,9.071e-05,1.047e-05,
C:\Users\sblee\Downloads\Aesthetics-Toolbox-main\split_2\artemis_piero-della-francesca_archangel-gabriel.jpg,4837,0.4,20.814,7.67,7.053,105.784,5.603,155.706,125.924,107.571,54.436,9.26,14.177,0.0344,0.3118,0.6108,55.751,52.916,43.825,20.814,6.18,11.739,0.06962,0.1554,0.2186,17.769,9.209,0.03546,0.02938,23.692,0.5766,0.5268,0.5116,-2.523,-1.749,-1.392,0.00238,1.616,2.598,0.8909,0.8308,0.0001209,95.119,4.236,4.32,0.0001372,1.36e-05,
C:\Users\sblee\Downloads\Aesthetics-Toolbox-main\split_2\artemis_piero-della-francesca_polyptych-of-the-misericordia-1462(1).jpg,2952,1.136,29.72,7.275,5.891,116.448,5.2,168.502,150.175,118.177,61.765,3.004,19.855,0.09874,0.3872,0.6616,74.798,76.399,89.636,29.72,6.373,16.512,0.0604,0.2872,0.2921,33.602,28.532,-0.005732,-0.1425,13.45,0.6753,0.3105,0.3055,-2.718,-1.867,-1.422,0.0105,1.39,2.507,0.6191,0.8441,0.0006355,93.763,3.457,3.911,0.0003274,2.263e-05,
C:\Users\sblee\Downloads\Aesthetics-Toolbox-main\split_2\artemis_pierre-alechinsky_stars-and-disasters-astres-et-d-sastres-1969-1(1).jpg,3181,1.302,14.313,5.23,5.792,101.924,4.377,217.679,213.393,194.666,85.069,-1.434,9.822,0.1431,0.118,0.8577,37.551,38.963,43.953,14.313,4.225,9.343,0.0645,0.1219,0.1411,3.932,3.049,-0.0114,0.01013,13.595,0.571,0.4882,0.4497,-1.748,-2.149,-1.647,0.02105,1.453,2.69,0.5254,0.7669,0.0007736,88.325,4.409,4.481,0.000464,2.96e-05,
C:\Users\sblee\Downloads\Aesthetics-Toolbox-main\split_2\artemis_pierre-auguste-renoir_a-walk-by-the-sea-1915.jpg,3105,1.247,16.253,7.259,8.119,91.916,4.644,150.712,107.564,52.831,48.474,11.754,35.969,0.08794,0.6647,0.591,41.98,41.17,30.496,16.253,6.648,13.411,0.02629,0.158,0.1646,12.629,7.883,0.03918,-0.004342,9.252,0.5923,0.5749,0.5455,-2.433,-1.668,-1.222,0.01331,1.613,2.621,0.8097,0.8432,0.0001474,98.731,4.515,4.506,0.0001207,1.011e-05,
C:\Users\sblee\Downloads\Aesthetics-Toolbox-main\split_2\artemis_pierre-auguste-renoir_anemones-1916.jpg,2894,1.094,14.737,7.383,10.624,75.017,4.737,128.836,68.247,43.213,35.963,23.431,26.725,0.04713,0.6835,0.5053,39.043,38.519,27.517,14.737,9.578,8.035,0.02786,0.1356,0.153,40.344,3.356,0.01058,-0.01302,5.407,0.5873,0.5908,0.5684,-2.441,-1.207,-0.9748,0.03358,1.745,2.615,0.8551,0.83,0.0001049,98.865,4.529,4.513,0.0001455,9.639e-06,
C:\Users\sblee\Downloads\Aesthetics-Toolbox-main\split_2\artemis_pierre-auguste-renoir_bathers.jpg,3087,1.234,14.16,7.284,5.017,105.531,4.85,157.108,108.489,50.391,49.878,14.371,38.146,0.09735,0.6894,0.6223,45.864,35.492,42.64,14.16,11.562,17.24,0.0778,0.2369,0.175,28.387,4.211,0.01378,0.01592,8.808,0.6037,0.6003,0.5722,-2.784,-1.79,-1.49,0.001168,1.497,2.479,0.8503,0.8492,0.0002016,98.206,4.547,4.533,0.0001356,9.544e-06,
C:\Users\sblee\Downloads\Aesthetics-Toolbox-main\split_2\artemis_pierre-auguste-renoir_bouquet-of-flowers-in-an-earthenware-pitcher.jpg,3151,0.7812,26.428,7.812,14.422,111.668,5.791,180.786,144.543,110.774,62.061,9.853,23.982,0.09936,0.4234,0.7107,65.633,73.151,68.743,26.428,15.254,13.719,0.08084,0.2224,0.2566,32.049,7.796,0.0152,0.0359,11.857,0.5669,0.508,0.5047,-2.604,-1.09,-0.89,0.02009,1.594,2.697,0.8442,0.8266,0.0001536,95.064,4.535,4.474,0.0001311,1.578e-05,
C:\Users\sblee\Downloads\Aesthetics-Toolbox-main\split_2\artemis_pierre-auguste-renoir_cape-saint-jean-1910.jpg,3060,1.214,18.648,7.564,18.193,114.17,5.152,110.797,90.287,46.682,38.813,2.814,27.03,0.1198,0.5689,0.4365,53.289,43.98,28.343,18.648,6.202,14.203,0.04669,0.1854,0.2073,29.617,8.593,-0.04291,0.002171,9.136,0.6213,0.625,0.5995,-2.658,-0.9397,-0.906,0.01256,1.813,2.729,0.9286,0.8636,0.0001211,98.57,4.297,4.478,9.618e-05,7.214e-06,
C:\Users\sblee\Downloads\Aesthetics-Toolbox-main\split_2\artemis_pierre-auguste-renoir_christine-lerolle-embroidering-1897.jpg,3149,0.7821,17.116,7.368,4.104,93.656,5.051,162.501,96.138,60.232,47.649,23.134,31.555,0.05692,0.5886,0.6373,56.404,44.425,22.736,17.116,16.162,16.717,0.04125,0.1748,0.2212,40.021,8.802,-0.003618,0.04386,6.488,0.4498,0.465,0.4005,-3.25,-1.59,-1.512,0.005966,1.406,2.453,0.8158,0.7799,0.0002647,94.727,4.095,4.321,0.0002374,1.755e-05,
C:\Users\sblee\Downloads\Aesthetics-Toolbox-main\split_2\artemis_pierre-auguste-renoir_coco-s-head.jpg,3055,0.8261,18.934,7.56,15.648,73.445,4.654,152.822,112.788,59.566,50.064,10.322,35.097,0.09531,0.6387,0.5993,48.637,50.355,40.568,18.934,9.044,9.452,0.02605,0.1583,0.1907,46.614,9.06,0.04486,0.006276,7.341,0.5751,0.6192,0.5506,-1.917,-0.9562,-0.7399,0.03776,1.777,2.717,0.8219,0.8224,9.041e-05,95.674,4.436,4.43,0.0001147,9.592e-06,
C:\Users\sblee\Downloads\Aesthetics-Toolbox-main\split_2\artemis_pierre-auguste-renoir_eugene-murer-1877.jpg,3064,0.8216,21.002,7.516,8.469,66.343,5.062,91.809,73.218,51.159,31.528,4.553,15.39,0.09716,0.3894,0.3617,61.74,47.454,35.044,21.002,6.043,12.606,0.0734,0.1848,0.2414,43.974,16.807,0.01158,0.08323,13.786,0.5392,0.4611,0.4489,-2.889,-1.131,-0.9886,0.03471,1.627,2.544,0.7095,0.8034,0.0001257,90.71,4.486,4.381,0.0001303,1.409e-05,
C:\Users\sblee\Downloads\Aesthetics-Toolbox-main\split_2\artemis_pierre-auguste-renoir_flowers-and-fruit-1889.jpg,3063,0.8221,17.638,7.456,14.777,108.917,6.434,139.045,115.378,83.233,50.1,5.255,21.793,0.1126,0.4303,0.5573,50.625,46.259,48.551,17.638,15.507,14.782,0.1039,0.2335,0.1897,37.922,1.762,-0.003618,-0.008031,7.013,0.5692,0.5027,0.4788,-2.438,-1.092,-0.9178,0.007435,1.856,2.712,0.8222,0.8291,0.0002416,97.928,4.521,4.514,9.826e-05,1.357e-05,
C:\Users\sblee\Downloads\Aesthetics-Toolbox-main\split_2\artemis_pierre-auguste-renoir_gabrielle-at-her-window-1907.jpg,2976,0.867,15.62,7.284,13.694,68.765,4.506,185.509,112.204,59.291,54.542,24.069,41.134,0.07273,0.6832,0.7275,45.231,43.643,32.407,15.62,15.243,10.56,0.0235,0.1429,0.1773,27.312,2.661,0.009407,-0.00941,6.568,0.5013,0.4734,0.4501,-2.699,-0.8413,-0.7244,0.04785,1.811,2.717,0.8495,0.7865,0.0001157,97.805,4.42,4.417,0.0002286,1.15e-05,
C:\Users\sblee\Downloads\Aesthetics-Toolbox-main\split_2\artemis_pierre-auguste-renoir_gabrielle-wearing-a-necklace-1906.jpg,3142,0.7852,24.164,7.824,19.515,65.146,4.656,161.487,131.355,88.43,55.936,6.783,27.571,0.1,0.5065,0.6334,59.302,63.16,63.06,24.164,6.665,11.728,0.02559,0.2315,0.2327,28.098,20.021,-0.01158,0.09943,8.147,0.5568,0.4697,0.4587,-2.604,-0.8261,-0.5708,0.05215,1.713,2.761,0.8573,0.7793,0.0001009,93.892,4.52,4.409,0.0001337,1.66e-05,
C:\Users\sblee\Downloads\Aesthetics-Toolbox-main\split_2\artemis_pierre-auguste-renoir_head-of-a-little-girl-in-profile-1901.jpg,3232,0.747,14.871,7.274,10.189,46.05,4.528,126.324,92.884,40.781,41.547,8.137,33.82,0.09841,0.6892,0.4955,40.275,36.6,27.631,14.871,6.082,10.27,0.03056,0.1551,0.1578,42.123,10.683,0.02533,-0.04703,16.374,0.5783,0.5618,0.5371,-2.66,-0.9444,-0.7436,0.04775,1.76,2.682,0.8956,0.7876,0.000162,93.207,4.422,4.393,0.0001624,1.315e-05,
C:\Users\sblee\Downloads\Aesthetics-Toolbox-main\split_2\artemis_pierre-auguste-renoir_head-of-a-young-woman-1893.jpg,2920,0.8986,18.663,7.557,11.149,58.253,5.057,153.691,108.613,99.619,50.022,17.615,13.104,0.01796,0.4014,0.6031,42.456,51.215,54.54,18.663,8.717,11.012,0.04445,0.2252,0.1659,42.197,6.609,-0.01085,-0.03121,9.328,0.5363,0.4921,0.4494,-2.383,-0.9561,-0.7674,0.03834,1.654,2.62,0.657,0.7872,0.000234,95.981,4.453,4.357,0.0001926,2.133e-05,
C:\Users\sblee\Downloads\Aesthetics-Toolbox-main\split_2\artemis_pierre-auguste-renoir_head-of-a-young-woman-1902.jpg,2943,0.8853,19.145,7.479,15.676,76.044,3.825,153.183,134.901,94.495,56.394,1.303,24.122,0.115,0.4008,0.6007,49.29,48.275,44.74,19.145,3.606,10.089,0.01719,0.1661,0.1933,22.451,1.783,0.006512,0.006086,6.69,0.6472,0.6166,0.5953,-2.144,-0.983,-0.6094,0.07072,1.78,2.719,0.8553,0.7745,0.0001756,98.337,4.516,4.097,0.0001205,1.604e-05,
C:\Users\sblee\Downloads\Aesthetics-Toolbox-main\split_2\artemis_pierre-auguste-renoir_landscape-1902.jpg,3323,1.404,23.646,7.857,22.586,156.271,5.589,140.028,110.053,75.73,47.755,7.861,23.279,0.08477,0.4951,0.5513,64.272,59.066,52.359,23.646,8.422,14.438,0.07113,0.2215,0.2507,27.201,7.064,0.03529,0.001447,12.256,0.6411,0.6365,0.6191,-1.86,-1.492,-1.026,0.02903,1.83,2.813,0.889,0.8812,0.0001671,98.858,4.5,4.549,8.213e-05,8.059e-06,
C:\Users\sblee\Downloads\Aesthetics-Toolbox-main\split_2\artemis_pierre-auguste-renoir_landscape-1917.jpg,3577,1.59,20.307,7.653,23.933,102.11,5.754,150.149,129.31,88.077,54.718,3.714,25.163,0.1204,0.5198,0.6147,53.215,52.151,63.198,20.307,8.291,20.154,0.1394,0.24,0.2117,20.607,8.389,-0.02596,-0.03295,14.009,0.5974,0.559,0.5658,-2.457,-1.09,-0.5175,0.04688,1.89,2.804,0.8606,0.8514,0.0001192,97.032,4.465,4.529,9.822e-05,1.132e-05,
C:\Users\sblee\Downloads\Aesthetics-Toolbox-main\split_2\artemis_pierre-auguste-renoir_landscape.jpg,3154,1.282,17.293,7.02,5.913,89.669,5.718,170.216,152.129,128.762,63.518,3.426,14.767,0.08702,0.2715,0.6728,45.704,44.837,41.353,17.293,6.928,11.554,0.09875,0.1621,0.1711,11.216,3.848,-0.01919,-0.001447,10.699,0.5107,0.4965,0.4721,-2.452,-1.548,-1.464,0.004709,1.517,2.611,0.6999,0.8231,0.0001747,89.963,4.301,4.469,0.0001588,1.588e-05,
C:\Users\sblee\Downloads\Aesthetics-Toolbox-main\split_2\artemis_pierre-auguste-renoir_madame-hagen-1883.jpg,3131,0.7902,18.492,7.498,5.092,99.648,6.211,145.541,136.117,99.319,56.364,-1.7,21.243,0.1517,0.3614,0.5954,49.411,48.404,42.58,18.492,11.308,10.752,0.09808,0.1673,0.1802,15.069,3.73,-0.007959,-0.01687,10.443,0.4886,0.4492,0.4645,-2.708,-1.946,-1.597,0.003294,1.508,2.495,0.7942,0.8303,0.0002377,97.275,4.566,4.521,0.0001298,1.438e-05,
C:\Users\sblee\Downloads\Aesthetics-Toolbox-main\split_2\artemis_pierre-auguste-renoir_madame-monet-reading.jpg,3079,0.8144,17.47,7.398,7.235,102.479,5.939,130.33,114.99,107.29,49.289,5.932,6.472,0.02616,0.3117,0.5538,49.092,44.004,44.238,17.47,4.632,18.36,0.1984,0.1361,0.1889,25.913,9.775,0.04848,0.006187,8.389,0.5734,0.5624,0.5051,-2.444,-1.827,-1.327,0.002837,1.57,2.626,0.8359,0.8654,0.0001244,97.188,4.525,4.548,0.0001154,8.498e-06,
C:\Users\sblee\Downloads\Aesthetics-Toolbox-main\split_2\artemis_pierre-auguste-renoir_madame-victor-chocquet-1875.jpg,3096,0.8063,20.56,7.681,4.321,74.655,6.343,133.448,120.836,117.658,51.124,5.024,3.859,0.9642,0.2182,0.5427,48.98,52.386,58.615,20.56,3.659,12.123,0.1918,0.1645,0.2028,33.432,8.551,-0.007959,-0.04201,14.768,0.5869,0.4699,0.4684,-2.774,-1.783,-1.464,0.01022,1.391,2.514,0.8348,0.7837,0.0002411,95.193,4.433,4.375,0.0001421,1.404e-05,
C:\Users\sblee\Downloads\Aesthetics-Toolbox-main\split_2\artemis_pierre-auguste-renoir_near-berneval-1898.jpg,3043,0.832,23.225,7.69,11.64,99.739,6.742,107.539,126.628,90.581,49.992,-13.176,17.553,0.2876,0.4248,0.5048,68.873,57.917,59.601,23.225,7.122,13.171,0.1173,0.2236,0.2304,39.178,17.622,0.03473,0.08098,8.95,0.5689,0.5158,0.5204,-2.656,-1.113,-0.953,0.02297,1.63,2.645,0.8425,0.8429,9.708e-05,93.279,4.37,4.484,0.0001086,9.099e-06,
C:\Users\sblee\Downloads\Aesthetics-Toolbox-main\split_2\artemis_pierre-auguste-renoir_pines-in-the-vicinity-of-cagnes-1910.jpg,3547,1.567,22.431,7.695,11.553,129.746,7.087,104.182,100.161,84.189,41.572,-0.161,9.764,0.1455,0.3492,0.4408,55.49,55.607,57.675,22.431,7.893,15.472,0.207,0.2193,0.218,34.246,17.389,0.04596,0.07381,20.384,0.5744,0.5234,0.5165,-2.417,-1.405,-1.167,0.01051,1.635,2.629,0.8102,0.8518,0.0002559,95.64,4.098,4.39,0.000116,1.318e-05,
C:\Users\sblee\Downloads\Aesthetics-Toolbox-main\split_2\artemis_pierre-auguste-renoir_portrait-of-claude-monet-1875.jpg,3376,0.6931,17.623,6.619,4.648,51.3,5.381,92.817,80.482,72.091,34.561,3.829,6.732,0.06406,0.2175,0.3653,45.891,43.445,39.764,17.623,3.943,7.136,0.0764,0.1328,0.1816,64.319,16.067,-0.05644,0.05717,13.796,0.4714,0.3854,0.3817,-2.768,-1.339,-1.183,0.002638,1.409,2.544,0.7599,0.8021,0.0001476,85.946,4.433,4.44,0.0001274,1.483e-05,
C:\Users\sblee\Downloads\Aesthetics-Toolbox-main\split_2\artemis_pierre-auguste-renoir_richard-wagner-1882.jpg,3103,0.803,26.451,7.615,9.551,54.022,5.58,106.345,100.319,88.729,41.259,0.384,6.837,0.1598,0.2058,0.4271,71.044,62.971,52.12,26.451,3.041,9.253,0.2512,0.1058,0.2693,21.284,25.665,0.007236,0.1281,15.313,0.5979,0.4503,0.4323,-2.793,-0.9032,-0.8553,0.02817,1.611,2.651,0.7389,0.8044,0.0001361,91.915,4.47,4.332,0.0001231,1.366e-05,
C:\Users\sblee\Downloads\Aesthetics-Toolbox-main\split_2\artemis_pierre-auguste-renoir_rural-scene.jpg,3441,0.6712,15.3,7.128,9.897,100.786,6.924,165.971,174.907,156.951,70.078,-5.897,8.411,0.2928,0.198,0.7095,42.841,40.455,46.579,15.3,6.44,11.499,0.1752,0.1229,0.1544,11.17,5.981,0.02894,0.007528,14.102,0.5751,0.5967,0.5734,-2.188,-1.372,-1.19,0.007657,1.72,2.695,0.8219,0.8734,0.0001224,97.18,4.468,4.519,9.51e-05,8.141e-06,
C:\Users\sblee\Downloads\Aesthetics-Toolbox-main\split_2\artemis_pierre-auguste-renoir_seated-nude-combing-her-hair.jpg,3511,0.6491,20.815,7.585,10.656,67.813,4.964,135.705,101.963,75.64,45.31,10.685,20.457,0.07165,0.4891,0.5322,50.551,54.404,53.172,20.815,6.616,9.197,0.03165,0.1807,0.1982,60.436,8.347,0.02967,0.02936,16.008,0.5153,0.4806,0.4866,-2.936,-1.095,-0.7018,0.03318,1.699,2.665,0.7993,0.793,0.0001613,92.69,4.283,4.351,0.0001693,1.161e-05,
C:\Users\sblee\Downloads\Aesthetics-Toolbox-main\split_2\artemis_pierre-auguste-renoir_seated-woman-in-blue.jpg,3020,1.185,21.011,7.729,16.179,145.194,5.525,130.689,113.136,83.625,47.894,2.852,18.579,0.1064,0.3983,0.518,56.795,51.509,49.185,21.011,5.348,13.824,0.08905,0.2056,0.2211,26.506,5.07,-0.006105,-0.0246,5.948,0.6231,0.6217,0.6013,-2.485,-1.407,-0.9073,0.02537,1.718,2.711,0.9108,0.8684,0.0001705,98.596,4.477,4.52,0.0001032,7.521e-06,
C:\Users\sblee\Downloads\Aesthetics-Toolbox-main\split_2\artemis_pierre-auguste-renoir_seated-woman.jpg,3071,0.8182,11.768,6.582,10.032,52.657,6.722,209.407,199.573,163.805,80.506,-1.338,19.626,0.166,0.2545,0.8428,28.029,36.61,47.985,11.768,10.362,12.711,0.09845,0.1881,0.095,10.965,7.757,0.0007236,-0.03878,10.123,0.5291,0.4694,0.4415,-2.15,-0.9522,-0.665,0.0242,1.749,2.756,0.7391,0.7854,0.0001814,94.562,4.434,4.435,0.0001833,1.519e-05,
C:\Users\sblee\Downloads\Aesthetics-Toolbox-main\split_2\artemis_pierre-auguste-renoir_spring-flowers-1864.jpg,3275,0.7301,22.56,7.454,18.037,137.419,5.957,76.072,67.022,45.959,27.695,0.669,13.314,0.1184,0.4138,0.3045,59.009,54.079,42.627,22.56,6.04,12.195,0.1051,0.2105,0.2324,55.235,14.459,-0.01809,-0.06999,16.427,0.5479,0.5098,0.4746,-2.33,-1.297,-0.9288,0.00365,1.758,2.742,0.8326,0.8586,0.0002121,95.364,4.544,4.542,0.0001007,1.023e-05,
C:\Users\sblee\Downloads\Aesthetics-Toolbox-main\split_2\artemis_pierre-auguste-renoir_still-life-with-strawberries-2.jpg,3369,1.438,22.336,7.755,11.284,92.588,5.1,169.263,135.633,91.726,58.349,7.92,29.068,0.1048,0.5066,0.6644,54.89,61.404,61.603,22.336,12.629,9.957,0.03647,0.2331,0.2143,34.436,1.681,-0.004278,0.007236,14.339,0.555,0.5305,0.5146,-2.674,-1.263,-0.967,0.0144,1.619,2.639,0.7851,0.8323,0.000157,95.676,4.371,4.437,0.0001268,1.327e-05,
C:\Users\sblee\Downloads\Aesthetics-Toolbox-main\split_2\artemis_pierre-auguste-renoir_still-life-with-strawberries.jpg,3755,1.717,23.751,7.786,14.347,100.756,5.658,128.969,91.312,70.482,41.85,12.581,18.855,0.073,0.4568,0.5073,66.823,60.551,51.916,23.751,15.768,12.401,0.07138,0.2189,0.2604,49.352,15.924,-0.02381,-0.07598,17.415,0.5857,0.5686,0.539,-2.722,-1.457,-0.8609,0.02425,1.622,2.632,0.8392,0.8285,0.0001465,91.914,4.073,4.283,0.0001155,1.378e-05,
C:\Users\sblee\Downloads\Aesthetics-Toolbox-main\split_2\artemis_pierre-auguste-renoir_the-box-1874.jpg,3163,0.776,30.779,7.623,8.161,132.257,6.896,115.045,87.812,86.343,38.873,11.423,5.62,0.9413,0.4878,0.4665,80.412,76.942,71.166,30.779,9.367,15.653,0.1456,0.296,0.3141,36.104,9.095,0.04414,0.01095,10.855,0.4901,0.4751,0.451,-3.102,-1.498,-1.189,0.0101,1.409,2.486,0.8337,0.8349,0.0001777,96.91,4.453,4.454,0.0001485,1.364e-05,
C:\Users\sblee\Downloads\Aesthetics-Toolbox-main\split_2\artemis_pierre-auguste-renoir_the-daughters-of-catulle-mendes-1888.jpg,3190,0.7644,20.902,7.65,16.324,97.091,5.952,160.964,129.118,98.171,56.111,9.583,22.121,0.1024,0.4348,0.6389,50.014,56.834,66.625,20.902,12.429,18.087,0.1235,0.2906,0.1971,32.993,2.842,-0.005065,0.01327,10.216,0.5048,0.4752,0.4821,-2.39,-0.9728,-0.7877,0.01066,1.723,2.684,0.8007,0.8272,0.0002159,96.806,4.451,4.474,0.0001168,1.753e-05,
C:\Users\sblee\Downloads\Aesthetics-Toolbox-main\split_2\artemis_pierre-auguste-renoir_the-return-of-the-boating-party-1862.jpg,3083,1.231,18.68,7.571,13.031,101.965,6.295,114.262,107.568,84.458,44.988,-0.3823,13.563,0.1601,0.324,0.4729,51.455,45.926,38.526,18.68,7.134,16.356,0.1812,0.1759,0.1934,25.467,7.608,0.02381,0.02967,12.045,0.5257,0.4813,0.4331,-2.585,-1.098,-1.026,0.007183,1.753,2.658,0.8972,0.8345,0.0001833,97.543,4.439,4.521,0.0001103,1.196e-05,
C:\Users\sblee\Downloads\Aesthetics-Toolbox-main\split_2\artemis_pierre-auguste-renoir_two-apples.jpg,3551,1.569,18.936,7.471,14.266,79.707,5.567,190.093,160.566,96.74,67.561,3.993,36.991,0.1252,0.5208,0.7521,46.143,56.935,60.241,18.936,17.569,17.19,0.06341,0.2582,0.1737,25.413,5.212,-0.0006916,0.02605,16.895,0.5821,0.5672,0.5631,-2.203,-1.323,-0.7591,0.08605,1.729,2.75,0.8871,0.8169,0.0001209,95.052,4.398,4.36,0.0001067,1.673e-05,
C:\Users\sblee\Downloads\Aesthetics-Toolbox-main\split_2\artemis_pierre-auguste-renoir_view-close-to-antibes.jpg,3076,1.226,18.001,7.5,15.705,97.226,6.841,125.679,128.387,108.111,52.625,-3.491,10.424,0.2533,0.3076,0.548,50.596,44.537,49.566,18.001,6.004,20.356,0.2258,0.179,0.1923,19.479,1.972,0.008855,-0.004342,8.902,0.5641,0.5301,0.5272,-2.459,-0.9448,-0.8212,0.01151,1.794,2.722,0.8886,0.8514,0.0001902,95.562,4.455,4.535,0.0001099,1.107e-05,
C:\Users\sblee\Downloads\Aesthetics-Toolbox-main\split_2\artemis_pierre-auguste-renoir_white-house.jpg,2939,1.127,18.11,7.493,14.302,97.591,5.203,166.247,134.248,99.048,57.981,8.2,24.169,0.09455,0.4422,0.6542,43.185,49.908,54.578,18.11,9.598,11.496,0.06344,0.2253,0.1678,27.65,3.261,0.003532,-0.01592,6.488,0.569,0.5438,0.5275,-2.433,-1.042,-0.8659,0.02905,1.746,2.711,0.9075,0.8177,0.0001021,96.02,4.272,4.442,0.0001149,1.307e-05,
C:\Users\sblee\Downloads\Aesthetics-Toolbox-main\split_2\artemis_pierre-auguste-renoir_woman-in-a-red-blouse-1.jpg,3057,0.8251,14.429,7.196,8.258,42.673,4.55,156.359,69.883,47.417,41.054,33.506,31.4,0.03329,0.7081,0.6132,39.543,41.147,26.48,14.429,12.09,8.433,0.02622,0.1176,0.1551,45.683,10.671,-0.01085,0.05224,8.521,0.6375,0.4787,0.4812,-2.871,-0.8452,-0.8217,0.04589,1.513,2.614,0.6102,0.7336,0.000152,88.805,4.489,4.252,0.0003982,1.034e-05,
C:\Users\sblee\Downloads\Aesthetics-Toolbox-main\split_2\artemis_pierre-auguste-renoir_young-girl-seated-in-a-garden.jpg,3180,1.301,20.665,7.709,26.34,99.819,4.773,174.216,120.183,71.837,54.783,16.35,34.693,0.08111,0.6226,0.6832,57.035,54.722,51.781,20.665,13.324,12.524,0.02704,0.2072,0.2237,27.706,2.025,-0.009455,0.003618,8.75,0.5868,0.5866,0.5819,-2.275,-0.9392,-0.4585,0.06895,1.908,2.786,0.8192,0.8568,0.0001217,99.417,4.495,4.525,0.0001116,9.975e-06,
C:\Users\sblee\Downloads\Aesthetics-Toolbox-main\split_2\artemis_pierre-auguste-renoir_young-woman-in-a-blue-hat.jpg,3040,1.2,20.846,7.443,10.655,86.46,4.788,180.423,129.528,88.057,57.786,15.075,29.818,0.06974,0.5017,0.7076,61.78,51.258,41.122,20.846,10.163,15.123,0.03224,0.1574,0.2423,10.544,10.917,-0.01628,0.0521,12.789,0.5759,0.4883,0.4833,-2.805,-1.065,-1.018,0.01391,1.69,2.628,0.8612,0.8055,0.0001714,85.441,4.535,4.433,0.0001739,1.584e-05,
C:\Users\sblee\Downloads\Aesthetics-Toolbox-main\split_2\artemis_pierre-bonnard_interior-with-flowers-1919.jpg,3256,0.7375,21.328,7.718,13.463,149.804,6.971,151.556,121.128,111.005,53.09,11.315,10.37,0.007889,0.3267,0.6147,61.759,53.368,55.609,21.328,11.788,18.31,0.1768,0.1973,0.2353,21.942,2.291,-0.008683,-0.007471,8.995,0.5809,0.5493,0.5192,-2.578,-1.171,-1.201,0.002179,1.705,2.683,0.8081,0.856,0.0001418,99.02,4.391,4.485,0.0001088,9.528e-06,
C:\Users\sblee\Downloads\Aesthetics-Toolbox-main\split_2\artemis_pierre-bonnard_landscape-with-freight-train-1909.jpg,3271,1.367,21.801,7.7,12.1,121.003,6.762,108.99,118.187,79.812,47.346,-9.145,18.855,0.2863,0.3978,0.4872,62.459,54.354,33.76,21.801,7.703,21.019,0.163,0.154,0.2264,27.475,13.347,0.01085,-0.06585,10.337,0.6171,0.5601,0.5422,-2.487,-1.318,-1.077,0.004039,1.639,2.615,0.8898,0.8377,0.0001454,95.608,4.243,4.458,0.0001017,9.394e-06,
C:\Users\sblee\Downloads\Aesthetics-Toolbox-main\split_2\artemis_pierre-bonnard_woman-at-her-window.jpg,3202,0.7593,21.862,7.601,8.908,106.421,5.527,129.287,120.125,83.43,49.579,-1.963,21.085,0.1514,0.3493,0.5138,56.796,54.469,41.072,21.862,6.259,11.017,0.05875,0.1624,0.2224,24.343,6.227,-0.03111,-0.001099,13.189,0.5044,0.5452,0.4723,-2.748,-1.308,-1.158,0.009431,1.581,2.613,0.8653,0.8496,0.0001188,97.776,4.091,4.255,0.0001313,1.347e-05,
C:\Users\sblee\Downloads\Aesthetics-Toolbox-main\split_2\artemis_pierre-daura_calafons-minorque-1927.jpg,3284,1.376,13.261,6.835,4.447,77.697,3.668,192.845,179.898,156.977,73.524,0.9142,13.479,0.1069,0.1976,0.7563,33.434,35.259,36.922,13.261,1.599,3.064,0.01427,0.07416,0.1311,5.064,10.42,-0.0005258,-0.0521,9.051,0.5425,0.4684,0.4405,-2.493,-1.768,-1.676,0.003565,1.505,2.539,0.7435,0.8068,0.0002305,91.621,4.297,4.46,0.0001773,1.181e-05,
C:\Users\sblee\Downloads\Aesthetics-Toolbox-main\split_2\artemis_pierre-paul-prudhon_the-dream-of-happiness-1819.jpg,3252,1.353,19.528,7.28,7.66,80.535,5.979,77.41,73.772,77.024,31.014,2.773,-1.909,0.7299,0.2501,0.3384,53.283,47.391,37.488,19.528,3.911,9.266,0.227,0.144,0.187,61.319,7.367,-0.03209,0.01809,11.255,0.4782,0.4186,0.3878,-2.727,-1.571,-1.134,0.01013,1.519,2.595,0.8462,0.8167,0.000178,91.689,4.302,4.398,0.0001144,1.636e-05,
C:\Users\sblee\Downloads\Aesthetics-Toolbox-main\split_2\artemis_pierre-puvis-de-chavannes_life-of-st-genevieve.jpg,2942,0.8859,17.78,7.518,3.8,70.676,7.212,125.06,122.795,124.382,51.346,1.856,-0.5967,0.9193,0.1805,0.538,51.293,44.518,41.41,17.78,5.458,12.111,0.3223,0.135,0.1855,40.49,14.069,0.03835,0.05897,8.99,0.4901,0.468,0.4316,-2.815,-1.743,-1.557,0.002809,1.394,2.486,0.8051,0.8243,0.0002658,91.736,4.406,4.492,0.0001303,1.875e-05,
C:\Users\sblee\Downloads\Aesthetics-Toolbox-main\split_2\artemis_pieter-bruegel-the-elder_armed-three-master-with-daedalus-and-icarus-in-the-sky-1562.jpg,3170,1.294,22.514,7.655,26.811,125.105,4.594,147.234,150.213,144.147,60.884,-2.254,2.901,0.2578,0.06079,0.5896,56.452,57.194,57.876,22.514,1.22,1.763,0.08499,0.07094,0.2239,18.168,3.477,-0.005034,-0.01664,10.907,0.5823,0.4881,0.4693,-2.038,-1.141,-0.5726,0.01155,1.88,2.857,0.7959,0.8629,0.0004699,97.223,4.481,4.461,0.0001371,1.091e-05,
C:\Users\sblee\Downloads\Aesthetics-Toolbox-main\split_2\artemis_pieter-de-hooch_skittle-players-in-a-garden.jpg,2911,1.106,26.779,7.629,6.804,108.859,6.695,134.468,136.496,113.783,55.195,-4.155,12.624,0.2935,0.3106,0.575,72.455,68.694,77.481,26.779,8.386,14.479,0.1804,0.1825,0.2791,45.388,13.96,-0.0121,0.06874,13.189,0.478,0.4032,0.3867,-2.381,-2.1,-1.889,0.02771,1.43,2.569,0.6993,0.827,0.0003087,91.432,4.398,4.512,0.0002055,1.58e-05,
C:\Users\sblee\Downloads\Aesthetics-Toolbox-main\split_2\artemis_pieter-de-hooch_tavern-scene-with-maid-trying-to-fill-the-glass-of-a-cavalier-the-empty-glass.jpg,3098,0.8054,20.778,7.056,8.473,86.647,6.073,69.783,45.356,42.069,20.763,10.415,6.314,0.954,0.5273,0.2782,56.966,48.429,35.526,20.778,5.991,11.236,0.1208,0.1622,0.2193,62.791,16.085,0.0007236,-0.08042,16.901,0.5041,0.4253,0.383,-2.552,-1.465,-1.043,0.007449,1.548,2.601,0.6841,0.8116,0.0001863,90.078,4.396,4.495,0.0001298,1.464e-05,
C:\Users\sblee\Downloads\Aesthetics-Toolbox-main\split_2\artemis_pieter-wenning_still-life-1.jpg,3280,1.373,19.973,7.438,4.717,106.714,6.029,155.761,148.181,101.895,60.658,-3.835,25.745,0.1782,0.4213,0.6459,64.599,49.746,49.244,19.973,10.225,13.484,0.1125,0.1594,0.2147,11.982,11.393,-0.03214,-0.04703,10.198,0.5329,0.5232,0.5128,-2.793,-1.982,-1.778,0.00601,1.405,2.481,0.8765,0.8441,0.0002119,94.647,4.479,4.506,0.0001262,1.105e-05,
C:\Users\sblee\Downloads\Aesthetics-Toolbox-main\split_2\artemis_pietro-perugino_baptism-of-christ.jpg,3025,0.8411,30.578,6.892,5.028,134.28,5.771,146.561,129.828,110.086,53.969,4.266,13.031,0.05009,0.2824,0.582,77.412,81.34,76.945,30.578,10.691,16.474,0.092,0.1912,0.305,48.383,11.98,0.01447,0.05813,5.886,0.6012,0.4089,0.4031,-3.075,-1.884,-1.601,0.003688,1.323,2.479,0.7378,0.7983,0.0005905,96.192,4.04,4.029,0.0003041,3.138e-05,
C:\Users\sblee\Downloads\Aesthetics-Toolbox-main\split_2\artemis_pietro-perugino_dead-christ-at-the-tomb.jpg,2879,0.9232,24.586,7.885,10.875,186.537,6.089,143.716,117.597,83.728,50.544,6.828,22.823,0.1233,0.4719,0.5704,59.872,64.203,67.837,24.586,11.638,16.061,0.09197,0.2837,0.2374,30.933,8.169,0.009407,-0.03975,8.365,0.6463,0.5205,0.5074,-2.277,-2.015,-1.617,0.03161,1.594,2.642,0.8193,0.8468,0.0004557,98.061,3.421,3.95,0.0001325,1.173e-05,
C:\Users\sblee\Downloads\Aesthetics-Toolbox-main\split_2\artemis_pietro-perugino_polyptych-annunziata-john-the-baptist.jpg,4740,0.4116,23.063,7.639,1.961,83.435,5.208,94.677,68.736,32.506,30.34,7.064,24.078,0.1071,0.6038,0.3721,63.998,54.683,27.54,23.063,8.387,18.022,0.07263,0.2015,0.2499,49.652,5.455,-0.02533,0.01013,20.985,0.4798,0.4831,0.4065,-3.275,-1.823,-1.76,0.01124,1.204,2.282,0.7739,0.7746,0.0005528,94.518,3.653,3.94,0.0002017,2.411e-05,
C:\Users\sblee\Downloads\Aesthetics-Toolbox-main\split_2\artemis_pietro-perugino_portrait-of-a-young-man.jpg,3602,0.6225,16.813,6.937,9.086,39.906,5.401,84.356,60.513,49.549,27.309,8.98,10.435,0.04661,0.414,0.331,48.994,39.521,25.058,16.813,5.86,10.115,0.05018,0.1462,0.1921,77.789,10.793,0.03039,0.04459,18.749,0.5579,0.5412,0.4966,-2.598,-1.433,-0.7708,0.07149,1.778,2.669,0.8903,0.7386,0.0001358,69.431,4.415,4.134,9.643e-05,1.552e-05,
C:\Users\sblee\Downloads\Aesthetics-Toolbox-main\split_2\artemis_pietro-perugino_the-miracles-of-san-bernardino-the-healing-of-the-blind-and-deaf-riccardo-micuzio.jpg,3244,0.7422,21.736,7.516,6.727,140.684,5.208,173.765,147.109,127.352,62.215,7.324,14.426,0.07601,0.2815,0.6822,55.366,57.411,53.367,21.736,7.693,6.056,0.05288,0.136,0.2163,26.685,7.34,0.003618,-0.03652,16.76,0.6877,0.5081,0.5078,-2.659,-1.901,-1.631,0.004735,1.47,2.502,0.7759,0.8597,0.0003663,96.525,3.734,4.172,0.000154,1.163e-05,
C:\Users\sblee\Downloads\Aesthetics-Toolbox-main\split_2\artemis_pino-pinelli_pittura-b-g-1991.jpg,2766,0.9986,12.51,5.869,3.118,31.07,5.148,204.891,205.85,168.487,81.8,-5.012,18.013,0.234,0.2234,0.8384,24.793,36.604,61.479,12.51,5.371,20.305,0.08355,0.2475,0.1078,5.569,20.889,-0.01954,-0.1026,13.663,0.4769,0.3899,0.3568,-2.61,-1.291,-0.9954,0.01786,1.41,2.408,0.6578,0.6847,0.0004319,73.144,4.207,4.343,0.0004056,3.27e-05,
C:\Users\sblee\Downloads\Aesthetics-Toolbox-main\split_2\artemis_pinturicchio_the-glory-of-st-bernardino-1486.jpg,3224,0.7503,19.534,7.55,8.6,84.48,6.294,93.87,91.646,85.815,38.187,0.1295,3.918,0.1457,0.1956,0.3869,46.689,48.224,51.287,19.534,3.069,7.877,0.2433,0.1378,0.194,46.225,12.006,0.04776,-0.03637,18.201,0.5729,0.5431,0.4906,-2.325,-1.264,-0.9903,0.004625,1.59,2.638,0.6674,0.8233,0.000299,89.524,4.298,4.426,0.0001202,1.502e-05,
C:\Users\sblee\Downloads\Aesthetics-Toolbox-main\split_2\artemis_polychronis-lembesis_alitopaido.jpg,3482,1.52,9.676,7.008,2.642,32.472,5.964,65.493,82.115,68.001,33.158,-8.333,6.643,0.3125,0.3869,0.3327,19.348,24.275,30.932,9.676,5.779,10.556,0.18,0.09961,0.09535,13.471,8.751,-0.01238,0.04197,15.297,0.5867,0.4148,0.3866,-2.635,-1.756,-1.6,0.03634,1.398,2.53,0.8093,0.7957,0.0001772,96.907,4.522,4.469,0.0002133,1.07e-05,
C:\Users\sblee\Downloads\Aesthetics-Toolbox-main\split_2\artemis_polychronis-lembesis_nude-1877.jpg,3275,1.37,19.666,7.564,2.461,58.704,3.657,151.942,128.808,94.941,54.56,4.071,21.504,0.09812,0.3804,0.5959,53.396,49.355,40.717,19.666,3.392,8.807,0.01436,0.1209,0.2094,26.117,11.499,-0.03407,0.04631,14.641,0.42,0.4182,0.3829,-3.179,-1.778,-1.576,0.00726,1.279,2.44,0.8614,0.7846,0.000282,93.86,4.286,4.238,0.0001997,1.6e-05,
C:\Users\sblee\Downloads\Aesthetics-Toolbox-main\split_2\artemis_polychronis-lembesis_the-girl-and-the-goat.jpg,3320,1.402,15.812,7.045,9.386,63.657,6.287,172.146,170.902,165.924,69.558,-0.2491,2.948,0.1995,0.08905,0.6896,36.689,42.155,46.769,15.812,2.968,5.61,0.2224,0.1005,0.1521,5.925,16.414,-0.04592,-0.06802,11.642,0.5803,0.5366,0.5188,-2.397,-1.25,-1.012,0.02815,1.682,2.718,0.8317,0.8239,0.0001273,86.751,4.37,4.462,0.0001294,8.813e-06,
C:\Users\sblee\Downloads\Aesthetics-Toolbox-main\split_2\artemis_pyotr-konchalovsky_bova-the-prince-sketch-of-a-picture-1914.jpg,3500,1.533,25.985,7.713,19.668,275.128,6.541,139.471,123.397,87.733,51.527,1.987,20.98,0.1076,0.4013,0.5566,66.681,67.771,57.54,25.985,11.313,19.182,0.1156,0.2381,0.2576,25.17,6.48,0.02266,0.02315,12.267,0.6865,0.6739,0.6715,-1.703,-1.761,-1.428,0.0202,1.756,2.807,0.913,0.8875,0.0002187,99.411,4.262,4.498,9.23e-05,7.032e-06,
C:\Users\sblee\Downloads\Aesthetics-Toolbox-main\split_2\artemis_pyotr-konchalovsky_crimea-alupka-1916-1.jpg,3188,1.307,18.259,7.479,5.717,119.312,6.988,140.048,146.349,133.676,59.539,-3.444,5.94,0.2637,0.2608,0.6207,51.61,48.153,48.702,18.259,7.423,18.219,0.2157,0.1558,0.1741,34.587,3.986,-0.01827,-0.007959,9.889,0.5294,0.5341,0.5005,-2.674,-1.9,-1.492,0.003431,1.435,2.457,0.8686,0.8361,0.0002473,97.757,4.167,4.421,0.0001352,1.35e-05,
C:\Users\sblee\Downloads\Aesthetics-Toolbox-main\split_2\artemis_pyotr-konchalovsky_design-for-the-opera-by-wolfgang-amadeus-mozart-don-giovanni-1913-1.jpg,3276,1.37,16.197,7.044,5.127,107.466,6.641,75.124,70.141,65.325,30.103,2.52,4.067,0.3861,0.3942,0.3444,54.304,36.298,33.572,16.197,11.435,13.694,0.3257,0.2472,0.1801,42.27,13.465,-0.002112,-0.06729,8.892,0.5413,0.4047,0.3917,-2.493,-2.067,-1.738,0.01115,1.432,2.488,0.6263,0.8289,0.0003027,95.0,4.311,4.496,0.0001453,1.668e-05,
C:\Users\sblee\Downloads\Aesthetics-Toolbox-main\split_2\artemis_pyotr-konchalovsky_gurzuf-cypresses-1929.jpg,3124,0.7933,16.744,7.311,5.337,104.09,6.627,140.234,138.405,128.353,57.145,-0.7781,5.814,0.2043,0.1917,0.584,46.993,41.88,46.482,16.744,5.023,11.298,0.249,0.1153,0.1777,19.988,1.74,-0.008683,0.0005741,8.259,0.5402,0.4677,0.445,-2.579,-2.015,-1.699,0.001822,1.462,2.478,0.8009,0.8478,0.0002317,97.43,4.378,4.49,0.0001454,1.236e-05,
C:\Users\sblee\Downloads\Aesthetics-Toolbox-main\split_2\artemis_pyotr-konchalovsky_irises-1911.jpg,3076,0.8158,15.214,7.278,9.762,154.905,7.27,116.972,137.338,111.139,54.859,-11.6058,11.687,0.3319,0.3194,0.5577,48.849,38.202,40.912,15.214,9.098,15.419,0.158,0.1582,0.1542,30.746,1.101,0.001447,-0.005313,5.936,0.6105,0.6052,0.588,-2.08,-2.144,-1.607,0.00449,1.642,2.627,0.8585,0.8686,0.0002511,99.474,4.26,4.471,9.131e-05,8.856e-06,
C:\Users\sblee\Downloads\Aesthetics-Toolbox-main\split_2\artemis_pyotr-konchalovsky_khokhloma-varnisher-1936.jpg,3289,1.38,17.651,7.414,4.899,117.728,6.027,110.339,101.595,92.572,43.028,2.097,6.123,0.09573,0.2328,0.4495,52.117,41.869,34.964,17.651,4.3,9.0,0.1951,0.1409,0.1841,30.256,5.088,0.02334,0.01013,12.039,0.4907,0.4996,0.4926,-2.588,-2.096,-1.89,0.002087,1.45,2.479,0.7472,0.8333,0.00037,98.123,4.313,4.475,0.0001474,1.206e-05,
C:\Users\sblee\Downloads\Aesthetics-Toolbox-main\split_2\artemis_pyotr-konchalovsky_leningrad-the-embankment-of-the-neva-1931.jpg,3440,1.489,18.502,7.03,12.878,99.92,6.385,182.117,182.305,165.851,73.266,-2.563,8.383,0.2118,0.1431,0.7315,45.749,48.239,49.116,18.502,4.315,9.97,0.1328,0.1542,0.1727,2.494,7.496,-0.01215,-0.03546,14.521,0.5784,0.2747,0.2625,-2.124,-1.292,-1.294,0.00634,1.797,2.752,0.8503,0.7613,0.0001445,80.576,3.964,4.316,0.0001316,1.38e-05,
C:\Users\sblee\Downloads\Aesthetics-Toolbox-main\split_2\artemis_pyotr-konchalovsky_lilacs-in-a-purse-on-the-floor-1955.jpg,3210,1.323,16.568,7.461,14.285,126.928,6.993,111.312,92.067,83.634,40.583,6.669,8.09,0.0482,0.3294,0.4506,45.994,42.09,36.06,16.568,12.189,10.767,0.1527,0.1733,0.1664,36.09,5.682,0.02681,-0.009407,9.212,0.5277,0.5712,0.5259,-2.17,-1.469,-1.29,0.002371,1.81,2.743,0.947,0.8724,9.572e-05,98.359,4.555,4.564,9.353e-05,9.138e-06,
C:\Users\sblee\Downloads\Aesthetics-Toolbox-main\split_2\artemis_pyotr-konchalovsky_lilacs.jpg,3367,1.436,21.908,7.739,9.405,192.674,7.527,109.084,112.679,101.375,46.122,-3.165,5.839,0.2544,0.2214,0.4691,57.695,55.161,53.607,21.908,8.945,10.945,0.2355,0.1404,0.2203,36.808,4.952,-0.002771,0.0246,12.352,0.6396,0.6007,0.5964,-2.324,-2.164,-1.839,0.006825,1.554,2.594,0.8172,0.8971,0.0001637,99.236,4.549,4.569,0.0001161,6.669e-06,
C:\Users\sblee\Downloads\Aesthetics-Toolbox-main\split_2\artemis_pyotr-konchalovsky_margot-is-dancing-1949.jpg,3096,0.8063,25.005,7.511,4.476,102.233,6.331,158.202,154.803,137.814,62.85,-0.8731,8.944,0.1485,0.279,0.6633,72.294,61.959,52.575,25.005,5.042,15.082,0.1887,0.1643,0.2422,14.351,20.257,-0.01375,-0.1004,19.933,0.487,0.381,0.3647,-2.734,-1.986,-1.776,0.007081,1.36,2.525,0.6484,0.8058,0.0002486,89.407,4.53,4.497,0.000175,1.297e-05,
C:\Users\sblee\Downloads\Aesthetics-Toolbox-main\split_2\artemis_pyotr-konchalovsky_night-at-the-field-1923.jpg,3434,1.485,12.646,6.81,3.476,51.114,6.432,112.754,124.168,111.528,50.771,-5.595,5.978,0.3695,0.2795,0.5182,33.097,32.248,42.936,12.646,6.321,13.75,0.182,0.1582,0.1322,12.56,5.066,0.0004873,-0.02533,10.784,0.6206,0.3611,0.3562,-2.167,-1.88,-1.716,0.005021,1.441,2.57,0.6219,0.7933,0.0001796,88.244,4.408,4.459,0.0001662,1.162e-05,
C:\Users\sblee\Downloads\Aesthetics-Toolbox-main\split_2\artemis_pyotr-konchalovsky_novgorod-anthony-the-roman-1925.jpg,3109,1.25,25.367,7.834,6.6,135.828,6.826,133.772,145.107,116.881,57.791,-8.92,13.703,0.2587,0.3232,0.5885,77.115,62.348,65.88,25.367,9.829,14.233,0.1545,0.2396,0.2576,22.323,10.18,0.01303,-0.0492,11.782,0.5241,0.4886,0.4496,-2.578,-2.045,-1.729,0.001302,1.381,2.486,0.7828,0.8414,0.0002306,95.838,4.237,4.454,0.0001258,1.28e-05,
C:\Users\sblee\Downloads\Aesthetics-Toolbox-main\split_2\artemis_pyotr-konchalovsky_paris-the-boy-with-the-apple-portrait-of-mikhail-petrovich-konchalovsky-1908.jpg,3044,0.8315,16.32,7.366,10.357,110.388,5.552,141.766,131.83,101.982,54.844,-0.6909,17.357,0.1447,0.2834,0.5603,44.194,41.546,38.835,16.32,4.481,11.708,0.07891,0.1799,0.1714,19.075,3.254,-0.01158,0.01143,5.046,0.616,0.5816,0.5859,-2.054,-1.9,-1.321,0.006423,1.679,2.689,0.8019,0.8581,0.000281,98.284,4.514,4.53,9.895e-05,9.903e-06,
C:\Users\sblee\Downloads\Aesthetics-Toolbox-main\split_2\artemis_pyotr-konchalovsky_portrait-of-sergei-vladimirovich-mikhalkov-with-his-son-1943.jpg,3073,0.8173,17.239,7.394,4.478,69.14,6.034,99.608,96.568,92.223,40.556,0.7019,2.928,0.1649,0.1641,0.4082,44.092,42.183,40.324,17.239,4.55,7.892,0.2518,0.1293,0.1666,37.955,17.571,0.02677,0.08368,6.589,0.4843,0.4431,0.4219,-2.658,-1.57,-1.394,0.002027,1.467,2.541,0.7687,0.8119,0.0002016,92.345,4.446,4.505,0.0001331,1.424e-05,
C:\Users\sblee\Downloads\Aesthetics-Toolbox-main\split_2\artemis_pyotr-konchalovsky_portrait-of-the-actress-vera-georgievna-dulova-1949.jpg,2883,1.086,23.441,7.791,27.048,103.512,6.882,145.819,128.111,106.393,53.965,4.359,14.439,0.1127,0.3267,0.5815,57.555,61.136,60.049,23.441,9.539,14.816,0.1469,0.2332,0.2288,19.298,8.469,0.01632,-0.03907,5.277,0.5013,0.4998,0.4676,-2.152,-0.9638,-0.6967,0.01914,1.821,2.842,0.8722,0.8323,0.0001169,97.82,4.332,4.487,0.0001046,1.302e-05,
C:\Users\sblee\Downloads\Aesthetics-Toolbox-main\split_2\artemis_pyotr-konchalovsky_san-angelo-1924.jpg,3128,1.263,18.484,7.532,12.782,70.423,7.331,160.115,158.311,151.371,64.825,0.09867,3.988,0.2591,0.1786,0.6676,50.388,49.26,49.556,18.484,6.619,12.501,0.3453,0.1585,0.182,23.111,16.378,-0.04868,-0.06585,8.939,0.5674,0.3968,0.3836,-2.35,-1.124,-0.585,0.0268,1.754,2.7,0.7883,0.7659,0.0003534,95.587,4.492,4.447,0.0001104,1.347e-05,
C:\Users\sblee\Downloads\Aesthetics-Toolbox-main\split_2\artemis_pyotr-konchalovsky_sketch-a-still-life-with-guitar-1917.jpg,3138,0.787,11.667,5.652,5.271,87.675,2.955,231.997,213.111,159.081,85.497,-1.25,29.188,0.124,0.3226,0.9098,30.422,31.95,32.43,11.667,1.992,4.907,0.008332,0.08444,0.1193,2.321,3.783,0.005065,-0.01822,10.292,0.5016,0.4676,0.4594,-1.895,-2.126,-1.757,0.01418,1.491,2.511,0.6981,0.8306,0.0004737,97.105,4.366,4.487,0.0002181,2.034e-05,
C:\Users\sblee\Downloads\Aesthetics-Toolbox-main\split_2\artemis_pyotr-konchalovsky_sketch-of-portrait-of-of-the-writer-sukhotin-1934.jpg,3211,0.7556,12.648,5.783,6.704,82.949,4.69,202.915,190.731,168.879,77.471,0.7257,12.688,0.1067,0.1779,0.7957,32.761,33.639,36.039,12.648,1.217,2.863,0.01113,0.06883,0.1285,5.197,5.644,0.02388,0.01504,10.266,0.4682,0.478,0.4605,-1.891,-2.036,-1.512,0.005385,1.561,2.667,0.5629,0.8378,0.0004777,92.648,4.531,4.537,0.0002753,1.772e-05,
C:\Users\sblee\Downloads\Aesthetics-Toolbox-main\split_2\artemis_pyotr-konchalovsky_spanish-woman-1910-1.jpg,3158,0.7782,25.694,7.537,3.693,84.336,5.955,154.224,148.182,113.878,60.217,-1.344,18.121,0.2617,0.3531,0.6368,65.035,65.798,69.429,25.694,5.408,25.998,0.3016,0.2321,0.253,15.403,3.469,0.007236,-0.01577,13.74,0.5082,0.3465,0.3293,-2.842,-2.055,-1.801,0.003676,1.325,2.46,0.7559,0.7619,0.000318,90.872,4.465,4.375,0.0002003,2.994e-05,
C:\Users\sblee\Downloads\Aesthetics-Toolbox-main\split_2\artemis_pyotr-konchalovsky_spring-state-farm-mounds-1932.jpg,3497,1.53,19.847,7.263,5.156,115.782,6.561,155.402,148.655,150.739,61.666,3.462,0.4787,0.8626,0.2062,0.6609,47.639,50.807,67.692,19.847,6.357,14.296,0.2827,0.1238,0.2181,19.978,16.98,0.006383,-0.08466,13.383,0.5464,0.4203,0.3888,-2.048,-2.174,-2.047,0.008737,1.401,2.534,0.6136,0.8304,0.0004259,90.018,4.472,4.505,0.0002095,1.476e-05,
C:\Users\sblee\Downloads\Aesthetics-Toolbox-main\split_2\artemis_pyotr-konchalovsky_still-life-a-small-bouquet-1951.jpg,2941,0.8865,19.21,7.34,5.269,98.055,6.434,152.474,150.506,135.933,61.65,-1.497,8.336,0.1735,0.1887,0.6215,49.234,50.895,51.918,19.21,9.519,9.535,0.1184,0.1633,0.1784,20.625,15.258,0.02822,-0.07088,13.534,0.4562,0.4204,0.4244,-2.423,-1.858,-1.755,0.04573,1.349,2.554,0.6692,0.8213,0.0001947,92.591,4.543,4.544,0.0001426,1.62e-05,
C:\Users\sblee\Downloads\Aesthetics-Toolbox-main\split_2\artemis_pyotr-konchalovsky_still-life-candlestick-and-the-tube-on-a-red-background-1947.jpg,3143,1.274,15.752,7.068,6.375,82.903,5.073,136.094,90.272,84.784,42.896,17.746,11.17,0.02766,0.3746,0.535,53.138,34.672,33.893,15.752,13.336,6.634,0.05781,0.1202,0.2074,14.484,11.733,-0.002555,0.05861,12.921,0.5407,0.4362,0.3967,-2.211,-2.07,-1.656,0.004011,1.465,2.558,0.6717,0.8153,0.0001993,96.365,4.399,4.485,0.0001703,1.278e-05,
C:\Users\sblee\Downloads\Aesthetics-Toolbox-main\split_2\artemis_pyotr-konchalovsky_still-life-cleaned-fish-1928.jpg,3249,1.351,14.473,7.196,5.779,100.361,6.762,83.76,83.727,70.866,34.919,-2.06,7.564,0.1935,0.2594,0.3569,38.309,34.86,30.642,14.473,7.084,8.295,0.1792,0.1373,0.1433,40.323,4.415,0.004017,-0.02171,8.683,0.5646,0.5287,0.5178,-2.367,-2.009,-1.751,0.002779,1.545,2.516,0.8581,0.8389,0.0002883,98.465,4.317,4.467,0.000111,1.203e-05,
C:\Users\sblee\Downloads\Aesthetics-Toolbox-main\split_2\artemis_pyotr-konchalovsky_still-life-with-red-gladioli-1915.jpg,3027,0.8401,21.036,7.697,13.337,162.582,6.297,125.198,103.801,58.041,44.711,3.332,28.045,0.1263,0.534,0.5087,57.612,54.921,43.291,21.036,15.426,18.918,0.08626,0.2348,0.2294,37.509,6.471,0.02026,0.02523,5.536,0.5852,0.5496,0.5204,-2.114,-1.98,-1.384,0.016,1.676,2.716,0.8088,0.8562,0.0001802,98.86,4.376,4.516,9.737e-05,1.084e-05,
C:\Users\sblee\Downloads\Aesthetics-Toolbox-main\split_2\artemis_pyotr-konchalovsky_the-evening-landscape-with-a-lake-1939.jpg,3314,1.398,23.023,7.603,8.796,67.777,6.612,122.917,135.617,131.841,54.592,-4.924,0.991,0.3717,0.1935,0.5586,52.561,59.963,69.122,23.023,3.924,9.859,0.1928,0.08649,0.2525,32.497,18.975,-0.09058,0.02822,15.938,0.4964,0.5492,0.4932,-2.411,-1.579,-0.9353,0.04175,1.614,2.636,0.7769,0.8292,0.0001465,94.571,4.447,4.52,0.0001548,1.145e-05,
C:\Users\sblee\Downloads\Aesthetics-Toolbox-main\split_2\artemis_pyotr-konchalovsky_the-landscape-coast-of-france-1908.jpg,3176,1.298,22.802,7.8,19.698,119.425,6.936,119.751,104.13,80.115,44.335,3.379,15.661,0.1209,0.3834,0.4862,61.961,58.275,52.532,22.802,10.982,17.146,0.1749,0.2509,0.2343,44.356,4.202,-0.01282,-0.01664,9.479,0.5918,0.5764,0.5458,-2.095,-1.101,-0.685,0.03284,1.765,2.807,0.8353,0.8618,0.0001381,95.63,4.316,4.49,7.863e-05,1.191e-05,
C:\Users\sblee\Downloads\Aesthetics-Toolbox-main\split_2\artemis_pyotr-konchalovsky_the-river-in-the-morning-1923.jpg,3319,1.402,24.542,7.731,4.037,91.783,6.849,132.011,139.14,142.0,56.452,-1.666,-2.076,0.5321,0.1901,0.5831,61.751,61.915,67.104,24.542,5.071,8.268,0.2083,0.1444,0.247,21.672,22.063,0.008518,-0.11,12.5,0.6001,0.4121,0.4091,-2.573,-1.994,-1.736,0.004409,1.283,2.498,0.6873,0.798,0.0004044,88.039,4.084,4.368,0.0001586,1.327e-05,
C:\Users\sblee\Downloads\Aesthetics-Toolbox-main\split_2\artemis_pyotr-konchalovsky_the-tops-of-the-birches-1934.jpg,3114,0.7979,11.875,6.85,6.247,97.334,6.196,179.57,161.492,155.551,67.668,6.063,5.793,0.9826,0.1915,0.7142,27.852,31.896,44.627,11.875,2.789,12.11,0.1423,0.132,0.1111,14.351,5.766,-0.0275,0.008661,6.988,0.5284,0.5011,0.4788,-1.831,-1.994,-1.594,0.008564,1.565,2.554,0.7229,0.8499,0.0003211,97.766,3.889,4.34,0.0001365,1.432e-05,
C:\Users\sblee\Downloads\Aesthetics-Toolbox-main\split_2\artemis_pyotr-konchalovsky_the-window-balsams-1928.jpg,2993,0.8579,19.382,7.504,5.567,129.471,6.559,111.751,116.984,116.173,48.132,-1.707,-0.2311,0.4573,0.1938,0.491,51.619,47.916,48.936,19.382,2.952,10.144,0.2425,0.1329,0.1902,31.723,9.031,0.0152,0.04252,4.421,0.5636,0.5603,0.5064,-2.737,-1.99,-1.681,0.001818,1.399,2.548,0.7587,0.8319,0.000387,97.858,3.967,4.395,0.000162,1.183e-05,
C:\Users\sblee\Downloads\Aesthetics-Toolbox-main\split_2\artemis_pyotr-konchalovsky_yenisei-1951-1.jpg,3343,1.419,13.81,7.015,3.035,53.281,6.688,141.494,149.346,139.801,60.695,-4.595,4.099,0.3194,0.1287,0.5962,40.89,34.715,34.3,13.81,4.288,5.938,0.1722,0.08367,0.1396,19.486,10.9,-0.03799,-0.03907,12.931,0.4744,0.4665,0.389,-2.372,-1.878,-1.732,0.003176,1.4,2.555,0.6951,0.7927,0.0003616,88.376,3.889,4.255,0.000162,1.331e-05,
C:\Users\sblee\Downloads\Aesthetics-Toolbox-main\split_2\artemis_rafa-nasiri_untitled-1971.jpg,2787,1.017,25.343,7.047,2.167,67.514,5.439,199.132,157.739,121.353,68.897,12.182,26.485,0.1215,0.4092,0.7984,70.959,77.019,86.428,25.343,25.277,25.303,0.08323,0.3573,0.255,16.671,4.729,-0.007473,-0.02243,14.776,0.208,0.2042,0.5506,-3.163,-2.026,-1.829,0.03174,1.134,2.222,0.5519,0.6762,0.0008037,97.793,2.822,3.23,0.0005979,2.655e-05,
C:\Users\sblee\Downloads\Aesthetics-Toolbox-main\split_2\artemis_rafael-zabaleta_boy-with-chicken-1951.jpg,2970,0.8703,20.444,7.686,22.459,155.815,6.393,107.571,98.674,66.946,41.297,-0.8093,18.994,0.162,0.4417,0.4407,55.842,49.918,48.144,20.444,9.21,14.379,0.1127,0.2444,0.2143,37.663,1.151,0.004342,-0.003778,4.986,0.6063,0.6094,0.5839,-2.177,-1.173,-0.848,0.006955,1.837,2.774,0.8907,0.8719,0.0001546,99.252,4.239,4.472,9.1e-05,9.242e-06,
C:\Users\sblee\Downloads\Aesthetics-Toolbox-main\split_2\artemis_rafael-zabaleta_two-seated-women-1935.jpg,3057,1.212,29.355,7.9,11.028,138.986,5.848,124.607,124.195,104.054,50.363,-1.835,11.346,0.1562,0.3841,0.5372,79.397,74.414,71.933,29.355,5.581,15.415,0.1379,0.2043,0.2995,38.425,5.499,0.006269,0.02677,11.222,0.4312,0.4062,0.4063,-2.96,-1.364,-1.071,0.02133,1.56,2.573,0.8117,0.8036,0.0002228,97.058,4.313,4.428,0.0001982,1.73e-05,
C:\Users\sblee\Downloads\Aesthetics-Toolbox-main\split_2\artemis_ralph-rosenborg_american-landscape-mountain-with-archaic-forms-1983.jpg,3180,1.301,14.846,7.211,7.989,97.139,6.584,168.35,148.37,80.051,62.433,0.4922,37.871,0.1378,0.5865,0.7034,51.283,44.351,42.911,14.846,18.965,23.565,0.1186,0.2003,0.1423,14.902,9.486,-0.006118,-0.04703,6.84,0.5943,0.5129,0.507,-2.26,-1.666,-1.078,0.007369,1.621,2.581,0.8169,0.8352,0.0002924,95.507,4.374,4.534,9.068e-05,1.204e-05,
C:\Users\sblee\Downloads\Aesthetics-Toolbox-main\split_2\artemis_ralph-rosenborg_flower-garden-1967.jpg,3868,1.799,10.639,6.71,5.16,67.063,7.142,115.659,119.278,123.346,50.056,0.4414,-2.414,0.4156,0.2296,0.5362,31.045,29.353,28.684,10.639,10.563,13.76,0.2901,0.1348,0.1028,43.368,5.351,0.01971,0.01809,16.759,0.6327,0.5913,0.5779,-2.356,-1.718,-1.27,0.007317,1.63,2.63,0.9027,0.8388,0.000134,95.588,4.517,4.543,0.0001629,1.003e-05,
C:\Users\sblee\Downloads\Aesthetics-Toolbox-main\split_2\artemis_ramon-oviedo_forma-semidefinida.jpg,3222,0.7501,16.407,6.913,17.718,51.617,5.577,85.737,73.265,63.681,31.652,3.929,7.765,0.07298,0.2912,0.3441,41.752,41.477,36.796,16.407,7.033,6.889,0.1038,0.1547,0.17,80.503,1.567,0.007603,-0.001901,11.689,0.503,0.4526,0.4459,-2.048,-0.7563,-0.5506,0.0323,1.91,2.801,0.7092,0.7966,0.0002286,81.052,4.366,4.376,9.37e-05,1.882e-05,
C:\Users\sblee\Downloads\Aesthetics-Toolbox-main\split_2\artemis_raoul-dufy_large-bather-1914.jpg,3162,0.7764,18.007,7.312,9.589,101.078,6.685,90.143,74.058,55.236,32.592,4.758,14.108,0.1516,0.4288,0.3836,55.876,43.33,39.549,18.007,14.856,16.593,0.1729,0.2294,0.2194,63.959,5.399,0.01085,0.02472,9.172,0.4929,0.4484,0.422,-2.488,-1.303,-1.181,0.001644,1.658,2.601,0.8329,0.7835,0.0002189,95.914,4.472,4.437,0.0001219,1.885e-05,
C:\Users\sblee\Downloads\Aesthetics-Toolbox-main\split_2\artemis_raoul-dufy_study-of-the-dance-1910.jpg,2777,1.009,31.397,7.82,19.901,239.074,6.471,124.556,121.236,92.003,48.811,-2.684,15.917,0.2163,0.3617,0.5126,81.175,79.157,68.111,31.397,6.136,16.08,0.1851,0.2059,0.3153,34.691,6.488,0.02903,0.01447,8.086,0.5981,0.5828,0.5623,-2.378,-1.4,-1.386,0.02608,1.692,2.725,0.8692,0.8316,0.0002109,98.671,4.403,4.483,0.0001434,9.497e-06,
C:\Users\sblee\Downloads\Aesthetics-Toolbox-main\split_2\artemis_raoul-dufy_the-park-of-saint-cloud-1919.jpg,3159,0.7777,22.723,7.796,9.589,175.637,6.61,135.406,126.064,101.11,52.379,0.1203,14.927,0.1183,0.3614,0.5609,63.058,56.337,60.253,22.723,11.336,17.594,0.1494,0.2116,0.2454,21.171,5.354,0.001447,0.02673,7.761,0.5391,0.487,0.4579,-2.225,-1.836,-1.451,0.008858,1.559,2.624,0.7341,0.8174,0.0003405,98.689,4.122,4.418,0.0001242,1.374e-05,
C:\Users\sblee\Downloads\Aesthetics-Toolbox-main\split_2\artemis_raoul-dufy_the-port-of-le-havre-1906.jpg,3021,1.186,20.73,7.506,6.961,132.373,5.55,137.763,109.601,91.062,48.084,9.04,14.937,0.06244,0.3796,0.5413,52.233,52.404,52.546,20.73,10.437,12.583,0.06393,0.2414,0.2035,18.024,9.646,0.01068,-0.04703,6.7,0.5007,0.4134,0.3846,-2.43,-1.882,-1.578,0.008142,1.448,2.547,0.6834,0.8481,0.0002747,93.823,4.164,4.41,0.0001291,1.484e-05,
C:\Users\sblee\Downloads\Aesthetics-Toolbox-main\split_2\artemis_raoul-ubac_t-te-lev-e-1982.jpg,3383,0.6907,27.492,3.371,1.508,41.367,2.093,171.718,163.511,140.002,65.98,-1.092,13.131,0.1301,0.1983,0.6738,72.649,68.263,60.62,27.492,0.8917,4.044,0.02746,0.06709,0.2843,24.188,1.912,0.007236,-0.006247,23.019,0.4578,0.3133,0.318,-2.56,-2.278,-2.199,0.01829,0.9886,2.373,0.354,0.3114,0.001269,77.134,4.479,3.821,0.001372,3.191e-05,
C:\Users\sblee\Downloads\Aesthetics-Toolbox-main\split_2\artemis_raphael-kirchner_couples-between-red-borders-1901-2.jpg,3579,0.629,21.353,7.306,7.007,81.24,5.354,136.7,90.987,56.675,43.693,13.205,28.848,0.1177,0.5733,0.5469,71.75,55.784,36.625,21.353,26.521,12.927,0.1007,0.171,0.2686,55.076,7.333,-0.03546,0.009331,13.466,0.5664,0.5442,0.5225,-2.894,-1.428,-1.022,0.01539,1.641,2.618,0.7855,0.7211,0.0002874,89.927,3.968,4.108,0.0003192,3.379e-05,
C:\Users\sblee\Downloads\Aesthetics-Toolbox-main\split_2\artemis_raphael-kirchner_girls-between-brown-green-borders-1901-6.jpg,3524,0.6452,9.278,6.181,4.067,46.369,2.992,186.163,164.802,122.334,68.428,1.568,24.985,0.1121,0.3517,0.7301,24.162,24.336,27.708,9.278,1.597,4.064,0.01608,0.08115,0.09493,1.295,2.952,0.01013,-0.01074,13.411,0.4937,0.4449,0.3902,-2.146,-1.62,-1.172,0.01745,1.589,2.6,0.6279,0.7236,0.000521,78.364,3.871,4.069,0.0002324,2.229e-05,
C:\Users\sblee\Downloads\Aesthetics-Toolbox-main\split_2\artemis_raphael-kirchner_girls-with-olive-green-surrounds-1901-8.jpg,3526,0.6446,12.04,5.978,6.352,69.857,4.908,192.217,161.15,146.549,68.757,9.555,12.323,0.03165,0.2903,0.7539,29.968,35.375,44.663,12.04,13.296,15.83,0.1083,0.127,0.1174,1.007,1.575,0.003618,-0.006996,13.895,0.3382,0.4964,0.3258,-2.407,-1.274,-1.009,0.002092,1.864,2.51,0.8296,0.7651,0.0001998,85.758,4.355,4.431,0.0001475,2.26e-05,
C:\Users\sblee\Downloads\Aesthetics-Toolbox-main\split_2\artemis_raphael-kirchner_girls-with-purple-surrounds-1900-2.jpg,3537,1.559,11.939,5.682,4.506,44.397,4.047,212.214,178.298,177.859,75.563,12.646,5.035,0.9885,0.2137,0.8325,26.391,36.126,38.222,11.939,8.968,12.618,0.08472,0.1324,0.1034,61.47,1.231,0.002088,-0.005789,14.642,0.2952,0.5002,0.2639,-2.038,-1.56,-1.078,0.02501,1.488,2.513,0.5779,0.6926,0.0006686,98.055,3.878,4.211,0.0003247,2.501e-05,
C:\Users\sblee\Downloads\Aesthetics-Toolbox-main\split_2\artemis_raphael-kirchner_greek-virgins-1900-3.jpg,3512,0.6488,25.339,6.418,4.06,125.155,3.469,203.215,176.948,127.846,72.459,2.652,28.271,0.1134,0.4016,0.7973,68.96,64.307,50.734,25.339,3.125,8.422,0.04049,0.1186,0.2694,12.519,2.645,0.001447,-0.01315,14.066,0.6257,0.5015,0.4995,-2.957,-1.882,-1.629,0.01778,1.325,2.563,0.6839,0.7794,0.000671,96.151,2.78,3.17,0.0003245,2.328e-05,
C:\Users\sblee\Downloads\Aesthetics-Toolbox-main\split_2\artemis_raphael-kirchner_happy-new-year-1899-2.jpg,3521,0.6461,17.015,4.9,3.608,81.629,4.132,234.146,227.242,185.649,89.746,-4.152,21.458,0.1526,0.2136,0.9201,42.284,49.579,39.48,17.015,10.185,6.515,0.0563,0.1092,0.165,2.533,5.22,-0.02605,-0.001636,20.065,0.4166,0.2993,0.2815,-2.13,-2.152,-1.855,0.02547,1.289,2.414,0.5932,0.6484,0.001072,87.132,3.831,4.223,0.0004609,4.319e-05,
C:\Users\sblee\Downloads\Aesthetics-Toolbox-main\split_2\artemis_raphael-kirchner_justine-johnstone-1.jpg,3781,0.5761,16.318,5.78,1.631,67.682,2.68,221.481,204.709,172.112,82.507,0.7588,18.305,0.1111,0.2368,0.8689,43.032,41.044,36.84,16.318,1.335,3.754,0.03529,0.08678,0.1672,3.107,9.15,-0.04486,0.008962,15.514,0.6525,0.4691,0.4314,-2.673,-1.962,-1.987,0.1405,1.314,2.426,0.5731,0.6404,0.001215,89.167,3.038,3.018,0.0005727,2.713e-05,
C:\Users\sblee\Downloads\Aesthetics-Toolbox-main\split_2\artemis_raphael-kirchner_love-flowers-1903-2.jpg,3582,0.6282,10.574,5.674,1.459,46.195,3.756,216.86,204.12,184.487,82.491,1.249,11.462,0.09923,0.1563,0.8512,28.572,28.212,32.671,10.574,3.472,5.283,0.04216,0.06475,0.1109,9.717,3.816,0.005789,-0.01818,16.02,0.3995,0.3418,0.3494,-2.905,-1.931,-1.856,0.01193,1.218,2.385,0.7208,0.7579,0.0004789,91.097,4.408,4.438,0.0004383,1.578e-05,
C:\Users\sblee\Downloads\Aesthetics-Toolbox-main\split_2\artemis_raphael-kirchner_maid-of-athens-1900-3.jpg,3521,0.6461,18.403,6.461,2.755,82.424,4.865,214.561,210.471,190.976,83.736,-1.872,10.114,0.1488,0.1265,0.8459,49.067,47.715,45.091,18.403,2.898,4.804,0.07582,0.08698,0.1884,2.675,10.072,-0.04703,0.018,15.563,0.4591,0.4013,0.4317,-2.565,-1.897,-1.668,0.05263,1.421,2.467,0.6978,0.7345,0.0007145,89.24,3.366,3.533,0.0003531,2.115e-05,
C:\Users\sblee\Downloads\Aesthetics-Toolbox-main\split_2\artemis_raphael-kirchner_sun-women-1901-2.jpg,3331,0.7091,23.563,6.769,7.697,174.935,5.098,187.129,173.861,137.831,70.686,0.3004,21.092,0.1442,0.3413,0.7379,55.678,64.248,84.478,23.563,3.698,15.328,0.1073,0.2657,0.2216,23.373,9.533,0.03329,-0.03412,16.53,0.4763,0.4383,0.4601,-2.84,-1.674,-1.095,0.01173,1.318,2.482,0.5757,0.8055,0.0005864,98.972,3.868,4.069,0.0002056,1.715e-05,
C:\Users\sblee\Downloads\Aesthetics-Toolbox-main\split_2\artemis_raphael-kirchner_to-love-1.jpg,3593,1.6,14.349,6.25,3.212,63.157,4.089,218.707,207.065,161.131,83.025,-2.817,24.729,0.1405,0.2806,0.859,35.412,42.387,46.157,14.349,9.736,9.052,0.02809,0.1572,0.1356,1.792,7.92,-0.03686,-0.01447,13.952,0.5049,0.3111,0.2908,-2.346,-2.064,-1.841,0.01269,1.442,2.635,0.4849,0.7488,0.0002419,89.407,4.527,4.469,0.0003034,3.046e-05,
C:\Users\sblee\Downloads\Aesthetics-Toolbox-main\split_2\artemis_raphael-kirchner_unknown-17.jpg,3319,0.7135,29.198,6.002,3.918,116.191,3.944,194.18,186.151,144.749,73.987,-3.78,21.75,0.1523,0.2925,0.7677,79.878,73.088,61.568,29.198,2.757,7.719,0.06629,0.1142,0.3009,10.6,2.95,0.01447,-0.002839,12.701,0.4305,0.4735,0.3646,-2.931,-1.846,-1.457,0.01895,1.227,2.478,0.4614,0.7216,0.001034,95.178,3.786,4.064,0.0004598,3.46e-05,
C:\Users\sblee\Downloads\Aesthetics-Toolbox-main\split_2\artemis_raphael-kirchner_viennese-blood-1.jpg,3500,0.6525,14.126,5.357,2.874,58.858,3.633,208.475,190.122,168.664,77.737,3.193,13.233,0.08955,0.1989,0.8176,34.577,38.426,34.681,14.126,3.648,3.428,0.02742,0.0632,0.1356,5.508,1.825,0.004342,0.008026,13.978,0.4968,0.3848,0.3502,-2.399,-1.979,-1.752,0.002362,1.396,2.5,0.5396,0.7834,0.0005408,88.563,4.503,4.482,0.0004647,2.026e-05,
C:\Users\sblee\Downloads\Aesthetics-Toolbox-main\split_2\artemis_raphael_ceiling-1514.jpg,3033,0.8371,21.399,7.724,24.819,149.062,5.712,147.789,137.277,116.571,56.879,0.8399,12.583,0.1237,0.2746,0.5928,58.551,54.383,51.748,21.399,4.71,9.712,0.1155,0.1479,0.2182,24.322,7.376,-0.03039,-0.0209,9.142,0.6612,0.6628,0.6375,-1.965,-1.24,-0.7625,0.01445,1.867,2.757,0.7739,0.8627,0.0002658,99.165,4.547,4.534,0.0001045,9.603e-06,
C:\Users\sblee\Downloads\Aesthetics-Toolbox-main\split_2\artemis_raphael_madonna-of-the-cloth-detail.jpg,3091,0.8087,30.533,7.366,7.263,66.517,4.923,107.701,90.152,73.796,37.697,4.631,11.576,0.1227,0.2787,0.4235,82.145,72.827,62.619,30.533,7.524,10.327,0.08876,0.1719,0.321,33.368,26.229,0.1172,-0.05881,25.94,0.3645,0.4163,0.3313,-2.984,-1.086,-1.045,0.01963,1.41,2.621,0.6331,0.7558,0.0003591,92.518,4.296,4.228,0.0002238,2.177e-05,
C:\Users\sblee\Downloads\Aesthetics-Toolbox-main\split_2\artemis_raphael_portrait-of-a-lady-with-a-unicorn-1506.jpg,3189,0.7648,23.311,7.777,8.954,86.211,5.969,150.189,129.34,107.32,54.894,5.871,15.819,0.1178,0.3808,0.6045,53.397,62.88,64.436,23.311,10.335,11.802,0.1522,0.2301,0.2099,20.172,14.779,-0.001447,-0.07388,18.164,0.4997,0.3602,0.3422,-2.857,-1.221,-1.117,0.007426,1.575,2.595,0.792,0.7946,0.0001551,94.574,4.455,4.437,0.0001941,2.403e-05,
C:\Users\sblee\Downloads\Aesthetics-Toolbox-main\split_2\artemis_raphael_portrait-of-the-young-pietro-bembo-1504.jpg,3343,0.7047,23.619,7.352,4.924,54.794,5.907,115.221,91.808,73.416,40.701,8.141,15.073,0.07964,0.4085,0.477,59.993,61.793,57.107,23.619,16.819,17.892,0.164,0.2509,0.2441,35.876,16.366,0.03763,0.07267,12.007,0.4456,0.3482,0.3191,-3.069,-1.34,-1.189,0.009239,1.306,2.536,0.7732,0.7233,0.0001756,92.119,4.307,4.241,0.00021,3.074e-05,
C:\Users\sblee\Downloads\Aesthetics-Toolbox-main\split_2\artemis_raphael_the-healing-of-the-lame-man-cartoon-for-the-sistine-chapel.jpg,3529,1.554,19.892,7.511,10.428,131.48,5.42,123.838,115.355,105.571,48.363,1.61,6.367,0.07961,0.1309,0.4873,55.219,50.327,42.88,19.892,3.282,6.721,0.1132,0.1012,0.2162,48.95,2.233,-0.009548,-0.005789,12.29,0.5738,0.5666,0.5228,-2.451,-1.433,-1.175,0.008671,1.632,2.716,0.857,0.8527,0.0002155,96.578,4.396,4.513,0.0001429,9.917e-06,
C:\Users\sblee\Downloads\Aesthetics-Toolbox-main\split_2\artemis_rembrandt_antiope-and-jupiter-1659.jpg,3379,1.445,18.935,6.95,9.448,90.652,3.379,160.775,158.244,146.203,64.512,-1.312,6.63,0.1434,0.09651,0.6313,50.167,48.537,47.089,18.935,0.9524,1.291,0.02695,0.02606,0.1958,16.007,9.374,-0.04382,-0.01664,14.415,0.4984,0.5079,0.5295,-2.197,-1.418,-1.01,0.01172,1.582,2.762,0.6857,0.8493,0.00036,94.956,4.233,4.392,0.0001813,1.253e-05,
C:\Users\sblee\Downloads\Aesthetics-Toolbox-main\split_2\artemis_rembrandt_bearded-man-with-a-beret-1655.jpg,3022,0.8427,6.721,5.835,4.913,17.955,4.272,124.233,107.685,104.319,46.869,5.969,4.2,0.004167,0.1561,0.4872,23.281,15.62,9.404,6.721,2.232,5.315,0.04311,0.07634,0.0913,48.317,5.131,0.01592,0.02012,5.253,0.5692,0.5097,0.4847,-2.46,-1.078,-0.6204,0.07137,1.648,2.713,0.9092,0.743,8.57e-05,85.066,4.525,4.447,0.0001163,9.507e-06,
C:\Users\sblee\Downloads\Aesthetics-Toolbox-main\split_2\artemis_rembrandt_child-in-a-tantrum.jpg,3320,0.7131,19.386,6.897,9.911,118.593,4.021,190.686,189.016,186.98,76.13,0.2083,1.231,0.1008,0.02718,0.7495,50.997,50.401,49.991,19.386,1.128,1.106,0.1164,0.03091,0.1983,7.434,3.415,0.004342,-0.01651,16.381,0.5551,0.5302,0.513,-1.967,-1.708,-1.316,0.003396,1.577,2.677,0.774,0.8434,0.0001986,94.304,4.511,4.514,0.0001513,9.425e-06,
C:\Users\sblee\Downloads\Aesthetics-Toolbox-main\split_2\artemis_rembrandt_jacob-tripp.jpg,3209,0.7564,16.345,6.824,6.433,54.747,5.006,56.477,46.293,27.391,19.056,1.461,12.768,0.1308,0.5189,0.2234,46.229,36.996,25.986,16.345,4.801,8.782,0.04719,0.141,0.1801,73.858,4.561,0.02243,0.004105,19.273,0.5179,0.4712,0.4962,-2.536,-1.421,-1.117,0.01006,1.579,2.624,0.8426,0.8025,0.0001129,79.112,4.332,4.433,9.891e-05,9.489e-06,
C:\Users\sblee\Downloads\Aesthetics-Toolbox-main\split_2\artemis_rembrandt_man-in-oriental-costume.jpg,3149,0.7821,14.529,6.409,2.58,37.017,4.348,96.685,85.267,82.109,36.842,4.173,3.427,0.01308,0.1432,0.3796,39.715,36.914,32.758,14.529,2.385,5.08,0.07266,0.07629,0.1566,88.22,9.495,-0.02894,0.03763,7.284,0.5406,0.3952,0.3899,-2.986,-1.78,-1.498,0.008119,1.421,2.556,0.8115,0.7509,0.0002572,85.845,4.476,4.211,0.0001345,1.504e-05,
C:\Users\sblee\Downloads\Aesthetics-Toolbox-main\split_2\artemis_rembrandt_man-with-a-magnifying-glass-1629.jpg,3144,0.7843,16.226,6.371,4.916,62.226,4.474,56.357,40.456,23.726,17.208,5.021,12.755,0.09306,0.5917,0.2215,44.85,38.429,34.134,16.226,6.384,10.228,0.04294,0.1768,0.1774,92.655,5.503,0.008683,-0.02611,9.192,0.564,0.4725,0.4383,-2.443,-1.765,-1.323,0.04245,1.578,2.61,0.7662,0.7141,0.0004111,78.949,3.183,3.467,0.0001483,1.868e-05,
C:\Users\sblee\Downloads\Aesthetics-Toolbox-main\split_2\artemis_rembrandt_minerva-1635.jpg,3021,0.8432,19.25,6.548,4.81,61.956,4.539,72.693,55.363,42.839,23.893,5.867,10.181,0.0539,0.3477,0.2851,54.257,44.718,32.732,19.25,5.274,11.04,0.03718,0.1836,0.2128,70.138,6.637,0.01375,-0.0302,19.268,0.4905,0.4007,0.3988,-2.613,-1.713,-1.205,0.008382,1.499,2.564,0.6256,0.792,0.0003697,81.075,4.513,4.383,0.0001638,1.982e-05,
C:\Users\sblee\Downloads\Aesthetics-Toolbox-main\split_2\artemis_rembrandt_portrait-of-a-seated-man-rising-from-his-chair-1633.jpg,3128,0.7915,14.03,4.088,1.768,26.164,3.804,64.762,59.519,54.584,25.045,1.365,3.742,0.115,0.1273,0.2546,38.778,34.673,30.089,14.03,3.511,5.658,0.07508,0.1252,0.1532,89.412,5.37,0.01302,0.02348,7.927,0.3316,0.1961,0.1775,-2.76,-1.541,-1.092,0.01075,1.292,2.445,0.4552,0.6756,0.000559,75.948,4.55,4.352,0.0003202,2.391e-05,
C:\Users\sblee\Downloads\Aesthetics-Toolbox-main\split_2\artemis_rembrandt_portrait-of-a-young-woman.jpg,3043,0.832,32.188,5.267,2.514,50.257,3.47,78.851,72.62,67.899,29.072,1.902,3.522,0.05653,0.1948,0.3113,79.869,77.169,75.962,32.188,4.075,8.356,0.1875,0.1583,0.3159,65.956,3.675,0.0007236,0.01836,12.34,0.7093,0.709,0.664,-3.116,-1.464,-1.248,0.008455,1.158,2.483,0.6889,0.6057,0.0007851,92.468,4.557,3.206,0.0004069,4.142e-05,
C:\Users\sblee\Downloads\Aesthetics-Toolbox-main\split_2\artemis_rembrandt_portrait-of-an-old-jew-1654.jpg,3005,0.8515,10.414,6.045,5.392,26.18,5.21,50.649,28.646,28.6,13.3,10.698,4.104,0.9614,0.4847,0.1987,31.922,21.831,11.392,10.414,4.032,9.724,0.06304,0.111,0.1252,89.863,7.868,-0.03184,0.02311,8.271,0.5763,0.4872,0.4579,-2.387,-1.182,-0.7149,0.0548,1.673,2.628,0.7429,0.7246,0.0001304,60.023,4.502,4.367,0.0001511,1.165e-05,
C:\Users\sblee\Downloads\Aesthetics-Toolbox-main\split_2\artemis_rembrandt_portrait-of-an-old-man-in-red-1654.jpg,2976,0.867,14.701,6.75,4.325,45.3,4.925,110.142,88.459,84.461,39.208,8.331,5.426,0.007661,0.2357,0.432,41.208,36.795,27.127,14.701,3.028,6.13,0.04298,0.05595,0.1616,69.448,5.444,0.0152,-0.02258,12.402,0.6345,0.5538,0.5269,-2.654,-1.509,-1.232,0.007961,1.391,2.544,0.8464,0.7993,0.0001527,83.713,4.434,4.414,0.0001225,8.829e-06,
C:\Users\sblee\Downloads\Aesthetics-Toolbox-main\split_2\artemis_rembrandt_portrait-of-an-old-woman-1.jpg,3175,0.7708,6.613,5.491,3.392,20.797,3.908,66.343,50.992,44.744,22.654,5.88,6.427,0.03383,0.2999,0.2602,21.787,13.915,6.841,6.613,2.963,6.506,0.03196,0.1073,0.08544,93.602,4.333,0.002894,0.02147,6.525,0.552,0.5164,0.5147,-2.569,-1.296,-1.198,0.00603,1.706,2.601,0.761,0.7342,0.000147,62.323,4.39,4.262,0.0001496,9.899e-06,
C:\Users\sblee\Downloads\Aesthetics-Toolbox-main\split_2\artemis_rembrandt_portrait-of-hendrickje-stoffels-1659.jpg,3037,0.835,22.244,7.11,4.049,55.037,5.474,70.923,60.024,49.697,25.03,3.242,7.984,0.08361,0.3011,0.2788,55.22,53.881,46.107,22.244,5.67,6.931,0.08624,0.1928,0.2165,63.954,15.842,0.03256,-0.07221,25.155,0.465,0.364,0.3402,-2.975,-1.564,-1.065,0.05756,1.349,2.484,0.595,0.7611,0.0002519,83.669,4.501,4.397,0.0001822,1.491e-05,
C:\Users\sblee\Downloads\Aesthetics-Toolbox-main\split_2\artemis_rembrandt_self-portrait-1660-2.jpg,2993,0.8579,11.307,6.376,9.077,27.836,3.741,61.548,48.658,42.986,21.06,4.803,5.67,0.04419,0.2853,0.2414,31.906,25.587,20.522,11.307,2.837,4.741,0.02476,0.09874,0.1251,92.818,9.675,0.005065,0.04811,6.133,0.5537,0.5005,0.478,-2.632,-0.8751,-0.5945,0.07392,1.811,2.656,0.8146,0.7262,8.38e-05,58.634,4.556,4.365,0.000112,1.055e-05,
C:\Users\sblee\Downloads\Aesthetics-Toolbox-main\split_2\artemis_rembrandt_self-portrait-with-plumed-beret-1629.jpg,3122,0.7943,15.08,7.261,4.157,30.822,4.597,111.187,91.087,78.765,39.874,6.35,9.864,0.04799,0.2811,0.436,41.754,36.376,25.414,15.08,3.103,8.226,0.03964,0.09347,0.1637,43.944,5.714,0.02533,0.01322,10.666,0.5003,0.5166,0.4369,-2.66,-1.341,-0.9375,0.04022,1.497,2.581,0.867,0.7685,0.0001322,89.4,4.552,4.266,0.0001339,1.233e-05,
C:\Users\sblee\Downloads\Aesthetics-Toolbox-main\split_2\artemis_rembrandt_shah-jahan-and-dara-shikoh.jpg,2994,0.8562,6.182,5.657,4.123,41.766,3.039,219.389,190.539,151.691,78.678,4.649,23.452,0.09519,0.3113,0.8604,15.949,17.03,19.503,6.182,1.638,4.374,0.01167,0.05766,0.06257,2.531,1.956,-0.00181,-0.009609,5.671,0.4886,0.5035,0.443,-1.575,-1.968,-1.577,0.02028,1.708,2.571,0.754,0.7904,0.0002766,92.966,4.329,4.485,0.0001689,1.605e-05,
C:\Users\sblee\Downloads\Aesthetics-Toolbox-main\split_2\artemis_rembrandt_st-jerome-in-a-dark-chamber.jpg,2991,1.164,22.24,5.829,8.458,53.511,2.755,93.578,92.274,86.633,38.164,-0.6339,3.502,0.1431,0.0887,0.3675,57.892,57.531,57.758,22.24,0.6202,1.827,0.0317,0.04205,0.227,85.508,2.1,-0.004661,-0.009407,8.185,0.5925,0.5849,0.5794,-2.847,-0.8061,-0.3223,0.0396,1.541,2.631,0.7307,0.7117,0.0002457,86.526,2.982,2.524,0.0001441,2.866e-05,
C:\Users\sblee\Downloads\Aesthetics-Toolbox-main\split_2\artemis_rembrandt_the-baptism-of-the-eunuch-1641.jpg,3038,1.198,14.314,6.095,14.822,68.167,3.463,212.58,207.463,198.447,83.178,0.2127,5.175,0.1105,0.07383,0.8337,37.198,38.108,40.051,14.314,0.8077,2.42,0.02847,0.0498,0.1459,2.978,11.294,0.001812,-0.05644,9.375,0.6054,0.3886,0.3662,-1.858,-0.9242,-0.5683,0.0204,1.765,2.808,0.5783,0.8481,0.0002481,91.063,4.461,4.522,0.0002476,1.43e-05,
C:\Users\sblee\Downloads\Aesthetics-Toolbox-main\split_2\artemis_rembrandt_the-golf-player-1654.jpg,3376,1.443,23.719,7.036,21.837,93.051,4.307,168.749,170.052,162.178,68.434,-1.944,4.023,0.2101,0.06386,0.6683,61.187,61.588,62.925,23.719,1.13,2.145,0.07299,0.05099,0.241,14.829,14.933,-0.07121,-0.02243,13.865,0.5719,0.5868,0.5423,-1.777,-1.141,-0.578,0.08162,1.76,2.894,0.6851,0.8396,0.0004509,95.228,4.135,4.333,0.0001561,1.126e-05,
C:\Users\sblee\Downloads\Aesthetics-Toolbox-main\split_2\artemis_rembrandt_the-stoning-of-st-stephen-1625.jpg,3247,1.349,26.694,7.504,5.651,95.954,5.313,98.05,64.647,42.413,29.742,11.707,18.488,0.0535,0.5773,0.3847,73.563,64.546,47.708,26.694,11.335,15.12,0.05754,0.2172,0.2884,50.018,25.82,-0.1011,0.08032,22.985,0.3805,0.5074,0.3388,-2.787,-1.557,-1.362,0.002221,1.382,2.59,0.6927,0.804,0.0002098,91.665,4.448,4.503,0.0001441,1.688e-05,
C:\Users\sblee\Downloads\Aesthetics-Toolbox-main\split_2\artemis_rembrandt_the-toilet-of-bathsheba-1643.jpg,3215,1.326,10.446,6.827,4.752,41.827,4.792,114.363,96.202,78.006,41.931,4.435,12.886,0.09293,0.2867,0.4493,36.094,23.853,12.462,10.446,4.542,9.256,0.05079,0.1241,0.1403,66.157,3.268,0.01282,-0.01013,9.353,0.5572,0.532,0.5152,-2.667,-1.392,-1.141,0.01759,1.641,2.606,0.8582,0.8111,0.0001114,90.844,4.522,4.442,0.0001119,1.086e-05,
C:\Users\sblee\Downloads\Aesthetics-Toolbox-main\split_2\artemis_rembrandt_two-old-men-disputing.jpg,3126,0.7924,25.704,6.427,4.268,67.616,4.863,65.318,50.397,39.244,20.974,4.756,8.438,0.944,0.2908,0.2587,74.643,58.949,41.288,25.704,6.771,14.906,0.1637,0.1976,0.291,57.768,15.646,-0.06295,-0.04644,25.986,0.3649,0.3417,0.3521,-2.974,-1.495,-1.344,0.005147,1.241,2.462,0.624,0.7647,0.0002239,91.596,4.523,4.447,0.0001834,2.035e-05,
C:\Users\sblee\Downloads\Aesthetics-Toolbox-main\split_2\artemis_rene-magritte_the-staging-post-1948(1).jpg,2974,0.8681,24.655,7.734,4.187,117.407,6.534,128.65,82.95,36.669,41.334,13.878,32.869,0.09681,0.7634,0.5457,80.439,67.755,39.108,24.655,28.747,31.027,0.1721,0.2126,0.281,40.322,18.63,-0.04703,0.0804,12.198,0.5143,0.4906,0.4476,-3.03,-2.022,-1.923,0.006631,1.243,2.4,0.7409,0.8279,0.0003726,93.356,4.475,4.525,0.0001701,1.403e-05,
C:\Users\sblee\Downloads\Aesthetics-Toolbox-main\split_2\artemis_richard-diebenkorn_albuquerque.jpg,3412,1.469,10.075,6.397,4.048,40.519,3.38,193.236,131.45,62.119,59.861,17.312,45.786,0.08828,0.6846,0.7578,27.491,26.692,22.23,10.075,5.107,6.188,0.01694,0.0861,0.1076,25.405,5.74,-0.02167,0.01881,13.823,0.4094,0.3801,0.3839,-2.234,-1.432,-1.373,0.005178,1.518,2.561,0.8255,0.6832,0.0001923,93.671,4.092,4.238,0.0003975,1.877e-05,
C:\Users\sblee\Downloads\Aesthetics-Toolbox-main\split_2\artemis_richard-diebenkorn_berkeley-no-13.jpg,3186,0.7661,19.113,7.474,6.258,69.583,6.52,137.567,123.452,85.437,52.599,0.4914,23.54,0.1166,0.448,0.5993,54.721,54.148,37.828,19.113,24.259,15.851,0.1422,0.1658,0.2003,12.938,12.337,-0.004342,-0.06153,15.512,0.4167,0.3461,0.368,-2.433,-1.334,-1.069,0.002326,1.576,2.542,0.8042,0.7593,0.0002352,87.577,4.136,4.357,0.0002352,3.194e-05,
C:\Users\sblee\Downloads\Aesthetics-Toolbox-main\split_2\artemis_richard-diebenkorn_chabot-valley.jpg,2857,0.9369,20.244,7.54,9.422,105.146,7.046,156.252,149.113,145.549,62.186,3.472,3.985,0.5228,0.2677,0.6796,53.515,55.285,66.281,20.244,14.072,18.451,0.3506,0.2138,0.1988,18.382,10.592,0.01592,-0.05051,9.062,0.4984,0.4137,0.4091,-2.535,-1.375,-1.118,0.007518,1.547,2.591,0.7678,0.8,0.0003362,92.763,4.034,4.35,0.0001796,1.865e-05,
C:\Users\sblee\Downloads\Aesthetics-Toolbox-main\split_2\artemis_richard-diebenkorn_ocean-park-no-28.jpg,2962,0.8747,24.249,7.308,3.141,50.742,6.18,135.452,130.062,110.397,53.646,0.3809,10.935,0.1993,0.3258,0.5865,72.733,57.74,57.36,24.249,7.98,23.716,0.2104,0.2029,0.2699,13.394,17.159,-0.07308,-0.04494,11.737,0.2371,0.4358,0.1823,-2.78,-1.422,-1.404,0.0121,1.27,2.508,0.669,0.6522,0.0004864,86.064,2.378,2.473,0.0003579,4.509e-05,
C:\Users\sblee\Downloads\Aesthetics-Toolbox-main\split_2\artemis_richard-diebenkorn_urbana-no-62.jpg,3194,0.7627,18.255,7.5,7.547,86.524,6.736,184.599,133.611,115.039,60.793,18.341,18.811,0.05737,0.4219,0.7483,60.632,51.044,51.899,18.255,20.114,21.591,0.1669,0.2265,0.2088,31.134,10.283,-0.0152,-0.04912,14.633,0.3649,0.377,0.3244,-2.551,-1.27,-1.086,0.002165,1.549,2.572,0.7866,0.7858,0.0001902,97.847,4.265,4.429,0.0002547,2.621e-05,
C:\Users\sblee\Downloads\Aesthetics-Toolbox-main\split_2\artemis_richard-gerstl_boy-1907.jpg,3533,0.6425,31.303,7.572,3.705,77.253,2.549,89.896,90.748,88.484,36.364,-0.8133,1.268,0.2178,0.07882,0.3565,77.32,78.037,79.064,31.303,0.5922,1.192,0.1295,0.1219,0.307,54.038,35.3,-0.1469,0.09786,20.648,0.4994,0.4128,0.3865,-2.789,-1.974,-1.68,0.009473,1.286,2.426,0.7629,0.8108,0.0002713,84.92,4.286,4.256,0.0001794,1.421e-05,
C:\Users\sblee\Downloads\Aesthetics-Toolbox-main\split_2\artemis_richard-gerstl_double-portrait-of-matilda-and-gertrude-schonberg-1906.jpg,3367,0.6962,19.635,6.676,5.025,79.814,5.139,117.427,91.323,80.463,40.572,9.381,10.519,0.03944,0.3132,0.4608,52.716,51.281,49.545,19.635,7.725,9.605,0.05226,0.1656,0.207,82.07,9.551,-0.03546,0.03199,12.289,0.5295,0.4686,0.4313,-2.767,-1.678,-1.306,0.018,1.492,2.58,0.7413,0.7788,0.0002955,84.83,3.498,3.961,0.0001259,1.924e-05,
C:\Users\sblee\Downloads\Aesthetics-Toolbox-main\split_2\artemis_richard-gerstl_flowering-meadow-with-trees-1907.jpg,2780,1.012,18.112,7.546,5.695,131.961,5.258,124.619,130.699,61.966,52.244,-12.2525,35.504,0.176,0.5743,0.5247,43.911,46.811,38.506,18.112,8.238,10.28,0.0396,0.1525,0.181,23.549,2.2,-0.004292,-0.01013,5.185,0.6329,0.6043,0.6082,-2.745,-1.916,-1.757,0.02368,1.458,2.541,0.848,0.8683,0.000194,97.807,4.498,4.549,0.0001279,5.909e-06,
C:\Users\sblee\Downloads\Aesthetics-Toolbox-main\split_2\artemis_richard-gerstl_self-portrait-with-blue-spotted-background-1907.jpg,3380,0.6917,19.879,7.588,5.248,98.265,7.136,92.731,105.237,99.311,42.938,-4.389,1.966,0.4735,0.3609,0.4682,53.447,49.545,46.694,19.879,11.442,15.027,0.2196,0.1191,0.2157,38.329,14.393,-0.05572,0.04555,12.329,0.5579,0.5375,0.5312,-2.724,-1.815,-1.501,0.002646,1.388,2.489,0.888,0.8483,0.0001703,93.865,4.478,4.516,0.0001103,1.27e-05,
C:\Users\sblee\Downloads\Aesthetics-Toolbox-main\split_2\artemis_richard-hamilton_fashion-plate-1970.jpg,3362,0.698,23.053,5.678,3.717,78.495,3.529,207.51,203.27,195.353,81.153,0.1059,4.537,0.1112,0.0746,0.8164,60.99,60.284,60.448,23.053,2.206,3.097,0.06161,0.06469,0.2368,9.507,16.827,-0.03329,0.07727,24.151,0.4,0.3161,0.2907,-2.856,-1.18,-1.142,0.002987,1.21,2.474,0.4209,0.7451,0.0006883,89.92,4.028,4.273,0.0006496,3.477e-05,
C:\Users\sblee\Downloads\Aesthetics-Toolbox-main\split_2\artemis_richard-hamilton_finn-maccool-1983.jpg,3249,0.7402,16.692,7.368,3.712,53.783,5.207,120.219,112.193,107.875,47.376,2.292,3.551,0.05455,0.1141,0.4721,43.554,41.588,41.946,16.692,2.886,2.708,0.07731,0.04127,0.1703,46.668,2.11,-0.01013,0.002946,10.971,0.5088,0.4652,0.4282,-2.872,-1.856,-1.573,0.02576,1.405,2.479,0.8844,0.7676,0.0002213,95.003,4.327,4.224,0.0001402,2.006e-05,
C:\Users\sblee\Downloads\Aesthetics-Toolbox-main\split_2\artemis_richard-hamilton_swingeing-london-67-1968.jpg,3200,1.315,19.705,6.22,3.859,70.055,4.1,196.005,201.082,203.432,80.137,-1.296,-1.777,0.5564,0.05454,0.799,55.537,51.069,51.21,19.705,1.981,2.075,0.07732,0.09843,0.1998,9.946,19.801,0.09571,0.02533,20.004,0.4179,0.4331,0.3725,-2.535,-1.997,-1.471,0.01086,1.302,2.427,0.5971,0.7323,0.0005894,83.239,4.269,4.367,0.0005255,2.676e-05,
C:\Users\sblee\Downloads\Aesthetics-Toolbox-main\split_2\artemis_richard-parkes-bonington_scene-in-normandy.jpg,3197,1.313,16.872,6.598,3.318,49.237,4.902,218.747,207.728,167.97,83.038,-2.034,21.231,0.1354,0.2447,0.8592,38.903,47.833,41.327,16.872,6.739,6.891,0.04953,0.1049,0.1525,5.936,35.497,0.00854,-0.1773,14.568,0.6173,0.2288,0.2264,-2.746,-1.781,-1.571,0.001459,1.429,2.594,0.5789,0.6589,0.0001603,72.354,4.223,4.311,0.0003057,1.15e-05,
C:\Users\sblee\Downloads\Aesthetics-Toolbox-main\split_2\artemis_richard-pousette-dart_number-1-1951.jpg,4163,2.012,18.062,7.498,6.432,149.378,5.649,143.459,119.592,95.275,51.518,6.36,16.509,0.07664,0.3214,0.5676,53.18,45.471,41.793,18.062,6.717,16.8,0.1051,0.2071,0.2046,34.266,3.181,0.01564,-0.002894,19.032,0.5926,0.64,0.5728,-2.343,-2.084,-1.945,0.01096,1.573,2.596,0.8712,0.8738,0.0001766,97.879,4.435,4.534,0.0001304,7.965e-06,
C:\Users\sblee\Downloads\Aesthetics-Toolbox-main\split_2\artemis_richard-tuttle_20-pearls-a-2007.jpg,2831,1.048,7.449,4.273,1.378,29.038,3.953,223.966,226.314,204.511,89.44,-3.309,10.124,0.5264,0.142,0.9052,17.949,21.195,60.091,7.449,7.932,24.04,0.1719,0.2365,0.05949,3.945,4.008,0.008627,-0.01809,12.951,0.4621,0.4049,0.3493,-2.402,-2.085,-2.04,0.06277,1.226,2.42,0.3252,0.3994,0.0007208,75.299,4.32,4.251,0.0008203,2.315e-05,
C:\Users\sblee\Downloads\Aesthetics-Toolbox-main\split_2\artemis_richard-tuttle_letters-the-twenty-six-series-1966.jpg,3113,1.253,8.223,3.526,0.8692,32.782,1.742,222.67,226.915,229.601,89.876,-0.9361,-1.809,0.5626,0.03129,0.9004,23.163,22.448,21.992,8.223,0.4471,0.7254,0.0221,0.014,0.08624,1.725,2.431,0.01069,0.005789,8.122,0.4581,0.3871,0.4142,-3.055,-2.006,-1.582,0.01474,1.154,2.187,0.6478,0.8164,0.0006802,91.883,4.566,4.463,0.000911,1.979e-05,
C:\Users\sblee\Downloads\Aesthetics-Toolbox-main\split_2\artemis_richard-tuttle_village-vi-no-i-10-2005.jpg,3088,0.8101,19.468,7.322,4.154,97.95,5.434,180.034,175.635,152.729,71.038,-1.777,12.174,0.1649,0.1728,0.7147,50.802,51.734,54.715,19.468,5.807,13.769,0.0783,0.1726,0.1976,16.426,12.659,0.02388,-0.05862,16.393,0.4146,0.3476,0.3449,-2.496,-2.184,-2.093,0.0396,1.469,2.515,0.6287,0.7372,0.000331,93.358,4.439,4.378,0.0001822,3.044e-05,
C:\Users\sblee\Downloads\Aesthetics-Toolbox-main\split_2\artemis_rik-wouters_woman-in-black-reading-a-newspaper-1912.jpg,2826,0.9571,23.457,7.308,6.644,117.838,6.324,172.997,170.282,155.616,68.903,-1.109,8.061,0.1311,0.1976,0.7152,70.265,59.086,54.47,23.457,9.936,8.572,0.1806,0.151,0.2418,16.85,5.372,0.01158,0.02424,9.797,0.499,0.4086,0.3892,-2.772,-1.458,-1.365,0.004108,1.38,2.529,0.7617,0.8211,0.0002157,91.074,4.427,4.488,0.0001734,1.822e-05,
C:\Users\sblee\Downloads\Aesthetics-Toolbox-main\split_2\artemis_robert-brackman_reclining-nude-woman.jpg,3569,1.582,14.317,6.739,3.845,68.483,3.816,154.864,140.181,120.436,58.795,2.41,12.653,0.1026,0.2328,0.6075,36.491,36.311,35.945,14.317,4.079,5.963,0.02714,0.1307,0.1425,13.615,5.075,0.0016,-0.02533,12.533,0.517,0.4997,0.4778,-2.175,-1.773,-1.409,0.03751,1.385,2.555,0.7552,0.7736,0.0005791,90.515,3.557,3.905,0.0002225,2.324e-05,
C:\Users\sblee\Downloads\Aesthetics-Toolbox-main\split_2\artemis_robert-campin_triptych-the-two-thieves-with-the-empty-cross-the-entombment-the-resurrection.jpg,3669,1.657,30.306,7.689,12.738,187.317,6.276,119.389,93.436,64.726,40.378,7.294,19.877,0.09019,0.5118,0.4747,83.592,75.299,64.488,30.306,12.13,19.151,0.1631,0.2522,0.3204,43.238,17.107,0.01792,0.08364,21.132,0.606,0.5579,0.5406,-2.405,-1.746,-1.213,0.009188,1.574,2.672,0.8072,0.8459,0.0003751,96.767,3.617,4.077,0.0001472,1.459e-05,
C:\Users\sblee\Downloads\Aesthetics-Toolbox-main\split_2\artemis_robert-goodnough_figure-ii-2002.jpg,2764,1.0,22.366,7.38,6.71,140.929,5.541,125.779,122.509,118.384,50.719,0.6243,2.837,0.1524,0.09539,0.5,55.838,58.205,59.018,22.366,3.37,4.266,0.1931,0.08519,0.2234,52.864,10.832,-0.02098,-0.04993,6.526,0.5592,0.5779,0.5286,-2.837,-1.778,-1.333,0.006162,1.515,2.534,0.647,0.848,0.0005124,93.509,3.826,4.267,0.0001832,1.424e-05,
C:\Users\sblee\Downloads\Aesthetics-Toolbox-main\split_2\artemis_robert-indiana_nine-2001.jpg,2977,1.154,28.692,7.068,1.698,54.153,5.497,108.078,111.976,97.002,45.048,-4.06,8.15,0.3205,0.3173,0.4673,75.651,70.073,81.019,28.692,5.795,16.772,0.2005,0.2726,0.3016,48.675,12.463,0.01661,-0.06006,12.01,0.3522,0.3,0.1989,-2.919,-2.047,-1.687,0.003919,1.126,2.2,0.4965,0.6296,0.0009363,90.689,4.326,3.87,0.000394,6.11e-05,
C:\Users\sblee\Downloads\Aesthetics-Toolbox-main\split_2\artemis_robert-julian-onderdonk_autumn-landscape-1.jpg,3513,1.542,24.777,7.52,8.526,63.966,6.862,103.822,106.114,94.014,43.27,-2.644,6.726,0.286,0.2953,0.4419,64.284,61.187,62.367,24.777,6.466,10.408,0.1885,0.225,0.2346,36.267,25.517,0.08376,0.09624,28.212,0.5389,0.5479,0.513,-2.304,-1.279,-1.07,0.007996,1.408,2.674,0.8787,0.8237,0.000132,85.231,4.46,4.532,8.373e-05,1.14e-05,
C:\Users\sblee\Downloads\Aesthetics-Toolbox-main\split_2\artemis_robert-julian-onderdonk_mountain-pinks-in-bloom-medina-lake-southwest-texas-1921.jpg,3210,1.323,21.054,7.689,7.872,98.217,6.9,134.552,131.194,123.73,54.37,1.041,5.03,0.1148,0.2666,0.5781,46.849,56.154,60.88,21.054,8.006,12.786,0.2645,0.1424,0.2075,42.443,8.105,-0.000547,0.04052,14.005,0.6291,0.5044,0.4929,-2.28,-1.827,-1.416,0.005478,1.594,2.626,0.8203,0.8264,0.0002351,93.687,3.936,4.288,0.0001145,1.022e-05,
C:\Users\sblee\Downloads\Aesthetics-Toolbox-main\split_2\artemis_robert-julian-onderdonk_rainy-day-in-bandera.jpg,3206,0.7577,23.574,7.687,11.192,118.567,7.049,160.144,156.676,139.508,63.664,-0.9146,9.208,0.157,0.2067,0.6538,56.125,63.542,54.941,23.574,6.759,12.83,0.1835,0.1363,0.2243,22.593,2.884,0.002171,-0.01425,11.821,0.5332,0.4722,0.4526,-2.498,-1.321,-1.202,0.001922,1.593,2.634,0.8472,0.8365,0.0002855,96.814,4.359,4.441,0.0001382,1.14e-05,
C:\Users\sblee\Downloads\Aesthetics-Toolbox-main\split_2\artemis_robert-julian-onderdonk_texas-landscape.jpg,3192,1.31,21.587,7.677,12.464,109.412,6.509,141.67,141.268,154.232,58.814,5.381,-6.043,0.8804,0.3392,0.6876,53.945,56.425,70.905,21.587,6.209,24.58,0.2937,0.1829,0.2428,11.851,4.806,-0.02376,-0.003618,11.348,0.5293,0.4925,0.4699,-2.196,-1.281,-1.036,0.007892,1.68,2.664,0.788,0.8456,0.0001631,96.228,4.482,4.538,0.0001591,1.284e-05,
C:\Users\sblee\Downloads\Aesthetics-Toolbox-main\split_2\artemis_robert-morris_untitled-ring-with-light-1966.jpg,3410,1.467,12.503,6.668,3.588,34.129,3.369,143.804,144.367,142.183,59.568,-0.6311,1.131,0.2227,0.02515,0.5682,32.196,32.709,34.296,12.503,0.5812,1.406,0.1652,0.02,0.1294,62.504,6.888,0.005424,-0.03401,11.887,0.6607,0.3362,0.3223,-2.473,-1.77,-1.312,0.02703,1.457,2.341,0.6051,0.6861,0.0005808,98.831,4.115,3.795,0.0003168,3.594e-05,
C:\Users\sblee\Downloads\Aesthetics-Toolbox-main\split_2\artemis_robert-ryman_koh-i-noor-7h-1.jpg,2780,0.9886,2.694,3.506,0.6414,13.676,3.094,239.115,239.422,234.383,94.439,-0.985,2.403,0.1833,0.02371,0.9409,7.195,7.656,8.601,2.694,0.5581,1.231,0.06275,0.01223,0.02775,2.502,4.076,-0.006512,-0.01931,4.748,0.8171,0.8226,0.7976,-2.45,-1.35,-1.198,0.03672,1.467,2.421,0.7297,0.5313,0.000694,73.043,3.783,2.961,0.0008734,1.128e-05,
C:\Users\sblee\Downloads\Aesthetics-Toolbox-main\split_2\artemis_robert-ryman_untitled-1965.jpg,2846,1.059,4.032,4.764,1.377,22.678,3.194,211.134,212.937,203.46,84.86,-2.267,4.504,0.2169,0.04913,0.8377,8.81,11.504,16.332,4.032,0.8075,3.429,0.03688,0.04633,0.03675,2.998,3.54,0.003415,0.01737,4.724,0.7079,0.684,0.6767,-2.616,-1.475,-1.292,0.01474,1.575,2.555,0.8196,0.6525,0.0006727,82.746,3.791,3.539,0.0004636,1.311e-05,
C:\Users\sblee\Downloads\Aesthetics-Toolbox-main\split_2\artemis_robert-ryman_untitled-1976.jpg,2777,0.9907,2.613,4.256,1.139,10.861,2.686,182.941,178.868,160.637,72.758,-1.731,9.837,0.1383,0.1224,0.7176,6.529,6.942,8.108,2.613,0.7835,2.27,0.02746,0.02928,0.02558,0.1513,1.738,-0.008683,0.0003584,1.245,0.7421,0.7702,0.7306,-2.566,-1.237,-1.045,0.04135,1.661,2.697,0.8555,0.5704,0.0003668,30.103,3.869,3.804,0.0003698,1.348e-05,
C:\Users\sblee\Downloads\Aesthetics-Toolbox-main\split_2\artemis_robert-silvers_marilyn-monroe.jpg,3224,0.7503,20.149,7.594,11.5,133.847,3.684,134.529,131.396,125.391,54.252,0.05786,3.74,0.1141,0.08873,0.5278,49.867,50.354,50.769,20.149,1.152,1.341,0.03512,0.06781,0.1957,19.769,5.069,-0.01737,-0.01846,12.311,0.7473,0.6953,0.694,-2.196,-1.901,-1.392,0.0133,1.671,2.703,0.9336,0.9002,0.0001181,96.88,4.538,4.523,0.0001133,4.005e-06,
C:\Users\sblee\Downloads\Aesthetics-Toolbox-main\split_2\artemis_robert-silvers_mona-lisa-remastered-2.jpg,2781,1.012,21.205,7.691,10.377,155.655,4.705,178.235,133.994,72.019,58.577,11.098,37.748,0.09021,0.6134,0.6996,54.633,57.207,49.587,21.205,10.898,19.158,0.03441,0.218,0.2139,23.525,6.239,-0.00965,-0.02967,5.79,0.671,0.6317,0.6124,-2.082,-1.682,-1.244,0.02031,1.566,2.533,0.7486,0.844,0.0002256,96.792,3.617,4.064,9.812e-05,9.931e-06,
C:\Users\sblee\Downloads\Aesthetics-Toolbox-main\split_2\artemis_roger-de-la-fresnaye_the-shepherdess-spring-marie-child.jpg,3303,0.7194,17.848,7.451,3.095,66.304,7.469,119.197,113.345,108.3,47.806,2.04,3.525,0.9999,0.2657,0.5135,57.015,43.491,40.942,17.848,8.613,14.694,0.3496,0.1386,0.1936,44.235,12.281,0.03039,0.05336,11.234,0.4924,0.493,0.4306,-2.922,-1.688,-1.483,0.002025,1.315,2.434,0.7919,0.8109,0.0002041,88.817,4.436,4.473,0.0001379,1.71e-05,
C:\Users\sblee\Downloads\Aesthetics-Toolbox-main\split_2\artemis_roman-opalka_tau-1965.jpg,3630,0.6148,4.273,5.401,2.319,21.819,3.501,159.642,131.515,81.597,56.469,4.08,30.889,0.1066,0.4903,0.626,11.62,10.862,9.295,4.273,0.8632,1.919,0.003152,0.03295,0.04557,9.313,0.6072,-0.001447,-0.002669,13.47,0.6705,0.6176,0.612,-1.478,-1.583,-1.485,0.01579,1.676,2.675,0.7891,0.7472,0.0003984,86.302,3.247,3.839,0.0002387,7.669e-06,
C:\Users\sblee\Downloads\Aesthetics-Toolbox-main\split_2\artemis_ronald-davis_large-red-1965.jpg,2766,1.001,28.636,3.522,0.6976,39.451,2.406,215.996,168.017,169.555,74.481,19.558,11.226,0.6158,0.3064,0.8588,36.612,99.907,99.328,28.636,25.326,15.02,0.2821,0.3515,0.1531,23.461,6.819,0.01012,0.03256,22.527,0.3563,0.2775,0.5374,-3.439,-1.815,-1.66,0.02021,0.8694,2.033,0.4447,0.5588,0.001645,92.719,2.955,2.889,0.001225,4.031e-05,
C:\Users\sblee\Downloads\Aesthetics-Toolbox-main\split_2\artemis_ronnie-landfield_blue-line-painting-1969.jpg,2847,1.06,3.543,5.109,1.405,13.196,5.687,235.903,207.596,130.918,84.172,-0.06604,41.621,0.1225,0.4444,0.9251,7.777,11.842,12.927,3.543,3.964,5.095,0.01041,0.05885,0.0305,11.871,6.549,0.02628,0.01954,5.956,0.7036,0.696,0.7035,-2.106,-1.415,-1.303,0.02176,1.546,2.643,0.7903,0.7345,0.0002861,89.157,3.307,3.834,0.0004446,6.707e-06,
C:\Users\sblee\Downloads\Aesthetics-Toolbox-main\split_2\artemis_ronnie-landfield_green-mountain-man-1975.jpg,3132,1.266,8.77,6.585,4.809,30.562,3.283,165.643,161.848,70.199,65.093,-10.7953,47.034,0.1607,0.5804,0.6509,24.373,23.37,17.958,8.77,1.693,5.931,0.01066,0.06372,0.09425,20.278,9.916,0.01771,-0.04631,7.963,0.6795,0.6443,0.6327,-1.93,-1.439,-1.052,0.006808,1.633,2.746,0.888,0.6783,0.0001755,91.501,3.802,4.228,0.0001798,9.224e-06,
C:\Users\sblee\Downloads\Aesthetics-Toolbox-main\split_2\artemis_roy-lichtenstein_baked-potato-1962-1.jpg,3265,1.363,44.575,4.742,2.189,98.522,4.485,161.35,159.719,147.616,62.459,-0.4983,5.368,0.1947,0.1436,0.6397,111.269,112.457,114.38,44.575,2.241,18.939,0.2475,0.2309,0.4401,27.162,18.148,-0.01354,-0.08973,20.828,0.5323,0.2238,0.1982,-2.95,-2.273,-2.158,0.01236,1.064,2.386,0.3557,0.6382,0.001073,88.477,4.368,4.242,0.0006549,4.264e-05,
C:\Users\sblee\Downloads\Aesthetics-Toolbox-main\split_2\artemis_roy-lichtenstein_sandwich-and-soda-1964.jpg,3143,1.274,29.248,5.485,3.42,131.298,4.852,183.885,159.505,182.613,69.018,14.928,-6.295,0.6277,0.3027,0.8043,71.348,92.559,71.604,29.248,21.978,19.653,0.2159,0.3188,0.1822,35.705,3.911,-0.0008518,0.01954,12.729,0.5072,0.4031,0.3601,-2.834,-2.235,-2.142,0.03167,1.294,2.518,0.4469,0.624,0.001483,91.859,3.974,4.222,0.0006873,3.703e-05,
C:\Users\sblee\Downloads\Aesthetics-Toolbox-main\split_2\artemis_rudolf-schweitzer-cumpana_carpenters-lunch-1929.jpg,3224,1.333,20.842,7.538,12.061,123.951,5.253,192.315,160.471,118.203,67.506,6.647,26.607,0.1008,0.3947,0.7546,52.558,58.074,53.164,20.842,9.7,12.327,0.03915,0.1731,0.2062,18.751,10.504,0.05049,0.01447,15.254,0.5727,0.5879,0.5616,-2.549,-1.244,-1.0,0.006556,1.671,2.682,0.82,0.87,0.0001806,97.912,4.513,4.518,0.0001099,9.767e-06,
C:\Users\sblee\Downloads\Aesthetics-Toolbox-main\split_2\artemis_rudolf-schweitzer-cumpana_la-ghicitoare-1921.jpg,3124,1.26,22.539,7.418,10.728,95.3,5.704,107.795,92.916,82.916,39.682,4.606,8.009,0.07105,0.2416,0.4252,58.43,57.291,51.37,22.539,6.933,6.929,0.07871,0.1323,0.2297,60.103,2.298,-0.01091,0.003618,10.14,0.4021,0.4772,0.3969,-2.711,-1.171,-0.9954,0.01067,1.605,2.621,0.7976,0.8274,0.000231,93.274,4.522,4.474,0.0001261,1.602e-05,
C:\Users\sblee\Downloads\Aesthetics-Toolbox-main\split_2\artemis_rudolf-von-alt_the-imperial-palace-livadia-in-the-crimea-1863.jpg,3468,1.509,19.376,7.316,16.503,100.161,5.183,132.165,121.826,107.534,50.998,1.52,9.13,0.08931,0.1822,0.5186,52.507,47.845,43.081,19.376,2.748,6.592,0.0578,0.09539,0.2058,26.994,7.954,0.02061,0.03401,16.405,0.5568,0.5119,0.4685,-2.042,-1.126,-0.8167,0.004035,1.759,2.822,0.8385,0.8802,0.0001114,97.261,4.535,4.554,0.0001311,9.291e-06,
C:\Users\sblee\Downloads\Aesthetics-Toolbox-main\split_2\artemis_ruth-vollmer_unknown-title-2.jpg,3434,0.6735,25.448,6.494,1.333,51.569,4.169,187.941,188.889,190.024,75.554,-0.1114,-0.537,0.5713,0.03838,0.7525,64.978,66.522,69.68,25.448,1.011,2.48,0.2447,0.03675,0.264,18.824,29.142,0.0,-0.1457,36.474,0.4187,0.2442,0.216,-3.02,-2.069,-1.9,0.03779,1.042,2.352,0.3521,0.6433,0.001044,83.845,4.388,3.918,0.0008094,2.075e-05,
C:\Users\sblee\Downloads\Aesthetics-Toolbox-main\split_2\artemis_sa-nogueira_cinema-ii-1972.jpg,3063,1.216,16.03,6.188,4.042,74.375,5.262,212.866,203.356,183.405,81.87,0.4292,11.436,0.1394,0.1578,0.8405,37.683,46.592,49.047,16.03,8.212,8.786,0.08028,0.1299,0.1434,13.077,10.386,0.05027,0.01302,12.906,0.3538,0.4179,0.3636,-2.759,-1.502,-1.264,0.004324,1.389,2.409,0.7378,0.7986,0.0003398,94.545,4.41,4.428,0.0002946,2.438e-05,
C:\Users\sblee\Downloads\Aesthetics-Toolbox-main\split_2\artemis_sa-nogueira_n-feminino-1949.jpg,3420,0.6781,11.992,6.595,2.153,46.253,5.462,200.498,184.847,150.239,75.518,0.8371,19.97,0.1414,0.2693,0.791,23.224,34.853,46.178,11.992,6.18,12.391,0.103,0.1713,0.09336,15.875,2.954,-0.01447,-0.002944,13.053,0.4571,0.3927,0.4,-2.75,-1.963,-1.694,0.01731,1.307,2.379,0.7275,0.7288,0.0003418,91.528,4.29,4.259,0.0002495,2.273e-05,
C:\Users\sblee\Downloads\Aesthetics-Toolbox-main\split_2\artemis_salvador-dali_boat.jpg,2782,1.013,17.716,7.369,12.088,127.875,6.695,120.287,116.162,105.746,48.516,0.1335,6.25,0.1962,0.1786,0.4897,47.78,44.533,40.947,17.716,4.944,10.808,0.2267,0.1521,0.1842,44.013,5.795,-0.02071,-0.02026,4.293,0.6637,0.5563,0.5461,-2.178,-1.399,-1.123,0.006204,1.737,2.693,0.8747,0.8283,0.0003452,96.774,3.593,4.245,0.0001039,9.006e-06,
C:\Users\sblee\Downloads\Aesthetics-Toolbox-main\split_2\artemis_salvador-dali_duck.jpg,3761,0.5809,15.136,7.321,6.596,64.589,5.725,76.584,93.29,57.617,36.907,-13.2326,18.162,0.2551,0.3785,0.3666,37.151,37.398,26.046,15.136,5.469,8.275,0.04999,0.09731,0.1474,34.996,6.284,-0.0246,-0.01955,17.854,0.5287,0.5217,0.5085,-2.856,-1.374,-1.064,0.008598,1.524,2.607,0.8366,0.8163,0.0001184,96.466,4.447,4.449,0.0001298,1.216e-05,
C:\Users\sblee\Downloads\Aesthetics-Toolbox-main\split_2\artemis_salvador-dali_emissa-voce-magna-expiravit-mark-15-37-1967.jpg,3081,0.8134,22.301,7.646,5.67,61.132,6.419,127.804,142.28,132.824,57.219,-6.553,3.883,0.3841,0.2333,0.5763,60.046,58.619,59.85,22.301,10.405,5.959,0.1413,0.2105,0.2079,37.4,19.789,-0.07887,0.05974,12.845,0.5126,0.4638,0.4084,-2.485,-1.552,-1.12,0.005602,1.397,2.668,0.7981,0.8037,0.0001429,92.65,4.503,4.466,0.0001392,1.198e-05,
C:\Users\sblee\Downloads\Aesthetics-Toolbox-main\split_2\artemis_salvador-dali_exquisite-cadaver.jpg,3394,0.6869,14.044,6.697,7.209,64.769,4.875,46.11,35.548,20.207,14.487,2.352,10.198,0.09551,0.666,0.1849,34.271,31.879,26.148,14.044,5.637,6.229,0.04216,0.176,0.1405,70.01,10.099,0.04776,0.0164,14.79,0.5835,0.5363,0.5076,-2.375,-1.447,-1.124,0.003702,1.626,2.621,0.7424,0.7942,0.000119,87.671,4.483,4.455,0.0001176,1.092e-05,
C:\Users\sblee\Downloads\Aesthetics-Toolbox-main\split_2\artemis_salvador-dali_figure-after-michelangelo-s-dawn-on-the-tomb-of-lorenzo-di-medici.jpg,3131,0.7902,14.136,7.017,7.477,118.944,6.521,120.432,134.204,117.968,54.211,-7.675,7.248,0.3547,0.2251,0.5333,30.838,35.826,47.615,14.136,3.744,11.981,0.1519,0.1593,0.1414,10.358,4.255,-0.01737,0.01229,7.558,0.5613,0.5439,0.5612,-2.407,-1.715,-1.431,0.009709,1.631,2.596,0.8829,0.8439,0.0001784,96.43,4.459,4.507,0.0001151,7.962e-06,
C:\Users\sblee\Downloads\Aesthetics-Toolbox-main\split_2\artemis_salvador-dali_original-sin.jpg,3168,1.292,16.32,7.038,3.206,32.856,3.863,148.413,101.916,26.432,46.359,12.076,44.941,0.1082,0.7494,0.5822,54.94,34.632,7.388,16.32,6.742,19.363,0.02403,0.2102,0.215,9.26,7.428,-0.008399,0.03618,13.985,0.4977,0.4253,0.3983,-2.728,-1.686,-1.425,0.01283,1.519,2.577,0.8815,0.6664,0.0002344,98.774,4.5,4.245,0.0003673,1.637e-05,
C:\Users\sblee\Downloads\Aesthetics-Toolbox-main\split_2\artemis_salvador-dali_pieta.jpg,3328,0.7102,13.107,6.989,5.101,69.617,6.027,123.774,115.912,99.698,48.864,0.6345,10.287,0.1409,0.2337,0.4966,31.58,34.042,36.689,13.107,5.311,9.196,0.1313,0.1402,0.1292,33.349,3.021,0.009407,0.01182,11.108,0.4905,0.4572,0.4509,-2.589,-1.498,-1.333,0.005913,1.512,2.57,0.8162,0.8075,0.0002287,95.769,4.481,4.458,0.0001266,2.152e-05,
C:\Users\sblee\Downloads\Aesthetics-Toolbox-main\split_2\artemis_salvador-dali_plange-virgo-accincta-sacco-1967.jpg,3264,0.7343,17.669,7.26,3.804,75.838,5.888,149.501,143.505,130.1,59.327,0.625,7.629,0.107,0.2224,0.6135,47.805,45.103,40.35,17.669,3.674,15.075,0.2872,0.1495,0.165,12.108,14.615,-0.0644,0.03454,10.64,0.5051,0.4792,0.4112,-2.716,-1.765,-1.437,0.00105,1.31,2.565,0.7179,0.7881,0.0002806,89.888,3.766,4.112,0.0001576,1.605e-05,
C:\Users\sblee\Downloads\Aesthetics-Toolbox-main\split_2\artemis_salvador-dali_portrait-of-a-woman-grey-jacket-wearing-a-pearl-necklace.jpg,2951,0.8808,16.811,6.144,2.719,51.818,5.117,206.53,198.15,180.669,80.02,0.8835,10.563,0.2163,0.1625,0.8209,32.912,49.358,60.192,16.811,9.133,11.425,0.1133,0.2072,0.135,8.141,20.677,-0.01881,-0.1017,22.235,0.4804,0.2418,0.2314,-3.172,-1.586,-1.408,0.02072,1.324,2.496,0.426,0.6313,0.0003283,80.095,3.974,3.974,0.0005513,1.763e-05,
C:\Users\sblee\Downloads\Aesthetics-Toolbox-main\split_2\artemis_salvador-dali_portrait-of-my-cousin-ana-maria-domenech.jpg,4356,0.4647,9.971,6.469,8.018,47.265,5.701,155.681,169.974,157.11,68.232,-6.472,5.33,0.3915,0.2443,0.6982,28.198,27.105,42.621,9.971,5.719,14.679,0.2226,0.1076,0.1048,4.722,9.601,-0.009407,0.04707,16.435,0.5877,0.4483,0.4439,-2.402,-1.174,-0.7281,0.008689,1.844,2.727,0.9245,0.7762,8.491e-05,85.85,4.148,4.265,0.0001938,1.464e-05,
C:\Users\sblee\Downloads\Aesthetics-Toolbox-main\split_2\artemis_salvador-dali_portrait-of-my-sister-original-state-1924.jpg,3308,0.7175,28.06,6.815,5.067,148.157,3.638,177.17,179.972,178.168,71.773,-1.312,0.626,0.3753,0.02719,0.7068,70.798,71.998,72.263,28.06,0.8985,1.242,0.141,0.02519,0.2822,7.683,15.08,-0.07525,0.004673,12.005,0.376,0.4572,0.3812,-2.925,-1.92,-1.801,0.02154,1.392,2.471,0.7491,0.8299,0.0003,95.173,4.434,4.478,0.0002716,1.286e-05,
C:\Users\sblee\Downloads\Aesthetics-Toolbox-main\split_2\artemis_salvador-dali_quis-ascendet-in-mentem-domini-1967.jpg,3205,0.7581,28.138,7.864,4.916,92.275,6.02,126.67,125.461,110.263,50.929,-1.43,7.836,0.2087,0.2419,0.5157,71.697,70.707,71.944,28.138,4.017,16.45,0.2737,0.2244,0.2697,33.923,18.485,0.06729,0.06336,12.472,0.3902,0.3963,0.3497,-2.679,-1.901,-1.56,0.002753,1.365,2.517,0.7792,0.7956,0.0003387,95.081,3.894,4.164,0.0001916,1.947e-05,
C:\Users\sblee\Downloads\Aesthetics-Toolbox-main\split_2\artemis_salvador-dali_self-portrait-with-l-humanitie.jpg,3310,0.7168,14.16,6.811,4.36,54.07,6.354,90.213,95.236,92.54,39.604,-1.801,0.7621,0.3019,0.1859,0.4045,34.395,36.845,31.305,14.16,5.362,11.539,0.2542,0.1214,0.1476,68.365,1.737,-0.008683,0.0,10.613,0.4296,0.4113,0.3864,-2.807,-1.582,-1.263,0.008516,1.582,2.494,0.8968,0.7973,0.0001704,89.068,4.42,4.38,0.0001576,2.002e-05,
C:\Users\sblee\Downloads\Aesthetics-Toolbox-main\split_2\artemis_salvador-dali_the-ghost-of-vermeer-van-delft.jpg,3247,0.741,16.483,7.518,13.643,42.325,6.632,121.537,99.038,29.003,42.449,1.514,39.892,0.1232,0.7694,0.4772,43.796,40.645,17.804,16.483,6.314,13.641,0.02566,0.1146,0.1716,20.534,11.073,-0.05137,-0.02064,13.309,0.5519,0.5494,0.5341,-2.667,-0.9537,-0.6983,0.05759,1.752,2.801,0.8606,0.7892,0.000315,96.167,4.344,4.397,0.0001515,1.13e-05,
C:\Users\sblee\Downloads\Aesthetics-Toolbox-main\split_2\artemis_sam-francis_evergreen-licks-1987.jpg,3029,1.192,29.579,6.838,12.073,188.943,7.083,186.017,187.796,169.15,75.013,-1.668,9.343,0.3938,0.2944,0.8003,76.815,81.728,85.826,29.579,18.273,24.461,0.2694,0.2957,0.2576,12.685,13.061,0.06527,0.002171,15.344,0.5445,0.5317,0.5192,-2.267,-1.847,-1.176,0.003432,1.511,2.665,0.7643,0.8662,0.0002359,96.969,4.562,4.529,0.0001321,1.287e-05,
C:\Users\sblee\Downloads\Aesthetics-Toolbox-main\split_2\artemis_sam-francis_green-buddha-1977.jpg,3229,1.336,29.763,7.718,10.873,256.838,7.375,120.836,124.34,104.585,50.035,-4.022,10.027,0.2861,0.2817,0.5215,79.136,76.106,70.316,29.763,12.012,17.134,0.2189,0.1981,0.295,35.636,5.789,0.02463,-0.0152,9.316,0.6567,0.6492,0.648,-2.479,-2.165,-1.795,0.00307,1.516,2.605,0.8728,0.8977,0.0001406,99.309,4.55,4.558,0.0001061,4.995e-06,
C:\Users\sblee\Downloads\Aesthetics-Toolbox-main\split_2\artemis_sam-francis_untitled-093-1994.jpg,3992,1.889,16.884,6.06,1.772,56.93,4.387,216.049,211.688,205.489,84.837,0.8198,4.06,0.1471,0.08597,0.8569,41.568,48.176,48.416,16.884,10.617,8.304,0.08955,0.1646,0.1463,4.845,4.094,-0.009579,-0.01809,20.722,0.4764,0.426,0.3947,-2.536,-2.027,-1.59,0.007073,1.214,2.29,0.4798,0.5236,0.0008975,74.549,4.308,4.4,0.000673,2.49e-05,
C:\Users\sblee\Downloads\Aesthetics-Toolbox-main\split_2\artemis_sam-francis_untitled-1966(2).jpg,3193,1.31,21.102,4.66,1.579,38.753,3.344,183.416,175.685,171.34,72.168,3.297,3.603,0.1185,0.1934,0.7515,56.421,60.679,46.366,21.102,13.695,17.396,0.12,0.2527,0.1489,9.548,6.437,-0.01408,0.02894,14.46,0.3457,0.3356,0.3116,-2.705,-2.033,-1.388,0.01371,0.9401,2.095,0.5203,0.6187,0.0008879,85.67,3.994,3.593,0.0007897,3.991e-05,
C:\Users\sblee\Downloads\Aesthetics-Toolbox-main\split_2\artemis_sam-francis_untitled-1989-1.jpg,3212,0.7552,13.35,4.84,2.278,66.83,3.744,227.111,221.555,216.322,88.512,1.285,3.496,0.1271,0.07051,0.8973,32.659,38.701,38.119,13.35,7.704,6.915,0.08838,0.1281,0.1105,2.394,3.184,-0.01592,0.0,16.773,0.5953,0.4764,0.4605,-2.476,-2.127,-1.616,0.0112,1.395,2.418,0.4104,0.5589,0.0006849,79.266,4.488,4.411,0.0007598,2.497e-05,
C:\Users\sblee\Downloads\Aesthetics-Toolbox-main\split_2\artemis_sam-francis_untitled-blue-green-1958.jpg,3054,1.21,16.553,6.579,5.281,65.375,5.016,98.168,132.534,36.885,51.222,-22.2834,38.793,0.2463,0.823,0.561,39.638,46.194,40.26,16.553,18.636,36.988,0.152,0.1568,0.1204,13.374,2.606,0.005981,0.01158,7.793,0.5585,0.5994,0.5445,-2.093,-1.813,-1.365,0.01345,1.503,2.48,0.7147,0.7578,0.0004495,98.548,4.234,4.159,0.0002288,1.799e-05,
C:\Users\sblee\Downloads\Aesthetics-Toolbox-main\split_2\artemis_sam-francis_untitled-purple-edge-1965.jpg,5077,2.676,34.474,6.335,2.466,74.128,5.282,102.767,101.354,102.186,40.673,0.9999,-0.3612,0.06851,0.1178,0.4161,86.171,87.329,84.941,34.474,3.914,4.855,0.2229,0.1075,0.3368,53.039,8.591,0.01055,-0.04164,33.145,0.3851,0.3208,0.2787,-2.312,-2.104,-2.414,0.01462,1.086,2.268,0.7078,0.799,0.0005124,85.982,4.038,4.238,0.0002196,2.067e-05,
C:\Users\sblee\Downloads\Aesthetics-Toolbox-main\split_2\artemis_sam-francis_untitled-s-f-e-363-1994.jpg,2813,1.035,30.241,6.737,9.98,140.298,6.08,168.299,157.426,126.946,64.396,1.065,17.924,0.2393,0.3557,0.691,75.581,83.555,89.513,30.241,16.547,22.457,0.2452,0.2908,0.2804,29.882,1.749,0.001048,-0.008683,8.585,0.6143,0.6046,0.5878,-2.272,-1.794,-1.208,0.003855,1.522,2.722,0.7199,0.8737,0.0005934,96.928,4.555,4.443,0.0003469,2.137e-05,
C:\Users\sblee\Downloads\Aesthetics-Toolbox-main\split_2\artemis_sam-francis_untitled-sf-358-1993.jpg,3545,0.6389,21.251,7.434,8.041,190.956,7.183,173.641,168.271,156.801,70.26,3.576,8.594,0.1984,0.3874,0.7982,75.995,65.372,65.512,21.251,24.136,25.432,0.2767,0.2975,0.1704,18.829,2.284,0.001447,0.01133,12.812,0.5981,0.5654,0.5632,-2.393,-2.132,-1.902,0.001662,1.543,2.56,0.8735,0.8695,0.0001849,99.175,4.562,4.551,0.0001017,9.504e-06,
C:\Users\sblee\Downloads\Aesthetics-Toolbox-main\split_2\artemis_sam-francis_untitled-sf75-1117-1975.jpg,3331,0.7091,31.731,7.293,4.451,112.684,5.0,158.445,158.486,162.624,63.77,0.842,-2.005,0.5931,0.06894,0.6434,80.51,81.44,82.855,31.731,5.241,3.776,0.1383,0.09068,0.3195,33.383,3.023,0.01447,-0.004361,13.349,0.4367,0.4538,0.3975,-2.692,-1.947,-1.646,0.002652,1.191,2.497,0.6679,0.8137,0.0005354,91.195,4.241,4.343,0.0003317,1.962e-05,
C:\Users\sblee\Downloads\Aesthetics-Toolbox-main\split_2\artemis_sam-francis_untitled-sfm66-03-1966.jpg,3366,0.6966,11.885,4.414,1.623,45.779,3.533,236.801,235.343,235.815,93.269,1.008,0.1751,0.5002,0.0588,0.9518,28.477,36.469,36.655,11.885,8.229,8.568,0.1539,0.1289,0.08437,2.287,2.742,-0.0123,0.006048,21.719,0.4532,0.4943,0.4613,-2.674,-1.501,-1.451,0.003779,1.4,2.065,0.4066,0.3085,0.00101,83.84,4.428,4.343,0.001029,2.108e-05,
C:\Users\sblee\Downloads\Aesthetics-Toolbox-main\split_2\artemis_sam-francis_untitled-sfp84-305-sfp86-497-1984.jpg,2764,1.0,31.511,5.839,2.493,57.571,4.478,175.944,168.928,143.51,67.967,1.027,12.776,0.5542,0.287,0.7208,80.705,83.015,92.323,31.511,6.346,30.238,0.2629,0.2969,0.2951,15.341,7.185,-0.03546,0.005789,11.009,0.4672,0.4403,0.3811,-3.123,-1.826,-1.464,0.006345,0.9938,2.279,0.6587,0.6609,0.0007681,86.924,3.805,3.631,0.0006164,5.455e-05,
C:\Users\sblee\Downloads\Aesthetics-Toolbox-main\split_2\artemis_samuel-mutzner_scen-algerian.jpg,3033,0.8371,18.401,7.509,16.886,101.933,7.083,129.454,130.29,101.722,53.561,-4.182,15.835,0.2081,0.3616,0.5641,55.553,47.757,44.749,18.401,12.875,14.214,0.1714,0.1732,0.1873,28.769,2.745,-0.009407,0.009994,7.805,0.5855,0.5656,0.5477,-2.562,-0.876,-0.8254,0.01534,1.726,2.691,0.8829,0.8638,0.0001068,97.551,4.347,4.488,9.419e-05,1.078e-05,
C:\Users\sblee\Downloads\Aesthetics-Toolbox-main\split_2\artemis_sandro-botticelli_figures-on-the-road-to-calvary(1).jpg,3118,0.7961,23.24,7.718,5.05,113.959,6.363,128.858,123.871,81.561,51.027,-4.577,24.291,0.1933,0.4339,0.5416,65.814,60.673,50.793,23.24,15.789,11.981,0.0956,0.1829,0.2412,35.491,7.61,-0.03329,0.01843,9.057,0.4933,0.4811,0.4279,-2.788,-2.036,-1.75,0.01285,1.377,2.485,0.7125,0.8042,0.0003919,95.436,4.055,4.307,0.0001568,2.134e-05,
C:\Users\sblee\Downloads\Aesthetics-Toolbox-main\split_2\artemis_sandro-botticelli_virgin-and-child-with-two-angels-1469(1).jpg,3333,0.7084,23.66,7.66,4.19,96.651,5.141,107.178,75.186,57.098,34.27,10.896,16.009,0.088,0.4708,0.4212,69.141,55.567,45.925,23.66,12.099,10.998,0.0637,0.1959,0.2699,43.572,20.566,-0.003618,0.1028,13.116,0.5135,0.4543,0.4313,-2.691,-2.016,-1.808,0.002491,1.397,2.466,0.6966,0.8349,0.0003288,91.803,4.499,4.497,0.0001573,1.636e-05,
C:\Users\sblee\Downloads\Aesthetics-Toolbox-main\split_2\artemis_santiago-rusinol_jard-n-de-las-eleg-as-son-moragues-1903.jpg,3131,1.266,20.233,7.531,8.382,121.079,6.646,75.518,75.363,53.762,30.88,-3.151,12.034,0.2286,0.3758,0.3246,54.721,48.008,35.535,20.233,8.421,14.794,0.1542,0.2204,0.2129,31.754,14.37,0.02316,-0.06802,7.652,0.5188,0.4832,0.4707,-2.551,-1.441,-1.311,0.002927,1.535,2.561,0.8089,0.841,0.0002432,97.449,4.27,4.431,0.0001083,1.426e-05,
C:\Users\sblee\Downloads\Aesthetics-Toolbox-main\split_2\artemis_santiago-rusinol_the-painter-miguel-utrillo-in-the-gardens-of-the-moulin-de-la-galette.jpg,3457,0.666,19.417,7.553,4.865,72.984,5.784,136.601,115.804,102.081,49.661,6.134,10.236,0.04433,0.2616,0.537,53.05,48.825,37.946,19.417,4.031,8.731,0.09149,0.08834,0.2066,35.266,5.067,0.02533,-0.0007229,12.979,0.4317,0.447,0.4534,-2.664,-1.779,-1.394,0.002798,1.535,2.54,0.8544,0.8203,0.0001884,96.423,4.388,4.43,0.0001494,1.529e-05,
C:\Users\sblee\Downloads\Aesthetics-Toolbox-main\split_2\artemis_sean-scully_cradle-1985.jpg,3258,0.7367,29.329,5.474,2.034,43.67,4.536,138.497,126.921,118.424,52.711,3.657,6.741,0.1041,0.2004,0.5539,74.073,77.844,73.983,29.329,9.868,6.53,0.1197,0.1791,0.2853,63.953,8.185,0.005789,-0.04051,19.686,0.5799,0.2812,0.2534,-2.914,-1.624,-1.161,0.03296,1.416,2.602,0.3267,0.5697,0.001204,88.907,2.772,2.722,0.0005563,5.65e-05,
C:\Users\sblee\Downloads\Aesthetics-Toolbox-main\split_2\artemis_seraphine-louis_unknown-title-6.jpg,3218,0.7527,17.252,7.279,10.177,103.792,6.404,103.893,82.04,66.17,36.826,6.403,13.255,0.1634,0.2924,0.4183,63.847,38.641,32.014,17.252,18.029,14.758,0.1344,0.2274,0.2454,48.317,10.71,-0.01737,-0.05065,14.489,0.6225,0.4625,0.453,-2.17,-1.791,-1.1,0.01461,1.636,2.579,0.7554,0.8106,0.0001609,94.701,4.497,4.539,9.234e-05,1.549e-05,
C:\Users\sblee\Downloads\Aesthetics-Toolbox-main\split_2\artemis_serge-sudeikin_russian-ballet-pavlova-and-nijinsky-in-pavillon-d-armide-1907.jpg,3017,1.183,23.376,7.786,9.778,104.344,6.335,104.301,101.992,62.107,41.803,-4.439,22.548,0.1831,0.5162,0.4513,61.084,58.841,49.585,23.376,11.504,13.569,0.11,0.2169,0.2342,32.151,13.687,0.06514,0.02098,16.569,0.5798,0.4589,0.438,-2.497,-1.36,-1.174,0.002767,1.543,2.628,0.8605,0.8176,0.000262,93.087,4.529,4.52,0.0001103,1.226e-05,
C:\Users\sblee\Downloads\Aesthetics-Toolbox-main\split_2\artemis_sergey-solomko_blessed-be-the-house-where-a-stork-nested-1917.jpg,3520,1.547,21.986,4.384,2.75,60.48,3.391,217.337,215.457,213.872,85.636,0.6519,1.219,0.5217,0.06609,0.8673,53.113,60.245,62.794,21.986,4.076,4.762,0.2017,0.09306,0.2119,9.379,16.254,0.03555,-0.07308,32.332,0.3679,0.3118,0.2995,-2.636,-1.849,-1.542,0.002566,1.25,2.478,0.4235,0.6986,0.001028,87.564,4.391,4.342,0.0008143,2.785e-05,
C:\Users\sblee\Downloads\Aesthetics-Toolbox-main\split_2\artemis_sergey-solomko_lady-with-peacock.jpg,3482,0.6581,22.839,7.786,8.764,146.139,5.828,137.995,124.803,101.284,52.133,1.867,15.058,0.1334,0.3352,0.5485,57.759,57.829,62.521,22.839,6.599,11.17,0.1048,0.2346,0.225,23.35,3.856,-0.01809,-0.006667,14.999,0.5048,0.4991,0.4725,-2.34,-1.997,-1.648,0.00717,1.529,2.644,0.804,0.832,0.0003073,97.37,3.701,4.082,0.0001467,1.622e-05,
C:\Users\sblee\Downloads\Aesthetics-Toolbox-main\split_2\artemis_sir-lawrence-alma-tadema_a-sculpture-gallery-in-rome-at-the-time-of-agrippa-1867.jpg,3585,0.6273,23.843,7.799,5.214,115.303,5.097,129.235,89.494,45.111,40.51,12.074,30.663,0.0825,0.6781,0.5069,63.586,60.066,43.465,23.843,9.277,15.396,0.03422,0.1763,0.2494,44.462,4.077,-0.005065,-0.01975,16.155,0.5112,0.5064,0.4845,-2.753,-1.907,-1.587,0.001674,1.402,2.493,0.7944,0.8287,0.0003134,94.787,4.434,4.484,0.0001538,1.443e-05,
C:\Users\sblee\Downloads\Aesthetics-Toolbox-main\split_2\artemis_sir-lawrence-alma-tadema_agrippina-with-the-ashes-of-germanicus.jpg,3270,1.366,11.891,6.917,3.289,62.93,6.848,89.281,78.027,65.826,34.347,3.152,9.896,0.2105,0.3622,0.386,39.02,30.726,26.357,11.891,15.877,9.354,0.2056,0.1713,0.1409,64.14,5.263,0.02595,0.004342,11.221,0.5179,0.4599,0.4452,-2.775,-1.91,-1.694,0.01839,1.527,2.467,0.8297,0.7907,0.0002481,94.521,4.356,4.46,0.0001392,1.632e-05,
C:\Users\sblee\Downloads\Aesthetics-Toolbox-main\split_2\artemis_sir-lawrence-alma-tadema_comparisons-1892.jpg,3363,1.433,23.76,7.679,6.218,96.251,5.447,127.455,96.539,68.377,42.379,8.681,20.056,0.07673,0.398,0.5009,72.512,55.522,34.964,23.76,8.843,14.633,0.08552,0.179,0.2829,28.977,18.359,-0.08758,-0.0275,14.783,0.4219,0.4936,0.3942,-2.724,-1.425,-1.235,0.002408,1.441,2.543,0.7309,0.8392,0.0001826,93.955,4.46,4.5,0.0001443,1.537e-05,
C:\Users\sblee\Downloads\Aesthetics-Toolbox-main\split_2\artemis_sir-lawrence-alma-tadema_pastimes-in-ancient-egyupe-3-000-years-ago-1863.jpg,3269,1.365,14.702,6.839,9.181,75.689,5.493,64.756,43.354,44.387,19.824,9.881,3.183,0.9676,0.3448,0.2552,43.202,31.591,28.276,14.702,7.771,6.915,0.07706,0.1401,0.169,63.353,6.136,0.02093,-0.02243,11.62,0.521,0.3659,0.3692,-2.291,-1.318,-1.04,0.006173,1.702,2.58,0.712,0.8241,0.0002975,95.649,4.458,4.519,0.0001114,1.45e-05,
C:\Users\sblee\Downloads\Aesthetics-Toolbox-main\split_2\artemis_sofonisba-anguissola_infantin-isabella-clara-eugenia-1573.jpg,3008,0.8499,15.061,6.364,6.368,30.807,4.666,72.199,77.339,79.923,32.131,-1.063,-2.608,0.5662,0.2422,0.3404,48.216,35.739,23.911,15.061,3.049,9.167,0.1231,0.1201,0.1667,83.249,7.996,-0.0007236,0.03998,7.169,0.5909,0.3769,0.3702,-2.293,-1.037,-0.7113,0.004079,1.756,2.686,0.7994,0.6873,0.000179,66.099,4.036,3.986,0.0001878,1.481e-05,
C:\Users\sblee\Downloads\Aesthetics-Toolbox-main\split_2\artemis_sol-lewitt_blue-vertical-2000.jpg,6099,0.293,5.259,6.167,0.8357,22.972,4.565,42.294,55.648,61.311,22.437,-3.292,-4.93,0.478,0.2752,0.2485,6.956,12.05,23.884,5.259,1.692,8.935,0.08882,0.189,0.08886,48.524,6.166,-0.03039,0.005194,26.993,0.6739,0.699,0.6559,-2.724,-1.632,-1.738,0.02192,1.356,2.351,0.8353,0.7975,0.0004878,94.487,4.385,4.303,0.0001823,5.197e-06,
C:\Users\sblee\Downloads\Aesthetics-Toolbox-main\split_2\artemis_sol-lewitt_cube-structure-based-on-five-modules-1972.jpg,2764,1.0,29.332,7.109,5.172,177.337,4.69,153.043,136.196,112.164,56.268,3.265,15.359,0.1448,0.2637,0.6044,75.834,73.697,75.816,29.332,5.25,14.723,0.1329,0.2229,0.3005,12.575,13.06,0.01447,0.06368,8.587,0.7292,0.4435,0.432,-2.903,-2.03,-1.691,0.0224,1.359,2.556,0.585,0.8413,0.0009131,89.715,3.322,3.772,0.000257,2.363e-05,
C:\Users\sblee\Downloads\Aesthetics-Toolbox-main\split_2\artemis_sol-lewitt_wall-floor-piece-1-1976.jpg,3184,0.7669,6.023,5.7,1.887,38.151,2.572,176.768,181.22,182.919,73.412,-1.224,-1.396,0.5356,0.03844,0.7196,15.804,16.346,16.982,6.023,0.5918,1.4,0.1016,0.01045,0.06514,36.993,0.621,0.002171,-0.00222,7.955,0.5797,0.3873,0.354,-1.695,-1.749,-1.609,0.05386,1.457,2.593,0.3264,0.446,0.0009531,91.199,3.966,4.294,0.0007102,1.486e-05,
C:\Users\sblee\Downloads\Aesthetics-Toolbox-main\split_2\artemis_spyros-papaloukas_burnt-village-in-mytilini-1925.jpg,2996,0.8563,15.522,7.107,7.127,115.993,6.198,130.682,134.271,123.725,55.121,-3.148,5.155,0.3102,0.1705,0.5474,47.894,38.3,35.075,15.522,3.762,8.327,0.2135,0.08295,0.1633,20.992,6.594,-0.009407,-0.0316,7.464,0.5995,0.5947,0.5826,-2.673,-1.504,-1.237,0.002827,1.477,2.521,0.896,0.8826,0.0001494,97.937,4.509,4.551,0.0001175,7.193e-06,
C:\Users\sblee\Downloads\Aesthetics-Toolbox-main\split_2\artemis_spyros-papaloukas_self-portrait.jpg,3193,0.7631,18.987,7.457,2.206,70.102,6.338,113.513,90.564,76.636,39.856,8.25,11.186,0.01711,0.3839,0.4521,48.265,47.554,37.848,18.987,6.957,15.801,0.1359,0.1912,0.1869,35.246,9.264,-0.03473,-0.03065,13.313,0.4995,0.4809,0.4435,-3.277,-2.001,-1.971,0.04066,1.181,2.327,0.7891,0.816,0.0002858,96.362,4.516,4.481,0.0001635,1.377e-05,
C:\Users\sblee\Downloads\Aesthetics-Toolbox-main\split_2\artemis_stanley-pinker_gone-but-not-forgotten-1976.jpg,4414,2.194,14.052,6.87,4.273,86.398,4.792,191.323,176.414,90.366,71.527,-4.665,44.122,0.1624,0.5261,0.758,41.925,36.751,51.997,14.052,4.696,23.205,0.07975,0.2464,0.1562,3.406,6.182,-0.02803,-0.01302,20.539,0.4223,0.4747,0.3801,-2.223,-2.098,-1.933,0.004496,1.551,2.472,0.7001,0.7902,0.0005334,93.468,4.097,4.32,0.0001875,2.589e-05,
C:\Users\sblee\Downloads\Aesthetics-Toolbox-main\split_2\artemis_stanley-pinker_ons-land-1957.jpg,3680,1.663,14.696,7.149,6.413,96.278,6.237,155.7,177.457,118.694,69.483,-16.0482,27.243,0.2494,0.4236,0.7132,48.174,38.331,58.351,14.696,9.392,21.639,0.1225,0.2192,0.147,13.505,7.463,0.009138,-0.03618,15.796,0.4873,0.4799,0.4626,-2.59,-1.573,-1.156,0.003959,1.569,2.586,0.7785,0.809,0.0002773,97.069,4.195,4.406,0.0001362,1.543e-05,
C:\Users\sblee\Downloads\Aesthetics-Toolbox-main\split_2\artemis_stefan-dimitrescu_turks-at-the-caf-1930.jpg,3333,0.7084,17.9,7.418,9.77,89.425,5.388,139.376,108.136,91.428,48.077,10.255,14.539,0.08093,0.3311,0.5502,53.086,45.851,42.952,17.9,11.574,10.492,0.08196,0.1981,0.2048,45.458,8.397,0.01954,0.03716,10.724,0.5523,0.4689,0.4562,-2.83,-1.212,-0.9975,0.0166,1.633,2.635,0.8904,0.8296,8.829e-05,95.39,4.351,4.452,0.0001343,1.356e-05,
C:\Users\sblee\Downloads\Aesthetics-Toolbox-main\split_2\artemis_stefan-luchian_chiajna-willows.jpg,3045,1.203,17.322,7.349,6.599,74.984,6.807,149.745,165.963,141.897,66.115,-8.856,11.049,0.3532,0.3091,0.684,46.977,45.65,64.823,17.322,9.576,19.242,0.2034,0.1857,0.1809,18.019,17.883,-0.02135,-0.08683,6.591,0.5853,0.4727,0.4543,-2.516,-1.613,-1.064,0.01569,1.504,2.623,0.8123,0.822,0.0001711,91.087,4.249,4.459,0.000148,1.203e-05,
C:\Users\sblee\Downloads\Aesthetics-Toolbox-main\split_2\artemis_stefan-luchian_vase-with-carnations-1907.jpg,3828,0.565,24.604,7.541,9.52,103.282,5.214,152.385,114.736,92.864,50.697,12.193,17.914,0.05737,0.4015,0.5982,67.574,63.491,51.723,24.604,9.971,11.488,0.04627,0.1481,0.2648,29.093,3.321,-0.002894,-0.01635,16.664,0.5657,0.4571,0.4521,-2.863,-1.498,-0.9864,0.009376,1.447,2.602,0.8971,0.8506,0.0001102,96.093,4.519,4.518,0.0001398,1.359e-05,
C:\Users\sblee\Downloads\Aesthetics-Toolbox-main\split_2\artemis_stefan-popescu_landscape-with-stronghold.jpg,3140,1.272,18.17,7.335,9.164,75.742,5.225,144.469,128.462,87.797,53.816,0.4806,24.136,0.1339,0.3956,0.5704,50.186,46.365,41.269,18.17,6.121,12.034,0.04929,0.1859,0.1943,24.326,9.758,0.01536,-0.04631,9.93,0.459,0.4611,0.395,-2.589,-1.142,-0.9968,0.009556,1.615,2.647,0.7926,0.837,0.0001172,97.084,4.396,4.507,0.0001223,1.294e-05,
C:\Users\sblee\Downloads\Aesthetics-Toolbox-main\split_2\artemis_stefan-popescu_veranda-with-flowers.jpg,3179,1.3,18.346,7.342,10.8,89.044,5.988,101.879,95.301,78.874,39.961,-0.1736,10.369,0.137,0.2471,0.4065,47.231,45.572,40.485,18.346,5.386,5.761,0.07974,0.1198,0.183,45.007,12.346,0.03311,-0.0521,9.218,0.5203,0.5208,0.4886,-2.686,-1.127,-1.0,0.007832,1.595,2.603,0.8786,0.8541,0.0001099,94.125,4.235,4.448,0.0001202,1.1e-05,
C:\Users\sblee\Downloads\Aesthetics-Toolbox-main\split_2\artemis_suzanne-valadon_nude-getting-into-the-bath-beside-the-seated-grandmother-1908.jpg,2943,1.13,15.859,5.221,6.115,124.522,3.697,225.576,228.438,228.527,90.208,-0.9297,-0.3476,0.5011,0.02137,0.9003,41.705,43.123,44.0,15.859,1.093,1.191,0.1533,0.01333,0.1683,2.506,12.904,0.04773,-0.04342,12.033,0.453,0.4917,0.4219,-2.239,-1.995,-1.484,0.01208,1.499,2.556,0.6815,0.8608,0.0004248,95.646,4.401,4.515,0.0002982,1.634e-05,
C:\Users\sblee\Downloads\Aesthetics-Toolbox-main\split_2\artemis_t.-c.-steele_along-the-creek-1905.jpg,3406,1.465,20.819,7.556,12.407,88.117,6.708,111.47,110.475,101.308,45.73,-0.8333,5.402,0.2015,0.2154,0.4657,53.484,52.751,56.504,20.819,4.512,11.85,0.2412,0.1465,0.2095,68.558,9.07,-0.02421,0.03835,17.022,0.5981,0.5327,0.5267,-2.36,-1.235,-0.9349,0.006295,1.757,2.67,0.8711,0.8317,0.0001137,83.788,4.426,4.508,9.337e-05,8.596e-06,
C:\Users\sblee\Downloads\Aesthetics-Toolbox-main\split_2\artemis_t.-c.-steele_daisy-by-the-river-1891.jpg,3224,1.333,15.612,7.35,5.413,93.634,4.872,127.994,86.517,60.863,40.321,14.113,21.663,0.06036,0.5241,0.5021,44.851,37.814,26.766,15.612,8.037,9.695,0.03396,0.101,0.1761,32.387,10.765,-0.05375,-0.002894,10.231,0.5645,0.5774,0.5511,-2.567,-1.934,-1.658,0.003308,1.469,2.53,0.8112,0.8282,0.0002861,96.164,4.141,4.44,0.0001239,1.033e-05,
C:\Users\sblee\Downloads\Aesthetics-Toolbox-main\split_2\artemis_t.-c.-steele_pleasant-run-1887.jpg,3510,1.54,26.323,7.541,7.382,103.372,6.009,91.016,88.731,81.354,36.161,-0.2425,4.058,0.1253,0.1378,0.3653,66.038,65.004,53.778,26.323,3.224,7.335,0.3084,0.07974,0.2564,50.999,16.729,0.07848,0.02894,19.184,0.4934,0.4835,0.4668,-2.565,-1.538,-1.208,0.00322,1.475,2.555,0.8023,0.8454,0.000289,90.791,4.262,4.431,0.0001368,1.119e-05,
C:\Users\sblee\Downloads\Aesthetics-Toolbox-main\split_2\artemis_tano-festa_la-rotta-delle-rondini-1975.jpg,3391,0.6879,15.44,6.288,1.954,29.989,4.136,24.887,107.933,124.178,42.249,-12.7847,-15.1957,0.5217,0.8361,0.5516,33.489,40.853,66.699,15.44,16.038,25.717,0.1094,0.1894,0.181,26.42,7.538,0.002894,0.03758,12.463,0.6319,0.4267,0.4326,-2.714,-1.879,-1.6,0.01952,1.242,2.433,0.6598,0.705,0.0006833,93.695,3.785,3.939,0.0005542,1.881e-05,
C:\Users\sblee\Downloads\Aesthetics-Toolbox-main\split_2\artemis_tarsila-do-amaral_carnaval-em-madureira-1924.jpg,3025,0.8411,19.463,7.496,4.708,126.082,6.651,165.799,126.28,97.126,56.725,12.769,22.592,0.06627,0.4564,0.6737,59.815,54.752,69.443,19.463,20.255,23.958,0.1784,0.3061,0.2214,21.034,6.514,-0.01809,-0.02708,8.321,0.5074,0.4276,0.4286,-2.897,-1.902,-1.54,0.003262,1.392,2.453,0.7757,0.8405,0.0003246,97.478,4.383,4.475,0.000183,2.07e-05,
C:\Users\sblee\Downloads\Aesthetics-Toolbox-main\split_2\artemis_tarsila-do-amaral_self-portrait(1).jpg,3059,0.8241,19.787,7.306,2.198,73.567,5.595,141.32,104.998,92.169,48.715,15.178,15.446,0.06697,0.5325,0.6161,61.095,57.557,62.486,19.787,20.291,21.548,0.2524,0.2337,0.1938,63.244,3.929,-0.01664,0.01044,7.127,0.6352,0.4109,0.3891,-3.389,-1.851,-1.757,0.02179,1.097,2.366,0.7546,0.6672,0.0006618,92.054,3.529,3.501,0.0003867,3.714e-05,
C:\Users\sblee\Downloads\Aesthetics-Toolbox-main\split_2\artemis_thalia-flora-karavia_from-ithaca.jpg,3218,0.7527,14.69,7.214,8.841,112.234,6.465,156.373,157.565,115.127,63.747,-6.716,21.937,0.162,0.3405,0.6533,39.073,39.548,47.81,14.69,11.117,18.449,0.136,0.1662,0.1457,19.049,4.591,-0.007236,-0.02179,9.608,0.6047,0.5586,0.5462,-2.353,-1.762,-1.203,0.007462,1.681,2.612,0.8637,0.8597,0.0001473,98.422,4.437,4.505,0.0001085,9.566e-06,
C:\Users\sblee\Downloads\Aesthetics-Toolbox-main\split_2\artemis_theo-van-doesburg_dune-landscape.jpg,3100,1.243,22.05,7.571,4.574,92.089,5.445,90.508,106.854,59.478,41.773,-14.1298,23.728,0.23,0.4619,0.4205,49.61,55.777,40.241,22.05,6.92,13.327,0.05249,0.1465,0.2189,30.679,8.602,-0.005239,0.04269,13.01,0.5535,0.5391,0.528,-2.749,-1.869,-1.608,0.01346,1.305,2.5,0.8424,0.8239,0.0003051,96.446,4.141,4.299,0.0001405,1.146e-05,
C:\Users\sblee\Downloads\Aesthetics-Toolbox-main\split_2\artemis_theo-van-rysselberghe_moroccan-market.jpg,3362,1.433,20.96,7.619,7.39,108.014,4.735,170.132,137.353,89.288,58.75,7.375,30.657,0.1007,0.5278,0.6746,49.64,56.489,60.895,20.96,6.635,14.601,0.08564,0.1944,0.2009,48.718,10.98,-0.01212,-0.05355,10.313,0.4815,0.4252,0.4059,-2.763,-1.485,-1.293,0.002908,1.621,2.548,0.8868,0.8234,0.0001551,97.951,4.351,4.458,0.0001706,1.599e-05,
C:\Users\sblee\Downloads\Aesthetics-Toolbox-main\split_2\artemis_theo-van-rysselberghe_portrait-of-elizabeth-van-rysselberghe-1926.jpg,2982,0.8638,23.763,7.626,4.883,88.386,5.08,147.068,124.245,88.759,52.544,4.359,22.541,0.1105,0.4168,0.5785,62.699,60.461,57.538,23.763,7.22,12.927,0.06728,0.2227,0.2446,28.672,3.493,-0.01737,-0.001875,9.207,0.4968,0.4235,0.4062,-3.135,-1.594,-1.34,0.01775,1.327,2.469,0.8383,0.8113,0.000216,96.085,4.3,4.364,0.0001737,1.532e-05,
C:\Users\sblee\Downloads\Aesthetics-Toolbox-main\split_2\artemis_theo-van-rysselberghe_portrait-of-madame-charles-maus-1890.jpg,3054,0.8266,29.31,7.788,17.844,103.451,6.451,156.891,151.246,125.516,61.005,-1.628,14.027,0.137,0.2536,0.6283,74.253,74.96,68.05,29.31,5.792,14.481,0.1299,0.1668,0.2941,12.041,19.68,-0.03618,-0.09151,23.862,0.5588,0.533,0.5169,-2.241,-1.105,-0.8534,0.01804,1.674,2.789,0.8845,0.8252,0.0001324,92.617,4.26,4.414,8.038e-05,1.023e-05,
C:\Users\sblee\Downloads\Aesthetics-Toolbox-main\split_2\artemis_theo-van-rysselberghe_sunset-at-ambleteuse-1899.jpg,3438,1.488,20.386,7.343,7.416,74.935,6.747,145.841,176.259,143.702,69.076,-12.7413,12.553,0.3729,0.4557,0.7535,76.403,55.194,38.74,20.386,13.743,32.41,0.2256,0.1881,0.1888,17.731,26.764,0.06955,-0.1143,14.691,0.5465,0.5094,0.4396,-2.266,-1.386,-1.163,0.006088,1.497,2.644,0.7715,0.8301,0.000282,90.22,4.06,4.35,0.0001236,1.182e-05,
C:\Users\sblee\Downloads\Aesthetics-Toolbox-main\split_2\artemis_theo-van-rysselberghe_the-dunes-zwin-knokke-1887.jpg,3138,1.271,14.127,7.174,16.246,66.412,5.675,155.291,137.411,102.688,57.861,2.299,20.659,0.1062,0.3468,0.6172,43.759,36.364,36.528,14.127,4.453,17.467,0.133,0.2211,0.1632,44.076,8.401,0.02563,0.03329,9.897,0.6277,0.5581,0.5391,-2.101,-0.7769,-0.7428,0.003935,1.899,2.745,0.768,0.8388,0.000262,98.192,4.002,4.346,8.293e-05,1.108e-05,
C:\Users\sblee\Downloads\Aesthetics-Toolbox-main\split_2\artemis_theo-van-rysselberghe_the-schelde-upstream-from-antwerp-after-fog-1892.jpg,3143,1.274,25.562,7.718,17.435,122.306,7.361,134.284,131.329,121.125,54.193,1.189,5.723,0.16,0.3607,0.5842,68.274,66.351,72.806,25.562,12.429,23.358,0.2789,0.2843,0.2357,38.506,12.904,0.05934,0.02533,16.625,0.5427,0.5585,0.4811,-1.625,-1.422,-1.129,0.003482,1.678,2.788,0.7527,0.8605,0.0002516,91.867,4.491,4.516,8.084e-05,9.166e-06,
C:\Users\sblee\Downloads\Aesthetics-Toolbox-main\split_2\artemis_theodoor-van-thulden_return-of-peace.jpg,2814,1.036,22.165,7.521,6.674,94.314,6.421,88.252,62.254,54.202,28.626,10.065,9.822,0.01743,0.485,0.3594,67.086,51.009,42.647,22.165,13.803,12.254,0.199,0.2335,0.2501,44.574,7.137,0.03422,0.01013,8.867,0.4686,0.4181,0.4106,-2.868,-1.474,-1.298,0.007288,1.48,2.494,0.8307,0.8139,0.0001883,97.153,4.495,4.485,0.0001471,1.578e-05,
C:\Users\sblee\Downloads\Aesthetics-Toolbox-main\split_2\artemis_theodor-severin-kittelsen_asbjoern-sigurdssons-drap-paa-tore-sel-01.jpg,3603,0.6215,26.436,6.671,24.507,173.627,4.847,181.869,183.947,183.416,73.554,-0.7863,0.05896,0.456,0.03048,0.7264,68.534,70.176,70.559,26.436,1.731,1.348,0.2214,0.03463,0.2734,14.605,7.278,-0.02281,-0.02835,16.972,0.5905,0.5853,0.5947,-1.666,-1.348,-0.8406,0.01361,1.718,2.809,0.7007,0.8701,0.0006751,98.853,4.447,4.53,0.0001367,7.556e-06,
C:\Users\sblee\Downloads\Aesthetics-Toolbox-main\split_2\artemis_theodor-severin-kittelsen_har-dyrene-sj-l-cover-1894.jpg,3185,0.7665,16.429,4.773,3.048,64.533,3.864,222.896,219.439,195.497,86.906,-2.715,12.3,0.1523,0.1345,0.8755,41.237,44.55,44.183,16.429,2.678,4.021,0.02433,0.0771,0.1622,0.7972,15.377,0.04414,-0.06295,21.474,0.2624,0.2631,0.3282,-2.317,-2.069,-1.713,0.009303,1.28,2.443,0.5615,0.7787,0.0003888,88.427,4.474,4.496,0.0004966,2.419e-05,
C:\Users\sblee\Downloads\Aesthetics-Toolbox-main\split_2\artemis_theodore-gericault_the-storm-or-the-shipwreck.jpg,3093,1.238,22.406,7.616,6.415,85.379,6.223,88.484,89.003,71.713,36.281,-3.187,9.786,0.2159,0.2854,0.3694,58.509,54.308,47.93,22.406,4.942,8.572,0.1376,0.1543,0.2241,48.059,19.962,-0.01666,-0.09841,9.378,0.5004,0.4109,0.3879,-2.643,-1.553,-1.089,0.01003,1.345,2.521,0.8027,0.7945,0.0003576,92.868,3.736,4.098,0.0001497,2.199e-05,
C:\Users\sblee\Downloads\Aesthetics-Toolbox-main\split_2\artemis_theodore-rousseau_not_detected_198941.jpg,3450,1.496,16.191,7.381,14.854,57.644,6.427,114.262,125.54,108.839,50.839,-7.044,7.835,0.3203,0.2118,0.5006,37.827,41.467,41.559,16.191,3.945,8.262,0.1346,0.1228,0.1593,17.542,11.185,-0.004836,0.05572,14.989,0.5266,0.3415,0.3465,-2.633,-0.9677,-0.7437,0.01632,1.804,2.753,0.8441,0.7765,0.0002268,97.503,3.481,3.931,0.0001353,1.452e-05,
C:\Users\sblee\Downloads\Aesthetics-Toolbox-main\split_2\artemis_theodore-rousseau_the-oak-tree-crashed-into-the-forest-of-fontainebleau.jpg,3318,1.401,18.693,7.319,9.861,113.798,4.195,127.998,122.814,105.82,50.926,-1.046,10.065,0.133,0.1862,0.5024,48.746,48.024,46.352,18.693,1.257,3.984,0.0275,0.07783,0.1911,55.63,10.317,-0.0155,0.0492,15.531,0.6592,0.6278,0.6217,-2.374,-1.545,-1.049,0.005794,1.666,2.703,0.8658,0.871,0.0001505,92.513,3.937,4.222,0.000139,6.967e-06,
C:\Users\sblee\Downloads\Aesthetics-Toolbox-main\split_2\artemis_theodore-rousseau_water-mill-thiers-1830.jpg,3078,0.8149,18.389,7.287,5.668,70.021,4.21,107.565,91.741,66.035,39.178,2.604,17.073,0.102,0.4034,0.422,47.888,45.913,38.348,18.389,2.501,7.608,0.03249,0.1259,0.1879,63.07,11.976,-0.01954,0.0566,9.736,0.5539,0.5356,0.5333,-2.482,-1.696,-1.221,0.007938,1.499,2.596,0.8692,0.8381,0.0001904,87.129,4.4,4.432,0.0001177,1.018e-05,
C:\Users\sblee\Downloads\Aesthetics-Toolbox-main\split_2\artemis_theodoros-stamos_infinity-field-jerusalem-series-iv-1984.jpg,3028,0.8396,13.467,7.036,6.93,69.808,5.073,87.141,96.281,112.408,40.275,0.5608,-10.2284,0.6103,0.2515,0.4436,29.226,32.918,35.118,13.467,4.037,5.765,0.07809,0.09916,0.1345,14.18,9.144,-0.02677,0.03706,7.482,0.6517,0.6268,0.5967,-2.046,-1.639,-1.004,0.01032,1.631,2.678,0.8338,0.7997,0.0004402,97.207,3.314,4.031,0.0001535,1.324e-05,
C:\Users\sblee\Downloads\Aesthetics-Toolbox-main\split_2\artemis_theodoros-stamos_infinity-field-lefkada-series-1981(2).jpg,3224,0.7503,9.079,7.195,3.283,31.109,6.039,95.347,60.921,95.17,32.114,24.047,-12.0591,0.845,0.5679,0.4745,44.862,22.469,27.154,9.079,11.165,17.106,0.1442,0.1807,0.09487,18.931,10.44,0.002894,0.05212,7.339,0.6903,0.5528,0.5375,-2.244,-1.622,-1.243,0.01573,1.61,2.716,0.9164,0.7918,0.0001819,96.404,4.522,4.49,0.0002318,9.582e-06,
C:\Users\sblee\Downloads\Aesthetics-Toolbox-main\split_2\artemis_theophrastos-triantafyllidis_cypresses.jpg,3662,0.6061,13.743,6.621,4.456,53.929,5.545,141.456,141.508,120.235,58.004,-3.833,11.325,0.179,0.1878,0.5706,40.809,33.6,30.086,13.743,4.106,6.467,0.09867,0.08167,0.1384,13.021,6.55,-0.008683,0.03158,12.049,0.5719,0.4333,0.4365,-2.444,-1.69,-1.272,0.004807,1.497,2.557,0.7898,0.8111,0.0001886,81.135,3.95,4.216,0.0001255,1.331e-05,
C:\Users\sblee\Downloads\Aesthetics-Toolbox-main\split_2\artemis_thomas-cole_home-in-the-woods-1847.jpg,3471,1.512,26.981,7.757,8.491,62.826,6.062,126.981,118.891,105.49,49.06,1.418,9.045,0.08692,0.3315,0.5173,67.546,66.247,76.666,26.981,4.277,13.114,0.166,0.2386,0.274,25.145,24.862,0.07779,0.09696,23.192,0.3669,0.3289,0.2488,-2.473,-1.251,-0.8794,0.01773,1.539,2.67,0.6367,0.8242,0.0002325,93.285,4.278,4.435,0.000238,1.711e-05,
C:\Users\sblee\Downloads\Aesthetics-Toolbox-main\split_2\artemis_thomas-cole_the-good-shepherd-1848.jpg,3459,1.503,28.75,7.453,2.713,53.448,6.148,144.755,134.469,136.886,55.683,5.127,1.085,0.9357,0.262,0.6075,69.712,71.648,87.744,28.75,2.989,15.249,0.206,0.1767,0.2995,18.016,27.541,0.01613,-0.1368,14.48,0.4981,0.2301,0.2286,-2.715,-1.715,-1.493,0.004951,1.196,2.45,0.4471,0.7376,0.0004977,84.033,3.957,4.221,0.0002905,1.667e-05,
C:\Users\sblee\Downloads\Aesthetics-Toolbox-main\split_2\artemis_thomas-cole_the-oxbow-the-connecticut-river-near-northampton-1836.jpg,3361,1.432,27.973,7.834,3.797,68.412,5.191,128.232,115.197,93.205,47.745,2.06,13.967,0.1004,0.3212,0.5051,71.672,69.515,69.661,27.973,3.356,12.728,0.1032,0.2254,0.2808,29.629,25.944,-0.09828,0.08466,25.15,0.4764,0.2887,0.2568,-2.815,-1.676,-1.503,0.003975,1.227,2.524,0.7302,0.828,0.0002224,89.877,4.242,4.384,0.0001793,1.527e-05,
C:\Users\sblee\Downloads\Aesthetics-Toolbox-main\split_2\artemis_thomas-eakins_female-nude-figure-study-for-arcadia.jpg,3171,0.7725,14.921,6.72,7.125,55.268,4.86,72.576,62.106,46.874,26.379,1.976,10.665,0.1114,0.3187,0.2855,41.229,35.387,24.238,14.921,2.892,8.201,0.0618,0.1483,0.1609,82.174,6.045,-0.007236,-0.02935,15.68,0.5356,0.4731,0.4567,-2.596,-1.41,-1.01,0.03365,1.749,2.515,0.9208,0.8227,0.0001637,75.703,4.404,4.399,9.62e-05,1.18e-05,
C:\Users\sblee\Downloads\Aesthetics-Toolbox-main\split_2\artemis_thomas-eakins_photograph-1910-14.jpg,2990,0.8595,25.146,7.563,13.496,127.594,0.0,130.868,130.868,130.868,53.512,-0.001461,0.002769,0.0,0.0,0.5132,61.875,61.875,61.875,25.146,0.000554,0.00105,0.0,0.0,0.2426,10.729,5.883,-0.01664,-0.02425,9.221,0.5179,0.4225,0.4173,-2.853,-1.166,-1.445,0.004063,1.514,2.646,0.8589,0.8538,8.076e-05,97.294,4.382,4.452,0.0001862,9.978e-06,
C:\Users\sblee\Downloads\Aesthetics-Toolbox-main\split_2\artemis_thomas-eakins_portrait-of-frank-b-a-linton-1904.jpg,3032,0.8376,20.487,6.962,3.196,46.355,5.119,86.465,78.305,59.712,32.661,0.3584,11.658,0.1367,0.3126,0.3448,53.727,47.245,33.665,20.487,3.961,9.773,0.2023,0.1032,0.2042,16.62,19.085,0.04703,0.08303,11.947,0.455,0.4565,0.3823,-2.964,-1.606,-1.444,0.01246,1.341,2.446,0.727,0.7677,0.0002846,96.091,4.198,4.139,0.000148,1.639e-05,
C:\Users\sblee\Downloads\Aesthetics-Toolbox-main\split_2\artemis_thomas-eakins_portrait-of-george-f-barker-1886.jpg,3449,0.6686,13.192,6.828,22.186,36.872,0.0,59.85,59.85,59.85,24.781,-0.0008541,0.001619,0.0,0.0,0.2347,30.334,30.334,30.334,13.192,0.0002956,0.0005604,0.0,0.0,0.119,44.007,16.243,0.02533,0.07716,8.765,0.6561,0.5726,0.5545,-2.379,-0.7005,-0.5741,0.03607,1.897,2.795,0.7995,0.7695,6.851e-05,93.573,4.314,4.391,9.864e-05,8.097e-06,
C:\Users\sblee\Downloads\Aesthetics-Toolbox-main\split_2\artemis_thomas-eakins_talcott-williams.jpg,3121,0.7947,10.828,5.638,2.944,29.173,0.6621,42.766,42.901,40.764,17.039,-0.5623,1.386,0.1726,0.05738,0.1683,25.284,25.497,25.51,10.828,0.3107,0.4056,0.03603,0.01925,0.1001,90.639,9.74,-0.02315,0.04284,6.736,0.3891,0.3826,0.351,-2.684,-1.797,-1.524,0.005665,1.62,2.583,0.8233,0.7505,0.0001576,64.865,4.545,4.38,0.0001406,1.257e-05,
C:\Users\sblee\Downloads\Aesthetics-Toolbox-main\split_2\artemis_thomas-gainsborough_portrait-of-elizabeth-bowes.jpg,3015,0.8463,25.05,7.644,6.865,112.289,4.473,122.278,98.237,61.821,41.906,4.832,23.258,0.09089,0.4935,0.4797,67.456,59.485,41.847,25.05,3.574,13.78,0.03112,0.1267,0.2644,31.929,3.136,-0.001447,-0.01562,9.952,0.7175,0.6442,0.6329,-2.485,-1.701,-1.507,0.01765,1.502,2.494,0.7205,0.7757,0.0004127,98.147,3.042,3.16,0.0001775,2.495e-05,
C:\Users\sblee\Downloads\Aesthetics-Toolbox-main\split_2\artemis_thomas-moran_view-of-fairmont-waterworks-philadelphia-1860.jpg,3176,1.298,26.816,7.643,6.938,46.858,6.183,119.169,127.846,122.327,51.344,-3.919,2.495,0.3232,0.2145,0.5171,63.49,66.738,74.278,26.816,2.516,9.569,0.1758,0.1784,0.267,19.431,24.016,0.01282,-0.1194,10.508,0.5671,0.3902,0.3902,-2.743,-1.14,-1.05,0.00945,1.455,2.676,0.7517,0.7854,0.0001151,86.508,4.456,4.423,0.0001803,1.286e-05,
C:\Users\sblee\Downloads\Aesthetics-Toolbox-main\split_2\artemis_thomas-theodor-heine_poster-for-the-berlin-secession-art-and-artist-magazine-1906.jpg,3979,1.879,22.62,7.233,6.54,56.522,5.095,75.761,115.195,115.006,44.988,-11.4252,-3.503,0.393,0.4095,0.5217,34.335,59.325,68.25,22.62,14.572,21.692,0.1792,0.1563,0.2734,15.244,12.913,-0.06219,0.01737,20.124,0.468,0.3948,0.3614,-2.235,-2.003,-1.761,0.03668,1.262,2.542,0.8058,0.744,0.0001665,96.871,4.55,4.442,0.0002048,2.781e-05,
C:\Users\sblee\Downloads\Aesthetics-Toolbox-main\split_2\artemis_tintoretto_deploration-of-christ-1559.jpg,3375,1.442,19.759,6.922,4.796,95.803,5.456,72.106,57.152,44.023,24.344,4.636,10.232,0.0841,0.371,0.2856,54.205,44.541,39.106,19.759,5.411,10.835,0.1023,0.2084,0.2123,52.341,19.543,-0.0419,0.08828,19.996,0.4807,0.437,0.4434,-2.566,-1.965,-1.688,0.002459,1.387,2.502,0.6992,0.8345,0.0003466,93.874,4.454,4.499,0.0001306,1.571e-05,
C:\Users\sblee\Downloads\Aesthetics-Toolbox-main\split_2\artemis_tintoretto_portrait-of-the-sculptor-jacopo-sansovino-1570.jpg,3024,0.8417,13.049,5.484,4.098,36.116,3.475,35.23,25.012,23.083,10.27,4.394,2.903,0.9948,0.224,0.139,41.788,27.324,19.476,13.049,7.636,9.165,0.08587,0.3166,0.1637,82.874,11.456,0.01447,0.05542,13.564,0.5087,0.4895,0.4343,-2.532,-1.407,-1.113,0.01467,1.561,2.566,0.6795,0.7357,0.0002011,66.86,4.49,4.412,0.0001211,1.547e-05,
C:\Users\sblee\Downloads\Aesthetics-Toolbox-main\split_2\artemis_tintoretto_st-jerome.jpg,3183,0.7674,13.597,6.736,4.354,39.002,4.584,75.913,48.829,29.564,22.673,9.625,16.693,0.07524,0.6153,0.2977,43.453,28.788,20.919,13.597,8.704,8.065,0.026,0.1449,0.1704,71.328,7.312,0.03618,0.005275,12.824,0.6131,0.472,0.4496,-2.459,-1.573,-1.1,0.02459,1.52,2.612,0.8407,0.7887,0.0001789,88.122,4.401,4.35,0.0001277,1.383e-05,
C:\Users\sblee\Downloads\Aesthetics-Toolbox-main\split_2\artemis_tintoretto_the-assumption-of-the-virgin-1594.jpg,3282,1.375,24.606,7.219,8.167,125.503,5.035,93.186,75.933,50.593,32.144,3.851,17.076,0.09609,0.493,0.3664,65.543,58.51,51.923,24.606,6.026,13.964,0.1011,0.2019,0.2578,57.046,6.375,-0.001579,-0.03184,10.883,0.5902,0.4732,0.458,-2.54,-1.631,-1.469,0.002512,1.517,2.564,0.7791,0.8632,0.0004053,95.182,4.357,4.47,0.0002202,1.809e-05,
C:\Users\sblee\Downloads\Aesthetics-Toolbox-main\split_2\artemis_titian_christ-carrying-the-cross.jpg,3065,1.219,16.148,7.016,5.11,68.384,5.334,55.644,43.121,40.927,18.648,5.178,3.403,0.9758,0.2801,0.2195,43.917,36.535,30.629,16.148,4.614,5.422,0.1263,0.1403,0.1709,57.335,9.16,0.02197,0.04019,14.277,0.4512,0.451,0.4907,-2.758,-1.529,-1.271,0.005246,1.543,2.595,0.7854,0.8082,0.0001655,94.24,4.435,4.437,0.0001404,1.15e-05,
C:\Users\sblee\Downloads\Aesthetics-Toolbox-main\split_2\artemis_titian_girl-with-a-basket-of-fruits-lavinia-1558.jpg,3117,0.7965,22.299,7.485,11.32,85.712,5.225,93.173,62.941,39.565,28.456,9.989,18.035,0.05178,0.5816,0.3654,64.883,50.979,28.81,22.299,5.988,15.154,0.04529,0.1338,0.2544,45.806,9.101,0.008683,0.04467,14.641,0.5285,0.5097,0.4965,-2.65,-1.185,-0.98,0.01176,1.594,2.64,0.8545,0.8401,9.325e-05,95.204,4.445,4.473,0.0001257,1.382e-05,
C:\Users\sblee\Downloads\Aesthetics-Toolbox-main\split_2\artemis_titian_sisyphus-1549.jpg,2886,0.9189,16.277,6.759,5.715,55.859,5.442,55.781,38.921,27.65,16.878,5.96,9.537,0.09059,0.4465,0.2208,51.855,34.181,21.041,16.277,7.253,10.839,0.1104,0.1861,0.2016,76.365,5.644,-0.02822,0.0,11.592,0.4365,0.4966,0.4628,-2.924,-1.477,-1.068,0.02975,1.534,2.534,0.8217,0.7841,0.0001434,86.362,4.359,4.345,0.0001304,1.212e-05,
C:\Users\sblee\Downloads\Aesthetics-Toolbox-main\split_2\artemis_titian_the-flaying-of-marsyas-1576.jpg,2862,0.9338,15.56,7.08,6.271,96.54,5.509,64.824,44.912,42.459,20.254,8.439,4.989,0.973,0.3701,0.256,46.38,33.098,27.484,15.56,6.154,7.179,0.1025,0.145,0.1802,58.356,8.055,0.02388,0.03243,8.372,0.5559,0.5419,0.5398,-2.839,-1.708,-1.336,0.002186,1.53,2.491,0.8652,0.8444,0.0001375,95.996,4.46,4.508,0.0001311,8.967e-06,
C:\Users\sblee\Downloads\Aesthetics-Toolbox-main\split_2\artemis_titian_venus-anadyomene.jpg,3231,0.7474,22.734,7.683,5.04,