img_file,Image size (pixels),Aspect ratio,RMS contrast,Luminance entropy,Complexity,Edge density,Color entropy,mean R channel,mean G channel,mean B channel (RGB),mean L channel,mean a channel,mean b channel (Lab),mean H channel,mean S channel,mean V channel,std R channel,std G channel,std B channel,std L channel,std a channel,std b channel (Lab),std H channel,std S channel,std V channel,Mirror symmetry,DCM distance,DCM x position,DCM y position,Balance,CNN symmetry left-right,CNN symmetry up-down,CNN symmetry left-right & up-down,Slope Redies,Slope Spehar,Slope Mather,Fourier sigma,2D Fractal dimension,3D Fractal dimension,Self-similarity (PHOG),Self-similarity (CNN),Anisotropy,Homogeneity,1st-order EOE,2nd-order EOE,Sparseness,Variability,
C:\Users\sblee\Downloads\Aesthetics-Toolbox-main\split_1\0006ea18_c260_43a4_9d38_e9ca110c555a.png,1024,1.0,15.279,7.106,3.334,37.823,5.633,86.806,47.758,59.865,25.356,20.203,1.171,0.9156,0.6014,0.3622,38.635,36.417,50.867,15.279,8.766,16.54,0.1265,0.2736,0.1588,31.381,17.617,-0.005859,0.08789,11.973,0.2628,0.4079,0.2134,-3.082,-1.502,-1.423,0.01067,1.211,2.342,0.4591,0.6591,0.000993,93.463,4.21,4.253,0.0004304,1.855e-05,
C:\Users\sblee\Downloads\Aesthetics-Toolbox-main\split_1\00070346_4a95_4172_9bf9_f19d93e941c4.png,1408,0.5714,41.081,6.113,35.345,363.852,5.747,159.239,159.983,160.587,63.344,-0.1237,-0.4383,0.01992,0.1206,0.6364,104.444,104.565,103.734,41.081,2.479,2.637,0.3556,0.2475,0.4074,15.752,5.644,0.01172,0.02567,14.318,0.6626,0.6612,0.6529,-2.162,-1.223,-0.9935,0.003367,1.774,2.901,0.8413,0.8923,0.0004664,99.504,4.409,4.488,0.0001355,5.329e-06,
C:\Users\sblee\Downloads\Aesthetics-Toolbox-main\split_1\00073e57_f185_4621_8425_31a0eaec0161.jpg,1536,1.0,21.489,7.617,9.526,79.546,6.507,104.724,74.489,52.421,34.214,11.437,17.374,0.06732,0.5833,0.4348,63.929,50.4,59.301,21.489,14.493,22.892,0.1786,0.2839,0.2593,50.045,5.273,-0.009115,0.02474,10.497,0.5562,0.4747,0.4544,-2.526,-1.058,-1.23,0.01916,1.519,2.553,0.7294,0.8135,0.0002875,93.271,4.247,4.427,0.0001681,1.381e-05,
C:\Users\sblee\Downloads\Aesthetics-Toolbox-main\split_1\00094984_3f24_4114_9812_0c554ac770ee.png,1216,0.7273,15.416,7.222,4.548,45.591,6.548,124.909,100.632,114.344,45.07,12.528,-4.161,0.8523,0.2309,0.505,45.995,38.357,31.143,15.416,7.18,9.944,0.1027,0.09891,0.172,52.48,11.093,0.02148,0.05114,9.324,0.4094,0.2757,0.2738,-2.477,-1.247,-1.2,0.002185,1.413,2.447,0.6304,0.7782,0.0005457,85.225,4.509,4.506,0.0003006,2.752e-05,
C:\Users\sblee\Downloads\Aesthetics-Toolbox-main\split_1\000c2123_844b_4dd7_bf99_56e9f999b767.jpg,1024,1.0,26.977,7.566,6.38,64.525,6.875,88.562,92.9,84.92,37.461,-2.281,3.791,0.3895,0.2038,0.3911,57.546,71.48,57.549,26.977,9.915,6.761,0.3758,0.1179,0.2661,56.585,21.763,0.03906,0.1016,20.448,0.3627,0.3806,0.3285,-2.724,-1.341,-1.227,0.02528,1.267,2.46,0.6011,0.7539,0.0007751,84.263,4.292,4.388,0.0001995,2.185e-05,
C:\Users\sblee\Downloads\Aesthetics-Toolbox-main\split_1\001084a3_1977_4fcf_a911_6ea406d69b79.png,1216,0.7273,27.59,7.685,13.896,190.31,7.121,76.253,79.334,85.991,32.538,0.7491,-3.648,0.5941,0.3607,0.3671,70.426,67.884,73.378,27.59,11.108,9.768,0.1978,0.2383,0.2878,58.012,8.989,-0.04492,0.00142,10.226,0.4749,0.4497,0.4443,-2.833,-1.671,-1.386,0.04433,1.54,2.597,0.7151,0.8057,0.0004327,97.633,4.47,4.479,0.0001658,1.316e-05,
C:\Users\sblee\Downloads\Aesthetics-Toolbox-main\split_1\0033f00a_8ee8_45de_814f_ad3e994f3d4e.png,1024,1.0,27.067,6.265,9.881,152.237,4.86,126.855,137.56,117.731,57.386,4.885,5.064,0.4884,0.6849,0.7354,98.269,71.455,93.399,27.067,13.827,50.054,0.2997,0.3374,0.2686,12.07,8.984,-0.04492,0.0,5.143,0.3358,0.3723,0.3144,-3.368,-2.007,-1.549,0.2564,1.397,2.429,0.6036,0.8282,0.0008572,93.096,4.558,4.514,0.0006629,4.405e-05,
C:\Users\sblee\Downloads\Aesthetics-Toolbox-main\split_1\0036473b_be7c_4b8e_b27d_0d83f01c1af1.jpg,1536,2.0,22.344,7.329,9.707,82.002,5.219,90.386,110.713,125.321,44.733,-3.203,-10.1003,0.5713,0.3632,0.4962,58.347,52.471,58.346,22.344,4.117,7.219,0.09851,0.2233,0.2312,21.674,8.053,0.01562,-0.03711,19.75,0.5655,0.4061,0.3798,-2.395,-1.09,-1.09,0.006585,1.528,2.671,0.5448,0.7904,0.0004295,89.773,4.064,4.257,0.000219,2.429e-05,
C:\Users\sblee\Downloads\Aesthetics-Toolbox-main\split_1\0056ac4d_475b_4c44_af2f_94101ac12434.jpg,1280,0.6667,7.998,6.077,0.8389,10.706,4.972,148.234,92.224,55.933,45.365,19.882,29.603,0.05153,0.5853,0.5862,33.726,25.553,28.923,7.998,15.805,20.683,0.09761,0.2659,0.1253,78.554,4.427,0.0,0.02214,10.068,0.7427,0.406,0.3904,-3.134,-1.571,-1.437,0.05867,0.8921,2.007,0.6018,0.658,0.0008632,69.888,3.929,2.786,0.001106,6.072e-06,
C:\Users\sblee\Downloads\Aesthetics-Toolbox-main\split_1\005b6242_1716_4ec8_adec_9ce547860af0.jpg,1024,1.0,25.684,7.273,5.649,91.622,5.731,95.079,97.365,69.047,39.275,-4.289,12.766,0.2237,0.2488,0.3897,65.88,65.842,59.811,25.684,4.598,22.829,0.1125,0.2977,0.2634,58.013,8.603,-0.04297,0.001953,8.999,0.3479,0.2684,0.1803,-3.48,-1.732,-1.589,0.04434,1.257,2.334,0.4829,0.6603,0.001372,90.651,3.565,4.112,0.0002914,3.931e-05,
C:\Users\sblee\Downloads\Aesthetics-Toolbox-main\split_1\00611562_39bc_4758_809c_ab4bcb3f1372.jpg,1024,1.0,23.825,7.24,6.079,80.131,5.956,124.154,96.919,70.055,42.376,7.784,19.294,0.06754,0.4451,0.4902,63.653,57.967,52.132,23.825,9.211,15.034,0.1336,0.2069,0.2479,15.635,2.104,-0.009766,0.003906,4.115,0.4974,0.3792,0.3565,-3.344,-1.76,-1.539,0.0481,1.231,2.381,0.6198,0.7364,0.000544,98.585,4.398,4.356,0.0002906,2.657e-05,
C:\Users\sblee\Downloads\Aesthetics-Toolbox-main\split_1\0064656a_503a_4051_ab0f_c202ed383332.png,1216,1.375,22.201,7.698,7.979,62.64,5.884,125.042,101.855,75.5,44.118,7.015,18.045,0.07534,0.5563,0.5104,56.667,54.389,76.434,22.201,8.171,23.844,0.1302,0.2522,0.245,37.684,4.374,-0.01847,0.01172,15.757,0.4046,0.4262,0.3811,-2.556,-1.255,-1.273,0.01047,1.528,2.518,0.7393,0.7946,0.00023,94.726,4.512,4.49,0.0001562,1.771e-05,
C:\Users\sblee\Downloads\Aesthetics-Toolbox-main\split_1\0066be6a_041d_45d3_a86e_88ab1b70000c.png,1024,1.0,19.268,7.525,14.659,119.4,6.678,95.833,147.532,124.521,56.934,-19.4255,6.609,0.4102,0.4723,0.5981,55.312,51.113,57.634,19.268,9.783,21.406,0.1264,0.227,0.1928,28.11,7.203,0.007812,-0.03516,6.394,0.5421,0.4887,0.497,-2.363,-1.155,-1.03,0.03197,1.65,2.657,0.7434,0.8231,0.0004085,97.773,4.412,4.49,0.0001605,1.844e-05,
C:\Users\sblee\Downloads\Aesthetics-Toolbox-main\split_1\006db79a_33a8_4657_a744_8cfe156f36e8.jpg,1280,1.0,28.648,7.861,9.834,124.182,6.767,130.794,90.587,67.932,41.241,15.557,16.857,0.9658,0.5562,0.5349,88.367,68.542,44.984,28.648,11.821,31.37,0.1719,0.2274,0.3315,35.208,15.653,-0.004687,0.07812,9.359,0.4463,0.4532,0.3721,-2.687,-1.492,-1.289,0.01852,1.368,2.566,0.4782,0.7615,0.0004892,94.106,4.503,4.492,0.0002922,2.8e-05,
C:\Users\sblee\Downloads\Aesthetics-Toolbox-main\split_1\0072cf72_483d_4f3b_9679_e03365124e35.png,1024,1.0,23.187,6.89,12.906,170.319,6.675,115.988,71.027,102.742,36.633,24.551,-8.524,0.9048,0.4838,0.5023,62.668,61.51,70.813,23.187,20.952,25.666,0.1208,0.1814,0.2778,66.964,4.895,-0.01172,-0.02148,6.401,0.5847,0.5484,0.5636,-3.341,-1.75,-1.526,0.1202,1.5,2.58,0.6115,0.8535,0.000749,93.718,3.524,4.146,0.0001713,1.947e-05,
C:\Users\sblee\Downloads\Aesthetics-Toolbox-main\split_1\0073d156_4ad8_4b88_8b31_d42efe3053c9.png,1024,1.0,25.927,7.808,10.237,115.591,6.326,129.205,121.608,119.675,50.461,2.985,2.247,0.03498,0.1783,0.52,62.632,65.14,65.183,25.927,2.981,7.713,0.1507,0.1535,0.2471,26.896,3.36,0.009766,-0.01367,5.179,0.3422,0.3577,0.3117,-2.767,-1.252,-1.319,0.009754,1.411,2.489,0.535,0.7807,0.0007776,99.106,4.29,4.372,0.00027,3.146e-05,
C:\Users\sblee\Downloads\Aesthetics-Toolbox-main\split_1\007580d6_3646_43cf_be4f_f8dbe5fff40c.jpg,1344,1.625,28.224,7.401,28.834,208.288,2.472,74.479,73.695,74.17,29.995,0.4264,-0.1694,0.9401,0.09423,0.2939,69.149,69.573,69.044,28.224,0.6849,0.7296,0.1444,0.2199,0.2718,56.091,6.365,-0.00601,0.03125,18.06,0.581,0.5727,0.5496,-1.922,-1.038,-0.931,0.001843,1.75,2.837,0.6987,0.8687,0.000308,96.514,4.422,4.522,0.0001358,9.309e-06,
C:\Users\sblee\Downloads\Aesthetics-Toolbox-main\split_1\00785a7f_cfb6_4665_9b81_56c67c796dd8.jpg,1024,1.0,20.99,7.513,4.934,73.513,6.151,136.845,140.712,151.559,58.238,2.973,-5.665,0.7822,0.3173,0.6652,56.628,55.139,59.911,20.99,5.412,19.833,0.3019,0.1883,0.2254,44.877,5.593,0.02539,-0.01172,4.407,0.411,0.3234,0.2854,-3.376,-1.669,-1.558,0.028,1.263,2.344,0.5852,0.7373,0.0007502,97.795,4.408,4.377,0.0004597,2.782e-05,
C:\Users\sblee\Downloads\Aesthetics-Toolbox-main\split_1\007d451a_e09d_40a5_a8b9_9d7f447226f3.jpg,1536,1.0,22.903,7.725,8.664,89.672,7.119,111.255,83.063,77.318,38.002,13.029,8.55,0.9684,0.4963,0.4834,67.406,56.558,59.133,22.903,15.27,22.069,0.2053,0.2401,0.2619,45.443,3.136,0.01042,0.01172,8.19,0.5108,0.311,0.3119,-2.548,-1.083,-1.245,0.0156,1.472,2.545,0.4221,0.7677,0.0004856,95.181,4.082,4.336,0.0002036,2.382e-05,
C:\Users\sblee\Downloads\Aesthetics-Toolbox-main\split_1\007dd67f_0479_466e_8bdb_a1fee5ef6677.jpg,1024,1.0,23.056,7.793,19.855,159.15,6.179,114.265,109.817,74.242,45.209,-3.41,20.233,0.1427,0.4535,0.4773,59.468,58.31,60.423,23.056,12.492,13.911,0.09862,0.2483,0.2327,47.263,1.172,0.0,-0.005859,5.536,0.5801,0.5482,0.5283,-2.338,-1.166,-1.054,0.03294,1.743,2.716,0.7948,0.8489,0.0003474,96.724,4.252,4.429,0.0001108,1.135e-05,
C:\Users\sblee\Downloads\Aesthetics-Toolbox-main\split_1\008967a2_d272_4664_974b_21f8837d2454.jpg,1152,1.25,19.918,7.554,3.955,64.454,5.613,131.199,118.666,101.377,50.976,7.495,10.155,0.7793,0.5847,0.6321,55.896,53.109,67.388,19.918,12.935,38.588,0.3907,0.1994,0.19,16.63,3.125,0.0,0.01562,9.712,0.3114,0.2626,0.1899,-3.192,-1.735,-1.552,0.0113,1.155,2.309,0.4883,0.6438,0.0007464,95.347,4.462,4.347,0.0005528,3.909e-05,
C:\Users\sblee\Downloads\Aesthetics-Toolbox-main\split_1\008aaaf0_f363_4af0_b0af_be6d47b580b3.jpg,1152,1.25,24.792,7.838,4.488,66.274,6.769,128.606,114.87,73.5,47.914,0.2337,23.349,0.1148,0.4628,0.5169,62.049,65.662,28.959,24.792,13.195,22.123,0.1279,0.1834,0.2359,30.425,12.582,-0.06094,0.01562,10.963,0.4517,0.437,0.4108,-3.212,-1.68,-1.541,0.004533,1.246,2.316,0.5997,0.7502,0.000503,96.941,4.472,4.383,0.000227,2.295e-05,
C:\Users\sblee\Downloads\Aesthetics-Toolbox-main\split_1\008b97c4_9841_48bc_8213_c04379c581dc.png,1216,0.7273,27.98,7.746,5.106,83.435,5.777,126.018,111.896,99.456,46.874,3.819,8.649,0.02883,0.2247,0.4994,74.873,69.367,60.046,27.98,6.336,11.448,0.152,0.2057,0.2939,41.297,13.64,-0.01953,-0.06534,15.574,0.2769,0.2418,0.2449,-3.134,-1.662,-1.505,0.002812,1.19,2.322,0.6021,0.6993,0.0006909,93.279,4.444,4.3,0.0003381,3.734e-05,
C:\Users\sblee\Downloads\Aesthetics-Toolbox-main\split_1\008bb7fd_6d95_44e1_b1ef_5aad1e917e9a.jpg,1024,1.0,29.87,7.851,10.49,137.813,7.167,116.363,104.23,90.801,44.35,3.518,11.081,0.1342,0.3951,0.5108,84.063,76.588,74.46,29.87,20.417,14.299,0.2305,0.2236,0.3262,36.847,14.197,0.009766,-0.07031,12.27,0.4409,0.4035,0.3915,-3.21,-1.68,-1.441,0.0373,1.31,2.444,0.7081,0.7783,0.0004618,96.656,4.415,4.436,0.0001866,1.974e-05,
C:\Users\sblee\Downloads\Aesthetics-Toolbox-main\split_1\00950695_bb98_4e39_aca5_3b64936c13ed.jpg,1536,2.0,18.704,7.603,7.797,66.363,4.532,109.415,113.986,113.0,46.938,-1.907,-0.1316,0.4178,0.06301,0.4501,47.379,46.748,44.491,18.704,1.439,2.042,0.1808,0.04847,0.1816,43.032,4.61,0.01855,0.01367,19.828,0.5685,0.5068,0.5025,-2.352,-1.139,-0.9692,0.01026,1.464,2.609,0.7029,0.7896,0.0003881,93.904,4.385,4.32,0.0001796,2.146e-05,
C:\Users\sblee\Downloads\Aesthetics-Toolbox-main\split_1\009e5225_5332_4d03_987c_2cb42a574a78.jpg,1280,0.6667,27.439,7.25,7.927,121.502,6.063,133.487,112.062,121.398,50.007,12.157,-1.777,0.732,0.4734,0.6105,70.893,78.882,52.162,27.439,18.026,31.123,0.2111,0.3257,0.229,16.128,6.955,-0.02148,-0.02734,16.26,0.3951,0.3155,0.3219,-2.804,-1.682,-1.344,0.008494,1.31,2.407,0.6119,0.751,0.0006305,95.547,4.416,4.437,0.0002531,3.18e-05,
C:\Users\sblee\Downloads\Aesthetics-Toolbox-main\split_1\00a01c0b_d2eb_4294_bfb7_034000057703.jpg,1024,1.0,27.246,7.93,12.877,163.549,5.865,127.139,116.806,72.352,48.095,-0.6603,22.268,0.1456,0.4547,0.5029,69.501,69.518,66.696,27.246,7.454,26.758,0.1219,0.3577,0.2751,33.831,9.06,-0.04492,0.005859,9.428,0.5429,0.5021,0.4631,-3.326,-1.819,-1.386,0.1298,1.448,2.504,0.6905,0.8013,0.0006487,96.879,3.836,4.234,0.0001733,1.787e-05,
C:\Users\sblee\Downloads\Aesthetics-Toolbox-main\split_1\00abf44c_b43a_49be_95d1_66a07976b9d0.jpg,1408,1.75,26.413,6.692,9.624,100.065,4.685,145.533,147.849,143.939,59.891,-1.288,1.786,0.3889,0.14,0.6034,66.588,66.755,63.626,26.413,5.456,4.878,0.1951,0.1617,0.257,19.251,4.439,-0.00558,-0.02148,15.247,0.4909,0.4556,0.4326,-2.636,-1.478,-1.212,0.002711,1.355,2.63,0.6134,0.8269,0.0003608,91.871,4.461,4.394,0.0002618,2.608e-05,
C:\Users\sblee\Downloads\Aesthetics-Toolbox-main\split_1\00c7c8e5_b2fb_44de_a439_af565d0de044.jpg,1024,1.0,13.855,6.944,9.612,76.527,4.517,119.367,89.423,55.551,39.985,8.053,23.782,0.08257,0.5461,0.4697,38.226,32.755,21.557,13.855,4.527,10.294,0.04992,0.1276,0.1475,9.726,5.975,-0.005859,0.0293,5.249,0.4814,0.4352,0.4099,-2.291,-1.187,-0.9591,0.08527,1.575,2.517,0.726,0.8033,0.0004819,99.463,4.282,4.492,0.0001668,2.073e-05,
C:\Users\sblee\Downloads\Aesthetics-Toolbox-main\split_1\00ea70b7_0822_4059_ade2_0f3282cc2b9c.jpg,1024,1.0,13.583,7.379,0.7144,15.004,4.894,86.376,99.112,101.019,40.635,-4.287,-2.811,0.5247,0.1583,0.3995,30.05,34.447,31.262,13.583,2.483,1.934,0.06039,0.04786,0.128,48.352,13.281,-0.03125,0.05859,8.155,0.6496,0.5156,0.4835,-3.027,-1.598,-1.455,0.001734,0.7697,2.01,0.5204,0.7235,0.001327,88.967,3.607,2.463,0.000686,6.249e-06,
C:\Users\sblee\Downloads\Aesthetics-Toolbox-main\split_1\012e183f_a13f_4d52_9e59_cff0e0239fe1.png,1280,1.5,18.174,6.846,7.667,37.463,6.241,98.824,93.994,81.762,39.387,0.4335,8.099,0.1772,0.2882,0.4036,35.52,45.465,45.004,18.174,6.018,5.327,0.1432,0.2163,0.1499,27.916,3.776,0.01302,-0.01367,14.345,0.3768,0.305,0.3078,-2.614,-1.033,-1.175,0.0981,1.234,2.62,0.5716,0.7072,0.0003678,97.026,4.489,4.218,0.000221,3.099e-05,
C:\Users\sblee\Downloads\Aesthetics-Toolbox-main\split_1\01336550_743b_40a0_ba9d_4d0d8a75cc1b.png,1024,1.0,19.582,7.273,9.837,97.583,6.659,122.255,81.726,91.301,39.196,18.706,2.044,0.9612,0.4358,0.4898,51.649,50.771,56.962,19.582,13.979,16.477,0.1033,0.1433,0.2121,64.266,6.262,-0.001953,-0.03125,5.277,0.4716,0.433,0.4468,-2.745,-1.362,-1.239,0.03189,1.531,2.54,0.7167,0.813,0.0004052,92.661,4.387,4.463,0.0001351,1.841e-05,
C:\Users\sblee\Downloads\Aesthetics-Toolbox-main\split_1\0137c8de_92a4_4b81_83ec_aa91bc52daf6.jpg,1024,1.0,33.435,7.605,16.947,207.618,2.125,120.231,119.16,119.453,48.324,0.4802,-0.02368,0.9631,0.05534,0.472,83.863,84.32,83.932,33.435,0.6212,1.135,0.09871,0.1622,0.329,34.589,5.441,0.02539,0.009766,6.652,0.6945,0.4498,0.4411,-3.101,-1.652,-1.318,0.07527,1.515,2.59,0.6395,0.776,0.0006366,98.358,4.56,4.468,0.0002209,1.502e-05,
C:\Users\sblee\Downloads\Aesthetics-Toolbox-main\split_1\013846a1_f342_43e0_ae34_e2f1c9075f60.jpg,1024,1.0,14.955,7.249,10.957,143.412,7.432,158.85,143.218,176.26,62.494,13.576,-13.8931,0.7371,0.3527,0.7504,54.922,43.982,41.825,14.955,22.147,16.577,0.1778,0.1631,0.1534,16.684,0.8735,-0.001953,0.003906,1.244,0.5906,0.5907,0.5906,-3.135,-1.73,-1.385,0.07321,1.567,2.544,0.8385,0.8444,0.0003032,99.388,4.539,4.544,0.0001151,9.11e-06,
C:\Users\sblee\Downloads\Aesthetics-Toolbox-main\split_1\0145319b_a5eb_4e30_a55b_9413915db272.jpg,1408,1.75,19.97,7.39,6.689,59.933,6.474,92.135,73.374,53.538,32.232,5.747,14.792,0.07417,0.4433,0.3747,52.73,50.627,33.766,19.97,12.676,13.611,0.1221,0.1933,0.2067,65.74,15.378,0.02009,0.07422,22.357,0.4292,0.3773,0.3345,-2.468,-1.178,-1.228,0.008461,1.386,2.413,0.6253,0.7688,0.0004989,83.559,4.157,4.375,0.0001489,2.761e-05,
C:\Users\sblee\Downloads\Aesthetics-Toolbox-main\split_1\0146bf08_3172_4c9e_8fd2_25c93b0ca045.jpg,1024,1.0,21.804,7.619,8.458,90.509,7.001,116.137,89.61,99.752,40.618,13.802,-0.9267,0.8836,0.3477,0.487,53.017,56.933,56.644,21.804,10.699,14.747,0.1562,0.1821,0.222,38.542,9.383,0.001953,-0.04688,10.568,0.5161,0.4907,0.4565,-2.866,-1.407,-1.318,0.02464,1.395,2.475,0.736,0.8114,0.0003709,92.642,4.494,4.489,0.0001325,1.604e-05,
C:\Users\sblee\Downloads\Aesthetics-Toolbox-main\split_1\0148c04d_a7da_4590_b1e1_5390bf45e097.jpg,1344,1.333,19.1,7.597,6.061,59.498,5.468,104.229,96.404,92.171,40.807,2.871,3.964,0.9699,0.2426,0.4248,44.24,46.811,52.0,19.1,3.607,8.142,0.2462,0.2018,0.1807,30.782,17.802,0.009115,0.08854,17.954,0.5261,0.3387,0.3308,-2.538,-1.302,-1.21,0.002913,1.339,2.485,0.5711,0.7811,0.0005109,91.225,4.438,4.415,0.0001997,2.058e-05,
C:\Users\sblee\Downloads\Aesthetics-Toolbox-main\split_1\0168cfcf_7a28_4716_a4cd_8dc9e109e767.jpg,1280,1.5,20.56,7.552,5.209,68.351,6.926,127.064,92.045,99.018,42.508,16.717,1.867,0.9332,0.399,0.5182,50.091,54.543,52.827,20.56,9.629,17.727,0.1252,0.154,0.2147,50.413,5.169,0.01693,0.01953,18.638,0.4581,0.4548,0.4309,-2.718,-1.456,-1.307,0.00352,1.299,2.405,0.6961,0.7945,0.0004112,87.102,4.424,4.464,0.0001522,2.038e-05,
C:\Users\sblee\Downloads\Aesthetics-Toolbox-main\split_1\0169ed10_db14_4441_8fbb_72ee25525622.jpg,1024,1.0,32.819,7.394,10.388,130.28,5.856,89.098,111.897,121.899,44.531,-3.121,-7.857,0.5592,0.4938,0.508,82.107,83.044,84.509,32.819,6.594,16.577,0.1967,0.3388,0.3295,33.165,18.948,-0.01367,0.09375,14.334,0.407,0.378,0.3247,-3.073,-1.518,-1.389,0.03842,1.402,2.484,0.5401,0.7315,0.0006271,95.649,4.084,4.279,0.000261,2.336e-05,
C:\Users\sblee\Downloads\Aesthetics-Toolbox-main\split_1\01835557_356a_4733_977d_f9bd56a9fa7c.jpg,1024,1.0,21.242,7.508,4.536,65.157,5.866,130.301,90.104,60.235,41.267,13.275,22.694,0.0504,0.5537,0.5122,59.373,52.488,29.961,21.242,9.984,17.149,0.0662,0.1452,0.2328,25.255,7.432,-0.03711,-0.001953,7.954,0.322,0.3038,0.3051,-3.346,-1.592,-1.603,0.01226,1.208,2.285,0.6012,0.7727,0.0004769,96.192,4.443,4.452,0.0004256,2.2e-05,
C:\Users\sblee\Downloads\Aesthetics-Toolbox-main\split_1\018757e6_cf64_471c_865c_3c0e35ad0aa8.png,1216,0.7273,18.848,6.21,3.468,50.288,4.739,104.082,117.823,102.381,51.683,-4.346,13.256,0.3097,0.6439,0.617,75.464,66.943,52.874,18.848,40.032,9.381,0.345,0.2818,0.1463,64.784,3.605,0.005859,0.01705,9.146,0.4437,0.3122,0.3184,-3.17,-1.688,-1.517,0.004375,0.9635,2.286,0.5016,0.6141,0.0006601,82.477,4.417,4.26,0.0006227,3.281e-05,
C:\Users\sblee\Downloads\Aesthetics-Toolbox-main\split_1\01880198_023d_496a_9e02_7f50df257099.jpg,1280,1.5,19.563,7.262,3.961,50.036,5.117,121.789,63.832,42.069,33.764,22.584,23.654,0.03119,0.6069,0.4815,66.357,46.761,19.007,19.563,15.715,19.756,0.08871,0.2023,0.2558,70.11,8.257,-0.03255,0.02539,18.52,0.4176,0.4505,0.3486,-2.928,-1.561,-1.472,0.002367,1.134,2.407,0.6956,0.7202,0.0005195,88.377,4.399,4.314,0.0002891,2.252e-05,
C:\Users\sblee\Downloads\Aesthetics-Toolbox-main\split_1\01a98aab_538a_4f1f_b4f9_d1602121e4bb.jpg,1024,1.0,27.439,7.894,8.707,99.943,6.158,110.025,134.562,129.105,53.098,-8.856,0.0827,0.4753,0.3427,0.5519,67.674,71.518,64.703,27.439,9.338,10.147,0.1148,0.2196,0.2655,30.28,9.119,0.007812,0.04492,7.387,0.4935,0.3467,0.2995,-2.567,-1.23,-1.232,0.008985,1.342,2.473,0.477,0.7462,0.001081,96.709,4.53,4.445,0.0005149,2.735e-05,
C:\Users\sblee\Downloads\Aesthetics-Toolbox-main\split_1\01ace69a_9b23_4c61_b87a_5d41a3190f9c.jpg,1216,0.7273,34.425,7.318,18.274,229.616,7.114,83.408,96.5,101.049,43.178,3.253,1.324,0.8054,0.7854,0.5864,74.593,103.811,83.849,34.425,45.432,35.031,0.3244,0.242,0.3713,40.424,13.726,0.007812,0.06818,9.007,0.6447,0.5004,0.5015,-2.48,-1.572,-1.291,0.04291,1.558,2.662,0.7003,0.8327,0.0004958,96.64,4.462,4.52,0.0001959,1.672e-05,
C:\Users\sblee\Downloads\Aesthetics-Toolbox-main\split_1\01b7dc9b_7eb2_436a_98d6_6ab4451d9e8c.jpg,1024,1.0,33.165,7.822,21.884,232.126,7.19,128.044,126.514,121.761,52.14,2.165,4.018,0.9848,0.3275,0.581,90.428,86.421,79.387,33.165,19.876,14.987,0.3578,0.2583,0.3469,25.538,3.149,-0.007812,-0.01367,2.392,0.4999,0.5222,0.4948,-2.581,-1.275,-1.215,0.01709,1.563,2.668,0.7807,0.8385,0.000381,99.0,4.517,4.533,0.0001245,1.453e-05,
C:\Users\sblee\Downloads\Aesthetics-Toolbox-main\split_1\01c756f7_31bd_4232_aedc_8b7cfeea80c5.jpg,1024,1.0,18.594,6.862,2.69,39.955,3.999,130.494,129.938,109.197,53.463,-2.103,9.626,0.8608,0.1333,0.5201,50.384,50.112,43.584,18.594,5.306,23.263,0.2821,0.2514,0.2004,55.978,14.084,-0.06641,-0.02344,7.581,0.1757,0.1767,0.1016,-3.122,-1.54,-1.486,0.01599,1.046,2.281,0.3807,0.58,0.0009864,83.416,4.419,4.246,0.0004415,3.548e-05,
C:\Users\sblee\Downloads\Aesthetics-Toolbox-main\split_1\01cd8bad_9c3f_406d_9bb6_11353b32e664.jpg,1216,0.7273,22.479,7.08,11.825,96.029,4.26,104.75,75.976,37.52,33.631,7.819,26.155,0.0903,0.6728,0.411,62.14,55.302,37.337,22.479,5.848,13.096,0.04394,0.1615,0.2434,57.674,2.529,-0.007812,-0.009943,12.763,0.4918,0.4001,0.4163,-2.347,-1.011,-1.07,0.01438,1.567,2.561,0.5689,0.8413,0.0007474,93.628,4.473,4.476,0.0003229,2.417e-05,
C:\Users\sblee\Downloads\Aesthetics-Toolbox-main\split_1\01d282a7_5954_40be_b6ff_23294ba76b27.png,1216,0.7273,29.224,7.587,11.027,93.701,4.434,105.42,84.523,63.763,35.71,5.907,14.938,0.07754,0.4913,0.4135,74.944,72.456,61.556,29.224,3.774,7.499,0.0255,0.1667,0.2939,58.089,24.021,0.0293,0.1165,12.481,0.6424,0.4155,0.3957,-2.507,-1.162,-1.058,0.01191,1.428,2.622,0.6443,0.7737,0.0005126,87.067,4.481,4.459,0.0001671,2.499e-05,
C:\Users\sblee\Downloads\Aesthetics-Toolbox-main\split_1\01d5b6ba_44dc_4918_8404_31f99c23a5bc.png,1024,1.0,22.759,7.404,4.763,50.322,4.75,125.421,107.769,77.096,45.632,2.692,19.418,0.09411,0.432,0.492,56.491,56.058,45.802,22.759,4.62,10.189,0.06432,0.2036,0.2212,18.598,6.721,-0.01953,-0.02734,5.179,0.3855,0.3322,0.2999,-3.132,-1.405,-1.543,0.01072,1.294,2.398,0.6568,0.7317,0.0004407,94.76,4.025,4.122,0.0002049,2.69e-05,
C:\Users\sblee\Downloads\Aesthetics-Toolbox-main\split_1\01e67424_6574_44ba_9308_2dbc7b7eb8b9.jpg,1088,1.125,24.919,7.74,8.738,105.501,5.842,115.137,73.339,72.667,35.273,17.743,8.52,0.993,0.499,0.4518,62.375,64.189,55.856,24.919,10.622,9.86,0.06068,0.2503,0.2447,46.12,11.217,-0.0191,0.05273,15.621,0.4775,0.4724,0.4481,-2.796,-1.412,-1.321,0.009727,1.347,2.441,0.6962,0.8133,0.0004919,94.898,4.4,4.481,0.0001848,1.935e-05,
C:\Users\sblee\Downloads\Aesthetics-Toolbox-main\split_1\01e76dac_2c1f_4722_b2a4_299b39dd2e1e.jpg,1216,0.7273,20.325,7.36,1.026,22.253,5.736,110.562,79.978,67.333,36.351,11.739,12.884,0.04064,0.451,0.4343,48.775,52.649,49.497,20.325,7.798,9.488,0.06538,0.2014,0.1903,59.75,8.075,-0.03125,-0.02557,20.992,0.4886,0.4812,0.4337,-3.068,-1.617,-1.444,0.04361,0.8658,2.007,0.5277,0.6427,0.001109,80.602,3.98,2.394,0.0006916,1.66e-05,
C:\Users\sblee\Downloads\Aesthetics-Toolbox-main\split_1\01e9eb23_c856_41dc_ba9f_3121c1a1f354.jpg,1216,0.7273,20.457,7.602,3.117,45.377,3.683,118.478,101.585,87.166,43.447,4.403,10.605,0.07633,0.3193,0.4646,51.665,50.357,47.44,20.457,3.016,3.156,0.01972,0.1663,0.2026,49.08,7.149,0.02344,-0.02699,15.07,0.401,0.2398,0.2147,-2.96,-1.502,-1.435,0.02106,1.189,2.249,0.3657,0.6501,0.001002,93.462,4.375,4.134,0.0003957,3.723e-05,
C:\Users\sblee\Downloads\Aesthetics-Toolbox-main\split_1\01f38ed2_8036_458a_b39e_65d884b2b680.jpg,1024,1.0,18.512,7.453,8.183,97.442,7.69,153.714,141.739,141.392,60.923,8.115,2.97,0.9797,0.4019,0.711,61.392,58.304,33.231,18.512,25.28,23.337,0.2491,0.2007,0.1746,35.833,4.454,-0.005859,-0.02148,4.207,0.4555,0.4171,0.3983,-2.957,-1.596,-1.282,0.1152,1.397,2.433,0.5811,0.776,0.0005614,98.577,4.47,4.492,0.0001917,2.062e-05,
C:\Users\sblee\Downloads\Aesthetics-Toolbox-main\split_1\0204325d_c042_4aa5_93ac_cdaabd4b1b11.jpg,1024,1.0,31.585,7.704,10.594,129.335,6.317,116.658,120.538,128.508,49.341,2.742,-4.575,0.5987,0.4011,0.557,86.093,81.153,80.208,31.585,7.37,17.642,0.2629,0.3215,0.29,41.745,19.077,-0.09375,0.01758,13.553,0.4038,0.4016,0.3681,-2.804,-1.282,-1.324,0.01063,1.384,2.469,0.5692,0.7664,0.0008671,96.309,3.729,3.899,0.0003142,3.476e-05,
C:\Users\sblee\Downloads\Aesthetics-Toolbox-main\split_1\020e6cfa_d31c_4e78_a485_635e80bf832b.jpg,1280,0.6667,23.123,7.661,11.617,106.622,6.748,95.497,76.766,52.794,33.648,4.929,17.423,0.1024,0.5778,0.4021,64.407,57.513,55.154,23.123,16.782,12.873,0.1285,0.2524,0.2412,63.02,6.102,-0.01953,0.02344,13.043,0.5697,0.4848,0.4616,-2.483,-1.275,-1.267,0.01008,1.539,2.48,0.6891,0.8234,0.0003286,89.298,4.344,4.392,0.0001017,1.675e-05,
C:\Users\sblee\Downloads\Aesthetics-Toolbox-main\split_1\020ed25b_0bba_497f_953d_daa392b99b72.jpg,1536,2.0,15.469,7.258,7.327,67.233,5.411,116.527,106.842,49.782,45.533,-4.244,33.26,0.1728,0.5902,0.4992,52.635,42.195,27.633,15.469,22.794,13.462,0.06351,0.1895,0.2026,45.501,4.454,-0.01367,0.01758,19.343,0.3808,0.3493,0.3106,-2.619,-1.105,-1.189,0.0247,1.411,2.507,0.506,0.7649,0.0005871,96.596,4.112,4.342,0.000398,1.98e-05,
C:\Users\sblee\Downloads\Aesthetics-Toolbox-main\split_1\02107acb_8e6d_4864_bbca_250eeb9f947b.jpg,1024,1.0,17.219,6.877,5.902,71.928,5.157,107.383,147.733,132.077,59.933,-2.34,2.47,0.2992,0.71,0.7573,80.802,48.89,82.86,17.219,14.901,52.433,0.2838,0.2289,0.1962,60.91,6.064,-0.007812,0.0293,3.338,0.3959,0.3279,0.298,-3.063,-1.632,-1.387,0.05823,1.164,2.415,0.5709,0.6428,0.0007196,90.239,4.487,4.365,0.0004426,3.898e-05,
C:\Users\sblee\Downloads\Aesthetics-Toolbox-main\split_1\021ad4ee_0ed7_4615_a524_414ee7204500.png,1024,1.0,14.162,7.315,13.789,101.315,5.008,100.971,72.788,43.043,32.947,8.48,21.809,0.08014,0.5922,0.396,36.709,33.686,27.12,14.162,5.698,10.315,0.03193,0.1513,0.144,28.703,4.022,-0.009766,-0.01758,4.291,0.5795,0.5623,0.5235,-2.325,-1.188,-1.028,0.03398,1.725,2.698,0.8471,0.8426,0.0002334,99.095,4.562,4.544,0.0001031,1.182e-05,
C:\Users\sblee\Downloads\Aesthetics-Toolbox-main\split_1\021d459a_7287_423e_8431_c5675e9786ef.jpg,1024,1.0,12.747,6.713,3.591,48.699,5.342,96.992,139.503,136.069,54.811,-14.793,-2.83,0.4889,0.3381,0.5682,27.674,33.847,30.643,12.747,9.147,8.822,0.07035,0.09981,0.1289,2.86,4.315,-0.001953,0.02148,2.914,0.4038,0.4039,0.3654,-3.076,-1.56,-1.384,0.04029,1.372,2.364,0.5485,0.6689,0.0004464,83.178,4.278,4.333,0.0003739,1.489e-05,
C:\Users\sblee\Downloads\Aesthetics-Toolbox-main\split_1\02237167_6cb6_42b2_9b37_23f8983a5c9b.jpg,1024,1.0,23.08,6.119,11.585,104.631,4.936,118.267,95.619,106.276,45.11,10.589,1.747,0.9298,0.3414,0.5246,71.495,67.369,66.342,23.08,24.419,20.883,0.2379,0.4034,0.2663,87.548,3.926,-0.001953,-0.01953,7.061,0.7422,0.4502,0.429,-2.643,-1.199,-1.239,0.009443,1.431,2.546,0.5885,0.7767,0.0009543,82.585,3.376,3.86,0.0001974,2.668e-05,
C:\Users\sblee\Downloads\Aesthetics-Toolbox-main\split_1\02246674_08a1_4d49_8099_7726e0e54a0f.jpg,1280,1.5,24.432,7.749,10.067,122.285,6.895,117.748,88.893,115.111,40.798,17.559,-10.5957,0.8339,0.3914,0.5014,68.458,61.515,50.691,24.432,10.676,13.646,0.1255,0.2066,0.2431,47.551,10.706,0.04036,0.03516,20.064,0.4726,0.4648,0.4458,-2.574,-1.586,-1.309,0.008995,1.452,2.473,0.7263,0.809,0.0004986,93.912,4.421,4.459,0.0001558,2.063e-05,
C:\Users\sblee\Downloads\Aesthetics-Toolbox-main\split_1\02246fcf_2890_4d80_b8af_18c8b285563b.jpg,1216,1.375,21.357,7.643,6.413,74.254,7.267,92.475,81.397,87.604,36.222,7.842,0.0184,0.8986,0.4391,0.4392,61.443,55.078,51.027,21.357,19.252,12.88,0.2869,0.2331,0.2318,45.2,6.737,-0.005682,0.0332,14.031,0.3998,0.3407,0.3256,-2.574,-1.335,-1.266,0.005939,1.371,2.395,0.5762,0.7767,0.0004308,95.003,4.552,4.485,0.0001924,2.122e-05,
C:\Users\sblee\Downloads\Aesthetics-Toolbox-main\split_1\02306df7_5bfc_48d2_8618_36614ec4337e.jpg,1024,1.0,26.089,7.896,8.259,88.116,5.737,103.178,112.589,136.223,46.252,2.481,-14.1474,0.6271,0.2932,0.5364,61.989,66.617,68.215,26.089,6.597,7.578,0.06542,0.1197,0.2659,44.144,4.297,0.02148,0.0,9.455,0.3107,0.3566,0.3409,-2.659,-1.293,-1.245,0.01711,1.37,2.45,0.5496,0.7837,0.0007809,93.21,4.491,4.457,0.000378,2.741e-05,
C:\Users\sblee\Downloads\Aesthetics-Toolbox-main\split_1\023deb72_3679_421b_84a8_e2cddd6f8b68.jpg,1024,1.0,14.812,7.305,0.8726,16.434,6.754,122.361,139.889,122.441,56.498,-7.701,7.266,0.3505,0.3385,0.5922,50.873,39.736,30.253,14.812,10.606,17.713,0.2205,0.1501,0.1531,40.635,12.944,-0.005859,-0.06445,7.829,0.5736,0.3911,0.3287,-3.029,-1.614,-1.453,0.001606,0.8193,2.005,0.5699,0.6997,0.001115,95.007,3.603,2.425,0.0007995,9.034e-06,
C:\Users\sblee\Downloads\Aesthetics-Toolbox-main\split_1\0257d0e6_8b46_48b6_b1ac_8710a050eff1.png,1664,1.0,31.331,7.735,10.899,183.919,6.223,120.6,113.674,106.725,46.666,2.114,4.692,0.6798,0.2591,0.5004,81.263,77.312,72.897,31.331,5.398,12.511,0.3061,0.1786,0.3111,25.966,9.335,0.009615,-0.04567,5.844,0.453,0.4331,0.4289,-2.815,-1.599,-1.263,0.009832,1.406,2.625,0.532,0.7923,0.0008072,99.03,4.337,4.423,0.0002435,2.167e-05,
C:\Users\sblee\Downloads\Aesthetics-Toolbox-main\split_1\0262a4f6_7088_47ec_acab_881b0e38c3b2.png,1024,1.0,32.067,7.702,26.668,234.189,7.048,67.864,120.398,99.587,45.974,-16.0039,6.832,0.4762,0.6445,0.5133,76.278,86.169,70.589,32.067,23.093,20.121,0.1937,0.2467,0.3254,31.713,0.3906,0.0,-0.001953,5.075,0.6459,0.5579,0.5416,-2.655,-1.428,-1.156,0.09265,1.721,2.752,0.7797,0.8428,0.0004364,99.132,4.31,4.499,0.0001259,1.25e-05,
C:\Users\sblee\Downloads\Aesthetics-Toolbox-main\split_1\02753d87_708e_419e_b1ea_d4925b1da348.jpg,1280,0.6667,27.673,6.142,7.885,101.98,1.743,154.811,154.191,155.218,62.426,0.4739,-0.5028,0.9081,0.02259,0.6093,69.028,69.754,68.811,27.673,0.9121,1.233,0.1339,0.05036,0.2693,23.91,5.963,-0.02539,0.01562,14.387,0.4637,0.3891,0.3337,-2.797,-1.535,-1.33,0.003537,1.195,2.437,0.6064,0.7982,0.0005054,94.463,4.246,4.332,0.0004199,1.788e-05,
C:\Users\sblee\Downloads\Aesthetics-Toolbox-main\split_1\027742cb_8a57_46e3_87b2_dbe7db41d0e6.jpg,2176,2.091,21.186,7.676,7.975,72.269,6.505,92.07,88.925,73.487,36.85,-0.8395,9.158,0.1947,0.3057,0.3835,54.383,51.813,47.652,21.186,6.278,11.288,0.1974,0.2357,0.2173,45.913,12.514,-0.01359,0.06108,24.575,0.5626,0.4718,0.4567,-2.549,-1.191,-1.188,0.01054,1.435,2.47,0.7144,0.8007,0.0001839,91.532,4.302,4.427,0.0001248,1.497e-05,
C:\Users\sblee\Downloads\Aesthetics-Toolbox-main\split_1\02776284_de11_4605_85b5_69548e027d74.jpg,1024,1.0,11.364,7.448,0.9438,16.667,6.472,108.263,63.022,102.816,33.635,26.42,-14.711,0.8311,0.4754,0.4611,39.864,26.26,18.587,11.364,13.089,11.122,0.09902,0.1579,0.128,28.501,7.37,-0.03125,0.01953,5.979,0.5884,0.5377,0.4467,-3.048,-1.589,-1.458,0.005135,0.7255,2.026,0.6021,0.6849,0.001173,92.445,4.038,3.243,0.0007125,4.436e-06,
C:\Users\sblee\Downloads\Aesthetics-Toolbox-main\split_1\0278e2b8_7dce_4604_8419_f3105a236a00.jpg,1216,0.7273,23.473,7.413,6.333,82.286,4.953,123.336,138.911,173.154,56.976,3.418,-19.7386,0.602,0.3321,0.687,57.994,59.969,65.32,23.473,7.475,15.167,0.1086,0.1823,0.2487,23.043,7.352,-0.02148,0.02983,12.134,0.3979,0.3393,0.3629,-2.486,-1.351,-1.205,0.007595,1.378,2.553,0.4613,0.6824,0.001094,89.879,3.678,3.979,0.0005631,2.487e-05,
C:\Users\sblee\Downloads\Aesthetics-Toolbox-main\split_1\029156d2_3c91_4e09_8515_43a1fd60e30e.jpg,1280,0.6667,41.041,6.746,46.49,308.618,2.572,130.967,131.26,130.697,52.138,-0.2079,0.2503,0.0621,0.06353,0.5158,103.511,103.555,103.439,41.041,0.6046,0.6903,0.1706,0.1984,0.406,28.727,3.168,-0.01562,-0.002604,12.509,0.6827,0.6923,0.6641,-1.766,-0.8842,-0.8232,0.005734,1.845,2.973,0.7885,0.8946,0.0005043,97.952,3.623,4.152,0.0002262,1.114e-05,
C:\Users\sblee\Downloads\Aesthetics-Toolbox-main\split_1\0291e890_195c_49b2_997d_2f050bcd8e86.jpg,1792,1.333,24.265,7.745,26.501,185.596,7.275,106.134,126.032,100.575,52.501,-2.154,10.043,0.3104,0.6672,0.6725,68.131,75.139,64.933,24.265,35.76,49.991,0.2749,0.2119,0.2214,28.929,3.206,0.01465,-0.00651,8.044,0.5986,0.6122,0.5843,-1.832,-1.111,-0.915,0.001825,1.734,2.797,0.8608,0.871,0.0002687,99.393,4.537,4.547,7.971e-05,1.055e-05,
C:\Users\sblee\Downloads\Aesthetics-Toolbox-main\split_1\0292d7a3_ddda_48c1_8ce3_acc217cdb1c6.jpg,1024,1.0,22.729,7.738,10.1,81.861,6.723,94.477,128.921,131.813,51.189,-8.45,-5.556,0.5335,0.4488,0.5823,48.574,63.257,52.327,22.729,16.862,18.561,0.1464,0.162,0.2135,35.298,14.71,0.01367,-0.07227,9.022,0.3977,0.3412,0.3768,-2.458,-1.254,-1.121,0.04413,1.443,2.5,0.5363,0.7782,0.0003521,92.143,4.541,4.431,0.0002274,2.406e-05,
C:\Users\sblee\Downloads\Aesthetics-Toolbox-main\split_1\02938b82_27de_403f_8dd5_780a4840d4a6.jpg,1024,1.0,17.525,7.447,7.822,79.21,7.335,119.34,85.294,89.128,39.953,14.742,4.434,0.001284,0.4353,0.4907,57.288,40.535,53.302,17.525,17.08,16.594,0.163,0.1879,0.2183,40.436,12.334,0.01172,0.06055,10.61,0.5198,0.499,0.4709,-2.717,-1.401,-1.157,0.0688,1.399,2.285,0.847,0.8314,0.0001637,92.731,4.578,4.565,0.0001345,1.059e-05,
C:\Users\sblee\Downloads\Aesthetics-Toolbox-main\split_1\029a57c2_de0e_43a1_9b0f_0baa492b6d0e.jpg,1024,1.0,17.242,7.15,5.125,65.307,5.272,115.439,111.659,112.109,47.107,2.157,0.5097,0.6394,0.1626,0.4848,44.468,45.36,43.038,17.242,6.646,9.868,0.183,0.1809,0.171,28.174,11.745,-0.05859,0.003906,7.248,0.3407,0.3411,0.2882,-3.118,-1.698,-1.348,0.07505,1.335,2.458,0.4732,0.7378,0.0004484,91.691,4.485,4.465,0.0003349,1.783e-05,
C:\Users\sblee\Downloads\Aesthetics-Toolbox-main\split_1\029fe4d3_e900_4158_a993_01a1a674667c.jpg,1216,0.7273,31.395,7.815,10.915,145.985,6.875,120.285,99.44,86.674,42.63,7.455,9.843,0.9991,0.4967,0.4894,75.151,83.615,52.298,31.395,13.259,18.287,0.1713,0.2634,0.297,32.743,5.979,-0.001953,0.02983,10.765,0.4113,0.3778,0.341,-2.904,-1.607,-1.431,0.01061,1.426,2.506,0.6553,0.7586,0.0006177,97.127,4.308,4.334,0.000198,2.752e-05,
C:\Users\sblee\Downloads\Aesthetics-Toolbox-main\split_1\02ab3569_f2c7_4496_81c9_6f3d94b9af9a.jpg,1344,1.625,24.094,7.737,11.868,118.806,6.546,105.507,80.539,75.449,35.785,10.113,6.888,0.9661,0.3654,0.4245,65.273,58.958,46.63,24.094,8.985,12.811,0.1491,0.1865,0.2505,39.804,16.748,-0.01683,0.08203,21.645,0.5415,0.5343,0.5117,-2.391,-1.397,-1.166,0.00281,1.498,2.586,0.7425,0.8514,0.0002229,96.529,4.49,4.528,0.0001075,1.011e-05,
C:\Users\sblee\Downloads\Aesthetics-Toolbox-main\split_1\02ad0c9d_a773_4d72_be02_9b6c1810eb98.jpg,1024,1.0,21.874,7.717,4.613,49.854,5.098,117.875,96.39,52.456,41.391,3.336,27.641,0.1161,0.614,0.4628,53.594,56.164,42.903,21.874,10.694,10.182,0.0385,0.2189,0.2098,34.725,23.828,0.02148,0.1172,12.335,0.4275,0.3725,0.3135,-2.955,-1.522,-1.375,0.009382,1.114,2.404,0.6581,0.7917,0.000392,90.171,4.509,4.478,0.0001892,2.021e-05,
C:\Users\sblee\Downloads\Aesthetics-Toolbox-main\split_1\02b69cb9_9391_48b7_879d_1ea2ee09595d.jpg,1024,1.0,32.132,7.855,14.853,163.351,7.43,78.247,127.31,129.452,49.699,-8.312,-5.435,0.5773,0.5752,0.59,80.428,87.135,72.485,32.132,23.098,25.968,0.2107,0.2999,0.3238,30.588,7.266,0.0293,-0.02148,7.062,0.4534,0.4456,0.3888,-2.791,-1.417,-1.231,0.05346,1.5,2.55,0.6184,0.8118,0.0006818,98.262,4.474,4.47,0.000161,2.121e-05,
C:\Users\sblee\Downloads\Aesthetics-Toolbox-main\split_1\02ca5c09_7bfe_4662_bf53_52c7a2e6f53d.png,1024,1.0,33.02,6.425,13.881,212.443,5.817,141.642,106.648,77.62,53.453,6.544,29.617,0.1547,0.6503,0.6771,92.142,109.898,75.283,33.02,46.928,24.68,0.2314,0.3596,0.3574,34.774,2.376,0.01172,-0.001953,5.217,0.4539,0.4259,0.4159,-3.465,-2.027,-1.517,0.2031,1.381,2.534,0.6022,0.7883,0.001027,98.069,4.348,4.449,0.0004354,3.068e-05,
C:\Users\sblee\Downloads\Aesthetics-Toolbox-main\split_1\02caef48_af0e_407e_931d_7cd6b7e45bbf.jpg,1152,0.8,11.094,6.424,7.33,57.187,4.981,65.899,36.893,51.694,18.694,15.617,-3.51,0.923,0.4048,0.2586,37.696,20.786,25.941,11.094,10.156,5.749,0.06843,0.1479,0.1477,66.653,4.228,-0.005859,0.02031,6.049,0.5289,0.5166,0.4818,-2.277,-1.178,-1.091,0.003836,1.676,2.582,0.714,0.7941,0.0004667,96.39,4.196,4.42,0.0001306,1.268e-05,
C:\Users\sblee\Downloads\Aesthetics-Toolbox-main\split_1\02f6fe2b_34ab_4010_81a2_a61faf8f609f.png,1024,1.0,13.213,6.106,5.057,56.323,4.76,165.069,124.571,106.593,57.278,16.129,18.599,0.07236,0.4908,0.7166,61.841,40.461,51.313,13.213,24.557,22.077,0.1683,0.2413,0.1737,57.697,1.953,-0.009766,0.0,1.925,0.3612,0.3082,0.2441,-3.091,-1.602,-1.306,0.07288,1.412,2.435,0.5723,0.6976,0.0007789,99.271,4.231,4.338,0.0007001,4.035e-05,
C:\Users\sblee\Downloads\Aesthetics-Toolbox-main\split_1\02fe410b_77aa_4814_b08a_178250736b28.jpg,1152,1.25,26.372,7.872,7.165,84.13,6.074,129.622,95.242,53.192,42.194,10.771,24.326,0.04483,0.596,0.509,65.015,69.63,48.617,26.372,10.368,26.567,0.07521,0.2547,0.256,42.643,7.13,0.02031,0.0293,11.417,0.3782,0.3421,0.3247,-2.945,-1.449,-1.454,0.007445,1.382,2.409,0.6236,0.7286,0.0005425,97.312,4.349,4.201,0.0002053,3.555e-05,
C:\Users\sblee\Downloads\Aesthetics-Toolbox-main\split_1\03002aa8_9bd2_4b21_b5ca_5187323e6b8a.jpg,1216,0.7273,20.163,5.773,6.063,73.834,4.869,158.263,144.943,99.502,60.44,1.881,24.54,0.09228,0.5628,0.685,55.184,55.077,59.852,20.163,13.887,33.711,0.2024,0.1806,0.1868,6.716,4.838,-0.01562,-0.01847,10.436,0.4485,0.3197,0.3076,-2.628,-1.445,-1.237,0.006695,1.321,2.485,0.4326,0.7438,0.0007232,91.167,4.54,4.476,0.0005564,3.526e-05,
C:\Users\sblee\Downloads\Aesthetics-Toolbox-main\split_1\03038259_d4a2_4197_81b8_9c8bfe7f4525.png,1024,1.0,27.982,7.824,11.477,105.155,6.597,150.052,140.506,72.763,57.826,-3.009,36.459,0.1522,0.6384,0.6474,75.069,78.39,62.96,27.982,23.225,19.137,0.1159,0.2583,0.2506,25.517,18.508,-0.01172,-0.0918,13.557,0.4075,0.4518,0.3884,-2.812,-1.325,-1.339,0.009382,1.425,2.556,0.7476,0.79,0.000278,96.125,4.45,4.437,0.0001558,2.031e-05,
C:\Users\sblee\Downloads\Aesthetics-Toolbox-main\split_1\0308e20c_ed45_489e_911c_19030e55c696.jpg,1152,0.8,26.745,6.979,10.183,114.423,6.567,90.161,74.083,62.994,32.285,7.873,6.052,0.7955,0.411,0.4039,78.341,67.625,46.83,26.745,15.527,33.061,0.2011,0.256,0.3088,64.129,1.501,0.005859,0.004688,8.71,0.4086,0.4318,0.3659,-2.893,-1.57,-1.465,0.00904,1.373,2.447,0.6953,0.8016,0.0006149,94.354,4.379,4.318,0.0001377,2.626e-05,
C:\Users\sblee\Downloads\Aesthetics-Toolbox-main\split_1\03149b95_80f8_4fd1_9fe4_b0bb10f0a3a0.jpg,2048,1.0,24.8,7.821,6.634,114.37,6.161,115.041,89.976,79.286,39.407,9.014,9.39,0.9801,0.3193,0.4579,73.068,59.008,45.824,24.8,9.002,15.225,0.1509,0.1933,0.2808,42.579,10.572,0.01074,0.05176,10.914,0.5386,0.4955,0.4902,-3.071,-1.312,-1.38,0.009679,1.419,2.468,0.7585,0.8318,0.0003365,95.607,3.836,4.366,0.0001501,1.469e-05,
C:\Users\sblee\Downloads\Aesthetics-Toolbox-main\split_1\03172936_f766_4c6f_80e7_384f4f95df92.jpg,1280,0.6667,13.815,6.114,6.387,70.898,5.487,105.855,94.107,77.975,40.583,3.046,10.289,0.05163,0.2654,0.4335,37.443,38.12,22.933,13.815,11.66,16.531,0.09382,0.1813,0.1584,82.888,2.104,-0.009766,-0.003906,12.15,0.365,0.3378,0.3195,-2.514,-1.43,-1.322,0.00409,1.548,2.427,0.5542,0.8069,0.0009602,92.378,4.363,4.405,0.0002407,2.944e-05,
C:\Users\sblee\Downloads\Aesthetics-Toolbox-main\split_1\031841d9_244b_4e8a_98c9_efad8060a38d.png,1280,0.6667,15.592,7.398,4.502,54.758,6.862,151.997,117.671,138.019,53.258,17.581,-5.988,0.904,0.2891,0.6155,37.454,44.517,27.833,15.592,9.958,13.673,0.1154,0.146,0.1344,36.757,5.452,0.01758,-0.02083,15.81,0.543,0.4475,0.4278,-2.689,-1.344,-1.27,0.003107,1.372,2.439,0.696,0.7727,0.0004749,94.551,4.531,4.411,0.0001835,1.72e-05,
C:\Users\sblee\Downloads\Aesthetics-Toolbox-main\split_1\03219608_e53e_426e_ae42_008c9adc2205.jpg,1024,1.0,31.203,6.854,4.674,74.009,5.37,141.607,140.992,142.594,57.242,0.8044,-0.5561,0.7237,0.1646,0.5909,75.288,77.625,81.422,31.203,2.177,8.065,0.2552,0.1967,0.3175,14.395,15.61,-0.04102,-0.06641,13.269,0.3719,0.244,0.2247,-3.163,-1.579,-1.439,0.02557,1.159,2.338,0.4918,0.6934,0.0009776,89.359,4.309,4.246,0.0006376,2.699e-05,
C:\Users\sblee\Downloads\Aesthetics-Toolbox-main\split_1\03241f60_4281_4559_a890_16db185e931d.jpg,1600,0.7857,13.934,7.325,0.8134,25.228,6.149,94.49,110.568,74.368,44.143,-12.8574,18.286,0.2357,0.345,0.4374,32.183,35.758,30.117,13.934,6.332,4.112,0.0492,0.06083,0.1402,31.312,9.152,0.0,0.04576,7.654,0.5639,0.5304,0.5086,-3.207,-1.596,-1.455,0.007171,0.8804,2.028,0.6084,0.7155,0.0009188,96.491,4.317,3.181,0.000576,6.632e-06,
C:\Users\sblee\Downloads\Aesthetics-Toolbox-main\split_1\03290a39_9ed5_41ef_a220_7a2a78cc0532.png,1024,1.0,23.347,7.785,12.872,179.407,6.216,125.811,109.814,105.578,47.732,9.039,4.883,0.01819,0.474,0.5932,81.764,56.444,48.992,23.347,12.233,27.27,0.3516,0.2205,0.2544,33.785,1.747,0.003906,-0.007812,3.175,0.4911,0.4934,0.4723,-3.187,-1.785,-1.466,0.03278,1.478,2.552,0.7951,0.8231,0.0004677,98.87,4.458,4.463,0.0001809,1.427e-05,
C:\Users\sblee\Downloads\Aesthetics-Toolbox-main\split_1\03420adb_7464_4096_a986_8df8d4e58b5b.jpg,1024,1.0,29.414,7.75,8.637,118.685,5.489,115.829,97.418,76.931,41.2,5.892,13.957,0.07832,0.5162,0.477,76.649,73.133,65.598,29.414,6.134,17.951,0.1341,0.2526,0.284,31.023,16.96,-0.02148,0.08203,12.163,0.312,0.3579,0.3478,-3.121,-1.514,-1.45,0.0213,1.306,2.449,0.6413,0.7837,0.0005811,95.816,4.352,4.42,0.000203,2.611e-05,
C:\Users\sblee\Downloads\Aesthetics-Toolbox-main\split_1\03442c04_c94b_4dfe_b3f4_6215bd74c5d0.jpg,1024,1.0,32.986,7.069,17.875,183.753,5.865,105.767,104.242,94.324,43.77,3.002,6.726,0.8329,0.4546,0.523,85.435,83.781,93.034,32.986,18.242,28.143,0.3064,0.3633,0.3987,26.519,4.752,0.02344,0.003906,6.294,0.6039,0.4333,0.416,-2.846,-1.435,-1.247,0.05715,1.574,2.62,0.6906,0.802,0.000603,98.853,4.53,4.457,0.0002744,2.713e-05,
C:\Users\sblee\Downloads\Aesthetics-Toolbox-main\split_1\03496574_d428_468f_b9c3_45b5270ca324.png,1024,1.0,16.562,5.596,10.279,82.54,4.681,158.841,161.227,164.476,66.022,1.332,-1.34,0.6099,0.2924,0.7353,37.882,42.55,63.494,16.562,2.659,21.167,0.2889,0.1321,0.1851,5.384,4.022,-0.009766,-0.01758,5.573,0.3967,0.2619,0.253,-2.338,-1.153,-1.056,0.04025,1.614,2.636,0.4173,0.74,0.0006317,90.859,4.223,4.386,0.00056,2.633e-05,
C:\Users\sblee\Downloads\Aesthetics-Toolbox-main\split_1\034f50dc_0db2_4b2f_877c_1c208e0e8454.jpg,1024,1.0,29.424,7.543,10.223,82.154,2.45,149.945,147.982,146.5,59.944,0.4569,0.973,0.03953,0.03768,0.5882,73.945,73.683,72.092,29.424,0.589,1.086,0.09586,0.07353,0.2899,15.659,20.267,-0.04688,0.08984,16.862,0.4822,0.4182,0.4233,-2.62,-1.151,-1.259,0.0156,1.309,2.471,0.7379,0.7894,0.0002529,88.791,4.491,4.374,0.0001579,1.976e-05,
C:\Users\sblee\Downloads\Aesthetics-Toolbox-main\split_1\035075c0_1412_46b4_a17f_c25d324be87e.jpg,1216,1.375,19.444,7.297,6.04,97.869,5.829,103.819,91.159,118.182,40.842,12.944,-12.0498,0.8006,0.4179,0.5194,52.367,49.034,57.178,19.444,8.535,16.048,0.1769,0.2234,0.2142,55.048,2.344,0.0,0.01172,9.364,0.2621,0.4447,0.2171,-3.143,-1.82,-1.504,0.02148,1.418,2.456,0.4737,0.7545,0.0006719,95.47,4.44,4.404,0.0003501,2.073e-05,
C:\Users\sblee\Downloads\Aesthetics-Toolbox-main\split_1\0352a3c1_54ad_4744_b0ce_dc7ce933e6fe.png,1024,1.0,27.806,6.864,13.0,140.703,5.495,124.59,92.383,95.785,44.453,17.591,3.994,0.9323,0.6058,0.5773,83.157,77.225,77.792,27.806,35.447,39.356,0.1909,0.2856,0.2994,69.773,12.506,0.03906,0.04883,8.004,0.4135,0.3896,0.3221,-2.808,-1.466,-1.276,0.05708,1.483,2.597,0.5635,0.7385,0.0005348,83.585,4.408,4.411,0.000296,3.217e-05,
C:\Users\sblee\Downloads\Aesthetics-Toolbox-main\split_1\03537196_75b8_4366_a9c0_f3c21d2786c2_1700154850065_52.png,1024,1.0,28.961,7.756,11.041,135.569,6.902,95.808,86.371,72.766,35.874,1.54,9.277,0.1034,0.4085,0.3932,78.725,69.845,71.345,28.961,9.137,11.208,0.1908,0.247,0.3064,51.212,6.911,0.02344,-0.02539,11.214,0.447,0.4263,0.3962,-3.265,-1.704,-1.415,0.06458,1.447,2.475,0.7445,0.8138,0.0004702,96.056,4.32,4.418,0.0001796,1.721e-05,
C:\Users\sblee\Downloads\Aesthetics-Toolbox-main\split_1\035bc26e_03a1_449d_aaee_11953bd46c41.jpg,1280,0.6667,23.638,7.667,13.376,139.91,1.324,87.368,86.105,86.864,35.572,0.6832,-0.2609,0.9357,0.04424,0.343,57.12,57.76,57.468,23.638,0.5273,0.3398,0.06888,0.09561,0.2242,46.79,10.788,-0.02148,0.04948,11.068,0.5564,0.4715,0.4396,-2.588,-1.294,-1.287,0.001581,1.582,2.629,0.6595,0.8409,0.0007156,93.151,4.553,4.486,0.000204,2.41e-05,
C:\Users\sblee\Downloads\Aesthetics-Toolbox-main\split_1\0367a86e_b0f2_45b8_9f2b_b1c9ae802333.jpg,1280,1.5,17.874,7.623,0.9478,24.117,6.209,141.622,104.211,112.417,47.568,16.829,1.065,0.9441,0.3209,0.5634,48.654,44.516,35.537,17.874,4.484,10.986,0.09141,0.107,0.1819,20.092,3.494,0.01562,0.007812,15.188,0.5267,0.5013,0.4361,-3.084,-1.658,-1.453,0.007872,0.9309,2.018,0.5252,0.7102,0.001244,97.821,3.682,2.775,0.0006853,7.099e-06,
C:\Users\sblee\Downloads\Aesthetics-Toolbox-main\split_1\03916d58_8083_42cc_b1bb_43811633026d.jpg,1472,1.875,18.598,7.468,9.504,88.629,6.69,132.71,134.028,107.26,54.795,-4.22,14.439,0.1785,0.3103,0.5608,48.312,48.304,45.288,18.598,8.87,13.298,0.1454,0.1545,0.188,17.322,12.0,0.01979,-0.05664,16.468,0.5048,0.4464,0.4341,-2.378,-1.195,-1.055,0.006405,1.533,2.585,0.6589,0.836,0.0003419,92.993,4.427,4.516,0.0001453,1.882e-05,
C:\Users\sblee\Downloads\Aesthetics-Toolbox-main\split_1\03aba0bb_fa9b_4e63_bf6d_c9b0c7000751.jpg,1024,1.0,31.5,7.681,10.788,153.251,6.131,116.222,145.675,192.646,59.617,7.635,-27.6959,0.6248,0.5194,0.7736,92.437,87.012,55.787,31.5,21.317,22.728,0.1448,0.3224,0.228,26.597,7.432,-0.001953,0.03711,4.688,0.7164,0.4384,0.4394,-2.824,-1.418,-1.25,0.0315,1.294,2.431,0.5718,0.7844,0.0006881,98.241,4.492,4.254,0.0002264,2.065e-05,
C:\Users\sblee\Downloads\Aesthetics-Toolbox-main\split_1\03b8b3e2_d996_4285_a9a3_f6351f3a233e.jpg,1024,1.0,29.483,7.9,9.519,169.909,6.633,147.616,109.076,75.216,52.192,11.044,27.133,0.06272,0.6883,0.6696,76.329,93.136,83.524,29.483,41.086,26.909,0.2027,0.3356,0.2932,33.409,5.483,-0.02734,-0.001953,6.996,0.39,0.3941,0.3683,-3.749,-1.987,-1.735,0.03257,1.25,2.377,0.6482,0.7886,0.0006846,98.409,4.32,4.286,0.0002754,2.51e-05,
C:\Users\sblee\Downloads\Aesthetics-Toolbox-main\split_1\03d5821e_5bdf_4805_a153_0aa2eb18996d.jpg,1216,1.375,27.945,7.78,7.64,125.756,5.025,107.221,85.63,66.789,36.726,6.235,13.991,0.06637,0.4132,0.4208,74.566,67.88,60.499,27.945,7.169,10.579,0.06883,0.2337,0.2925,39.557,16.106,-0.03125,0.07422,21.377,0.3152,0.287,0.3779,-3.259,-1.634,-1.519,0.00403,1.357,2.461,0.5896,0.7538,0.0006189,96.103,4.229,4.303,0.0002417,2.234e-05,
C:\Users\sblee\Downloads\Aesthetics-Toolbox-main\split_1\03d6da17_50ae_4718_83ad_704457188b55.jpg,1216,0.7273,24.349,7.818,11.317,97.936,4.831,118.469,91.514,72.508,40.112,8.913,15.314,0.06526,0.4783,0.4646,59.104,61.471,59.174,24.349,5.928,8.013,0.02987,0.2419,0.2318,41.783,6.188,0.0293,0.009943,12.419,0.3487,0.3729,0.4071,-2.382,-1.173,-1.127,0.004835,1.507,2.552,0.6134,0.8301,0.0003515,97.776,4.499,4.475,0.0001483,1.725e-05,
C:\Users\sblee\Downloads\Aesthetics-Toolbox-main\split_1\03da977b_cb64_4592_a2e5_fec750ca2c47.jpg,1280,1.5,15.46,7.07,4.599,40.709,4.468,137.334,98.016,78.144,44.759,13.721,17.474,0.04067,0.4536,0.5415,41.406,38.311,33.678,15.46,4.16,10.413,0.08932,0.1125,0.158,47.688,3.255,-0.01302,-0.009766,11.499,0.2938,0.547,0.2884,-2.923,-1.322,-1.305,0.02283,1.384,2.497,0.6065,0.5662,0.0002382,89.972,4.547,3.862,0.000408,2.18e-05,
C:\Users\sblee\Downloads\Aesthetics-Toolbox-main\split_1\03e7f9bf_90fc_4a51_acf0_d46addfe8a0c.jpg,1024,1.0,35.88,7.175,13.318,129.081,5.672,138.245,110.509,82.16,47.292,7.601,18.965,0.06487,0.5102,0.543,94.837,91.08,80.662,35.88,13.968,19.043,0.08924,0.3414,0.3713,27.147,14.642,-0.05273,0.05078,15.431,0.5242,0.3866,0.3778,-2.635,-1.199,-1.264,0.009959,1.494,2.581,0.6205,0.7918,0.0004313,97.24,4.451,4.406,0.0001772,2.669e-05,
C:\Users\sblee\Downloads\Aesthetics-Toolbox-main\split_1\03ea2e70_1862_4191_a700_6d756e1e1340.jpg,1280,1.5,31.207,7.225,20.807,125.896,6.156,108.062,121.648,121.377,48.501,-2.826,-2.062,0.492,0.3348,0.5247,84.802,78.733,63.654,31.207,6.27,15.08,0.2805,0.2627,0.2944,44.844,16.087,0.03906,0.07031,24.912,0.4678,0.4615,0.4328,-1.851,-1.017,-0.7662,0.01433,1.625,2.775,0.5899,0.7823,0.0005991,93.172,4.39,4.33,0.0002182,2.498e-05,
C:\Users\sblee\Downloads\Aesthetics-Toolbox-main\split_1\03f14ad7_1e89_419c_81e6_fa321eec1630.jpg,1216,0.7273,24.318,7.782,14.221,121.615,6.386,108.025,89.654,69.701,38.685,5.366,14.297,0.1002,0.4688,0.4372,57.927,61.563,59.417,24.318,11.591,12.482,0.116,0.2945,0.2333,33.856,8.222,0.03516,0.02131,8.872,0.5353,0.5091,0.4849,-2.354,-1.114,-1.19,0.004238,1.502,2.542,0.7639,0.8343,0.0002662,97.312,4.512,4.516,0.0001113,1.444e-05,
C:\Users\sblee\Downloads\Aesthetics-Toolbox-main\split_1\03f1e716_ce24_4f7d_86c4_be315dbccca5.jpg,1216,0.7273,17.338,7.158,6.906,78.653,4.798,96.245,73.231,80.953,33.096,11.33,-0.9033,0.9418,0.2702,0.3775,43.903,42.685,39.589,17.338,2.976,2.951,0.04136,0.07172,0.1722,70.525,8.283,-0.01562,0.03835,10.431,0.6877,0.3996,0.3954,-2.597,-1.433,-1.219,0.006784,1.482,2.492,0.5619,0.791,0.0004707,90.02,4.54,4.502,0.0001525,1.17e-05,
C:\Users\sblee\Downloads\Aesthetics-Toolbox-main\split_1\03f22bea_3e11_41a3_8e64_c35d094615b6.jpg,1280,1.5,21.444,7.531,13.451,89.494,7.41,104.936,102.93,112.458,44.468,5.355,-4.196,0.6542,0.4248,0.5284,57.369,60.55,45.942,21.444,19.504,19.87,0.2217,0.1956,0.208,48.49,9.862,-0.03646,0.0332,18.903,0.4928,0.535,0.4718,-2.222,-1.077,-1.052,0.006574,1.54,2.633,0.8194,0.8307,0.0001764,93.088,4.517,4.53,9.736e-05,1.271e-05,
C:\Users\sblee\Downloads\Aesthetics-Toolbox-main\split_1\03f30926_1c1f_4053_baed_f1edb69f1e4d.jpg,1088,1.125,19.719,7.414,13.617,118.501,5.255,94.416,59.622,43.632,28.159,13.419,15.681,0.04322,0.593,0.3703,51.306,47.571,35.645,19.719,6.682,9.288,0.0387,0.1767,0.2012,54.137,3.201,-0.003472,0.01562,12.248,0.512,0.5436,0.4942,-2.411,-1.25,-1.112,0.01855,1.581,2.64,0.7334,0.8315,0.0005625,93.898,4.085,4.367,0.0001508,1.232e-05,
C:\Users\sblee\Downloads\Aesthetics-Toolbox-main\split_1\03f5709f_2402_4839_987e_b7232492b9a5.png,1024,1.0,26.654,7.768,12.501,170.132,6.737,117.467,117.486,112.907,48.085,-0.44,2.516,0.9173,0.1875,0.4834,65.505,65.94,67.499,26.654,6.769,11.049,0.2979,0.2294,0.2519,18.438,8.203,0.0,0.04102,4.421,0.5669,0.4444,0.4336,-3.376,-1.792,-1.49,0.06547,1.422,2.528,0.7141,0.8285,0.0004383,96.61,4.304,4.49,0.000181,1.344e-05,
C:\Users\sblee\Downloads\Aesthetics-Toolbox-main\split_1\0406434d_ac49_45bb_acc8_339542860b29.png,1280,0.6667,19.22,7.072,6.472,71.488,4.643,92.574,76.095,67.061,32.978,5.628,7.899,0.04345,0.2737,0.3631,50.524,46.258,41.307,19.22,4.505,6.889,0.03428,0.1755,0.1981,56.563,8.567,-0.01758,0.03906,16.63,0.4634,0.388,0.3761,-2.989,-1.309,-1.455,0.005982,1.28,2.508,0.723,0.7815,0.0004382,88.707,4.296,4.202,0.0001826,2.751e-05,
C:\Users\sblee\Downloads\Aesthetics-Toolbox-main\split_1\04066ec7_1996_45e8_8520_6f468dc36ea6.jpg,1216,1.375,30.198,7.785,8.989,156.37,6.26,117.915,122.459,131.876,50.387,3.286,-5.279,0.6654,0.4453,0.5922,79.515,76.101,83.728,30.198,7.764,22.064,0.2097,0.2958,0.3068,19.984,1.202,-0.005682,-0.001953,9.298,0.4161,0.4635,0.4247,-3.146,-1.812,-1.555,0.02187,1.343,2.439,0.634,0.807,0.0006115,98.241,4.373,4.425,0.0002758,2.364e-05,
C:\Users\sblee\Downloads\Aesthetics-Toolbox-main\split_1\04070e6f_ccba_422d_8b82_9d418d0083f2.jpg,1792,0.75,21.469,7.636,2.843,45.024,4.615,106.85,99.668,94.795,41.763,2.225,3.399,0.007765,0.1449,0.4193,52.303,53.214,43.084,21.469,2.732,5.701,0.109,0.08034,0.205,34.21,11.188,0.03906,0.04004,10.426,0.455,0.4195,0.4059,-2.937,-1.431,-1.402,0.01041,1.117,2.247,0.7533,0.8089,0.000267,92.255,4.209,4.393,0.0001595,1.541e-05,
C:\Users\sblee\Downloads\Aesthetics-Toolbox-main\split_1\041e4e81_0fc8_4cbb_93dd_819d5c42a5c3.jpg,1024,1.0,32.763,7.476,10.61,140.549,6.659,133.218,71.071,104.704,39.43,29.557,-5.92,0.8945,0.7362,0.5561,86.851,91.116,62.572,32.763,25.111,27.939,0.1336,0.2742,0.3318,47.675,6.077,-0.02148,0.02148,10.787,0.4894,0.3932,0.3844,-3.194,-1.675,-1.443,0.06847,1.326,2.479,0.5752,0.7934,0.0006915,92.727,4.33,4.291,0.0001873,2.215e-05,
C:\Users\sblee\Downloads\Aesthetics-Toolbox-main\split_1\042a624e_8d28_4b43_aa00_ca5acc7b440b.jpg,1024,1.0,19.869,7.7,3.615,36.075,5.224,97.346,84.106,68.613,35.852,2.96,10.686,0.1156,0.3035,0.3841,54.931,46.384,37.044,19.869,5.567,9.341,0.07132,0.2008,0.2151,37.908,25.297,0.123,0.0293,15.348,0.3204,0.3178,0.2747,-2.804,-1.351,-1.299,0.01126,1.233,2.497,0.4752,0.7265,0.0007052,86.301,3.984,4.154,0.0002101,2.514e-05,
C:\Users\sblee\Downloads\Aesthetics-Toolbox-main\split_1\042b366b_de55_4531_b5df_1be81649b24c.jpg,1408,1.0,16.119,7.192,9.677,67.351,5.062,97.609,73.75,51.377,32.916,7.349,16.194,0.0587,0.4012,0.3838,51.322,37.273,18.259,16.119,7.117,17.169,0.08178,0.2183,0.2008,62.273,12.451,0.0554,0.02841,11.273,0.5037,0.5238,0.4603,-1.931,-1.095,-1.016,0.00389,1.652,2.663,0.6909,0.8061,0.000375,85.747,4.352,4.499,0.0001085,1.731e-05,
C:\Users\sblee\Downloads\Aesthetics-Toolbox-main\split_1\042eebad_8c55_4bb7_b711_2dd02e61122c.jpg,1024,1.0,15.544,7.198,17.23,132.619,6.559,106.001,137.301,91.201,55.068,-13.3122,22.247,0.2492,0.6405,0.6307,62.398,44.498,62.21,15.544,23.092,29.481,0.1884,0.1813,0.1722,54.171,0.8735,0.001953,-0.003906,1.003,0.5207,0.5021,0.49,-2.205,-1.156,-0.9837,0.07309,1.808,2.674,0.7876,0.8249,0.0003578,99.327,4.165,4.424,0.0001282,1.68e-05,
C:\Users\sblee\Downloads\Aesthetics-Toolbox-main\split_1\043a73fe_e16b_479e_be73_7aece012f0b2.jpg,1344,1.625,16.108,7.34,8.234,78.539,5.551,101.465,85.821,59.185,37.04,3.153,17.38,0.1344,0.4232,0.4033,44.81,39.2,33.564,16.108,6.796,15.348,0.1052,0.2618,0.1745,50.793,7.694,-0.01562,0.03516,16.186,0.4994,0.3727,0.3254,-2.333,-1.162,-1.192,0.00251,1.511,2.526,0.626,0.8468,0.0003015,94.518,4.177,4.46,0.0001216,1.737e-05,
C:\Users\sblee\Downloads\Aesthetics-Toolbox-main\split_1\043ab895_480c_4b07_a266_77573280ff1a.jpg,1024,1.0,19.348,7.6,12.221,127.771,7.264,86.727,133.039,123.917,52.432,-13.7467,0.1545,0.4848,0.5314,0.6061,48.708,56.454,46.063,19.348,23.508,25.292,0.1719,0.1573,0.1839,35.04,3.601,-0.01758,0.003906,3.238,0.5035,0.5001,0.4862,-2.851,-1.484,-1.282,0.07555,1.549,2.565,0.7015,0.8062,0.0005957,99.443,4.388,4.411,0.0001412,1.85e-05,
C:\Users\sblee\Downloads\Aesthetics-Toolbox-main\split_1\044d5f83_5d6c_4be0_95fe_de1de2ca7f1b.jpg,1216,0.7273,8.308,6.59,0.7325,14.097,6.669,135.177,138.273,109.359,56.746,-5.61,15.263,0.2005,0.2861,0.5748,29.218,23.442,19.461,8.308,9.429,12.076,0.1339,0.1205,0.08379,56.956,1.989,0.0,-0.009943,9.409,0.684,0.4298,0.4203,-3.1,-1.533,-1.442,0.03593,0.8897,2.02,0.6234,0.6327,0.0008681,98.095,4.355,3.111,0.0006519,8.593e-06,
C:\Users\sblee\Downloads\Aesthetics-Toolbox-main\split_1\045162a7_bde8_4123_9166_d675d640aea4.jpg,1472,1.875,23.346,7.592,11.691,98.207,5.934,116.869,99.823,70.404,42.462,2.629,19.196,0.1197,0.4992,0.465,63.711,59.017,58.855,23.346,11.913,11.512,0.08612,0.2272,0.2465,60.336,15.362,-0.01979,0.07422,20.953,0.5092,0.4689,0.4642,-2.414,-1.068,-1.091,0.007111,1.549,2.596,0.7562,0.816,0.0002461,91.925,4.38,4.501,0.0001322,1.471e-05,
C:\Users\sblee\Downloads\Aesthetics-Toolbox-main\split_1\045cce3d_3115_46a6_9a39_e902b45de85c.jpg,1024,1.0,21.651,7.73,4.342,48.897,5.136,126.331,123.16,98.57,50.456,-3.125,13.631,0.1675,0.2235,0.5033,58.993,53.647,42.698,21.651,2.605,7.194,0.04848,0.06678,0.2293,26.1,19.272,-0.0293,0.0918,12.737,0.3737,0.2963,0.2863,-2.748,-1.353,-1.291,0.01588,1.369,2.443,0.5675,0.7778,0.0004941,92.63,4.209,4.289,0.0001947,2.004e-05,
C:\Users\sblee\Downloads\Aesthetics-Toolbox-main\split_1\045e506e_fe33_490f_82df_ae6504e5965a.jpg,1536,0.5,24.923,6.937,6.0,92.693,0.7443,138.096,137.748,137.939,56.406,0.1739,-0.05632,0.9848,0.01817,0.5416,60.975,61.328,61.142,24.923,0.3824,0.174,0.04034,0.09741,0.2391,11.65,3.706,-0.005859,-0.01758,23.029,0.5028,0.3916,0.37,-3.105,-1.605,-1.585,0.005648,1.256,2.463,0.5834,0.8021,0.0003017,86.174,4.509,4.456,0.000373,1.662e-05,
C:\Users\sblee\Downloads\Aesthetics-Toolbox-main\split_1\04621664_90a6_430f_9dbc_da6e59614f19.jpg,1280,0.6667,33.524,7.356,11.346,119.664,5.785,113.958,95.895,85.199,40.149,5.655,8.456,0.005706,0.3138,0.4482,86.522,82.293,70.203,33.524,8.896,11.042,0.1291,0.1904,0.3386,32.586,13.734,0.02539,0.0638,11.761,0.3523,0.3849,0.3198,-2.72,-1.34,-1.334,0.002614,1.311,2.49,0.695,0.7909,0.0004091,95.713,4.352,4.37,0.0001989,2.577e-05,
C:\Users\sblee\Downloads\Aesthetics-Toolbox-main\split_1\046b0a3f_368b_4d6b_acea_54cc6f2f85aa.jpg,1024,1.0,24.836,6.959,6.735,35.831,4.18,137.056,119.888,105.725,50.493,4.764,9.155,0.9514,0.2618,0.5586,75.391,59.855,38.819,24.836,2.694,15.187,0.2565,0.09606,0.275,27.928,21.837,0.04883,0.09766,12.978,0.3719,0.3237,0.3407,-2.686,-1.069,-1.432,0.04051,1.222,2.614,0.7244,0.7178,0.0002568,92.696,3.855,3.717,0.0002002,2.498e-05,
C:\Users\sblee\Downloads\Aesthetics-Toolbox-main\split_1\0471268f_ed83_4a46_b88d_d1af90eae7f2.jpg,1344,1.625,26.578,7.858,7.095,93.173,6.429,85.672,102.471,97.804,41.06,-4.232,1.409,0.3235,0.4934,0.4612,53.657,70.126,71.285,26.578,11.154,14.582,0.2805,0.2162,0.2573,34.134,11.695,0.03966,-0.04297,19.205,0.3996,0.3668,0.365,-2.783,-1.377,-1.318,0.006406,1.279,2.4,0.6701,0.8084,0.0003796,97.554,4.483,4.452,0.000221,2.02e-05,
C:\Users\sblee\Downloads\Aesthetics-Toolbox-main\split_1\0472e563_0368_4d30_89b2_ab7c3a6e1b8a.jpg,1280,1.5,24.339,7.549,28.29,167.832,6.793,95.564,93.863,79.729,39.082,-1.061,8.621,0.1598,0.3674,0.4245,59.262,61.592,50.715,24.339,15.802,9.585,0.2036,0.2606,0.2518,20.814,6.064,-0.007812,-0.0293,12.217,0.6483,0.633,0.6226,-1.776,-1.037,-0.7891,0.00813,1.805,2.887,0.8717,0.8739,0.0002181,99.126,4.48,4.539,0.0001372,7.265e-06,
C:\Users\sblee\Downloads\Aesthetics-Toolbox-main\split_1\04770046_4a6e_42c6_9fda_7400c512d974.jpg,2176,2.091,24.092,7.647,7.164,73.935,5.683,81.973,82.303,45.583,32.984,-5.796,19.839,0.1577,0.5717,0.3409,56.226,59.824,38.988,24.092,6.676,12.581,0.05815,0.228,0.2329,37.076,22.398,-0.0163,0.1108,29.088,0.5262,0.4378,0.403,-2.581,-1.211,-1.195,0.00498,1.368,2.546,0.7274,0.804,0.0002277,91.993,3.959,4.246,0.0001274,1.264e-05,
C:\Users\sblee\Downloads\Aesthetics-Toolbox-main\split_1\047c6fb6_07e6_411a_b9f6_62161f02b6c0.jpg,1216,0.7273,27.235,7.788,7.68,111.308,6.71,118.901,114.311,110.535,48.262,4.854,4.781,0.1203,0.4679,0.5632,69.775,70.34,87.468,27.235,12.915,22.638,0.3078,0.3147,0.2924,25.312,4.068,0.01953,0.005682,11.127,0.2809,0.4673,0.2804,-2.944,-1.445,-1.363,0.004324,1.37,2.403,0.5498,0.7809,0.0005515,98.088,4.53,4.462,0.0002966,2.816e-05,
C:\Users\sblee\Downloads\Aesthetics-Toolbox-main\split_1\0484957d_ca06_482d_8b0d_99e7fd332a12.png,1024,1.0,25.986,7.463,12.149,141.551,5.626,96.416,86.587,85.063,36.683,4.549,2.78,0.003235,0.3297,0.4154,62.888,63.018,68.931,25.986,3.191,13.152,0.1632,0.2098,0.2837,29.84,13.281,0.03125,0.05859,11.35,0.3932,0.4053,0.3349,-3.081,-1.671,-1.293,0.1234,1.558,2.592,0.6299,0.8369,0.0004959,96.548,4.245,4.451,0.000277,1.817e-05,
C:\Users\sblee\Downloads\Aesthetics-Toolbox-main\split_1\04858a7a_efe5_4ebf_a06a_062d422b4223.jpg,1024,1.0,34.506,7.764,26.41,220.82,6.461,131.348,127.842,120.038,51.675,0.3747,5.018,0.06999,0.2742,0.53,84.187,87.406,93.213,34.506,5.117,11.122,0.2562,0.2982,0.3417,27.599,8.735,0.03906,0.01953,7.5,0.5225,0.5554,0.5171,-2.373,-1.133,-1.107,0.01379,1.667,2.776,0.6717,0.8531,0.0005104,97.519,4.29,4.409,0.0002112,1.335e-05,
C:\Users\sblee\Downloads\Aesthetics-Toolbox-main\split_1\0488bba4_b2c4_4a9f_ba61_9cd45d56dd0d.jpg,1024,1.0,23.776,7.669,9.905,107.416,6.256,141.241,95.267,153.791,47.525,28.058,-22.6024,0.7906,0.4898,0.6247,66.265,62.696,66.164,23.776,20.643,10.714,0.11,0.235,0.2587,23.244,2.62,0.01172,0.005859,5.116,0.5512,0.5017,0.5221,-2.491,-1.235,-1.073,0.05494,1.482,2.441,0.5952,0.7473,0.0006631,98.141,3.391,3.701,0.0002095,2.193e-05,
C:\Users\sblee\Downloads\Aesthetics-Toolbox-main\split_1\048b8c82_7b87_4967_97b8_3c367a2a9be0.png,1024,1.0,21.352,7.667,24.181,177.869,6.301,85.234,92.598,103.652,39.12,2.968,-6.55,0.6064,0.4956,0.4822,64.694,53.949,50.042,21.352,13.85,19.69,0.2015,0.2103,0.2155,48.97,11.725,-0.001953,-0.05859,7.313,0.6577,0.5401,0.5319,-2.242,-1.126,-1.005,0.0474,1.777,2.754,0.7998,0.8497,0.0002312,97.129,4.241,4.459,9.566e-05,9.8e-06,
C:\Users\sblee\Downloads\Aesthetics-Toolbox-main\split_1\048b9848_3966_4b13_97c7_0c4a6ccaac9a.jpg,1280,0.6667,24.123,6.537,7.841,103.704,4.739,110.597,133.276,109.718,53.641,-6.041,10.222,0.2669,0.5623,0.6206,69.657,62.989,71.521,24.123,15.708,31.37,0.3271,0.2147,0.2628,13.876,4.185,0.001953,-0.02083,13.561,0.3704,0.3161,0.3289,-2.591,-1.652,-1.384,0.03481,1.33,2.439,0.5943,0.7582,0.0006112,90.818,4.411,4.393,0.0005093,3.138e-05,
C:\Users\sblee\Downloads\Aesthetics-Toolbox-main\split_1\0490f932_2226_4597_b3da_86885484bde8.png,1280,0.6667,18.182,7.432,5.635,68.205,6.201,98.917,86.787,70.639,37.06,3.072,11.358,0.1002,0.3483,0.3966,42.839,45.622,43.966,18.182,5.597,10.718,0.129,0.2167,0.1728,40.795,11.274,-0.01367,0.05469,10.045,0.4181,0.3841,0.3485,-2.677,-1.272,-1.277,0.002362,1.215,2.403,0.6953,0.7941,0.00042,96.797,4.526,4.461,0.0001605,2.488e-05,
C:\Users\sblee\Downloads\Aesthetics-Toolbox-main\split_1\0493f5e9_4498_4d71_bbe2_5d0f8cdc15af.jpg,1024,1.0,26.833,7.704,16.29,244.489,6.278,86.662,163.586,158.586,62.297,-20.2403,-4.491,0.5139,0.5963,0.7156,73.446,74.312,64.245,26.833,27.147,24.739,0.0903,0.2866,0.2341,24.6,1.562,0.0,-0.007812,5.617,0.7047,0.7012,0.7117,-2.977,-1.443,-1.38,0.04073,1.572,2.694,0.7724,0.867,0.0003792,98.044,4.544,4.445,0.0001386,6.395e-06,
C:\Users\sblee\Downloads\Aesthetics-Toolbox-main\split_1\04b56234_609a_4ea7_9b6e_86569835208c.jpg,1280,0.6667,25.334,6.773,12.074,103.45,5.499,143.215,141.318,139.502,61.31,4.369,7.496,0.1039,0.4834,0.7289,45.437,88.263,83.744,25.334,35.296,16.671,0.3087,0.2292,0.2373,37.63,1.953,-0.005859,-0.007812,15.291,0.4831,0.4485,0.4521,-2.481,-1.136,-1.159,0.00845,1.463,2.522,0.7418,0.8231,0.0003338,95.244,4.536,4.496,0.0002514,2.275e-05,
C:\Users\sblee\Downloads\Aesthetics-Toolbox-main\split_1\04b97c42_523f_4714_b9a1_2ae3466093d6.jpg,1280,1.5,19.046,7.265,7.116,75.104,7.163,99.301,77.455,82.839,35.259,12.092,1.452,0.9505,0.4121,0.4447,44.484,49.364,60.769,19.046,12.628,20.489,0.1685,0.1599,0.2342,58.258,10.21,-0.04036,0.03125,19.799,0.4349,0.3864,0.3992,-2.561,-1.31,-1.287,0.002144,1.374,2.433,0.6977,0.8036,0.0004182,88.922,4.433,4.45,0.0001287,2.435e-05,
C:\Users\sblee\Downloads\Aesthetics-Toolbox-main\split_1\04bbcfb2_1a79_4da6_943b_d8732ef0ad20.jpg,1088,1.833,30.807,7.071,15.859,195.697,6.772,154.825,139.775,100.599,61.341,5.344,25.738,0.1765,0.6855,0.7626,78.152,100.8,85.976,30.807,36.181,33.505,0.2592,0.2716,0.2832,29.71,3.69,0.002841,-0.01823,17.737,0.4735,0.4369,0.4432,-2.495,-1.59,-1.274,0.02853,1.514,2.679,0.5974,0.8395,0.0006862,95.711,4.451,4.439,0.0003163,3.037e-05,
C:\Users\sblee\Downloads\Aesthetics-Toolbox-main\split_1\04beeab3_72b9_4230_bb19_46181b132eb4.jpg,1472,0.9167,26.722,7.752,6.35,87.12,4.7,98.248,100.581,94.526,40.744,-1.905,3.1,0.2483,0.148,0.4014,61.389,65.924,64.529,26.722,2.734,2.07,0.1246,0.166,0.2515,37.62,10.407,0.01136,0.05078,7.892,0.3921,0.4645,0.3629,-2.862,-1.512,-1.398,0.001708,1.248,2.432,0.7456,0.8453,0.0002918,95.79,4.511,4.48,0.0001745,1.504e-05,
C:\Users\sblee\Downloads\Aesthetics-Toolbox-main\split_1\04df3a01_014a_42e0_afe2_817e042dc6ce.jpg,1024,1.0,24.896,7.342,5.87,66.771,4.761,135.418,121.024,120.854,51.064,5.864,2.43,0.9438,0.2694,0.5312,60.408,60.282,70.59,24.896,2.769,9.936,0.09459,0.3018,0.2369,18.921,2.344,0.01172,0.0,7.912,0.3517,0.406,0.3245,-2.941,-1.432,-1.352,0.02113,1.118,2.429,0.4805,0.795,0.001234,90.905,4.413,4.35,0.0004816,2.397e-05,
C:\Users\sblee\Downloads\Aesthetics-Toolbox-main\split_1\04dfeb6e_92d4_4064_bb43_28c90103c07c.jpg,1024,1.0,19.577,6.943,4.932,45.809,4.753,142.807,83.562,111.217,49.226,27.075,4.721,0.758,0.672,0.7363,65.016,74.416,104.42,19.577,30.386,41.289,0.2711,0.2811,0.2546,25.625,22.389,0.01172,-0.1113,12.166,0.5412,0.2522,0.2353,-2.926,-1.334,-1.357,0.01199,1.13,2.464,0.6785,0.6152,0.0004379,89.957,4.069,4.093,0.0006154,2.854e-05,
C:\Users\sblee\Downloads\Aesthetics-Toolbox-main\split_1\04e552a7_54e2_4b4e_932d_3e0f020037d0.jpg,1152,0.8,22.966,7.567,7.559,116.842,7.013,115.885,84.954,107.061,40.148,19.561,-6.391,0.8826,0.4981,0.5445,62.913,60.809,60.725,22.966,13.325,25.487,0.1713,0.1535,0.2517,54.786,3.638,0.01758,0.004688,7.072,0.4659,0.4604,0.4564,-3.168,-1.666,-1.483,0.02249,1.396,2.428,0.6878,0.7886,0.0009689,97.503,3.619,4.17,0.0002417,2.588e-05,
C:\Users\sblee\Downloads\Aesthetics-Toolbox-main\split_1\04f86526_6dc8_4c98_94c5_2b6412443a1c.png,1216,0.7273,27.515,7.77,7.435,118.542,6.464,105.077,78.857,124.344,37.104,20.454,-20.7021,0.7605,0.5117,0.5041,67.197,70.045,72.258,27.515,14.811,15.058,0.1139,0.2363,0.2782,48.016,18.482,-0.003906,0.09233,9.488,0.7158,0.3366,0.3377,-2.975,-1.79,-1.448,0.03775,1.323,2.391,0.5626,0.7564,0.0008163,94.602,4.488,4.375,0.0002821,2.53e-05,
C:\Users\sblee\Downloads\Aesthetics-Toolbox-main\split_1\0503e260_3793_4e00_bd2d_6f42d7aa4cfb.jpg,1024,1.0,27.908,7.686,10.993,143.562,5.59,123.255,99.274,72.627,42.537,6.994,17.894,0.04088,0.3958,0.4853,75.38,70.263,63.517,27.908,7.277,19.017,0.1338,0.2942,0.2939,45.908,1.611,0.007812,0.001953,3.419,0.6448,0.4769,0.4475,-2.942,-1.558,-1.33,0.08263,1.356,2.545,0.5897,0.732,0.0008931,93.494,3.154,3.736,0.0002182,2.596e-05,
C:\Users\sblee\Downloads\Aesthetics-Toolbox-main\split_1\0506b4de_f471_4a1d_b677_e8851d087877.jpg,1984,1.583,20.939,7.446,3.575,49.896,6.403,110.134,109.513,85.749,44.956,-3.118,13.756,0.1711,0.3293,0.4597,42.234,55.146,49.877,20.939,8.179,6.447,0.1133,0.1503,0.1898,31.594,15.118,-0.003289,0.07552,17.519,0.4108,0.295,0.3045,-2.605,-1.29,-1.339,0.002603,1.275,2.339,0.6959,0.7745,0.0004321,93.063,4.343,4.46,0.0002463,2.116e-05,
C:\Users\sblee\Downloads\Aesthetics-Toolbox-main\split_1\050e1647_27da_40b9_ab40_adb951771e11.jpg,1216,0.7273,14.949,7.137,11.281,79.299,6.053,104.785,94.154,82.984,40.497,3.393,7.97,0.1159,0.3155,0.4395,43.885,36.66,33.692,14.949,7.216,14.594,0.3058,0.2131,0.1618,70.408,1.202,-0.001953,0.005682,9.589,0.4781,0.5047,0.4405,-2.123,-1.023,-1.025,0.008607,1.63,2.612,0.5631,0.8388,0.0002272,89.788,4.481,4.482,0.0001494,1.696e-05,
C:\Users\sblee\Downloads\Aesthetics-Toolbox-main\split_1\0512f8a5_67f9_4c63_963f_cfb1405299cf_1700150997895_55.jpg,1152,1.25,30.027,7.797,15.159,156.205,5.161,133.808,87.959,57.153,40.685,15.859,24.594,0.05796,0.6977,0.5248,77.569,77.204,63.637,30.027,10.835,14.328,0.03916,0.2708,0.3042,38.597,7.869,0.004688,0.03906,12.135,0.5304,0.5383,0.513,-2.658,-1.219,-1.305,0.005266,1.504,2.584,0.802,0.8431,0.0003519,97.361,4.424,4.45,0.0001375,1.48e-05,
C:\Users\sblee\Downloads\Aesthetics-Toolbox-main\split_1\05167cb4_f53d_4c6c_8027_b4c6f72cece0.jpg,1024,1.0,15.962,7.348,7.483,60.705,7.288,131.043,120.933,142.577,52.243,9.186,-9.745,0.7659,0.2682,0.5951,36.857,44.185,46.279,15.962,11.146,10.483,0.1796,0.09261,0.1679,38.488,5.313,0.007812,-0.02539,6.962,0.5592,0.5582,0.5351,-2.21,-1.066,-1.035,0.01343,1.484,2.445,0.8452,0.8417,0.0001725,93.978,4.572,4.57,0.000131,1.032e-05,
C:\Users\sblee\Downloads\Aesthetics-Toolbox-main\split_1\051c63d3_787d_4ae5_9b04_0302bd76c03d.jpg,1024,1.0,18.19,7.006,10.515,103.27,6.586,136.07,101.422,127.032,47.342,18.92,-8.168,0.8701,0.3623,0.5629,45.701,52.674,36.024,18.19,16.843,9.576,0.1465,0.1692,0.172,43.281,2.104,-0.003906,-0.009766,4.253,0.5265,0.4543,0.4303,-2.49,-1.314,-1.084,0.07375,1.523,2.558,0.7036,0.8259,0.0004243,93.671,4.379,4.477,0.0002026,1.528e-05,
C:\Users\sblee\Downloads\Aesthetics-Toolbox-main\split_1\05226ee5_f80d_40dc_978b_9f9da2174228.jpg,1280,1.5,18.544,7.473,7.242,82.437,7.066,123.008,108.814,86.784,46.881,4.454,14.395,0.08992,0.4031,0.5301,50.078,51.198,48.264,18.544,15.925,23.061,0.2334,0.2346,0.1987,40.69,1.953,-0.007812,0.005859,12.782,0.4814,0.4078,0.3713,-2.585,-1.406,-1.276,0.002316,1.406,2.476,0.6638,0.7983,0.0003606,97.745,4.438,4.53,0.0001492,2.107e-05,
C:\Users\sblee\Downloads\Aesthetics-Toolbox-main\split_1\0539d987_d9eb_4f90_b107_d23ffaf6d329.jpg,1024,1.0,28.755,7.835,11.018,130.202,6.602,133.441,120.392,101.235,50.172,3.086,11.577,0.9975,0.2935,0.5415,73.715,75.118,57.945,28.755,11.999,21.541,0.2377,0.21,0.2853,26.441,16.815,-0.003906,0.08398,8.773,0.4166,0.3883,0.3426,-2.837,-1.398,-1.327,0.02657,1.469,2.498,0.7095,0.81,0.0005608,96.234,4.409,4.484,0.0001931,3.178e-05,
C:\Users\sblee\Downloads\Aesthetics-Toolbox-main\split_1\053aeebb_a3b5_4b62_a46d_3f50ae4555d0.png,1344,1.625,27.86,7.373,25.259,207.481,6.309,86.414,81.295,74.763,33.339,0.9297,4.603,0.08799,0.2382,0.3424,68.134,69.976,69.0,27.86,3.933,4.038,0.114,0.1781,0.2692,81.016,0.7212,-0.003606,0.0,14.437,0.5603,0.5672,0.5094,-2.138,-1.17,-1.018,0.0122,1.775,2.807,0.8264,0.8218,0.0005266,94.729,2.435,2.642,0.0001609,1.23e-05,
C:\Users\sblee\Downloads\Aesthetics-Toolbox-main\split_1\05411117_521e_46c3_9a00_e23354700b11.jpg,1152,0.8,18.295,7.008,3.991,52.977,4.926,96.183,63.92,55.241,30.179,12.894,11.435,0.04117,0.4106,0.3776,51.819,45.032,36.913,18.295,11.953,8.309,0.04908,0.2122,0.2035,64.985,7.637,0.01953,0.03281,11.506,0.4211,0.3733,0.3644,-2.859,-1.521,-1.418,0.01011,1.273,2.369,0.5649,0.7415,0.0005549,84.46,4.488,4.462,0.0002414,2.234e-05,
C:\Users\sblee\Downloads\Aesthetics-Toolbox-main\split_1\054b36cd_9cd6_46a4_a96e_d72722224253.png,1024,1.0,22.881,7.742,13.161,113.5,5.812,139.725,90.292,48.535,42.489,16.808,30.291,0.0564,0.6458,0.5532,67.228,57.138,38.057,22.881,11.339,23.345,0.08339,0.2135,0.2592,38.907,8.925,-0.01758,-0.04102,5.472,0.6961,0.3867,0.3818,-2.424,-1.132,-1.179,0.006919,1.497,2.604,0.6696,0.7592,0.0004395,97.067,4.487,4.427,0.0001605,2.392e-05,
C:\Users\sblee\Downloads\Aesthetics-Toolbox-main\split_1\054b8834_518d_4b16_8145_56d34c59df1a.jpg,1280,1.5,16.549,7.153,4.579,48.75,4.342,102.657,96.823,88.76,40.87,1.052,5.462,0.1183,0.1453,0.4042,41.887,41.603,38.427,16.549,4.189,5.287,0.07379,0.1611,0.1649,42.419,7.907,0.03776,0.01172,15.343,0.3208,0.2953,0.2407,-2.735,-1.151,-1.229,0.02523,1.286,2.493,0.3538,0.577,0.001357,89.727,4.287,4.265,0.0003237,3.066e-05,
C:\Users\sblee\Downloads\Aesthetics-Toolbox-main\split_1\054cfe70_e113_4dd0_81b5_3a222ee10371.jpg,1024,1.0,24.693,7.596,12.018,128.57,5.923,145.798,131.501,125.236,55.434,5.474,5.892,0.943,0.2732,0.5907,65.071,63.176,63.997,24.693,9.997,14.835,0.1825,0.3093,0.2313,18.759,5.524,0.02734,-0.003906,9.876,0.5156,0.4637,0.4136,-3.134,-1.658,-1.339,0.1101,1.475,2.595,0.7113,0.781,0.0003935,89.183,4.33,4.357,0.0001496,1.676e-05,
C:\Users\sblee\Downloads\Aesthetics-Toolbox-main\split_1\0550156d_1312_4686_86bc_2c5303f1a702.jpg,1600,0.25,30.009,7.907,23.74,212.131,7.745,107.237,103.99,109.533,46.042,6.172,0.821,0.7195,0.6176,0.5743,80.797,87.913,62.019,30.009,29.406,23.498,0.3087,0.2845,0.2844,42.38,3.034,-0.0125,0.008594,27.132,0.6745,0.5903,0.5735,-1.992,-1.347,-0.8864,0.01418,1.671,2.889,0.7016,0.836,0.0006146,98.041,4.432,4.454,0.0001433,1.534e-05,
C:\Users\sblee\Downloads\Aesthetics-Toolbox-main\split_1\0553bc35_a89e_4fe2_847e_f1f1b3140509.png,1344,0.6154,26.516,7.028,14.362,179.576,5.624,142.683,91.312,86.689,48.35,22.116,16.691,0.02585,0.7048,0.6634,91.238,84.134,61.087,26.516,28.813,35.208,0.2176,0.3172,0.2418,46.754,3.388,-0.001953,-0.01683,14.447,0.4958,0.4666,0.4386,-2.335,-1.52,-1.042,0.00951,1.452,2.587,0.6323,0.8057,0.0005645,97.724,4.524,4.523,0.0002804,2.7e-05,
C:\Users\sblee\Downloads\Aesthetics-Toolbox-main\split_1\055a3515_5d70_45fc_b674_5890fe8aad44.jpg,1152,1.25,30.337,7.572,8.504,144.812,5.208,133.909,107.126,82.565,46.114,8.662,16.97,0.0551,0.5033,0.5256,75.07,75.928,82.081,30.337,9.386,19.588,0.05903,0.369,0.2944,23.713,3.141,-0.001563,-0.01562,7.677,0.3643,0.3269,0.308,-3.241,-1.636,-1.62,0.002395,1.316,2.4,0.4971,0.7356,0.0008396,99.142,4.422,4.279,0.0002975,2.877e-05,
C:\Users\sblee\Downloads\Aesthetics-Toolbox-main\split_1\055b0d0d_15d4_433d_8c9e_ccb6577ee744.jpg,1536,1.0,18.182,7.514,9.514,61.288,6.557,107.781,98.423,106.259,42.363,6.109,-2.982,0.8015,0.2785,0.4711,50.088,43.053,44.362,18.182,5.301,12.218,0.2022,0.2143,0.1801,14.95,2.471,-0.003906,-0.01172,5.662,0.4788,0.36,0.3707,-2.41,-0.9645,-1.118,0.02359,1.594,2.635,0.6849,0.779,0.0003918,97.342,4.055,4.287,0.0001532,2.081e-05,
C:\Users\sblee\Downloads\Aesthetics-Toolbox-main\split_1\05633b15_1a01_42d4_bb86_4478e81a007c.jpg,1216,0.7273,33.405,7.516,8.724,99.953,6.597,96.933,113.418,130.782,45.342,-0.2712,-9.681,0.4421,0.3555,0.5373,76.444,82.976,106.361,33.405,12.655,18.368,0.2881,0.2083,0.3999,32.314,7.964,0.001953,0.03977,10.47,0.4815,0.3072,0.303,-2.916,-1.447,-1.413,0.003967,1.159,2.389,0.6248,0.7607,0.0005038,94.244,4.349,4.416,0.0002655,3.136e-05,
C:\Users\sblee\Downloads\Aesthetics-Toolbox-main\split_1\05678193_ca55_4d7f_8488_fff6fe07d0de.jpg,1152,0.8,30.798,7.629,10.927,119.34,7.096,94.011,90.969,106.127,38.898,7.346,-6.304,0.8101,0.4796,0.4925,70.019,81.615,80.817,30.798,16.797,23.03,0.2495,0.2256,0.3152,42.227,9.407,-0.003906,0.04688,9.189,0.3974,0.3764,0.3422,-2.729,-1.426,-1.268,0.009208,1.345,2.492,0.691,0.7694,0.0005042,96.63,4.435,4.393,0.0001909,2.692e-05,
C:\Users\sblee\Downloads\Aesthetics-Toolbox-main\split_1\05712fe1_cc9f_4ac0_b2a6_f7cb9b4933a6.jpg,1216,0.7273,14.892,7.33,1.273,26.027,7.117,153.675,114.272,132.538,53.232,18.72,-2.491,0.9005,0.3628,0.6502,54.369,41.601,33.68,14.892,23.271,11.865,0.194,0.1488,0.192,29.034,1.473,0.001953,0.007102,9.76,0.6443,0.4176,0.4195,-3.127,-1.565,-1.44,0.06019,0.8696,2.017,0.6231,0.7525,0.001078,92.049,4.046,2.48,0.0006754,5.989e-06,
C:\Users\sblee\Downloads\Aesthetics-Toolbox-main\split_1\05874177_6055_40fe_920a_79723240dd8c.png,1152,1.25,22.92,7.728,9.739,80.896,4.881,69.874,115.985,147.705,46.186,-4.307,-21.8105,0.582,0.5693,0.5809,53.492,60.06,59.43,22.92,8.102,7.256,0.05968,0.219,0.2329,38.753,13.81,-0.06563,0.02148,13.517,0.4659,0.4231,0.3843,-2.375,-1.246,-0.9876,0.01722,1.447,2.605,0.5039,0.7336,0.0005202,95.084,4.268,4.243,0.0003723,2.732e-05,
C:\Users\sblee\Downloads\Aesthetics-Toolbox-main\split_1\05894383_52b3_48c6_8455_40f6443e32b3.jpg,1280,0.6667,20.524,7.337,4.246,58.548,5.128,125.084,136.631,146.516,55.571,-1.8,-6.581,0.5952,0.1486,0.5759,44.828,52.73,55.299,20.524,3.035,3.795,0.1082,0.06284,0.2156,14.048,8.439,-0.0332,-0.02604,15.776,0.4185,0.4272,0.3897,-2.803,-1.424,-1.345,0.003617,1.17,2.287,0.6313,0.7613,0.0004778,88.593,4.452,4.386,0.0003511,2.607e-05,
C:\Users\sblee\Downloads\Aesthetics-Toolbox-main\split_1\0592f4ba_1351_447d_b557_86e5a203fab4.jpg,1216,0.7273,17.808,7.171,7.425,79.484,5.606,116.97,67.713,90.468,34.959,24.727,-4.421,0.9168,0.4838,0.4656,48.546,45.689,33.0,17.808,8.635,10.875,0.07243,0.1553,0.1837,61.537,4.445,0.02148,0.005682,10.22,0.4663,0.3493,0.3338,-2.382,-1.305,-1.241,0.007517,1.377,2.445,0.5149,0.7624,0.0007754,89.478,4.037,4.29,0.0002869,2.272e-05,
C:\Users\sblee\Downloads\Aesthetics-Toolbox-main\split_1\0595f25e_b67d_42ba_ba83_7df992b7ec7f.jpg,1216,0.7273,25.804,7.836,4.321,46.768,5.048,96.051,114.119,121.393,45.615,-4.501,-6.108,0.5692,0.2467,0.4794,52.972,66.317,66.071,25.804,5.404,2.976,0.09617,0.08755,0.2557,38.399,19.494,0.03516,0.09091,11.072,0.3623,0.3476,0.3043,-2.819,-1.392,-1.364,0.003055,1.179,2.33,0.5503,0.7222,0.0004199,88.952,4.296,4.265,0.0002783,2.182e-05,
C:\Users\sblee\Downloads\Aesthetics-Toolbox-main\split_1\05961010_7d5f_4dab_b40e_fa8784332eee.png,1152,1.25,25.745,7.582,13.777,107.601,6.86,133.142,121.799,129.203,51.446,6.876,-2.048,0.8633,0.2963,0.5699,58.439,66.196,64.823,25.745,7.435,14.613,0.2323,0.2573,0.2366,13.345,13.586,-0.0375,-0.05664,10.846,0.5257,0.3069,0.2869,-2.168,-1.064,-1.048,0.005008,1.577,2.687,0.6016,0.8169,0.0002869,89.945,4.014,4.376,0.0001509,1.298e-05,
C:\Users\sblee\Downloads\Aesthetics-Toolbox-main\split_1\05ac2abc_e807_4577_aeec_1259c39f4ec5.jpg,1280,0.6667,18.735,7.449,17.412,161.727,7.142,148.022,106.223,54.356,51.96,14.24,36.6,0.106,0.784,0.7033,80.048,63.134,50.512,18.735,38.296,31.116,0.1941,0.1983,0.2221,14.115,1.983,-0.003906,-0.009115,12.07,0.5885,0.5283,0.526,-1.931,-1.164,-1.018,0.02272,1.692,2.673,0.722,0.8312,0.0004893,99.665,4.568,4.525,0.000128,1.895e-05,
C:\Users\sblee\Downloads\Aesthetics-Toolbox-main\split_1\05b4b903_2e1d_4915_bc83_10a838f55e8a.jpg,1280,1.0,21.074,7.567,7.356,86.094,4.73,123.525,99.055,60.447,42.772,5.217,24.713,0.09356,0.5211,0.4896,59.129,52.131,34.015,21.074,5.266,16.138,0.0757,0.1812,0.2295,57.04,10.616,-0.03594,0.03906,8.045,0.4163,0.3625,0.3583,-2.716,-1.607,-1.307,0.0557,1.391,2.554,0.5899,0.7581,0.0004424,93.343,4.529,4.493,0.0002814,2.128e-05,
C:\Users\sblee\Downloads\Aesthetics-Toolbox-main\split_1\05b81f2b_cd53_4729_8a9b_1cff704a4fcb.jpg,2048,1.0,19.026,7.478,3.331,42.218,6.294,96.827,105.941,121.211,44.09,1.001,-9.429,0.6205,0.2925,0.4906,37.622,50.546,46.738,19.026,10.699,8.117,0.1127,0.1033,0.1814,23.0,8.813,-0.009766,0.04297,8.632,0.517,0.4126,0.4105,-2.809,-1.199,-1.199,0.01805,1.304,2.402,0.654,0.7335,0.0004401,94.428,4.458,4.37,0.0002952,2.23e-05,
C:\Users\sblee\Downloads\Aesthetics-Toolbox-main\split_1\05bb05b0_c7c0_4239_8f2f_66e16bddb59d.jpg,1024,1.0,29.37,7.711,12.249,154.237,6.437,117.088,149.798,89.147,57.305,-18.7732,25.021,0.3251,0.5385,0.6198,80.395,78.82,48.785,29.37,14.641,35.14,0.1759,0.1722,0.2849,32.107,6.176,0.0293,0.009766,7.698,0.4148,0.4169,0.4138,-3.144,-1.602,-1.49,0.03367,1.435,2.562,0.6354,0.8071,0.0006653,98.936,4.386,4.289,0.0002806,2.38e-05,
C:\Users\sblee\Downloads\Aesthetics-Toolbox-main\split_1\05e0fe61_df13_4bfc_8aa8_325e8c99cf60.jpg,1280,0.6667,12.552,5.611,0.7548,17.797,3.135,130.866,126.718,97.938,52.602,-2.197,15.028,0.1157,0.2064,0.5133,35.224,32.325,31.337,12.552,3.48,21.558,0.06052,0.2623,0.138,5.327,3.125,0.0,-0.01562,13.143,0.4805,0.4205,0.4679,-3.261,-1.503,-1.446,0.01767,0.925,2.008,0.4524,0.707,0.001249,76.303,4.317,3.078,0.0007901,1.683e-05,
C:\Users\sblee\Downloads\Aesthetics-Toolbox-main\split_1\05e44280_71cc_4352_b719_3ad7f23491ce.jpg,1216,0.7273,20.472,7.503,1.288,30.708,5.959,100.671,81.864,59.437,35.495,5.152,16.072,0.09274,0.4411,0.4082,51.551,51.943,37.778,20.472,9.944,10.564,0.09706,0.1549,0.2065,52.688,14.342,0.03516,0.0625,11.238,0.5228,0.3138,0.2796,-3.112,-1.638,-1.453,0.004241,0.8601,2.026,0.4981,0.6651,0.001149,90.239,4.41,2.534,0.0005285,1.389e-05,
C:\Users\sblee\Downloads\Aesthetics-Toolbox-main\split_1\05e499e7_d2bc_40bf_9cfb_5e2eb5fce9a4.jpg,1024,1.0,23.686,7.771,5.503,86.108,5.479,119.956,85.933,74.436,38.854,12.749,12.0,0.03332,0.4435,0.4705,60.751,59.411,48.108,23.686,7.647,8.216,0.04674,0.1718,0.2382,41.956,6.675,0.03125,0.01172,6.762,0.3834,0.3879,0.3364,-3.197,-1.577,-1.495,0.02265,1.183,2.33,0.5477,0.7518,0.0006751,92.382,4.183,4.319,0.0002393,2.294e-05,
C:\Users\sblee\Downloads\Aesthetics-Toolbox-main\split_1\05e9994e_ca9e_4dbd_b501_30e3a7e1aa9d.png,1024,1.0,22.987,7.362,13.61,140.522,7.048,116.162,110.12,108.758,47.218,4.338,3.31,0.02976,0.4288,0.5493,58.632,63.786,59.962,22.987,20.781,15.419,0.3385,0.1994,0.2172,19.929,10.156,0.01953,0.04688,7.895,0.5181,0.4151,0.4182,-2.729,-1.541,-1.101,0.1452,1.53,2.623,0.6367,0.8238,0.000451,98.884,4.433,4.491,0.0001911,1.854e-05,
C:\Users\sblee\Downloads\Aesthetics-Toolbox-main\split_1\0600330e_daa4_4b28_8924_4cce14a0594f.jpg,1024,1.0,24.773,7.674,5.049,57.665,5.855,102.852,86.049,78.773,36.833,5.596,6.231,0.9683,0.2914,0.4087,69.731,57.848,44.944,24.773,4.731,10.802,0.1545,0.1858,0.2698,30.238,20.373,-0.1016,-0.007812,16.399,0.2748,0.276,0.2877,-2.818,-1.404,-1.307,0.02544,1.203,2.406,0.5607,0.7235,0.0004774,92.043,4.46,4.401,0.0001845,2.201e-05,
C:\Users\sblee\Downloads\Aesthetics-Toolbox-main\split_1\060f9026_8fe4_4113_b850_fbc4b3a4d9bc.jpg,1024,1.0,19.506,6.23,7.333,100.284,5.092,83.842,135.865,121.715,53.905,-14.5029,4.096,0.4614,0.6617,0.5972,78.7,53.948,45.125,19.506,21.825,22.284,0.1709,0.1527,0.2046,80.601,5.975,0.005859,-0.0293,4.649,0.4151,0.3173,0.2741,-3.02,-1.496,-1.386,0.04074,1.302,2.415,0.4677,0.7778,0.0009842,91.001,3.634,4.161,0.0004218,2.634e-05,
C:\Users\sblee\Downloads\Aesthetics-Toolbox-main\split_1\060ff535_e6d3_4441_a9ab_c27a1a54c5e6.jpg,1216,0.7273,14.141,7.022,1.114,26.528,5.969,125.145,102.342,86.004,45.072,6.756,12.799,0.1196,0.3125,0.5036,50.25,34.436,23.925,14.141,12.042,9.991,0.1605,0.1522,0.1831,49.929,6.638,0.005859,-0.03267,11.954,0.49,0.452,0.4462,-3.113,-1.548,-1.458,0.03677,0.8277,2.054,0.5566,0.6633,0.001346,94.772,2.908,1.329,0.00063,1.532e-05,
C:\Users\sblee\Downloads\Aesthetics-Toolbox-main\split_1\0612ffd8_c947_441f_8f15_766d353fd89b.jpg,1408,1.75,22.659,7.675,7.71,79.977,5.828,130.775,115.734,75.088,49.302,2.069,24.415,0.1753,0.579,0.5797,86.625,51.943,30.174,22.659,17.909,22.291,0.2192,0.1605,0.2757,18.869,3.53,-0.01116,-0.01367,15.623,0.4918,0.241,0.2348,-2.775,-1.488,-1.441,0.00565,1.371,2.477,0.7533,0.7249,0.0003676,98.278,4.4,4.31,0.0002752,3.162e-05,
C:\Users\sblee\Downloads\Aesthetics-Toolbox-main\split_1\06135ed6_4b6e_436b_a586_35f8b5acdef9.jpg,1024,1.0,30.683,7.304,8.171,70.702,6.484,74.122,106.239,90.858,41.026,-10.6766,3.819,0.5537,0.5732,0.4576,69.355,82.288,43.528,30.683,20.425,21.128,0.2345,0.1515,0.2825,35.032,20.559,-0.02539,-0.09961,13.812,0.46,0.2631,0.2478,-2.674,-1.255,-1.285,0.02151,1.328,2.497,0.5228,0.7324,0.0004649,91.589,4.033,4.246,0.0002393,2.811e-05,
C:\Users\sblee\Downloads\Aesthetics-Toolbox-main\split_1\06252721_a478_4ad7_a834_3dc03b843210.jpg,2048,3.0,12.949,6.592,3.018,61.382,3.932,127.217,100.751,85.771,44.656,8.276,12.619,0.06063,0.3299,0.4999,35.099,31.157,25.828,12.949,6.553,4.184,0.04504,0.1002,0.1367,6.16,1.105,0.003906,0.003906,23.559,0.415,0.3929,0.3598,-2.905,-1.795,-1.562,0.00574,1.283,2.34,0.5928,0.7558,0.0005122,99.705,4.47,4.412,0.0004439,2.067e-05,
C:\Users\sblee\Downloads\Aesthetics-Toolbox-main\split_1\062f6d49_a2f1_47b7_a660_4529c8b16baf.jpg,1344,0.6154,18.778,6.755,4.461,55.958,6.287,101.374,112.098,115.665,46.305,-2.847,-3.122,0.5468,0.2376,0.4875,44.69,53.257,41.639,18.778,15.826,11.085,0.1397,0.1095,0.1983,71.53,6.022,-0.001953,-0.03005,20.072,0.4005,0.3691,0.3137,-2.711,-1.414,-1.286,0.00256,1.405,2.394,0.5657,0.6867,0.0004729,80.938,4.284,4.317,0.0002979,2.434e-05,
C:\Users\sblee\Downloads\Aesthetics-Toolbox-main\split_1\063874da_65cf_42ed_ac55_d04c10f8c222.jpg,1408,1.75,26.058,7.857,10.734,69.115,6.59,123.558,101.66,125.514,44.768,13.077,-9.575,0.8147,0.2433,0.5182,73.239,61.539,67.912,26.058,11.806,7.639,0.1261,0.1412,0.2874,29.376,2.047,-0.01004,-0.001953,20.528,0.4732,0.4789,0.4178,-2.689,-1.229,-1.324,0.01854,1.443,2.515,0.7378,0.7505,0.0002742,96.768,4.437,4.336,0.0001467,2.252e-05,
C:\Users\sblee\Downloads\Aesthetics-Toolbox-main\split_1\06432574_3d40_4b6f_abd5_303d3bb8fb2f_1700151004572_85.jpg,1152,1.25,25.705,7.8,6.438,105.887,5.403,104.342,90.478,57.65,37.898,1.082,20.502,0.1097,0.5549,0.4104,65.105,64.291,59.262,25.705,7.953,11.292,0.05852,0.2286,0.256,49.127,9.042,0.01406,0.04297,13.169,0.5047,0.3284,0.3103,-3.228,-1.424,-1.557,0.01351,1.199,2.334,0.5961,0.7537,0.0007179,95.661,4.33,4.279,0.0002677,2.326e-05,
C:\Users\sblee\Downloads\Aesthetics-Toolbox-main\split_1\064c067f_ca05_4da3_a768_bd7d3ce906ea.jpg,1024,1.0,20.392,7.378,10.067,93.239,5.532,120.402,82.908,54.222,38.077,12.596,21.176,0.03347,0.4423,0.473,67.007,48.058,18.256,20.392,10.218,21.979,0.09503,0.2444,0.2618,56.311,4.72,-0.02148,0.009766,6.491,0.5308,0.4822,0.4517,-2.719,-1.296,-1.361,0.009225,1.497,2.57,0.7178,0.7934,0.000345,93.438,4.14,4.325,0.0001249,2.096e-05,
C:\Users\sblee\Downloads\Aesthetics-Toolbox-main\split_1\065dcee2_ced3_4cf2_a584_8bb04c04ef44.jpg,1024,1.0,24.657,7.481,5.348,68.403,7.313,93.96,110.425,98.928,44.583,-5.59,4.5,0.4559,0.4675,0.4936,52.143,67.985,43.51,24.657,18.612,17.71,0.2864,0.1734,0.2215,36.791,9.859,-0.04102,0.02734,12.591,0.4389,0.2219,0.1985,-2.827,-1.501,-1.283,0.07768,1.278,2.363,0.3352,0.6385,0.00114,90.836,3.622,3.976,0.0004376,4.509e-05,
C:\Users\sblee\Downloads\Aesthetics-Toolbox-main\split_1\0685d1e9_648a_4bec_9ca9_b2125f3d4cea.jpg,1024,1.0,26.919,7.652,5.525,78.937,6.423,91.54,80.78,74.236,34.178,4.611,6.019,0.04104,0.4535,0.3921,57.195,69.699,65.4,26.919,9.583,9.603,0.1783,0.2422,0.2533,46.796,15.239,0.07617,-0.001953,11.994,0.3447,0.4485,0.3219,-3.309,-1.67,-1.483,0.02705,1.158,2.355,0.518,0.6985,0.0009329,89.305,4.257,4.161,0.0003412,3.395e-05,
C:\Users\sblee\Downloads\Aesthetics-Toolbox-main\split_1\0686e494_72b5_48c9_8189_2c396eae68c9.png,1216,0.7273,30.591,7.258,26.14,222.458,6.167,99.27,86.56,68.919,36.102,2.388,11.325,0.08915,0.2874,0.3932,83.691,73.28,59.256,30.591,7.608,13.471,0.1617,0.1912,0.3275,29.402,3.242,-0.007812,-0.0142,11.221,0.5946,0.5894,0.5881,-2.221,-1.085,-1.054,0.002669,1.698,2.779,0.8349,0.879,0.0003194,98.89,4.366,4.521,0.0001253,9.384e-06,
C:\Users\sblee\Downloads\Aesthetics-Toolbox-main\split_1\068cc086_0c74_4195_a108_2f874b84fa61.jpg,1024,1.0,24.268,7.349,12.294,122.592,6.782,81.363,151.716,173.005,64.8,-7.151,-10.4362,0.5741,0.8375,0.8277,83.502,95.883,59.23,24.268,58.903,39.605,0.1978,0.1848,0.208,10.299,5.093,-0.01367,-0.02148,4.694,0.5172,0.497,0.4747,-2.899,-1.705,-1.256,0.1826,1.31,2.487,0.6578,0.8123,0.0004988,96.357,4.516,4.511,0.0002087,1.289e-05,
C:\Users\sblee\Downloads\Aesthetics-Toolbox-main\split_1\068dc52b_5579_4392_b540_1f15569110d8.png,1024,1.0,19.92,5.764,5.013,75.701,4.194,128.745,128.995,131.79,53.278,0.5681,-1.684,0.6621,0.05488,0.5183,48.973,49.15,46.611,19.92,1.178,3.228,0.1469,0.08998,0.1818,15.878,5.524,0.01953,0.01953,6.938,0.4407,0.3182,0.2914,-3.336,-1.619,-1.584,0.0145,1.244,2.391,0.5233,0.7411,0.0008577,90.425,4.519,4.426,0.000615,2.329e-05,
C:\Users\sblee\Downloads\Aesthetics-Toolbox-main\split_1\06944078_2065_49c2_8534_535b470f98a9.jpg,1024,1.0,12.723,6.664,7.922,73.063,5.401,151.349,89.589,62.488,46.62,27.659,27.027,0.02933,0.7594,0.6759,74.86,31.533,40.726,12.723,18.634,31.286,0.1424,0.1565,0.1811,42.075,1.235,-0.001953,-0.005859,3.405,0.7555,0.7432,0.7237,-2.662,-1.291,-1.246,0.04265,1.475,2.521,0.5669,0.7479,0.0007963,99.095,4.546,3.544,0.0003377,3.124e-05,
C:\Users\sblee\Downloads\Aesthetics-Toolbox-main\split_1\06a29923_302e_4d38_8b50_389fd7097795.png,1024,1.0,33.887,7.16,14.661,247.508,5.421,117.083,100.061,90.624,42.022,6.103,8.391,0.04362,0.2523,0.4625,87.522,86.023,87.619,33.887,10.937,13.612,0.1591,0.2921,0.3448,49.883,4.72,-0.02148,-0.009766,6.495,0.7144,0.4799,0.472,-3.229,-1.907,-1.416,0.1649,1.392,2.688,0.6166,0.8636,0.0008456,95.873,3.763,4.102,0.0002327,1.751e-05,
C:\Users\sblee\Downloads\Aesthetics-Toolbox-main\split_1\06b391ee_f362_44c4_9602_43643b55cd3b.jpg,1536,2.0,15.168,7.231,9.214,66.915,6.02,90.734,70.228,54.169,31.23,6.973,12.908,0.06675,0.4179,0.3635,39.879,36.584,31.27,15.168,6.895,12.192,0.1187,0.2039,0.1608,51.804,4.301,0.0009766,0.02148,20.629,0.545,0.4745,0.4548,-2.173,-1.064,-0.9819,0.005976,1.544,2.539,0.7297,0.8113,0.000235,94.221,4.565,4.505,0.0001151,1.44e-05,
C:\Users\sblee\Downloads\Aesthetics-Toolbox-main\split_1\06d07ed5_c6f1_41f9_a049_5a2054fba502.jpg,1152,0.8,27.545,7.63,17.345,156.73,6.54,121.154,85.487,93.038,43.115,15.049,7.352,0.1312,0.5404,0.551,84.12,79.173,68.156,27.545,30.514,20.952,0.2754,0.3782,0.3061,47.416,12.677,-0.06055,-0.01875,14.073,0.4064,0.4357,0.4054,-2.585,-1.565,-1.204,0.0501,1.535,2.617,0.6663,0.797,0.0005443,94.399,4.354,4.312,0.0001715,2.413e-05,
C:\Users\sblee\Downloads\Aesthetics-Toolbox-main\split_1\06dbfac5_af63_4e88_931a_da5dcf173e5c.png,1280,1.5,23.017,7.612,7.036,47.308,5.764,95.764,105.989,99.319,42.914,-4.121,2.923,0.3881,0.2515,0.4439,44.045,61.048,57.92,23.017,10.102,5.813,0.2426,0.1164,0.2231,44.204,8.908,-0.04297,0.01172,21.376,0.2911,0.3448,0.283,-2.299,-1.074,-1.073,0.01019,1.383,2.61,0.4716,0.6984,0.0004533,88.589,4.364,4.328,0.0002738,2.545e-05,
C:\Users\sblee\Downloads\Aesthetics-Toolbox-main\split_1\06e19689_7611_4243_941b_c92011e34446.jpg,1344,1.625,22.048,7.536,6.29,61.837,6.1,97.3,72.767,118.748,34.599,20.626,-22.2384,0.7493,0.4687,0.4751,62.35,53.587,52.678,22.048,12.024,7.375,0.07889,0.1515,0.2222,67.615,20.004,-0.03486,0.09375,21.12,0.4518,0.3914,0.3726,-2.317,-1.142,-1.128,0.001954,1.259,2.488,0.632,0.7308,0.0008071,78.397,4.194,4.346,0.0002759,2.544e-05,
C:\Users\sblee\Downloads\Aesthetics-Toolbox-main\split_1\06eca208_d80c_4606_842e_2e5b928e1564.jpg,1024,1.0,29.063,7.711,7.194,69.973,4.912,113.913,98.138,60.304,40.596,1.235,22.772,0.1092,0.5532,0.4468,72.619,73.401,52.619,29.063,5.813,11.445,0.03638,0.1795,0.2847,43.476,30.389,-0.1445,0.04688,20.165,0.3267,0.3744,0.3462,-2.67,-1.327,-1.221,0.02227,1.324,2.507,0.6567,0.7859,0.0004679,84.095,4.443,4.405,0.0002209,2.682e-05,
C:\Users\sblee\Downloads\Aesthetics-Toolbox-main\split_1\06ee5690_137b_47aa_9ea5_97f5b4780a65.jpg,1024,1.0,27.562,7.563,14.009,184.852,7.294,156.161,98.193,126.206,50.794,25.989,-0.9963,0.94,0.5161,0.6654,76.544,85.989,69.286,27.562,29.42,20.615,0.1812,0.3036,0.2696,53.608,5.524,-0.003906,-0.02734,5.048,0.4616,0.4442,0.4315,-2.821,-1.476,-1.27,0.04835,1.454,2.537,0.686,0.8199,0.0005419,96.243,4.48,4.513,0.000196,1.879e-05,
C:\Users\sblee\Downloads\Aesthetics-Toolbox-main\split_1\06fa714f_6715_4818_979c_b3f0b442b105.png,1536,2.0,25.294,7.802,7.781,99.322,6.847,118.502,116.579,107.196,47.722,-0.6211,5.118,0.1227,0.1328,0.4726,60.903,63.889,53.765,25.294,3.868,7.342,0.1684,0.09373,0.2425,25.542,12.459,-0.01465,0.06055,24.09,0.4469,0.4465,0.4132,-2.644,-1.329,-1.315,0.00293,1.381,2.469,0.7354,0.8096,0.0004066,97.352,4.335,4.437,0.000165,1.997e-05,
C:\Users\sblee\Downloads\Aesthetics-Toolbox-main\split_1\06fa8872_60b9_4ac2_ab68_e30d24b6d4dd.jpg,1024,1.0,23.801,7.544,9.099,94.716,6.611,91.193,89.695,91.381,37.278,1.997,-0.2152,0.09575,0.336,0.4195,64.106,55.454,64.975,23.801,4.792,15.575,0.2379,0.1986,0.2658,31.849,6.641,-0.01562,-0.0293,10.955,0.565,0.3997,0.3905,-2.768,-1.276,-1.317,0.01655,1.237,2.539,0.6595,0.8005,0.0005332,93.285,3.096,3.671,0.0001768,2.217e-05,
C:\Users\sblee\Downloads\Aesthetics-Toolbox-main\split_1\07089b8e_9e6a_472b_a906_661424726537.jpg,1280,1.5,19.397,7.061,7.942,93.92,4.366,115.946,127.16,148.504,52.671,2.208,-12.5673,0.6435,0.2637,0.5878,53.947,47.895,48.648,19.397,3.093,11.484,0.1318,0.2568,0.1909,4.707,1.747,-0.003906,-0.007812,13.667,0.49,0.1409,0.1414,-2.339,-1.243,-1.106,0.008452,1.344,2.565,0.3792,0.7167,0.0006626,79.621,3.184,3.834,0.0003164,1.391e-05,
C:\Users\sblee\Downloads\Aesthetics-Toolbox-main\split_1\0708a06e_8ea4_4a04_8809_02af1eb69b3d.jpg,1152,1.25,19.032,7.124,14.18,36.912,4.688,81.908,53.198,35.984,24.405,10.878,14.605,0.02669,0.5012,0.3212,54.949,43.562,20.781,19.032,5.766,15.934,0.04316,0.18,0.2155,59.446,27.364,0.1109,0.08008,25.662,0.491,0.5347,0.4739,-1.529,-0.7496,-0.6616,0.04987,1.558,2.666,0.7777,0.7963,0.0001076,77.543,4.499,4.466,9.078e-05,1.164e-05,
C:\Users\sblee\Downloads\Aesthetics-Toolbox-main\split_1\0709f166_04bb_4fc3_95a9_0e614d7eda5e.jpg,1216,0.7273,26.083,7.751,9.06,82.045,5.392,115.898,87.347,80.42,38.568,10.923,8.256,0.01524,0.3946,0.4545,66.695,64.222,53.619,26.083,4.612,6.804,0.04962,0.1816,0.2616,36.936,28.036,0.1191,0.07386,16.331,0.4541,0.477,0.392,-2.343,-1.279,-1.151,0.004059,1.431,2.556,0.6579,0.8163,0.0003166,88.909,4.467,4.491,0.0001451,1.363e-05,
C:\Users\sblee\Downloads\Aesthetics-Toolbox-main\split_1\07114681_3836_48d3_a3de_e2994fb0a62e.jpg,1024,1.0,25.732,7.507,9.295,129.766,7.116,159.22,144.739,120.392,60.666,4.796,14.191,0.04902,0.4835,0.6962,84.253,67.138,50.77,25.732,17.987,29.323,0.2278,0.2337,0.2607,18.742,1.657,0.005859,0.005859,4.765,0.4478,0.3865,0.3685,-3.0,-1.633,-1.344,0.1084,1.266,2.43,0.5242,0.79,0.0009228,96.347,4.502,4.474,0.000536,3.553e-05,
C:\Users\sblee\Downloads\Aesthetics-Toolbox-main\split_1\0713c4fa_0751_448b_b175_826c579896ab.jpg,1024,1.0,17.559,7.389,0.9139,17.359,6.328,101.724,95.512,145.484,44.412,15.903,-23.8394,0.7185,0.5495,0.5772,27.015,59.835,39.506,17.559,25.274,7.833,0.1369,0.1759,0.152,27.048,10.804,-0.01172,-0.05273,10.155,0.7595,0.4254,0.4068,-3.025,-1.62,-1.456,0.002558,0.8032,2.012,0.5313,0.6771,0.001094,93.353,4.039,2.705,0.0009136,4.681e-06,
C:\Users\sblee\Downloads\Aesthetics-Toolbox-main\split_1\07148a74_ce46_4ccb_8076_f61be0ea7072.jpg,1024,1.0,23.338,7.574,3.675,35.637,5.769,93.17,88.912,77.002,36.748,0.3218,7.639,0.1447,0.2743,0.3795,49.294,59.914,53.208,23.338,6.523,4.895,0.112,0.2,0.2099,46.46,19.613,-0.06836,0.07031,19.51,0.2732,0.3494,0.2627,-2.737,-1.241,-1.383,0.008631,1.309,2.424,0.5632,0.6009,0.0005279,86.385,4.02,3.705,0.0002225,2.675e-05,
C:\Users\sblee\Downloads\Aesthetics-Toolbox-main\split_1\071b8cff_5ba8_4064_8581_46c3f61c64ed.jpg,1344,1.625,26.925,7.773,7.51,114.438,4.637,110.73,107.203,111.094,44.479,2.609,-1.444,0.8601,0.1433,0.4523,65.517,68.157,66.859,26.925,5.951,5.798,0.165,0.2206,0.2541,35.954,4.593,-0.01683,0.01562,14.146,0.3999,0.2563,0.258,-2.676,-1.464,-1.347,0.002831,1.283,2.388,0.543,0.7973,0.0007944,95.769,4.325,4.419,0.0002976,3.014e-05,
C:\Users\sblee\Downloads\Aesthetics-Toolbox-main\split_1\0731f3b5_3fa2_40ca_b210_14e71cf2da23.jpg,1152,1.25,21.593,7.706,6.673,88.49,5.168,125.237,108.033,88.511,46.113,4.049,13.236,0.09102,0.2971,0.4921,60.01,52.881,44.743,21.593,9.174,13.47,0.07987,0.2178,0.2338,21.287,10.017,-0.04063,0.0293,9.641,0.2369,0.2996,0.1484,-2.83,-1.594,-1.359,0.02444,1.361,2.459,0.5688,0.7854,0.0005245,96.607,4.265,4.416,0.0001967,2.479e-05,
C:\Users\sblee\Downloads\Aesthetics-Toolbox-main\split_1\073bf46a_77a3_4f0e_b54f_42eb76cb4874.jpg,1024,1.0,24.805,5.834,11.766,139.92,4.065,101.757,110.943,118.926,45.165,-1.62,-5.734,0.5813,0.2088,0.4699,65.834,62.754,62.301,24.805,2.42,2.994,0.08494,0.1085,0.2452,47.493,0.7812,0.003906,0.0,5.049,0.748,0.5017,0.4981,-2.699,-1.319,-1.268,0.01902,1.481,2.562,0.6615,0.8665,0.0007383,92.747,4.48,4.492,0.0003871,2.234e-05,
C:\Users\sblee\Downloads\Aesthetics-Toolbox-main\split_1\073c6892_f2cf_4f6e_b2ea_803e62e80aaa.jpg,1216,0.7273,28.449,7.743,13.337,171.738,7.589,99.959,89.481,64.936,41.325,3.833,17.483,0.1245,0.7541,0.552,87.051,80.264,61.17,28.449,40.873,38.495,0.3031,0.2033,0.3473,33.947,9.974,0.003906,0.04972,7.569,0.5276,0.4523,0.4186,-2.683,-1.591,-1.431,0.01658,1.471,2.579,0.6917,0.7799,0.0005267,97.586,4.548,4.526,0.0002262,2.178e-05,
C:\Users\sblee\Downloads\Aesthetics-Toolbox-main\split_1\074bbb65_4baa_40ce_81f2_ba6b9560c8cc.jpg,1152,0.8,23.164,7.764,10.041,113.041,6.574,140.33,64.646,62.604,38.711,31.338,17.129,0.9395,0.725,0.5984,84.474,58.113,39.027,23.164,22.184,31.309,0.1804,0.1748,0.2904,43.832,5.613,0.01758,-0.02187,13.148,0.4311,0.3929,0.3622,-2.632,-1.58,-1.255,0.04418,1.521,2.46,0.6857,0.7528,0.0005977,95.639,4.347,4.423,0.0002535,3.135e-05,
C:\Users\sblee\Downloads\Aesthetics-Toolbox-main\split_1\074f2c6b_6fc6_42c4_a2e6_e2d590a61399.jpg,1024,1.0,25.652,7.858,12.313,125.842,5.793,110.912,97.786,85.625,41.172,3.616,8.751,0.06816,0.298,0.4443,67.577,63.803,58.139,25.652,5.145,10.133,0.1455,0.1735,0.2597,49.982,14.219,-0.06836,0.01953,10.698,0.4862,0.4656,0.4248,-2.821,-1.399,-1.28,0.03252,1.479,2.549,0.7322,0.8013,0.0003801,94.703,4.548,4.469,0.0001531,1.502e-05,
C:\Users\sblee\Downloads\Aesthetics-Toolbox-main\split_1\07538340_3844_4c8a_aefc_f3ed6a4e78c2.jpg,1344,1.625,21.383,7.443,12.322,113.458,7.558,79.261,66.586,75.977,30.666,8.652,-2.095,0.7412,0.5081,0.3976,63.425,56.141,33.442,21.383,26.057,15.895,0.2179,0.2039,0.243,58.047,9.286,-0.03245,0.0332,17.02,0.4695,0.4623,0.421,-2.146,-1.175,-1.058,0.005116,1.575,2.6,0.5919,0.7889,0.0005852,91.893,4.154,4.266,0.0001199,2.524e-05,
C:\Users\sblee\Downloads\Aesthetics-Toolbox-main\split_1\075465cb_e25b_45e6_b49d_1aae686c8997.jpg,1280,0.6667,27.973,7.401,12.652,135.072,5.375,148.134,125.209,114.383,52.85,7.241,8.691,0.0228,0.2687,0.5814,73.606,68.784,56.766,27.973,3.14,7.579,0.08258,0.1025,0.2878,20.523,9.842,0.02148,-0.04427,17.608,0.4736,0.4448,0.461,-2.574,-1.343,-1.198,0.004617,1.486,2.552,0.6881,0.816,0.0004402,96.226,4.464,4.501,0.0003008,1.818e-05,
C:\Users\sblee\Downloads\Aesthetics-Toolbox-main\split_1\075f26a9_2368_4d6d_b739_b940e8b065f9.jpg,1024,1.0,7.264,6.642,0.8628,12.115,6.874,115.503,105.335,95.969,45.646,3.388,7.302,0.1075,0.2858,0.4905,37.464,18.827,12.808,7.264,12.509,10.786,0.2043,0.1911,0.1011,52.835,0.8735,0.001953,0.003906,2.644,0.6609,0.3765,0.3167,-2.976,-1.494,-1.379,0.009238,0.8333,2.016,0.6262,0.7574,0.001024,88.006,3.708,2.503,0.0006126,8.774e-06,
C:\Users\sblee\Downloads\Aesthetics-Toolbox-main\split_1\0760798b_3c32_45d1_bee0_553fbebcb6b2.jpg,1216,0.7273,24.071,7.631,8.145,79.597,6.682,90.975,94.035,93.727,39.479,2.244,0.8806,0.8941,0.4166,0.4534,73.438,60.924,52.949,24.071,15.089,10.793,0.2894,0.2684,0.258,60.11,10.627,-0.007812,0.05256,12.36,0.7196,0.4001,0.4004,-2.57,-1.09,-1.252,0.009521,1.43,2.478,0.708,0.7737,0.0003813,93.439,4.399,4.49,0.0001552,2.397e-05,
C:\Users\sblee\Downloads\Aesthetics-Toolbox-main\split_1\0782f742_ad78_4a94_a946_8dd1bdbe5f05.jpg,2048,1.0,22.125,7.751,16.1,122.395,4.861,114.115,120.814,94.626,48.838,-6.778,13.258,0.1838,0.3286,0.477,58.502,54.287,72.306,22.125,9.006,16.159,0.1555,0.3741,0.214,38.297,8.067,0.004883,-0.04004,6.641,0.5962,0.531,0.5105,-2.235,-1.028,-0.9664,0.006512,1.709,2.72,0.695,0.8492,0.0001374,96.521,4.391,4.521,0.0001211,7.926e-06,
C:\Users\sblee\Downloads\Aesthetics-Toolbox-main\split_1\078efb96_9d24_4ae5_b3dc_fc24fb8ba5e4.jpg,1024,1.0,20.726,7.29,1.234,27.561,6.291,147.035,140.857,141.991,58.638,3.456,0.3764,0.4839,0.1919,0.6144,42.395,57.271,48.332,20.726,11.04,6.838,0.3333,0.151,0.1764,19.099,14.342,0.03516,-0.0625,9.88,0.494,0.3813,0.3534,-3.049,-1.663,-1.462,0.001382,0.8226,2.031,0.4659,0.7132,0.001481,90.406,3.872,2.141,0.0007182,9.119e-06,
C:\Users\sblee\Downloads\Aesthetics-Toolbox-main\split_1\079d4f17_9c50_4cdc_ad49_cf03bbf71d37.jpg,1216,0.7273,22.064,7.401,13.473,134.912,7.525,85.532,49.248,55.446,27.113,18.707,4.782,0.9152,0.7822,0.4069,58.422,60.193,54.911,22.064,22.467,29.556,0.1834,0.2337,0.2429,55.879,9.021,-0.009766,0.04403,8.366,0.4995,0.434,0.4224,-2.206,-1.28,-1.125,0.012,1.532,2.567,0.6078,0.8221,0.0004284,96.592,4.484,4.508,0.0001825,2.361e-05,
C:\Users\sblee\Downloads\Aesthetics-Toolbox-main\split_1\07a214b0_90a2_4ec3_9101_2365df6b3fda.png,1216,0.7273,27.127,7.941,7.772,128.311,7.002,134.065,104.175,150.589,48.704,22.4,-18.5367,0.7852,0.4899,0.6523,66.243,75.528,74.323,27.127,19.449,18.388,0.1474,0.2135,0.2808,46.93,6.017,-0.003906,0.02983,11.029,0.6845,0.4423,0.436,-3.163,-1.751,-1.569,0.005406,1.341,2.388,0.5863,0.7456,0.000716,95.514,4.544,4.322,0.0002252,2.317e-05,
C:\Users\sblee\Downloads\Aesthetics-Toolbox-main\split_1\07c28b92_87c9_4ba7_ab5d_5a3daa5f549d.jpg,1024,1.0,16.294,4.698,8.5,90.296,2.107,122.109,122.126,122.676,50.78,0.1198,-0.2967,0.9555,0.02283,0.4823,38.778,39.246,39.048,16.294,0.7111,0.9744,0.1598,0.07804,0.152,6.514,1.611,-0.001953,-0.007812,2.5,0.7695,0.4386,0.438,-2.618,-1.385,-1.135,0.05862,1.546,2.555,0.359,0.7903,0.0008121,85.587,4.292,4.476,0.0005614,1.698e-05,
C:\Users\sblee\Downloads\Aesthetics-Toolbox-main\split_1\07cfff62_5cc3_4bcc_b427_be811ba3feab.jpg,1280,1.5,17.709,7.306,3.561,45.542,6.317,121.824,84.487,80.869,39.371,15.417,7.776,0.9689,0.3657,0.4816,56.467,41.846,24.503,17.709,8.112,15.012,0.09795,0.14,0.2188,46.475,9.678,0.04427,0.01953,17.17,0.3875,0.3914,0.353,-2.756,-1.41,-1.367,0.001939,1.146,2.309,0.6899,0.7665,0.0004268,90.476,4.45,4.454,0.0002007,2.416e-05,
C:\Users\sblee\Downloads\Aesthetics-Toolbox-main\split_1\07db264c_8c7d_4769_a560_dada5ba61338.jpg,1216,0.7273,29.185,7.739,6.999,112.166,3.734,113.257,100.479,79.395,41.578,1.63,13.423,0.1052,0.3546,0.4443,76.801,72.18,63.074,29.185,1.5,6.543,0.03429,0.1335,0.301,57.951,3.775,-0.003906,-0.01847,12.988,0.5448,0.3717,0.339,-3.025,-1.541,-1.395,0.01338,1.199,2.436,0.5922,0.7166,0.0009327,93.097,4.273,4.354,0.0003226,2.957e-05,
C:\Users\sblee\Downloads\Aesthetics-Toolbox-main\split_1\07eb1650_46fc_4734_8522_1ec9f571825b.jpg,1024,1.0,25.64,7.217,6.502,68.652,6.187,112.148,110.733,100.349,45.54,-1.319,5.835,0.1319,0.2128,0.4527,63.372,63.202,58.065,25.64,4.179,6.106,0.1805,0.2101,0.2461,10.187,8.839,0.03125,-0.03125,8.082,0.3861,0.3133,0.2253,-2.679,-1.334,-1.172,0.05452,1.307,2.489,0.4672,0.6294,0.0007462,98.161,4.445,4.372,0.0002842,3.294e-05,
C:\Users\sblee\Downloads\Aesthetics-Toolbox-main\split_1\0803b3de_c9d5_4193_807d_999f2c333a4c.png,1152,2.0,26.303,7.477,4.528,61.854,6.218,115.646,134.029,138.158,53.712,-4.685,-4.181,0.5056,0.2166,0.5521,75.502,67.381,67.565,26.303,6.323,9.07,0.1865,0.2042,0.2646,37.366,17.313,-0.08073,-0.03125,24.33,0.3714,0.4002,0.3495,-3.013,-1.521,-1.433,0.004861,1.14,2.358,0.6695,0.7591,0.0005095,89.09,4.494,4.386,0.0002711,2.504e-05,
C:\Users\sblee\Downloads\Aesthetics-Toolbox-main\split_1\08099c46_b3f2_40f4_ab97_45a00076e97a.jpg,1024,1.0,39.553,5.975,9.491,154.976,3.811,146.877,85.268,88.523,45.459,22.074,15.259,0.02826,0.4796,0.5768,103.016,113.491,110.874,39.553,28.989,20.421,0.1054,0.4738,0.404,48.586,7.967,-0.007812,-0.03906,12.929,0.4015,0.3062,0.3148,-3.062,-1.574,-1.362,0.05067,1.319,2.434,0.5706,0.7664,0.0007193,93.668,4.405,4.438,0.0004392,3.3e-05,
C:\Users\sblee\Downloads\Aesthetics-Toolbox-main\split_1\080c95e8_40f2_45bd_b23c_6e309317f746.jpg,1024,1.0,23.198,7.578,4.071,63.444,5.207,144.012,100.436,81.286,46.052,15.906,18.714,0.05109,0.4933,0.5648,51.327,63.166,50.816,23.198,9.853,4.676,0.04254,0.17,0.2013,27.162,15.552,-0.0332,-0.07031,9.838,0.3979,0.3734,0.343,-3.174,-1.595,-1.499,0.01144,1.125,2.288,0.5832,0.6869,0.0007542,96.362,4.366,4.304,0.000335,2.756e-05,
C:\Users\sblee\Downloads\Aesthetics-Toolbox-main\split_1\080e4227_bf28_44ce_942f_33d2312ca235.jpg,1152,0.8,23.307,7.632,7.789,77.727,5.243,130.631,77.077,56.024,38.136,19.971,22.275,0.03873,0.6156,0.5128,62.047,59.705,42.265,23.307,11.961,11.658,0.04357,0.1721,0.2435,43.917,13.838,0.007812,0.06875,10.491,0.4,0.44,0.3777,-2.531,-1.27,-1.249,0.00387,1.35,2.468,0.6876,0.8103,0.0003558,92.835,4.494,4.492,0.0002581,2.144e-05,
C:\Users\sblee\Downloads\Aesthetics-Toolbox-main\split_1\08107f13_9799_4b5d_ac80_3ca18e4c5c2a.jpg,1024,1.0,9.662,6.508,1.395,18.707,5.798,136.051,111.299,78.631,49.585,6.298,22.57,0.1051,0.4728,0.5931,43.853,31.384,21.98,9.662,25.148,15.56,0.1328,0.1771,0.1326,49.467,6.652,0.02148,-0.02539,4.303,0.38,0.3152,0.2349,-3.355,-1.617,-1.658,0.01438,1.088,2.204,0.3651,0.4268,0.0009249,82.66,3.732,3.548,0.000955,2.268e-05,
C:\Users\sblee\Downloads\Aesthetics-Toolbox-main\split_1\08165884_b464_4e02_9ef6_7b7dcd99a4ce.jpg,1216,0.7273,28.105,7.774,8.598,125.592,6.136,107.501,83.914,90.397,36.868,11.196,0.08155,0.9421,0.3698,0.4224,69.254,70.162,66.228,28.105,6.656,8.458,0.09227,0.2281,0.2716,50.55,1.705,0.0,0.008523,9.819,0.5386,0.3899,0.3782,-2.929,-1.601,-1.431,0.006186,1.263,2.392,0.6906,0.8087,0.0005766,98.227,4.538,4.483,0.0002186,1.876e-05,
C:\Users\sblee\Downloads\Aesthetics-Toolbox-main\split_1\0817ca39_aed4_4acd_acec_ec75a143e567.jpg,1024,1.0,21.845,6.6,5.761,71.254,7.164,88.811,69.144,81.279,34.743,14.796,-2.696,0.7664,0.67,0.4921,57.985,68.052,48.044,21.845,34.425,36.733,0.2155,0.1801,0.2672,72.285,3.494,0.007812,-0.01562,7.891,0.5726,0.3404,0.3207,-3.494,-1.777,-1.69,0.03855,1.214,2.419,0.5356,0.7156,0.0007876,86.082,4.323,4.091,0.0003064,2.487e-05,
C:\Users\sblee\Downloads\Aesthetics-Toolbox-main\split_1\0822f633_d399_4ac2_8933_05ada6a8076a.jpg,1216,0.7273,25.657,7.774,7.939,63.381,5.656,123.006,96.374,61.799,41.681,6.76,22.991,0.0732,0.5243,0.4826,63.68,65.455,41.658,25.657,9.471,14.547,0.06615,0.1697,0.2494,34.25,25.261,-0.1113,0.05966,14.103,0.4116,0.4565,0.3908,-2.372,-1.156,-1.167,0.007579,1.433,2.528,0.6341,0.7988,0.0002751,90.342,4.468,4.45,0.0001297,2.05e-05,
C:\Users\sblee\Downloads\Aesthetics-Toolbox-main\split_1\0824d72a_d379_4d34_baec_a9edc45dfc03.jpg,1280,0.6667,25.291,7.789,16.358,125.019,4.496,113.952,99.477,90.245,42.063,4.204,7.152,0.05794,0.2983,0.447,63.864,61.47,58.05,25.291,2.531,4.411,0.03861,0.236,0.2504,30.104,3.338,0.005859,0.01562,13.533,0.5649,0.5099,0.494,-2.23,-1.022,-1.001,0.005386,1.588,2.713,0.5786,0.8424,0.0003114,97.176,4.495,4.485,0.0001517,1.867e-05,
C:\Users\sblee\Downloads\Aesthetics-Toolbox-main\split_1\082e2650_2cca_4d7f_9d74_37d5f9806a9e.jpg,1216,0.7273,27.742,7.415,14.494,220.183,7.445,130.175,144.213,115.931,62.619,0.6033,16.723,0.2332,0.7355,0.7998,102.945,88.518,95.079,27.742,47.606,44.096,0.2871,0.2667,0.3184,7.31,2.494,-0.01172,-0.004261,8.866,0.4697,0.4349,0.4483,-2.929,-1.753,-1.638,0.03464,1.629,2.638,0.7034,0.8113,0.0005676,97.947,4.448,4.459,0.0001993,1.983e-05,
C:\Users\sblee\Downloads\Aesthetics-Toolbox-main\split_1\08345e48_b21e_45db_8396_14a5bb4b32f3.jpg,2176,2.091,22.724,7.466,4.888,63.327,6.51,88.578,100.677,94.721,40.425,-5.183,1.338,0.4865,0.2345,0.4102,52.779,56.064,44.049,22.724,4.86,10.144,0.1855,0.1137,0.212,18.811,20.484,0.09986,0.02273,24.798,0.2251,0.4497,0.2193,-2.403,-1.561,-1.36,0.006474,1.369,2.539,0.4548,0.74,0.0002911,94.638,4.447,4.481,0.0002852,2.381e-05,
C:\Users\sblee\Downloads\Aesthetics-Toolbox-main\split_1\083c5d3c_2c26_4747_b94f_f53d91335d7c.jpg,2048,1.0,2.323,5.249,0.2274,6.592,2.118,61.546,61.934,60.326,26.075,-0.5241,0.9344,0.1456,0.0288,0.2432,5.173,5.149,5.45,2.323,0.6247,0.6625,0.1151,0.01936,0.02032,2.072,0.8053,-0.0009766,-0.003906,0.8776,0.7788,0.7903,0.7663,-3.432,-1.544,-1.419,0.02978,0.8821,2.127,0.6841,0.7924,0.001317,99.888,2.605,2.59,0.000343,2.836e-06,
C:\Users\sblee\Downloads\Aesthetics-Toolbox-main\split_1\0853dc5f_b9d1_4a9c_aa6f_1ad8eb104ad6.jpg,1280,0.6667,22.664,7.664,4.671,51.684,4.209,106.573,92.368,75.637,39.014,2.946,11.331,0.08716,0.2797,0.418,61.086,54.39,43.286,22.664,2.969,7.422,0.02113,0.0888,0.2395,38.039,18.446,-0.04688,0.07943,15.63,0.3598,0.3404,0.3299,-2.47,-1.273,-1.198,0.003798,1.393,2.407,0.5193,0.7682,0.0004985,89.645,4.432,4.258,0.0002012,2.36e-05,
C:\Users\sblee\Downloads\Aesthetics-Toolbox-main\split_1\085bca4b_5c29_4858_a0d9_78fd94de3d29.jpg,1216,1.375,20.565,7.552,13.963,105.864,5.035,127.242,49.72,40.156,32.098,31.102,23.364,0.0148,0.7738,0.499,57.984,54.402,47.512,20.565,12.49,13.84,0.03318,0.2159,0.2274,62.862,14.038,-0.02273,0.06641,17.625,0.6106,0.4882,0.4752,-2.032,-1.086,-1.044,0.004427,1.617,2.607,0.6523,0.8353,0.000354,92.12,4.539,4.512,0.0001736,1.781e-05,
C:\Users\sblee\Downloads\Aesthetics-Toolbox-main\split_1\085eae40_cbe8_48bb_878b_d2a3c7426199.jpg,1024,1.0,24.993,7.78,12.612,126.369,7.621,113.412,123.29,119.852,50.318,-1.89,0.6615,0.389,0.3863,0.5509,65.643,65.009,52.343,24.993,12.439,18.528,0.2936,0.2721,0.2177,15.546,5.093,0.001953,0.02539,4.841,0.4937,0.4369,0.4084,-2.62,-1.314,-1.168,0.03514,1.478,2.516,0.614,0.83,0.0003804,96.488,4.345,4.479,0.0001196,1.501e-05,
C:\Users\sblee\Downloads\Aesthetics-Toolbox-main\split_1\08615a3a_1d6e_4b58_97bb_833d8ae34437.jpg,1024,1.0,43.124,4.824,16.584,327.023,1.666,153.432,154.292,153.923,61.006,-0.3468,0.07669,0.1621,0.0977,0.6054,108.672,108.848,108.782,43.124,0.4173,0.3038,0.2633,0.2738,0.4268,14.846,9.448,0.04688,0.005859,8.928,0.5039,0.4567,0.4521,-3.099,-1.529,-1.446,0.02526,1.452,2.665,0.555,0.7876,0.001064,98.012,4.049,4.275,0.000445,2.477e-05,
C:\Users\sblee\Downloads\Aesthetics-Toolbox-main\split_1\08627fc5_d5ac_4a52_b65a_6689c2219b16.jpg,1152,0.8,15.939,5.882,4.077,62.26,0.8403,119.341,118.867,119.121,49.511,0.2454,-0.07628,0.98,0.0127,0.4681,37.384,38.032,37.688,15.939,0.4502,0.2434,0.03876,0.03931,0.1465,11.053,3.221,-0.003906,-0.01562,8.58,0.5377,0.4619,0.4557,-3.263,-1.927,-1.608,0.05074,1.3,2.423,0.4916,0.7508,0.0006138,84.514,4.472,4.476,0.0004764,1.481e-05,
C:\Users\sblee\Downloads\Aesthetics-Toolbox-main\split_1\0864d62b_31e5_4823_bc9f_81be57b9ae63.png,1024,1.0,28.369,7.746,12.8,130.469,3.976,89.499,87.973,89.125,35.99,0.8489,-0.4339,0.8868,0.0717,0.3527,69.209,70.014,69.592,28.369,0.9139,0.8089,0.1527,0.1121,0.2728,49.726,8.673,0.005859,-0.04297,15.722,0.6256,0.4884,0.4796,-2.753,-1.332,-1.235,0.02275,1.509,2.583,0.6339,0.7654,0.0004637,91.984,4.55,4.377,0.0001782,1.832e-05,
C:\Users\sblee\Downloads\Aesthetics-Toolbox-main\split_1\0869a187_1c8a_4d50_baff_5075462d95db.jpg,1024,1.0,28.169,7.82,31.418,147.495,6.514,59.737,99.67,120.164,39.424,-3.98,-14.9964,0.5898,0.5777,0.4829,57.035,75.673,70.189,28.169,16.572,11.598,0.121,0.2913,0.2781,44.581,2.844,-0.003906,-0.01367,3.996,0.7032,0.5389,0.533,-2.028,-0.9876,-0.7548,0.1136,1.771,2.791,0.7077,0.8067,0.000343,98.401,4.476,4.331,0.000141,1.761e-05,
C:\Users\sblee\Downloads\Aesthetics-Toolbox-main\split_1\08794a39_f18c_41d4_b9a7_21754a3f7fd6.jpg,1280,0.6667,19.083,7.373,3.523,63.213,4.224,103.966,119.392,135.551,48.899,-1.442,-10.9208,0.5836,0.2728,0.5333,53.334,48.812,43.983,19.083,1.491,6.446,0.1079,0.1556,0.1723,59.821,7.007,0.02344,-0.02604,16.568,0.3759,0.34,0.3504,-2.906,-1.568,-1.355,0.004168,1.189,2.291,0.4477,0.626,0.0009299,93.305,4.187,4.062,0.0004961,3.073e-05,
C:\Users\sblee\Downloads\Aesthetics-Toolbox-main\split_1\087bc9b6_6987_4ba2_9e6b_ad20e0d738fa.jpg,1280,1.5,29.725,7.886,19.438,134.262,6.943,68.675,103.363,126.632,41.382,-0.4577,-14.8608,0.6363,0.5576,0.5251,58.422,79.75,85.419,29.725,14.412,20.093,0.2104,0.2595,0.3167,42.585,6.07,0.02474,0.01758,16.909,0.4067,0.4697,0.4196,-1.838,-1.139,-0.8131,0.01625,1.596,2.749,0.6108,0.7899,0.0005982,95.165,4.428,4.497,0.0001271,2.563e-05,
C:\Users\sblee\Downloads\Aesthetics-Toolbox-main\split_1\087f15dd_a909_4cd6_ae5d_44c10e99d143.jpg,1344,1.333,17.407,7.464,9.058,95.37,5.528,114.684,91.833,84.879,41.118,9.265,8.581,0.01405,0.3345,0.4703,46.144,45.786,48.749,17.407,12.618,13.755,0.2044,0.2561,0.1831,43.316,12.222,-0.00651,0.06076,13.389,0.5286,0.4528,0.4383,-2.491,-1.201,-1.236,0.001093,1.491,2.493,0.7332,0.8278,0.0002524,94.634,4.478,4.524,0.0001336,1.344e-05,
C:\Users\sblee\Downloads\Aesthetics-Toolbox-main\split_1\08926458_869e_4595_94ac_c62defa30c92.jpg,1408,1.75,21.005,7.714,13.66,121.362,4.782,79.245,118.266,135.893,46.808,-8.043,-13.9604,0.5584,0.4446,0.5335,44.482,55.077,54.155,21.005,5.849,4.577,0.0467,0.1524,0.212,34.489,14.537,0.0625,0.03711,17.388,0.548,0.5696,0.5497,-2.114,-1.139,-1.011,0.002083,1.67,2.694,0.6571,0.8323,0.0005848,95.913,4.254,4.484,0.0001928,1.327e-05,
C:\Users\sblee\Downloads\Aesthetics-Toolbox-main\split_1\089f09d9_cc12_4081_806b_b8c6541df3e4.jpg,1280,1.5,20.278,7.505,18.297,140.999,5.303,128.779,123.254,119.937,51.488,1.957,2.456,0.7878,0.09993,0.5153,54.635,52.144,48.657,20.278,5.74,11.508,0.2319,0.1517,0.2099,37.85,4.167,-0.02083,0.0,13.29,0.4983,0.6418,0.5026,-1.807,-1.005,-0.797,0.005745,1.705,2.764,0.698,0.8246,0.0004625,95.907,4.525,4.355,0.0001357,2.228e-05,
C:\Users\sblee\Downloads\Aesthetics-Toolbox-main\split_1\089fcfae_db62_4b0e_af78_8925dff60292.png,1024,1.0,20.876,7.323,7.603,66.293,5.022,99.174,90.027,62.57,37.655,-0.4981,16.537,0.1421,0.3737,0.3922,57.42,51.333,43.438,20.876,4.251,13.139,0.05332,0.2017,0.2247,65.217,11.861,0.01758,0.05664,12.979,0.4084,0.3474,0.3542,-2.744,-1.377,-1.189,0.05191,1.504,2.54,0.4825,0.7391,0.0005054,84.224,4.47,4.365,0.0001706,2.705e-05,
C:\Users\sblee\Downloads\Aesthetics-Toolbox-main\split_1\08a8577a_a72e_438e_93fb_7c40bae49af8.jpg,1024,1.0,19.884,7.271,14.37,118.483,4.47,87.388,84.133,75.666,34.994,-0.2877,5.213,0.097,0.1687,0.3429,46.682,46.94,42.046,19.884,1.743,3.701,0.07554,0.121,0.1829,25.693,3.926,-0.01953,-0.001953,7.166,0.5625,0.5127,0.4751,-2.424,-1.332,-0.961,0.1302,1.597,2.666,0.6982,0.8356,0.0005946,97.319,4.254,4.458,0.0001684,1.671e-05,
C:\Users\sblee\Downloads\Aesthetics-Toolbox-main\split_1\08bc382d_e6a5_4df0_8f11_41cf56c8294f.jpg,1536,2.0,20.095,7.521,7.334,98.843,6.21,95.936,126.067,179.601,52.454,6.303,-31.8361,0.6088,0.505,0.7103,44.858,58.363,32.933,20.095,16.915,15.714,0.07788,0.1594,0.1365,33.09,2.539,-0.004883,0.01172,21.695,0.5964,0.4976,0.4906,-2.606,-1.287,-1.304,0.00268,1.433,2.434,0.5677,0.81,0.0004228,96.216,4.034,4.21,0.0002153,1.436e-05,
C:\Users\sblee\Downloads\Aesthetics-Toolbox-main\split_1\08bf6800_e100_4fda_afd2_41c09fa38243.jpg,1216,0.7273,26.186,7.854,12.477,102.729,7.118,115.835,109.434,79.272,45.416,-0.3658,17.763,0.14,0.4643,0.4993,64.753,69.518,53.653,26.186,15.406,15.898,0.1631,0.2519,0.2467,40.726,10.546,0.01758,0.04972,9.71,0.5309,0.4437,0.4411,-2.495,-1.146,-1.175,0.007581,1.49,2.544,0.7619,0.8248,0.0003068,96.649,4.468,4.458,0.0001193,1.615e-05,
C:\Users\sblee\Downloads\Aesthetics-Toolbox-main\split_1\08c4d2ae_3ea5_4560_83c1_9447bbbcf91c.jpg,1280,0.6667,16.276,7.383,9.529,104.086,4.928,162.423,83.014,114.727,46.082,34.882,-1.631,0.9462,0.4956,0.637,52.476,40.479,49.057,16.276,17.008,10.148,0.03481,0.167,0.2059,28.617,2.926,0.01367,0.005208,13.202,0.554,0.364,0.3209,-2.187,-1.414,-1.084,0.03151,1.593,2.585,0.5403,0.7605,0.0008071,96.4,3.339,3.839,0.0002713,1.712e-05,
C:\Users\sblee\Downloads\Aesthetics-Toolbox-main\split_1\08df882c_4441_4fdd_af50_b33f3907d2d3.png,1024,1.0,23.786,7.143,8.313,85.741,4.163,109.319,85.6,52.995,37.227,5.389,21.72,0.07984,0.5687,0.4289,63.985,57.305,43.662,23.786,3.562,12.159,0.06327,0.2077,0.2507,20.922,2.762,-0.009766,-0.009766,3.919,0.7556,0.3105,0.3087,-2.741,-1.398,-1.213,0.04065,1.415,2.464,0.6323,0.7468,0.0005426,98.519,4.511,4.351,0.0002649,3.411e-05,
C:\Users\sblee\Downloads\Aesthetics-Toolbox-main\split_1\08f45a9f_af62_4080_a704_850cb918dcb2.jpg,2176,2.091,18.811,7.477,2.296,47.198,4.76,116.755,92.893,76.244,40.708,7.514,13.056,0.05979,0.3567,0.4579,48.444,46.586,35.512,18.811,4.942,9.013,0.029,0.1299,0.19,23.817,15.356,-0.003397,0.0767,25.285,0.3037,0.2825,0.2558,-3.164,-1.532,-1.482,0.005469,1.066,2.261,0.5761,0.7421,0.0005611,95.591,3.386,3.779,0.0002809,3.081e-05,
C:\Users\sblee\Downloads\Aesthetics-Toolbox-main\split_1\08f46441_dac9_4daa_ad1e_e3fffef9ae0f.png,1536,2.0,24.933,7.083,3.571,49.957,4.543,108.842,109.277,113.072,44.889,0.7907,-2.25,0.6558,0.07589,0.4435,58.018,60.836,59.681,24.933,1.649,0.8483,0.09824,0.06378,0.234,24.663,2.569,0.0127,0.001953,20.913,0.2718,0.4175,0.2796,-3.056,-1.433,-1.441,0.005611,1.152,2.38,0.6918,0.7249,0.0005396,93.966,4.387,4.224,0.0005554,2.36e-05,
C:\Users\sblee\Downloads\Aesthetics-Toolbox-main\split_1\08fba10a_c2aa_4aaf_bd7e_5df08fb42a2d.jpg,1024,1.0,28.345,7.696,9.207,106.184,6.698,108.821,82.342,62.546,36.811,9.034,15.264,0.01231,0.4971,0.4492,82.437,69.626,52.058,28.345,15.7,24.005,0.2387,0.3103,0.3249,33.834,9.194,0.04492,-0.009766,6.389,0.3252,0.403,0.3115,-2.945,-1.43,-1.393,0.01928,1.389,2.458,0.5642,0.7607,0.0007263,97.745,4.37,4.353,0.0003555,3.474e-05,
C:\Users\sblee\Downloads\Aesthetics-Toolbox-main\split_1\09022c47_ff8f_430f_a770_770a95b896d1.jpg,1280,0.6667,7.648,5.523,0.4962,12.45,4.028,105.574,109.753,119.169,46.178,0.5231,-5.807,0.6222,0.1297,0.4694,21.444,19.336,16.402,7.648,1.655,2.771,0.08724,0.05504,0.06639,68.912,2.376,0.001953,0.01172,9.735,0.6391,0.6222,0.6129,-3.206,-1.558,-1.453,0.09312,0.8768,2.008,0.4725,0.6915,0.001285,83.438,4.167,2.991,0.0008768,6.193e-06,
C:\Users\sblee\Downloads\Aesthetics-Toolbox-main\split_1\090bd593_bb74_4557_a4da_846ba572c8da.jpg,1408,1.75,24.249,7.775,16.454,172.683,6.123,98.374,104.798,121.245,43.301,2.291,-10.2192,0.6331,0.3135,0.492,61.43,60.795,56.069,24.249,6.418,7.623,0.1389,0.1651,0.2285,35.99,7.238,0.03571,-0.005859,16.954,0.5067,0.5247,0.4886,-2.372,-1.163,-1.177,0.001701,1.602,2.623,0.6582,0.8273,0.0004732,98.302,4.448,4.472,0.0001722,1.278e-05,
C:\Users\sblee\Downloads\Aesthetics-Toolbox-main\split_1\090cc984_af60_40e0_9899_e2658c1d4c79.jpg,1024,1.0,20.206,7.495,13.392,84.802,5.192,127.877,87.853,36.415,40.5,11.873,34.496,0.09442,0.7612,0.5018,53.743,53.261,51.231,20.206,14.472,14.028,0.0401,0.2306,0.2106,64.943,10.186,-0.003906,-0.05078,10.283,0.5723,0.3977,0.3866,-2.382,-0.9839,-1.178,0.0169,1.708,2.691,0.7023,0.7761,0.0002278,85.371,4.0,4.187,0.0001309,1.988e-05,
C:\Users\sblee\Downloads\Aesthetics-Toolbox-main\split_1\091233a6_ca88_4bc7_8b30_874e76ffd07b.jpg,1280,0.6667,36.203,7.464,22.168,306.404,2.627,133.726,134.478,137.068,54.028,0.2387,-1.427,0.6275,0.1362,0.5378,90.665,91.081,90.602,36.203,0.5571,0.8619,0.07772,0.2619,0.3555,18.719,3.729,-0.003906,0.01823,13.085,0.5877,0.5051,0.4716,-2.384,-1.461,-1.207,0.0356,1.592,2.752,0.7219,0.8873,0.0003432,98.657,4.572,4.555,0.0002206,1.31e-05,
C:\Users\sblee\Downloads\Aesthetics-Toolbox-main\split_1\0914624a_2d34_45b8_ac36_ba40526cca99.jpg,1216,0.7273,30.499,7.501,7.432,89.105,6.38,95.445,81.719,58.11,33.891,2.407,14.531,0.04466,0.514,0.3805,74.826,77.043,46.275,30.499,8.197,17.474,0.1348,0.2146,0.2966,41.397,14.095,0.03516,0.06108,13.42,0.3767,0.3893,0.343,-3.262,-1.426,-1.596,0.05247,1.132,2.456,0.5908,0.7521,0.0005341,95.341,4.369,4.298,0.0001903,2.924e-05,
C:\Users\sblee\Downloads\Aesthetics-Toolbox-main\split_1\09149af7_9ffd_4216_84de_c1ab0871429e.jpg,1024,1.0,37.631,7.028,22.335,312.568,6.832,113.454,104.669,103.892,44.271,4.336,3.281,0.9498,0.454,0.5094,98.321,96.776,97.083,37.631,19.697,18.186,0.2927,0.3788,0.4005,30.07,4.832,-0.02344,0.005859,3.437,0.5814,0.5505,0.5298,-2.919,-1.482,-1.321,0.036,1.502,2.667,0.77,0.8253,0.0006233,99.53,3.936,4.317,0.0001715,1.441e-05,
C:\Users\sblee\Downloads\Aesthetics-Toolbox-main\split_1\091b8aa8_80a7_47ab_98de_6aff9dd865ec.jpg,1024,1.0,22.173,5.722,18.261,113.044,3.621,108.908,102.601,100.579,43.022,2.103,2.082,0.06407,0.09052,0.4274,58.29,55.813,55.539,22.173,3.548,2.371,0.07249,0.1233,0.2287,53.363,4.832,0.02344,0.005859,8.337,0.3623,0.4229,0.3714,-2.064,-0.953,-1.06,0.01795,1.721,2.76,0.5165,0.8059,0.0008537,93.395,4.493,4.474,0.0003362,2.857e-05,
C:\Users\sblee\Downloads\Aesthetics-Toolbox-main\split_1\091fb44a_e000_4275_8bca_607b5188ed72.jpg,1024,1.0,26.157,7.653,10.077,97.75,5.08,137.784,113.291,97.608,48.555,7.707,12.28,0.03827,0.3637,0.5411,67.368,64.343,59.881,26.157,5.655,10.537,0.08539,0.2524,0.2642,16.314,2.844,-0.01367,0.003906,6.859,0.4481,0.3063,0.2777,-2.646,-1.402,-1.137,0.08409,1.419,2.565,0.5558,0.7893,0.0006004,90.497,4.349,4.433,0.0002218,2.083e-05,
C:\Users\sblee\Downloads\Aesthetics-Toolbox-main\split_1\0934f56b_42e0_4576_8fa6_bf6482362a61.jpg,1536,1.0,24.932,7.806,9.12,84.423,6.727,98.81,86.538,86.308,37.141,6.129,2.54,0.9654,0.4153,0.4325,66.534,60.469,66.512,24.932,10.444,14.09,0.2436,0.257,0.2695,45.927,13.114,-0.007812,0.0651,12.224,0.4678,0.3245,0.3351,-2.577,-1.118,-1.28,0.01909,1.354,2.467,0.5362,0.8132,0.000461,92.831,4.414,4.438,0.0002188,2.309e-05,
C:\Users\sblee\Downloads\Aesthetics-Toolbox-main\split_1\093ee585_6f53_47b7_8163_9e3512fa5edc.png,1024,1.0,27.651,7.824,11.691,118.823,6.947,69.81,103.038,104.279,40.318,-8.534,-4.263,0.5527,0.4803,0.453,57.427,74.338,59.646,27.651,17.184,11.077,0.1519,0.2193,0.2677,49.293,17.205,0.003906,0.08594,12.329,0.453,0.4469,0.4246,-2.723,-1.348,-1.24,0.03267,1.415,2.53,0.6803,0.7868,0.0005121,93.059,4.157,4.376,0.000167,1.995e-05,
C:\Users\sblee\Downloads\Aesthetics-Toolbox-main\split_1\09403c87_126b_4b6e_a3fa_de8232ef01f2.jpg,1024,1.0,16.21,6.419,3.379,42.505,3.793,103.4,101.742,97.767,42.946,1.458,1.801,0.5979,0.3108,0.4648,47.472,38.698,42.115,16.21,5.23,18.919,0.2065,0.2374,0.1672,18.297,9.944,0.03516,0.03516,6.199,0.3526,0.3251,0.2755,-3.507,-1.734,-1.642,0.0133,1.17,2.399,0.5185,0.5835,0.0004983,94.082,4.088,3.97,0.0003877,2.313e-05,
C:\Users\sblee\Downloads\Aesthetics-Toolbox-main\split_1\09484742_f816_4879_b084_6a358d1d01e5.jpg,1664,1.6,20.208,7.48,8.168,87.854,4.582,100.731,80.933,59.232,35.149,5.459,15.874,0.09922,0.442,0.3957,53.62,49.015,46.326,20.208,6.918,10.527,0.0462,0.232,0.2098,54.874,17.341,-0.03027,0.08125,21.32,0.5279,0.4639,0.4445,-2.546,-1.271,-1.218,0.003227,1.507,2.523,0.7108,0.8237,0.0003703,90.593,4.203,4.435,0.0001399,1.562e-05,
C:\Users\sblee\Downloads\Aesthetics-Toolbox-main\split_1\094b397b_c09c_4ebf_9c1e_d1462050245d.png,1344,0.9091,29.938,7.532,7.379,121.505,6.904,100.435,75.524,133.009,37.807,22.994,-24.1697,0.7513,0.6951,0.5561,93.766,72.802,85.792,29.938,27.993,17.612,0.1371,0.2552,0.3518,34.218,13.083,-0.003125,0.06534,9.288,0.3839,0.3405,0.3452,-2.871,-1.664,-1.471,0.01582,1.261,2.367,0.593,0.7782,0.0007192,95.553,4.438,4.395,0.0002279,2.455e-05,
C:\Users\sblee\Downloads\Aesthetics-Toolbox-main\split_1\09556d0b_31bc_49c0_b4aa_bb2a74283ef3.jpg,1024,1.0,23.194,7.736,5.457,85.702,7.156,117.954,120.423,158.542,51.796,11.029,-19.8546,0.7233,0.4574,0.6564,53.986,66.265,53.126,23.194,18.035,16.917,0.1747,0.2011,0.2088,21.72,9.859,-0.04102,-0.02734,5.502,0.3372,0.4244,0.321,-3.42,-1.779,-1.627,0.01635,1.243,2.358,0.6092,0.7452,0.0005724,95.796,4.552,4.491,0.0003287,1.887e-05,
C:\Users\sblee\Downloads\Aesthetics-Toolbox-main\split_1\09579b28_15ef_4ff2_a344_13e68f3a305b.jpg,1152,0.8,20.869,7.577,7.932,96.445,6.271,89.17,76.859,69.582,35.058,6.875,8.986,0.09697,0.6052,0.4344,65.224,56.33,56.524,20.869,21.323,18.426,0.3125,0.2773,0.2157,52.649,10.839,0.05273,0.0125,8.893,0.4411,0.3909,0.3437,-2.822,-1.541,-1.355,0.01579,1.399,2.483,0.6059,0.7764,0.000382,94.586,4.517,4.47,0.0001893,1.79e-05,
C:\Users\sblee\Downloads\Aesthetics-Toolbox-main\split_1\095c2a8a_2ff1_4f3e_acfa_c645c05d9ed7.jpg,1280,1.5,26.868,7.918,6.051,67.039,6.844,118.291,106.893,92.531,44.798,3.693,9.488,0.09814,0.3808,0.4878,65.091,69.224,64.68,26.868,7.659,16.118,0.2338,0.2963,0.2481,36.419,23.722,0.03516,0.1133,22.476,0.5048,0.3687,0.3423,-2.685,-1.362,-1.256,0.01161,1.272,2.427,0.5322,0.7699,0.0003483,91.585,3.962,4.285,0.0001645,2.061e-05,
C:\Users\sblee\Downloads\Aesthetics-Toolbox-main\split_1\096191fb_4e23_4a0d_916f_6d00f6c420d5.jpg,1344,1.333,18.326,7.456,3.534,44.271,5.266,111.078,101.527,93.103,43.181,2.736,6.202,0.2237,0.1909,0.4474,52.333,43.724,39.743,18.326,8.513,11.087,0.2274,0.1996,0.2019,16.157,8.378,-0.02344,0.03472,14.393,0.383,0.2098,0.1667,-2.731,-1.36,-1.284,0.002654,1.117,2.321,0.4442,0.7018,0.0005834,96.665,4.302,4.365,0.0002711,2.585e-05,
C:\Users\sblee\Downloads\Aesthetics-Toolbox-main\split_1\0966b9f3_7d78_416b_8bf8_68bbde8a5d23.jpg,1280,1.5,22.078,7.248,13.747,156.737,0.6311,157.339,157.128,157.253,63.984,0.1079,-0.03771,0.9906,0.00521,0.6172,55.626,55.899,55.763,22.078,0.3379,0.2604,0.04207,0.0371,0.2182,11.401,0.7812,0.003906,0.0,12.073,0.5074,0.5072,0.4836,-2.478,-1.38,-1.268,0.01131,1.558,2.55,0.806,0.8597,0.0003426,98.456,4.502,4.495,0.0002362,1.371e-05,
C:\Users\sblee\Downloads\Aesthetics-Toolbox-main\split_1\096d554c_76d2_44a0_9e92_0500cff6a3ac.jpg,1024,1.0,22.704,7.77,4.819,76.127,5.511,148.383,83.08,75.28,46.627,25.58,21.313,0.003401,0.6837,0.6441,59.093,77.0,86.308,22.704,28.283,29.191,0.2171,0.353,0.2191,34.064,12.353,0.05078,0.03516,11.679,0.3245,0.3021,0.3034,-3.383,-1.683,-1.582,0.0198,1.254,2.31,0.6303,0.6701,0.0009524,94.974,4.474,4.319,0.0005562,3.534e-05,
C:\Users\sblee\Downloads\Aesthetics-Toolbox-main\split_1\096f410d_1cc9_4bab_b74e_2fa89b78c183.jpg,1280,0.6667,19.998,7.42,10.585,85.432,6.716,72.573,68.858,55.985,28.501,-0.5738,7.821,0.08561,0.3549,0.2971,48.069,49.554,36.558,19.998,6.706,12.077,0.1843,0.2206,0.1858,66.66,10.16,0.05078,0.001302,14.895,0.5251,0.461,0.4533,-2.334,-1.206,-1.109,0.005261,1.594,2.558,0.6595,0.8334,0.0003184,89.665,4.493,4.461,0.0001072,1.553e-05,
C:\Users\sblee\Downloads\Aesthetics-Toolbox-main\split_1\0974253f_8250_43c3_9bbe_4f6d5e12983e.jpg,1024,1.0,19.813,7.541,10.09,113.718,6.507,126.241,106.331,140.039,47.506,15.271,-15.6476,0.7601,0.3105,0.5599,46.447,54.363,40.984,19.813,10.376,9.913,0.1158,0.1783,0.1683,57.61,0.7812,0.0,0.003906,3.817,0.7223,0.4768,0.4745,-2.678,-1.396,-1.221,0.05713,1.531,2.534,0.6641,0.8258,0.0005406,93.728,4.479,4.36,0.0001773,1.607e-05,
C:\Users\sblee\Downloads\Aesthetics-Toolbox-main\split_1\0974c2b9_11f5_4873_b09c_38cc59e26763.jpg,1088,1.125,20.895,7.578,9.634,87.373,4.94,98.915,73.046,52.947,32.496,8.38,16.082,0.07187,0.538,0.388,52.621,51.267,44.044,20.895,6.249,6.15,0.03264,0.1899,0.2064,56.26,17.48,0.05903,0.06445,18.447,0.5239,0.4671,0.438,-2.484,-1.135,-1.168,0.004858,1.461,2.506,0.6966,0.8115,0.0005127,90.664,4.354,4.472,0.0001706,1.775e-05,
C:\Users\sblee\Downloads\Aesthetics-Toolbox-main\split_1\09765fd9_20f9_4788_8d95_839ec65e5614.jpg,1600,0.7857,20.961,7.667,9.914,119.987,5.17,126.056,86.203,75.995,40.361,15.871,13.744,0.0342,0.4387,0.4967,50.174,55.364,53.957,20.961,11.544,9.365,0.07353,0.243,0.1994,38.041,10.152,-0.0483,0.01562,8.164,0.4076,0.5074,0.3628,-2.532,-1.465,-1.282,0.002097,1.483,2.527,0.6115,0.8167,0.0003225,96.252,4.303,4.457,0.0001748,1.462e-05,
C:\Users\sblee\Downloads\Aesthetics-Toolbox-main\split_1\097d59c2_de13_426a_a4af_098a3d46f073.jpg,1280,0.6667,26.485,7.548,4.256,65.554,5.562,118.258,117.426,102.953,48.611,-1.957,8.663,0.1569,0.2007,0.5044,71.287,70.987,56.683,26.485,15.216,13.328,0.1709,0.1884,0.2856,43.344,20.406,-0.009766,0.1016,9.814,0.5246,0.2137,0.2075,-3.269,-1.587,-1.59,0.003993,1.101,2.34,0.6658,0.6824,0.0005731,91.464,4.156,4.108,0.0002457,3.95e-05,
C:\Users\sblee\Downloads\Aesthetics-Toolbox-main\split_1\09b18976_0994_4707_9247_21c3b11f84de.jpg,1024,1.0,21.838,7.631,8.75,102.647,5.206,93.891,99.764,101.539,41.571,0.1475,-2.189,0.7106,0.3686,0.4746,52.324,57.639,55.49,21.838,19.895,23.157,0.1855,0.2208,0.2234,55.245,4.078,0.005859,-0.01953,3.794,0.5699,0.4475,0.436,-3.23,-1.595,-1.506,0.02761,1.47,2.484,0.6452,0.7226,0.0003363,90.618,4.436,4.433,0.0001781,2.061e-05,
C:\Users\sblee\Downloads\Aesthetics-Toolbox-main\split_1\09b395e2_efaf_4a9c_b81a_429470e155a7.jpg,1024,1.0,27.092,7.932,5.802,83.553,6.515,153.76,118.055,94.315,51.659,11.609,17.29,0.02205,0.4569,0.6049,68.49,72.941,33.688,27.092,12.975,20.606,0.1115,0.1423,0.2668,28.792,3.051,-0.01172,0.009766,5.742,0.4133,0.4466,0.387,-3.237,-1.607,-1.522,0.01846,1.177,2.332,0.6835,0.7773,0.0005743,97.206,4.225,4.315,0.0001996,2.157e-05,
C:\Users\sblee\Downloads\Aesthetics-Toolbox-main\split_1\09ba1c72_7854_429c_a3ca_1824854c4f2f.jpg,1536,2.0,26.258,7.857,9.657,104.54,6.426,92.659,109.509,119.616,43.994,-3.013,-7.419,0.5761,0.2891,0.4768,53.446,67.38,68.075,26.258,7.969,7.985,0.166,0.155,0.2606,30.85,9.969,0.0498,0.001953,22.549,0.4781,0.5053,0.4076,-2.509,-1.277,-1.147,0.005475,1.388,2.593,0.6136,0.8094,0.0003571,95.414,4.531,4.518,0.0001648,1.775e-05,
C:\Users\sblee\Downloads\Aesthetics-Toolbox-main\split_1\09bd939a_a235_4ab4_b433_77503e669436.jpg,1280,1.5,19.673,7.558,4.177,54.42,4.695,100.02,74.161,59.261,33.121,8.755,12.7,0.05204,0.3942,0.3922,57.491,45.607,32.752,19.673,6.479,9.886,0.03062,0.1701,0.2255,45.846,10.016,-0.04818,0.01367,17.8,0.335,0.3131,0.2056,-2.792,-1.472,-1.373,0.002678,1.266,2.44,0.5719,0.815,0.0003824,92.513,4.424,4.472,0.0001869,1.464e-05,
C:\Users\sblee\Downloads\Aesthetics-Toolbox-main\split_1\09c968fa_c4e9_48ee_be44_ff39ffbe0eb2.jpg,1024,1.0,25.508,7.676,8.302,97.146,6.645,118.921,103.692,82.4,46.045,2.709,15.196,0.9453,0.4322,0.5284,80.565,69.116,60.29,25.508,30.312,24.794,0.2539,0.3594,0.306,24.282,13.131,-0.0332,0.05664,8.873,0.3592,0.3197,0.3206,-3.146,-1.546,-1.487,0.01921,1.444,2.48,0.6594,0.7469,0.0004962,96.424,4.378,4.228,0.0001755,3.428e-05,
C:\Users\sblee\Downloads\Aesthetics-Toolbox-main\split_1\09e874f9_1a3f_4dac_8612_a107a369e4c9.jpg,1216,0.7273,23.377,7.754,10.379,87.447,6.67,100.757,97.519,62.96,40.211,-3.425,19.651,0.1718,0.4969,0.4397,59.439,59.676,41.063,23.377,13.924,13.897,0.1454,0.2111,0.2306,33.069,16.728,0.08008,-0.02415,16.269,0.4675,0.4385,0.4266,-2.354,-1.153,-1.128,0.006226,1.396,2.514,0.6636,0.8192,0.0003008,93.349,4.484,4.511,0.0001276,1.995e-05,
C:\Users\sblee\Downloads\Aesthetics-Toolbox-main\split_1\09f03521_bf70_4ffd_a5a2_5ec84d04178b.jpg,1024,1.0,10.791,7.174,0.8288,15.792,6.635,101.958,104.6,101.923,43.874,-1.364,1.361,0.433,0.1736,0.4414,33.094,26.381,25.757,10.791,8.435,4.038,0.2695,0.08758,0.1122,25.847,5.807,0.02148,-0.01953,5.281,0.3912,0.4233,0.3641,-3.03,-1.599,-1.456,0.003031,0.7994,2.01,0.5511,0.7287,0.001072,95.482,4.239,3.012,0.0005316,8.609e-06,
C:\Users\sblee\Downloads\Aesthetics-Toolbox-main\split_1\09f41983_9e9a_4efa_bb25_42f20ecd674d.jpg,2048,1.0,29.565,7.864,15.539,246.27,7.134,138.985,116.657,155.06,51.862,18.041,-17.6119,0.7879,0.4385,0.6505,80.234,80.374,55.516,29.565,17.994,18.565,0.1797,0.2574,0.2542,32.169,2.039,0.009766,-0.00293,4.585,0.6426,0.6492,0.6315,-2.504,-1.767,-1.348,0.01008,1.607,2.719,0.8669,0.8871,0.0002341,99.134,4.557,4.553,9.812e-05,5.987e-06,
C:\Users\sblee\Downloads\Aesthetics-Toolbox-main\split_1\09f50ef3_7cb9_4d8c_a941_ab3ba95d459f_1700156090616_75.png,1024,1.0,32.513,7.773,8.741,101.57,6.093,103.778,119.562,132.394,47.515,-1.96,-9.061,0.5988,0.3039,0.5211,72.628,84.04,82.284,32.513,5.748,5.381,0.1071,0.2024,0.3216,37.42,27.657,0.08203,0.1113,17.28,0.3486,0.3139,0.2633,-2.885,-1.498,-1.256,0.05718,1.287,2.474,0.5092,0.7768,0.0007624,91.421,4.325,4.306,0.0003476,2.702e-05,
C:\Users\sblee\Downloads\Aesthetics-Toolbox-main\split_1\09fb4f87_ef23_497a_8627_5cc0f0ca5cbc.jpg,1024,1.0,20.964,7.213,4.152,53.483,4.979,79.543,64.202,31.881,27.74,1.969,20.308,0.0727,0.4774,0.3133,57.766,50.206,24.044,20.964,15.51,19.805,0.09227,0.3175,0.2277,42.139,8.36,-0.0332,0.02539,10.463,0.3992,0.4305,0.3405,-3.351,-1.679,-1.537,0.03347,1.134,2.357,0.5492,0.7077,0.0006108,91.988,4.491,3.769,0.0002266,2.965e-05,
C:\Users\sblee\Downloads\Aesthetics-Toolbox-main\split_1\09fc7ee0_5039_4b57_a929_0696e0c4fe33.jpg,1408,1.75,23.112,7.383,5.776,58.507,6.13,160.975,108.265,68.565,50.715,17.408,30.052,0.06819,0.6756,0.6621,83.933,56.493,40.066,23.112,20.77,21.446,0.1455,0.149,0.2851,15.912,5.733,-0.01897,-0.02148,18.011,0.3195,0.2563,0.2424,-2.561,-1.476,-1.268,0.004256,1.294,2.409,0.4821,0.6677,0.0005775,96.392,4.188,4.229,0.0004871,4.698e-05,
C:\Users\sblee\Downloads\Aesthetics-Toolbox-main\split_1\0a0933ea_0e37_45b1_9caa_be07f201985f.png,1536,2.0,16.899,7.368,11.785,122.169,6.941,106.006,90.732,77.915,39.565,5.368,9.753,0.06099,0.3757,0.4507,48.549,42.597,39.781,16.899,11.36,18.876,0.2251,0.1836,0.1901,49.67,5.975,0.005859,0.0293,20.406,0.567,0.5334,0.5219,-2.331,-1.334,-1.108,0.002601,1.614,2.57,0.7482,0.8451,0.0002438,95.99,4.53,4.534,0.0001061,1.24e-05,
C:\Users\sblee\Downloads\Aesthetics-Toolbox-main\split_1\0a0c1076_c19b_45f7_a7d3_658ecc9c8a65.png,1024,1.0,32.558,7.623,18.672,252.667,6.556,107.379,107.839,116.284,44.421,3.532,-4.79,0.6559,0.2883,0.4865,83.711,83.116,75.524,32.558,9.4,17.982,0.2076,0.3203,0.307,35.539,6.501,-0.02734,0.01758,6.311,0.6272,0.4949,0.4954,-2.729,-1.331,-1.282,0.02803,1.537,2.654,0.7348,0.8178,0.00066,97.514,3.758,4.142,0.0002039,1.535e-05,
C:\Users\sblee\Downloads\Aesthetics-Toolbox-main\split_1\0a1c1a7d_a5a9_4a48_aef1_34adc6c7e9ce.jpg,1024,1.0,43.043,6.394,26.874,306.353,3.457,137.078,137.5,138.656,54.405,0.05473,-0.6227,0.7909,0.1167,0.545,107.95,108.483,108.28,43.043,0.5887,0.9873,0.2471,0.2466,0.4247,20.578,4.704,-0.02344,0.001953,3.266,0.6081,0.6147,0.5952,-2.536,-1.201,-1.195,0.01238,1.598,2.822,0.7678,0.8822,0.000676,99.322,4.093,4.367,0.0002215,1.1e-05,
C:\Users\sblee\Downloads\Aesthetics-Toolbox-main\split_1\0a2dd09e_0b5b_4149_80d3_abe7f719de02.jpg,1024,1.0,22.224,7.735,26.607,148.324,7.335,118.961,101.246,80.883,44.517,5.676,14.883,0.1228,0.5377,0.5296,61.034,61.103,58.481,22.224,22.588,24.749,0.2032,0.2394,0.2373,49.845,8.908,-0.01172,0.04297,5.268,0.5978,0.5637,0.5516,-1.864,-0.9711,-0.7456,0.08072,1.82,2.777,0.8077,0.8568,0.0002501,98.025,4.264,4.479,8.567e-05,1.496e-05,
C:\Users\sblee\Downloads\Aesthetics-Toolbox-main\split_1\0a59682e_dc73_45c7_9225_8933a2536bae.jpg,1024,1.0,28.647,7.146,8.116,88.645,1.99,124.407,123.568,122.841,50.423,0.1827,0.476,0.0531,0.05876,0.488,69.285,69.91,68.815,28.647,0.5754,0.6706,0.114,0.1467,0.2717,16.051,9.766,0.0,-0.04883,8.326,0.4617,0.3966,0.3605,-2.975,-1.422,-1.399,0.01339,1.299,2.49,0.6006,0.762,0.0004302,92.961,4.521,4.376,0.0003153,2.317e-05,
C:\Users\sblee\Downloads\Aesthetics-Toolbox-main\split_1\0a5a986a_3773_449b_9b17_2277c26d3040.jpg,1600,0.7857,13.809,7.227,0.6653,21.995,3.815,116.516,114.554,111.713,47.967,0.2898,1.974,0.1017,0.07081,0.4591,31.47,34.05,35.972,13.809,1.109,2.286,0.1314,0.09434,0.1246,13.014,3.119,0.01278,0.008929,7.656,0.3583,0.4054,0.3468,-3.276,-1.671,-1.454,0.02351,0.8339,2.022,0.4051,0.7152,0.001359,98.092,4.046,2.9,0.0006182,1.22e-05,
C:\Users\sblee\Downloads\Aesthetics-Toolbox-main\split_1\0a61aa4d_aa74_4967_80c4_0aeaa646809a.jpg,1152,0.8,22.119,7.431,5.89,79.396,5.483,81.622,69.086,56.204,29.541,3.565,9.782,0.07786,0.4518,0.3331,59.374,52.688,52.904,22.119,5.59,10.521,0.1519,0.226,0.2338,65.148,9.119,-0.0332,0.03125,11.947,0.158,0.4019,0.1519,-3.047,-1.543,-1.486,0.004028,1.333,2.455,0.4431,0.7425,0.0004222,90.973,4.423,4.354,0.0001983,1.981e-05,
C:\Users\sblee\Downloads\Aesthetics-Toolbox-main\split_1\0a685cfc_3038_41fa_9cae_9008467c1fc4.jpg,1280,0.6667,13.867,7.324,0.7315,18.421,5.682,115.142,84.675,50.797,38.051,8.49,24.537,0.08647,0.5802,0.4515,35.845,33.732,24.368,13.867,2.949,4.987,0.0123,0.09085,0.1406,25.567,11.518,-0.05664,0.01042,14.042,0.6262,0.5775,0.5066,-3.157,-1.62,-1.459,0.01894,0.8634,2.005,0.4647,0.6908,0.00123,94.008,4.091,3.051,0.0009128,7.524e-06,
C:\Users\sblee\Downloads\Aesthetics-Toolbox-main\split_1\0a6b2e33_1150_4d24_bd2d_8db805ff4156.jpg,1216,0.7273,23.583,7.705,5.834,68.232,5.786,89.544,105.771,104.883,42.324,-5.919,-1.633,0.4998,0.2284,0.4247,53.86,59.068,54.193,23.583,4.689,3.435,0.107,0.1545,0.2232,45.424,5.173,-0.003906,0.02557,13.527,0.5011,0.34,0.3492,-2.578,-1.347,-1.189,0.005157,1.27,2.357,0.622,0.7799,0.0006143,91.872,4.544,4.428,0.0002493,2.625e-05,
C:\Users\sblee\Downloads\Aesthetics-Toolbox-main\split_1\0a6bd794_dbc9_47df_9693_59507df7ed2e.jpg,1280,1.5,17.189,7.362,5.79,73.991,6.046,116.983,92.005,75.317,40.892,8.377,13.63,0.06439,0.3701,0.4693,46.486,44.578,33.74,17.189,11.233,11.984,0.1019,0.1719,0.1874,53.896,5.475,-0.02474,0.01172,13.492,0.4506,0.4862,0.4234,-2.795,-1.385,-1.37,0.003031,1.36,2.433,0.7186,0.8082,0.0004006,93.617,4.55,4.524,0.0001272,1.822e-05,
C:\Users\sblee\Downloads\Aesthetics-Toolbox-main\split_1\0a6d5f77_7745_475f_b1c5_8a1dafe7f2fe.png,1024,1.0,21.935,7.555,5.056,56.091,6.527,85.37,91.095,68.892,36.79,-5.288,11.963,0.1861,0.4474,0.3782,38.318,56.538,54.898,21.935,8.586,6.866,0.1259,0.2589,0.2028,21.738,20.282,-0.02734,0.09766,15.298,0.2511,0.3426,0.2063,-2.797,-1.371,-1.319,0.01413,1.237,2.421,0.619,0.7639,0.0004441,95.656,4.5,4.466,0.0001976,2.45e-05,
C:\Users\sblee\Downloads\Aesthetics-Toolbox-main\split_1\0a6d9e2a_1311_4793_b0bd_2f41b119b5a5.jpg,1152,1.25,35.711,7.439,7.609,117.808,6.716,113.54,117.088,106.913,46.943,-2.65,5.194,0.2384,0.2633,0.4873,88.761,92.531,81.247,35.711,10.841,7.781,0.2448,0.2554,0.3512,36.006,22.509,-0.1062,0.03711,15.632,0.3216,0.4066,0.3045,-3.086,-1.554,-1.485,0.003545,1.221,2.371,0.5951,0.7335,0.0007197,94.764,4.332,4.299,0.0002652,3e-05,
C:\Users\sblee\Downloads\Aesthetics-Toolbox-main\split_1\0a70d2f8_c1db_4a25_a3dd_b7d70a542f8c.jpg,1280,0.6667,25.066,7.645,11.224,110.021,7.137,74.704,78.005,64.235,31.358,-3.696,7.458,0.1854,0.3402,0.323,59.777,61.75,56.935,25.066,7.967,9.254,0.1982,0.2335,0.2396,49.856,8.082,-0.001953,-0.04036,20.67,0.5465,0.4402,0.4414,-2.511,-1.322,-1.237,0.003435,1.532,2.496,0.6496,0.823,0.0003423,97.301,4.51,4.489,0.0001294,1.551e-05,
C:\Users\sblee\Downloads\Aesthetics-Toolbox-main\split_1\0a76cf34_430a_4388_808a_dddefe5180a2.jpg,1024,1.0,26.423,7.809,18.948,204.248,7.309,117.019,98.157,131.546,45.585,17.636,-15.1781,0.7376,0.5872,0.6137,70.751,76.963,57.778,26.423,23.808,34.323,0.1843,0.2584,0.2334,43.752,2.817,0.007812,-0.01172,5.138,0.65,0.527,0.5153,-2.882,-1.56,-1.224,0.1057,1.603,2.65,0.7989,0.8468,0.0004974,98.757,4.497,4.479,0.0001158,1.518e-05,
C:\Users\sblee\Downloads\Aesthetics-Toolbox-main\split_1\0a862e8b_1351_4eb9_972e_b85bd95f9cde.jpg,1216,0.7273,24.411,7.44,18.984,188.858,7.186,87.137,59.123,69.775,30.698,15.734,0.9358,0.9373,0.6978,0.4604,72.55,62.581,74.426,24.411,33.366,41.931,0.2624,0.2645,0.3251,51.308,10.694,-0.01562,0.05114,9.657,0.4574,0.4754,0.4275,-2.11,-1.374,-1.123,0.03263,1.657,2.691,0.7335,0.8255,0.0004712,97.497,4.558,4.555,0.0001905,1.937e-05,
C:\Users\sblee\Downloads\Aesthetics-Toolbox-main\split_1\0a8ffe51_dc3e_4cfc_82df_32068f9a5396.jpg,1216,0.7273,24.458,7.726,12.551,120.687,5.911,104.103,84.031,88.449,36.828,9.286,0.5457,0.9547,0.3272,0.4084,58.403,61.873,52.976,24.458,5.332,6.396,0.08801,0.2671,0.2292,46.902,11.619,0.02148,0.05398,13.873,0.4911,0.4683,0.4599,-2.348,-1.164,-1.119,0.002821,1.489,2.627,0.54,0.8337,0.0003501,90.842,4.528,4.536,0.0001487,1.451e-05,
C:\Users\sblee\Downloads\Aesthetics-Toolbox-main\split_1\0a9910c9_90fd_4b16_b18c_578a475aa038.jpg,1216,0.7273,27.853,7.585,5.658,83.982,4.474,152.233,122.51,100.394,52.559,8.905,16.837,0.07298,0.4044,0.597,70.813,72.431,67.29,27.853,7.976,8.374,0.02633,0.2144,0.2777,30.49,19.322,-0.001953,-0.09659,22.614,0.4347,0.3316,0.2972,-3.085,-1.676,-1.534,0.005119,1.132,2.377,0.6393,0.7943,0.0004994,92.642,4.486,4.371,0.0002184,2.398e-05,
C:\Users\sblee\Downloads\Aesthetics-Toolbox-main\split_1\0aa0336b_17c9_491d_afb5_58d6b8258a50.jpg,1024,1.0,37.233,7.306,20.004,224.411,6.783,110.564,99.67,77.777,41.519,2.165,11.332,0.8416,0.454,0.4629,95.664,96.236,82.932,37.233,17.323,30.4,0.2744,0.3428,0.3871,37.659,5.95,0.01172,0.02734,3.761,0.5233,0.4842,0.4562,-2.682,-1.256,-1.271,0.008822,1.556,2.659,0.7304,0.819,0.0005769,98.195,4.385,4.468,0.0001447,2.382e-05,
C:\Users\sblee\Downloads\Aesthetics-Toolbox-main\split_1\0aacefee_8617_4454_b36a_b58fb723b4e2.jpg,1280,0.6667,29.759,7.57,12.604,137.865,5.869,123.093,96.904,103.097,42.966,11.439,1.545,0.9154,0.2773,0.4859,79.178,76.927,73.561,29.759,14.077,11.293,0.1055,0.2341,0.3075,59.952,5.203,-0.01367,-0.02214,16.365,0.407,0.4084,0.3898,-2.607,-1.456,-1.286,0.002582,1.516,2.502,0.6837,0.8119,0.0004123,87.772,4.508,4.473,0.0001692,2.303e-05,
C:\Users\sblee\Downloads\Aesthetics-Toolbox-main\split_1\0aaf5d78_eb1b_4cfe_af81_fa5c41fc9580.png,1216,0.7273,30.627,7.7,8.029,96.253,6.639,84.056,102.632,69.495,40.01,-11.2376,15.573,0.2455,0.5153,0.411,75.391,77.557,76.409,30.627,15.27,15.447,0.1275,0.3544,0.3052,34.435,11.93,-0.02539,0.05398,10.983,0.2706,0.3533,0.2548,-3.061,-1.387,-1.5,0.007695,1.371,2.451,0.6462,0.7565,0.0005123,95.449,4.323,4.332,0.0002014,2.412e-05,
C:\Users\sblee\Downloads\Aesthetics-Toolbox-main\split_1\0ab4de1e_bcbd_40b7_97bb_e899fee0e424.jpg,1408,0.8333,15.198,7.073,6.147,58.95,6.129,150.125,74.249,84.638,41.346,33.364,7.866,0.9572,0.5683,0.5897,45.523,40.47,22.884,15.198,9.21,20.287,0.07102,0.103,0.177,72.018,11.237,0.004688,0.05599,5.46,0.7032,0.4616,0.4509,-2.477,-1.311,-1.189,0.01197,1.547,2.616,0.5732,0.748,0.0005425,79.473,4.495,4.361,0.0002415,1.949e-05,
C:\Users\sblee\Downloads\Aesthetics-Toolbox-main\split_1\0abed37d_8ae7_4164_8b94_fdfddbba0a79.jpg,1152,0.8,19.8,7.654,5.614,85.922,6.332,142.464,102.952,141.238,48.824,23.473,-14.6444,0.8316,0.4129,0.6167,49.873,56.065,41.782,19.8,12.847,20.994,0.1149,0.237,0.1757,38.502,5.135,0.005859,-0.025,11.39,0.5316,0.4244,0.4199,-3.076,-1.639,-1.482,0.008426,1.328,2.375,0.6597,0.7774,0.0005359,97.168,4.536,4.439,0.0002406,1.976e-05,
C:\Users\sblee\Downloads\Aesthetics-Toolbox-main\split_1\0ac69a0b_eb1f_46d7_b5d8_e7fc34b778dc.png,1024,1.0,21.523,6.411,9.581,104.171,4.649,100.421,59.292,25.037,28.802,14.947,26.784,0.06272,0.752,0.3939,56.601,56.107,26.115,21.523,11.326,17.341,0.03582,0.124,0.2222,68.819,5.593,0.01172,0.02539,9.103,0.3818,0.3641,0.3262,-2.759,-1.446,-1.208,0.08551,1.343,2.528,0.4982,0.7556,0.0007386,90.98,4.332,4.325,0.0002934,3.192e-05,
C:\Users\sblee\Downloads\Aesthetics-Toolbox-main\split_1\0ac79d33_4cfb_43f4_8235_f3e53ed90ea4.jpg,1216,0.7273,29.196,7.74,5.916,93.997,6.365,103.675,123.205,114.357,48.703,-6.774,2.913,0.4245,0.3301,0.522,67.514,76.651,77.768,29.196,9.689,17.173,0.2184,0.1682,0.3138,46.784,3.714,0.001953,0.01847,11.238,0.7252,0.371,0.3715,-3.095,-1.615,-1.496,0.003967,1.082,2.365,0.6172,0.7268,0.0008013,94.997,4.372,4.164,0.0002281,3.64e-05,
C:\Users\sblee\Downloads\Aesthetics-Toolbox-main\split_1\0ac8f36a_8ce6_401b_90ba_e9883764ab2b.jpg,1088,0.8889,24.866,7.695,10.72,129.118,7.104,116.188,68.903,61.1,35.673,20.377,14.319,0.9525,0.5677,0.4952,72.855,65.653,64.091,24.866,22.775,27.61,0.1765,0.2805,0.2948,58.555,9.203,-0.01953,0.04167,9.025,0.5132,0.4182,0.3859,-2.748,-1.482,-1.252,0.03404,1.425,2.459,0.6736,0.8027,0.0004444,93.123,4.499,4.524,0.000221,2.746e-05,
C:\Users\sblee\Downloads\Aesthetics-Toolbox-main\split_1\0ad8fc93_4770_4ee8_87ce_fe3c8e6059e7.jpg,1024,1.0,33.586,7.062,10.025,144.861,4.347,136.354,136.45,138.269,54.941,0.4661,-1.186,0.6375,0.0689,0.5506,86.511,86.427,83.956,33.586,1.317,4.045,0.1699,0.07749,0.3342,30.434,10.186,0.003906,0.05078,6.882,0.3658,0.3473,0.3383,-3.027,-1.485,-1.414,0.01568,1.335,2.466,0.618,0.7983,0.0007266,97.93,4.479,4.403,0.0002616,2.271e-05,
C:\Users\sblee\Downloads\Aesthetics-Toolbox-main\split_1\0ada54b1_84e7_4fbc_9854_c8f38b042a5d.jpg,1216,0.7273,21.159,7.524,9.504,93.12,5.755,145.809,77.904,50.542,46.104,17.049,34.754,0.08239,0.7587,0.6121,74.068,76.334,50.055,21.159,40.449,18.038,0.1514,0.277,0.2731,47.093,5.801,-0.005859,-0.02841,14.08,0.4755,0.2734,0.2609,-2.574,-1.269,-1.223,0.002847,1.364,2.571,0.5567,0.7387,0.000306,95.922,4.41,4.483,0.0003866,2.101e-05,
C:\Users\sblee\Downloads\Aesthetics-Toolbox-main\split_1\0adf05f6_50c1_4e9a_828c_484c00839f15.png,1024,1.0,26.776,7.786,7.131,102.51,6.847,126.36,90.739,93.35,42.764,17.981,6.073,0.941,0.5689,0.5676,71.99,72.862,59.278,26.776,20.827,22.273,0.1801,0.1626,0.2792,40.374,17.986,-0.003906,0.08984,10.683,0.4819,0.3421,0.3443,-3.089,-1.509,-1.456,0.02219,1.237,2.354,0.6214,0.7809,0.0006056,94.407,4.482,4.4,0.0003035,2.915e-05,
C:\Users\sblee\Downloads\Aesthetics-Toolbox-main\split_1\0ae52d03_5eb2_4500_bf77_8be6507a5e0a.jpg,1216,0.7273,27.862,7.471,15.439,139.501,4.51,86.416,71.949,62.175,30.232,4.459,7.754,0.05576,0.3794,0.339,70.832,67.12,62.891,27.862,3.927,6.578,0.0482,0.2296,0.2777,55.74,0.966,-0.003906,0.002841,14.418,0.7621,0.5157,0.5124,-2.433,-1.203,-1.167,0.00385,1.569,2.599,0.7279,0.8689,0.0002836,91.963,4.529,4.522,0.0001585,1.391e-05,
C:\Users\sblee\Downloads\Aesthetics-Toolbox-main\split_1\0b13593a_0194_4a40_9f68_5315963daaf6.jpg,1472,0.9167,15.063,7.03,6.996,68.045,5.749,114.516,65.833,76.307,33.777,22.563,2.701,0.958,0.4784,0.4496,41.28,37.94,25.212,15.063,7.9,9.481,0.06214,0.1172,0.1612,48.322,10.563,-0.05256,0.005208,8.525,0.5337,0.5008,0.4738,-2.307,-1.294,-1.176,0.001821,1.511,2.563,0.7331,0.8086,0.0002823,92.455,4.44,4.514,0.0001408,1.251e-05,
C:\Users\sblee\Downloads\Aesthetics-Toolbox-main\split_1\0b2bf6d2_6712_466c_b0fd_88d4157697b4.jpg,1216,0.7273,22.716,7.668,13.827,109.004,5.961,101.912,75.022,49.315,33.407,8.589,18.832,0.06625,0.5682,0.4022,58.827,56.241,48.463,22.716,9.214,15.166,0.07854,0.2402,0.2304,50.21,7.82,-0.02148,0.03267,10.167,0.5587,0.4425,0.4109,-2.312,-1.108,-1.102,0.003363,1.594,2.585,0.6679,0.8352,0.000302,93.927,4.521,4.475,0.0001083,1.642e-05,
C:\Users\sblee\Downloads\Aesthetics-Toolbox-main\split_1\0b39b035_da06_487c_af1b_c7933b14a9bb.jpg,1536,2.0,21.866,7.298,3.142,53.241,5.767,117.791,115.52,94.746,47.481,-2.285,11.888,0.1779,0.2907,0.4862,48.778,55.426,47.933,21.866,7.916,5.096,0.1081,0.1577,0.2021,22.931,9.06,-0.005859,-0.04492,20.022,0.3604,0.358,0.2834,-3.283,-1.904,-1.659,0.009105,1.102,2.341,0.7055,0.7205,0.0004274,90.162,4.479,4.372,0.0002514,2.398e-05,
C:\Users\sblee\Downloads\Aesthetics-Toolbox-main\split_1\0b485e02_fe72_45f3_b155_82d671cbfdab.jpg,1216,0.7273,22.095,7.617,7.627,84.014,5.281,108.183,118.571,115.787,47.993,-4.33,0.2434,0.438,0.09674,0.4676,51.019,56.471,55.825,22.095,2.258,2.478,0.09948,0.03682,0.2216,46.501,10.492,0.01172,0.05114,10.793,0.503,0.4344,0.4323,-2.699,-1.411,-1.315,0.00212,1.355,2.532,0.7037,0.8232,0.0003834,92.781,4.292,4.418,0.0002111,1.587e-05,
C:\Users\sblee\Downloads\Aesthetics-Toolbox-main\split_1\0b4b6ff9_3691_45af_afcb_ed87f9888b4a.jpg,1024,1.0,22.511,5.521,2.29,20.384,0.8523,126.058,124.525,125.307,51.507,0.7699,-0.2282,0.9347,0.01648,0.4944,58.889,59.687,59.306,22.511,0.4256,0.1898,0.03961,0.009339,0.231,68.957,3.601,0.01367,0.01172,12.324,0.5752,0.2921,0.2656,-3.129,-1.488,-1.456,0.01884,0.8956,2.346,0.7466,0.6492,0.0004963,73.317,4.549,3.223,0.0003539,2.931e-05,
C:\Users\sblee\Downloads\Aesthetics-Toolbox-main\split_1\0b5156ee_7003_497b_91e7_e71dee659bc0.jpg,1216,0.7273,31.714,7.752,6.927,120.763,6.5,133.04,113.453,104.115,49.022,9.007,9.229,0.02416,0.4995,0.5736,78.862,84.423,92.939,31.714,14.329,23.378,0.2031,0.3946,0.3078,24.018,15.53,0.07227,0.02841,13.537,0.3823,0.3855,0.3387,-3.246,-1.791,-1.503,0.0111,1.154,2.388,0.6251,0.7476,0.0006788,96.788,4.119,4.261,0.0002926,3.962e-05,
C:\Users\sblee\Downloads\Aesthetics-Toolbox-main\split_1\0b6b60cb_3a4b_42e9_a9c4_81d5414bfeda.jpg,1216,0.7273,26.572,7.765,15.439,134.551,6.355,112.332,84.031,69.215,37.823,10.159,13.949,0.07419,0.508,0.4474,61.578,69.789,63.683,26.572,14.679,11.622,0.09881,0.3162,0.2465,43.982,4.223,0.01562,0.0142,10.574,0.6068,0.5524,0.5307,-2.421,-1.149,-1.189,0.004597,1.549,2.585,0.8271,0.8575,0.0002648,96.112,4.551,4.525,0.0001097,1.31e-05,
C:\Users\sblee\Downloads\Aesthetics-Toolbox-main\split_1\0b79d34d_df51_46c8_811e_22f225db2c63.jpg,1280,0.6667,19.971,7.586,9.871,73.228,5.91,125.812,99.384,48.563,43.407,5.278,30.97,0.09984,0.6162,0.4956,49.412,52.718,29.803,19.971,13.052,19.476,0.07795,0.2057,0.1932,32.154,5.563,-0.009766,0.02604,13.263,0.6027,0.4736,0.4509,-2.208,-1.186,-1.152,0.01535,1.458,2.498,0.523,0.7932,0.0003027,96.11,4.507,4.418,0.0001463,1.989e-05,
C:\Users\sblee\Downloads\Aesthetics-Toolbox-main\split_1\0b881747_b5a9_4cef_960c_59fd8408b42f.jpg,1088,0.8889,25.791,7.237,13.997,154.105,5.758,109.669,122.635,131.468,52.869,1.711,-1.404,0.5304,0.5014,0.6485,73.933,75.537,87.833,25.791,27.465,27.304,0.2374,0.3051,0.3047,19.204,0.8549,-0.003906,0.001736,4.391,0.4344,0.3599,0.3527,-2.755,-1.627,-1.189,0.1114,1.454,2.608,0.5487,0.8208,0.0007448,95.19,4.364,4.493,0.00042,2.651e-05,
C:\Users\sblee\Downloads\Aesthetics-Toolbox-main\split_1\0b8a1b2f_5ad4_43e5_898d_dbc507822cac.jpg,1024,1.0,25.642,7.645,4.317,56.665,6.862,121.613,111.985,108.074,46.808,3.846,3.409,0.02195,0.2404,0.49,58.607,65.561,56.614,25.642,6.652,8.266,0.2052,0.1733,0.2372,25.892,4.704,-0.01562,0.01758,8.023,0.3555,0.3466,0.3006,-3.043,-1.515,-1.404,0.02367,1.078,2.296,0.5383,0.7438,0.0005364,96.77,4.407,4.37,0.0002587,2.985e-05,
C:\Users\sblee\Downloads\Aesthetics-Toolbox-main\split_1\0b912ca6_c500_4fd5_87eb_4ed969d88da4.jpg,1152,0.8,29.094,7.711,15.387,130.258,5.618,112.873,105.504,78.382,43.101,-1.128,15.992,0.116,0.4099,0.4482,71.719,74.351,68.428,29.094,6.645,10.036,0.0595,0.2274,0.2809,61.655,18.625,-0.07422,0.05625,13.721,0.5022,0.516,0.4722,-2.5,-1.235,-1.165,0.002753,1.583,2.641,0.7716,0.8471,0.0003233,89.603,4.475,4.48,0.0001634,1.289e-05,
C:\Users\sblee\Downloads\Aesthetics-Toolbox-main\split_1\0b9267d1_970b_47d7_8f1e_9622a7860bad.jpg,1280,1.5,26.582,7.749,5.619,80.81,6.033,114.735,96.777,72.615,41.064,4.733,15.237,0.05053,0.4332,0.4522,61.412,71.076,33.965,26.582,12.289,18.118,0.1165,0.1292,0.2424,43.733,11.763,-0.02604,0.05273,18.0,0.3829,0.4376,0.3265,-2.884,-1.522,-1.468,0.002074,1.283,2.347,0.6632,0.8086,0.0004891,90.423,4.422,4.424,0.0001842,2.265e-05,
C:\Users\sblee\Downloads\Aesthetics-Toolbox-main\split_1\0b9f80b8_b8b0_4437_9509_f07d3b2a69a7.jpg,1152,1.25,16.152,4.239,3.263,57.507,3.393,142.934,113.853,113.802,52.379,11.198,7.798,0.02402,0.2372,0.5624,29.781,57.546,57.091,16.152,20.494,14.733,0.1106,0.3908,0.1169,11.847,0.7812,0.0,0.003906,7.058,0.4171,0.3809,0.3549,-3.18,-1.74,-1.466,0.02002,1.145,2.273,0.5549,0.7156,0.00104,86.357,3.798,4.029,0.0006963,2.264e-05,
C:\Users\sblee\Downloads\Aesthetics-Toolbox-main\split_1\0ba3478a_2bf5_4ce7_9fb6_ba6963e6464b.png,1216,0.7273,30.148,7.725,3.452,58.691,6.312,144.059,106.248,144.457,49.002,22.933,-15.0068,0.8298,0.4636,0.6117,73.354,81.219,65.584,30.148,16.096,18.021,0.1273,0.2346,0.283,35.088,18.319,-0.01953,0.08949,12.818,0.3684,0.3601,0.3371,-3.196,-1.673,-1.527,0.003536,1.001,2.153,0.4824,0.7407,0.0007055,92.871,4.19,4.147,0.0002915,2.783e-05,
C:\Users\sblee\Downloads\Aesthetics-Toolbox-main\split_1\0bc4430c_897d_4fb2_b429_6bbb2c341d33.jpg,1344,1.625,22.219,7.601,13.124,133.99,4.937,103.152,85.91,75.82,37.023,5.647,8.488,0.06073,0.2593,0.4048,60.224,53.796,48.833,22.219,8.377,9.521,0.04801,0.1566,0.2364,48.212,10.19,-0.02404,0.04492,16.759,0.502,0.443,0.4073,-2.454,-1.245,-1.233,0.002442,1.581,2.6,0.7337,0.8057,0.0005369,96.843,4.071,4.369,0.0001559,1.924e-05,
C:\Users\sblee\Downloads\Aesthetics-Toolbox-main\split_1\0bc8df8a_cac4_4c46_a696_fe1aa14d1e7a.jpg,1216,0.7273,22.773,7.632,11.672,117.683,5.344,97.024,104.958,96.718,42.432,-4.53,3.806,0.2858,0.141,0.413,51.164,57.794,58.096,22.773,3.182,2.876,0.1401,0.06102,0.2258,48.226,1.379,-0.003906,0.005682,14.2,0.5691,0.5604,0.5515,-2.411,-1.274,-1.151,0.009525,1.522,2.575,0.7383,0.8586,0.0004747,94.701,4.12,4.356,0.0001556,1.214e-05,
C:\Users\sblee\Downloads\Aesthetics-Toolbox-main\split_1\0bec5e6c_d3ab_4ee2_981e_409aeaa17159.jpg,1536,2.0,24.049,7.763,6.772,74.058,5.387,101.032,96.837,64.242,39.476,-3.361,18.704,0.1373,0.4391,0.4031,55.96,60.508,46.108,24.049,5.589,8.113,0.04692,0.1457,0.2241,40.604,14.516,-0.0293,0.06641,27.338,0.4009,0.3828,0.326,-2.574,-1.251,-1.257,0.002754,1.293,2.42,0.7102,0.7949,0.0003548,93.644,4.378,4.461,0.0001707,2.168e-05,
C:\Users\sblee\Downloads\Aesthetics-Toolbox-main\split_1\0c1acd24_418b_486c_a475_c86a8be82cbe.jpg,1216,0.7273,22.402,7.565,13.325,120.681,4.706,106.584,89.729,74.099,38.349,4.387,11.288,0.06941,0.3622,0.418,56.845,54.455,46.469,22.402,3.463,6.118,0.05094,0.1722,0.2229,20.514,6.638,0.005859,-0.03267,14.815,0.5517,0.4702,0.4727,-2.28,-1.139,-1.142,0.001384,1.552,2.589,0.6535,0.8582,0.0003527,98.932,4.521,4.508,0.0001651,1.409e-05,
C:\Users\sblee\Downloads\Aesthetics-Toolbox-main\split_1\0c1f23f4_c52a_4634_88c5_2fae96bec18f.jpg,1024,1.0,29.817,7.649,3.895,71.204,6.597,105.698,96.287,83.026,40.038,1.532,8.99,0.1256,0.442,0.4411,85.307,69.712,72.572,29.817,10.74,7.622,0.1566,0.3103,0.3163,30.707,20.685,0.1016,-0.01953,14.933,0.3803,0.2647,0.2639,-3.532,-1.823,-1.733,0.00245,1.081,2.271,0.5318,0.7114,0.0007311,95.488,4.252,4.13,0.0003038,2.924e-05,
C:\Users\sblee\Downloads\Aesthetics-Toolbox-main\split_1\0c295a87_137a_4ba3_a62d_fb18e6a43e4c.jpg,1024,1.0,31.913,7.53,25.87,214.524,6.651,151.595,124.15,110.518,54.979,6.86,13.503,0.1481,0.4351,0.6153,83.206,92.544,66.125,31.913,26.546,17.248,0.2253,0.3412,0.3218,24.035,8.856,-0.0332,0.0293,7.798,0.4559,0.4542,0.4518,-2.305,-1.182,-0.9848,0.05332,1.654,2.742,0.667,0.8158,0.0004771,98.531,4.422,4.456,0.000173,2.006e-05,
C:\Users\sblee\Downloads\Aesthetics-Toolbox-main\split_1\0c3e8116_d390_4050_8d19_a1b398ce979c.jpg,1024,1.0,31.023,7.602,11.098,115.232,1.669,106.807,105.96,106.689,42.904,0.5377,-0.3079,0.9376,0.03315,0.4198,76.047,76.727,76.346,31.023,0.5836,0.4613,0.09844,0.06865,0.2982,34.891,4.768,-0.01367,-0.01953,8.395,0.5411,0.3145,0.2982,-2.597,-1.126,-1.3,0.01302,1.502,2.538,0.5012,0.7662,0.0009425,94.434,4.506,4.363,0.0002986,3.523e-05,
C:\Users\sblee\Downloads\Aesthetics-Toolbox-main\split_1\0c44596f_aab1_4f18_ad58_e5948b316418.jpg,1216,0.7273,24.656,7.721,3.07,42.482,4.908,96.703,121.647,120.041,47.961,-8.897,-2.264,0.4993,0.2575,0.4852,53.245,62.828,57.288,24.656,4.994,3.237,0.04718,0.1284,0.2386,25.071,18.851,0.009766,-0.09375,23.486,0.551,0.3474,0.3326,-2.869,-1.517,-1.499,0.005184,1.101,2.267,0.4717,0.7337,0.0006876,95.575,4.48,4.317,0.0004483,1.917e-05,
C:\Users\sblee\Downloads\Aesthetics-Toolbox-main\split_1\0c474cdb_aa76_47d1_a968_aed73aa98284.jpg,1024,1.0,23.872,7.692,8.424,76.849,5.492,108.125,101.689,115.271,43.737,8.365,-6.114,0.7864,0.3578,0.5365,77.35,57.736,56.805,23.872,10.135,21.794,0.2412,0.2677,0.2711,49.437,11.495,0.05664,-0.009766,7.566,0.3154,0.4295,0.2869,-2.848,-1.373,-1.36,0.03002,1.205,2.438,0.6252,0.7353,0.000627,87.558,4.122,4.218,0.0002615,3.928e-05,
C:\Users\sblee\Downloads\Aesthetics-Toolbox-main\split_1\0c4f9e96_9ece_4399_8b1d_447767999e87.png,1216,0.7273,28.342,7.763,5.424,85.586,5.447,121.834,74.14,111.719,37.134,25.893,-12.7889,0.8681,0.5142,0.4844,76.492,70.364,67.446,28.342,13.252,13.382,0.07259,0.1919,0.3,55.745,18.004,-0.009766,0.08949,12.255,0.7315,0.3309,0.3285,-3.049,-1.564,-1.426,0.005898,1.258,2.351,0.4941,0.6936,0.0006703,92.773,4.514,4.299,0.0002894,2.282e-05,
C:\Users\sblee\Downloads\Aesthetics-Toolbox-main\split_1\0c5814af_cdb2_4a5a_86b4_8a5164aa59c1.jpg,1024,1.0,25.587,7.913,19.135,159.822,7.005,105.214,102.909,111.998,44.253,6.808,-2.889,0.7411,0.4977,0.5379,72.726,67.272,73.649,25.587,15.262,21.833,0.243,0.3086,0.2474,43.276,10.726,0.04492,0.0293,8.284,0.6541,0.5581,0.5388,-2.398,-1.184,-1.103,0.02667,1.675,2.694,0.7761,0.8373,0.0003018,95.505,4.506,4.444,0.0001127,1.265e-05,
C:\Users\sblee\Downloads\Aesthetics-Toolbox-main\split_1\0c701041_98ef_4df1_a0ff_8dbf86479204.jpg,1024,1.0,23.965,7.727,11.207,127.545,6.976,124.002,84.477,97.24,40.58,18.925,0.5738,0.8687,0.3724,0.5157,72.132,59.867,63.648,23.965,18.811,21.796,0.1532,0.2298,0.2836,48.303,11.925,-0.05078,-0.03125,9.448,0.4083,0.4005,0.3521,-3.006,-1.614,-1.291,0.1011,1.432,2.492,0.6555,0.7917,0.0004705,95.401,4.464,4.47,0.0001735,2.686e-05,
C:\Users\sblee\Downloads\Aesthetics-Toolbox-main\split_1\0c703ddf_7d36_4060_b362_13a87810a9d0.jpg,1024,1.0,22.349,7.415,5.219,63.456,6.342,130.928,99.7,95.241,45.227,12.661,7.047,0.01028,0.4518,0.5167,44.581,66.732,26.483,22.349,17.215,19.857,0.1331,0.1961,0.1787,39.65,11.267,-0.04688,-0.03125,8.292,0.4503,0.3985,0.3356,-3.122,-1.485,-1.524,0.009136,1.3,2.394,0.6904,0.7269,0.0006047,93.915,4.352,4.123,0.0002419,2.227e-05,
C:\Users\sblee\Downloads\Aesthetics-Toolbox-main\split_1\0c847b41_fbd7_48ec_91d1_de2c6445db60.jpg,1216,0.7273,23.751,7.89,1.21,30.543,5.952,150.434,93.864,95.534,45.712,23.516,9.203,0.9906,0.4949,0.5903,58.454,64.52,46.549,23.751,12.009,11.09,0.06594,0.2118,0.2289,38.411,18.398,-0.05078,0.0767,11.05,0.5853,0.4306,0.4432,-3.046,-1.697,-1.456,0.004572,0.8089,2.017,0.5053,0.6758,0.001263,92.985,3.987,2.113,0.0008115,8.84e-06,
C:\Users\sblee\Downloads\Aesthetics-Toolbox-main\split_1\0c88d07e_afcd_4b9b_8788_178047df3759.png,1216,0.7273,23.743,7.317,10.49,77.847,5.071,123.665,79.338,59.947,37.462,17.056,18.638,0.03355,0.528,0.485,62.733,61.259,49.417,23.743,8.948,15.877,0.04229,0.1697,0.246,59.591,11.084,-0.05273,-0.01705,19.323,0.4619,0.4518,0.4053,-2.341,-1.198,-1.07,0.009232,1.487,2.606,0.6644,0.8037,0.000364,84.892,4.489,4.43,0.0001326,1.757e-05,
C:\Users\sblee\Downloads\Aesthetics-Toolbox-main\split_1\0ca7d24c_78d4_48ed_9340_188d30292b3f.jpg,1216,0.7273,24.92,7.842,11.027,104.752,7.122,109.611,87.312,72.805,38.543,8.208,12.187,0.0657,0.4685,0.4478,62.897,64.259,60.849,24.92,14.804,16.865,0.1632,0.3012,0.2354,46.299,7.585,0.02148,-0.03125,17.022,0.5827,0.4878,0.4703,-2.504,-1.35,-1.248,0.003945,1.457,2.48,0.6705,0.8341,0.0003552,91.207,4.533,4.502,0.0001289,1.694e-05,
C:\Users\sblee\Downloads\Aesthetics-Toolbox-main\split_1\0cb63b35_0675_44af_9f8e_36dc9dcd893f.jpg,1728,2.375,20.603,7.589,8.439,132.848,6.193,123.874,101.419,110.894,50.27,18.067,5.001,0.9334,0.7467,0.7003,98.846,65.034,73.297,20.603,27.83,33.956,0.2638,0.2918,0.2343,50.349,7.424,-0.02878,0.02344,23.154,0.4343,0.4318,0.37,-2.573,-1.69,-1.429,0.007183,1.463,2.427,0.692,0.7897,0.0004057,95.35,4.505,4.5,0.0002774,2.446e-05,
C:\Users\sblee\Downloads\Aesthetics-Toolbox-main\split_1\0cb9b021_cf87_4341_83c4_cf81e395a367.jpg,1024,1.0,21.661,5.896,8.821,113.945,5.646,191.052,118.877,154.373,60.45,34.255,-3.773,0.9124,0.5439,0.8336,75.184,67.593,46.937,21.661,32.466,17.408,0.1588,0.1959,0.2234,9.112,2.278,-0.009766,0.005859,3.782,0.5164,0.4193,0.4138,-2.967,-1.629,-1.301,0.1291,1.302,2.523,0.4701,0.7378,0.000958,81.886,4.449,4.47,0.000626,2.9e-05,
C:\Users\sblee\Downloads\Aesthetics-Toolbox-main\split_1\0cba46cb_4867_4eb1_b31c_387851df5687.jpg,1216,0.7273,19.562,7.565,12.041,105.28,6.124,105.486,70.087,49.033,32.947,12.998,18.465,0.05023,0.5725,0.4147,50.03,49.64,38.948,19.562,11.173,13.902,0.07292,0.2235,0.1961,46.825,4.374,-0.01172,-0.01847,10.402,0.5748,0.5248,0.498,-2.405,-1.2,-1.175,0.005629,1.585,2.535,0.737,0.8147,0.0003332,96.928,4.513,4.491,0.0001065,1.434e-05,
C:\Users\sblee\Downloads\Aesthetics-Toolbox-main\split_1\0cd06984_30e6_4bbe_9439_39e5d895632b.jpg,1024,1.0,19.604,7.481,8.526,85.929,5.056,119.245,72.266,45.173,35.338,16.48,23.986,0.05549,0.6232,0.4677,59.324,45.804,27.968,19.604,14.125,14.182,0.04674,0.1574,0.2325,21.208,7.585,-0.007812,0.03711,6.621,0.4982,0.3733,0.3634,-2.775,-1.313,-1.32,0.0228,1.421,2.517,0.5989,0.7627,0.0005655,98.717,4.375,4.242,0.000285,2.695e-05,
C:\Users\sblee\Downloads\Aesthetics-Toolbox-main\split_1\0ce5d53f_4b03_4a40_866a_af61b06a5981.jpg,1280,1.5,22.687,7.603,21.19,172.39,6.943,145.018,143.148,124.963,58.918,-0.6157,10.148,0.1191,0.3257,0.6342,63.81,62.175,47.174,22.687,14.71,18.274,0.2491,0.1617,0.2318,20.435,3.125,0.0,-0.01562,11.143,0.5027,0.4623,0.4341,-1.941,-1.059,-0.8969,0.00409,1.721,2.728,0.704,0.8456,0.0004494,98.285,4.119,4.395,0.0001332,1.665e-05,
C:\Users\sblee\Downloads\Aesthetics-Toolbox-main\split_1\0cfeb92a_c020_4d1f_bd31_a46ffdea3c46.jpg,1024,1.0,23.257,7.634,4.785,46.114,6.113,106.364,105.62,104.413,43.635,0.2619,0.4629,0.6189,0.1437,0.4413,61.992,57.672,50.086,23.257,3.007,5.965,0.3368,0.08323,0.2295,39.751,19.461,-0.06055,0.07617,16.261,0.3995,0.2776,0.2605,-2.737,-1.279,-1.289,0.009344,1.262,2.43,0.4551,0.7677,0.0005069,89.082,4.337,4.398,0.0002238,2.048e-05,
C:\Users\sblee\Downloads\Aesthetics-Toolbox-main\split_1\0d0ff0f8_b44b_404e_bc55_2113f115af44.jpg,1024,1.0,18.471,7.199,3.975,45.628,5.848,103.92,91.356,57.271,38.799,0.3355,20.966,0.1298,0.4356,0.4144,51.095,47.754,30.6,18.471,11.641,14.761,0.06745,0.1675,0.1999,70.223,7.203,0.02344,-0.02734,9.301,0.416,0.3116,0.2545,-2.559,-1.374,-1.089,0.07409,1.217,2.345,0.521,0.6679,0.000696,78.359,4.192,4.328,0.0002045,3.004e-05,
C:\Users\sblee\Downloads\Aesthetics-Toolbox-main\split_1\0d18813b_897a_4f8d_86fa_e9399f5e45c8.jpg,1152,1.0,27.368,7.798,7.67,134.059,6.951,122.322,80.596,79.024,41.027,15.765,12.876,0.9781,0.6115,0.535,70.944,81.175,70.697,27.368,29.86,20.57,0.188,0.3091,0.2652,38.055,2.455,-0.008681,0.008681,7.861,0.3914,0.4252,0.4195,-3.373,-1.803,-1.624,0.02491,1.176,2.403,0.6535,0.7725,0.0006197,98.547,4.36,4.396,0.0002307,2.765e-05,
C:\Users\sblee\Downloads\Aesthetics-Toolbox-main\split_1\0d32da43_a7c2_48aa_a152_18b7618b6ecc.png,1216,0.7273,25.969,7.896,3.797,72.853,5.838,143.38,85.909,140.631,44.484,31.875,-19.645,0.8482,0.5191,0.5879,68.081,69.051,60.862,25.969,14.555,13.152,0.0663,0.2539,0.2622,44.061,16.65,-0.04102,0.07244,9.782,0.721,0.4562,0.4495,-3.377,-1.721,-1.626,0.006764,1.097,2.271,0.6425,0.7165,0.0007843,96.359,4.464,4.227,0.0003168,1.466e-05,
C:\Users\sblee\Downloads\Aesthetics-Toolbox-main\split_1\0d39ce14_a13b_48fa_8d3f_039656738a85.jpg,1024,1.0,28.543,7.773,15.704,169.513,7.331,116.556,80.211,84.052,38.38,16.148,5.889,0.9368,0.5552,0.4892,75.909,75.3,74.219,28.543,19.226,22.12,0.1824,0.3206,0.2892,46.442,3.906,0.01562,0.01172,7.013,0.5549,0.4743,0.467,-2.917,-1.532,-1.257,0.08185,1.553,2.599,0.6951,0.8217,0.0005377,95.924,4.564,4.504,0.0001663,1.889e-05,
C:\Users\sblee\Downloads\Aesthetics-Toolbox-main\split_1\0d3da4eb_ddb3_43f6_9641_0902597c7a5a.jpg,1024,1.0,18.917,7.562,10.141,128.644,6.827,114.819,75.682,79.902,37.067,18.479,5.718,0.9453,0.478,0.4932,60.673,46.336,50.26,18.917,16.071,21.071,0.177,0.2252,0.2216,35.436,5.255,-0.01758,0.01953,4.127,0.505,0.4843,0.4715,-3.259,-1.782,-1.391,0.09379,1.472,2.471,0.7417,0.8284,0.0004938,99.128,4.44,4.481,0.000164,1.707e-05,
C:\Users\sblee\Downloads\Aesthetics-Toolbox-main\split_1\0d4760af_b738_47f5_9280_cce48eff17b0.jpg,1024,1.0,18.876,7.293,5.016,59.803,4.625,97.435,71.064,61.597,31.973,9.732,9.788,0.03137,0.3739,0.3821,58.077,42.502,36.862,18.876,5.817,8.685,0.03865,0.129,0.2278,67.592,9.797,0.04883,-0.003906,13.698,0.3654,0.4432,0.3422,-3.095,-1.517,-1.455,0.0203,1.462,2.4,0.5874,0.7603,0.0007139,81.626,4.386,4.366,0.0002314,2.316e-05,
C:\Users\sblee\Downloads\Aesthetics-Toolbox-main\split_1\0d48805f_2ead_4bcc_a653_7ed977e77b00.jpg,1280,0.6667,27.221,7.83,14.539,169.186,1.558,105.851,105.256,105.871,43.217,0.3736,-0.2698,0.9495,0.03007,0.4161,66.708,67.146,66.853,27.221,0.5437,0.4846,0.1016,0.1016,0.2616,29.353,11.614,0.05469,-0.01953,16.74,0.5072,0.5428,0.5037,-2.718,-1.318,-1.3,0.001941,1.536,2.623,0.7141,0.8537,0.0004589,97.132,4.444,4.482,0.0002117,1.46e-05,
C:\Users\sblee\Downloads\Aesthetics-Toolbox-main\split_1\0d5281bb_3616_4233_b57b_b1eda4960176.jpg,1344,0.9091,28.036,7.772,8.901,121.439,3.85,99.412,94.917,94.419,39.201,1.65,0.9719,0.01613,0.114,0.3909,69.142,68.654,68.386,28.036,2.979,1.638,0.1163,0.1517,0.2722,40.624,9.328,0.02187,-0.04119,11.481,0.5055,0.5134,0.4691,-2.968,-1.662,-1.538,0.005847,1.402,2.477,0.7864,0.8084,0.0003549,95.585,4.277,4.423,0.0001767,9.506e-06,
C:\Users\sblee\Downloads\Aesthetics-Toolbox-main\split_1\0da8dcf8_08f5_4e2b_9b71_c98dd38104ee.jpg,1280,0.6667,20.566,6.873,13.602,98.323,5.968,127.02,72.518,97.679,38.823,27.742,-3.301,0.9005,0.5669,0.5311,59.817,56.859,41.584,20.566,20.199,21.173,0.124,0.1822,0.2349,43.095,9.769,-0.01758,-0.04557,18.638,0.5491,0.51,0.4878,-2.172,-1.097,-1.054,0.002619,1.574,2.67,0.6993,0.8402,0.0002388,91.634,4.546,4.52,0.0001436,2.005e-05,
C:\Users\sblee\Downloads\Aesthetics-Toolbox-main\split_1\0db44455_7251_4f63_ab2d_a95ba77f0841.jpg,1024,1.0,26.615,7.869,12.784,176.055,7.764,131.511,130.795,124.339,57.391,9.747,5.197,0.9839,0.7122,0.7546,82.351,83.952,79.555,26.615,32.686,46.122,0.3351,0.239,0.2346,22.114,1.953,0.0,-0.009766,2.806,0.6888,0.4816,0.4758,-3.205,-1.565,-1.546,0.01312,1.482,2.554,0.6624,0.7804,0.000486,98.959,4.521,4.434,0.0001768,1.529e-05,
C:\Users\sblee\Downloads\Aesthetics-Toolbox-main\split_1\0db9189d_91ca_4550_9e22_5eec4db8f9be.jpg,1024,1.0,21.029,6.993,4.442,54.717,1.997,100.429,98.679,98.751,41.086,0.7421,0.207,0.956,0.03323,0.3942,52.431,53.057,52.967,21.029,0.5256,1.184,0.08364,0.03331,0.2059,74.632,2.104,-0.003906,-0.009766,7.676,0.4033,0.4302,0.3325,-3.48,-1.774,-1.672,0.01675,1.387,2.387,0.6287,0.7132,0.000578,69.894,4.101,4.261,0.0002621,2.45e-05,
C:\Users\sblee\Downloads\Aesthetics-Toolbox-main\split_1\0dba34f7_8541_49a1_b2ce_e18a5150a90e.png,1024,1.0,20.628,7.342,8.821,52.742,5.14,106.645,90.416,70.305,38.625,3.518,13.739,0.1033,0.3373,0.4196,59.193,49.792,36.971,20.628,5.071,9.726,0.05051,0.1369,0.232,69.223,12.609,0.01758,0.06055,10.67,0.4361,0.3804,0.3425,-2.773,-1.164,-1.385,0.01595,1.583,2.572,0.8446,0.7079,0.0003351,84.181,4.027,4.065,0.0001389,3.061e-05,
C:\Users\sblee\Downloads\Aesthetics-Toolbox-main\split_1\0ddf70b7_0507_47c7_b214_a66a956c7d62.jpg,1216,0.7273,24.867,7.775,10.312,95.235,6.257,86.514,92.021,69.109,36.81,-6.239,12.059,0.2011,0.3968,0.3722,60.516,60.986,58.308,24.867,6.59,7.228,0.09375,0.2681,0.2423,39.967,4.688,0.009766,0.02131,10.153,0.5729,0.3609,0.3612,-2.454,-1.31,-1.194,0.008822,1.439,2.467,0.6084,0.7947,0.0003403,95.465,4.534,4.486,0.0001581,1.952e-05,
C:\Users\sblee\Downloads\Aesthetics-Toolbox-main\split_1\0df7d63f_9083_41ae_9729_5fb60530dc20_1700156021351_19.png,1472,0.5333,12.667,7.087,3.05,28.115,6.733,111.796,127.178,129.668,51.973,-4.406,-3.174,0.5405,0.2102,0.5308,30.984,33.945,29.205,12.667,6.787,7.602,0.1439,0.1268,0.1182,41.814,1.841,0.003906,0.008333,15.817,0.7019,0.4284,0.4242,-2.583,-1.157,-1.226,0.01158,1.314,2.47,0.6402,0.7009,0.000328,95.665,4.256,4.333,0.0003476,1.493e-05,
C:\Users\sblee\Downloads\Aesthetics-Toolbox-main\split_1\0df7ec10_936c_4365_b0cc_91b26204601b.jpg,1024,1.0,34.611,7.247,6.678,105.157,5.156,133.601,104.943,103.357,46.679,10.863,7.523,0.03237,0.3322,0.5276,88.36,91.422,91.0,34.611,18.956,14.003,0.1274,0.3644,0.3457,41.619,10.253,-0.04883,0.01562,13.105,0.2826,0.3482,0.2494,-3.221,-1.655,-1.375,0.0656,1.171,2.352,0.4319,0.6742,0.001028,93.725,4.223,4.257,0.0004242,3.516e-05,
C:\Users\sblee\Downloads\Aesthetics-Toolbox-main\split_1\0e1a9e45_21c5_4bfd_b592_d7516c653d41.jpg,1536,0.5,18.752,7.559,2.939,41.535,1.763,104.679,101.789,101.867,42.655,1.248,0.4019,0.9435,0.04916,0.4107,45.388,46.369,46.18,18.752,1.905,2.297,0.06836,0.1087,0.1781,50.925,2.657,-0.003906,-0.0127,21.387,0.5296,0.4528,0.3804,-3.229,-1.723,-1.732,0.01747,1.147,2.362,0.6309,0.5478,0.0003785,88.067,4.404,4.061,0.0002908,1.78e-05,
C:\Users\sblee\Downloads\Aesthetics-Toolbox-main\split_1\0e1efca1_19e7_49db_9d94_853401870376.jpg,1280,0.6667,19.835,7.632,1.329,37.772,0.5204,110.987,110.797,110.91,45.994,0.1039,-0.03817,0.9916,0.003064,0.4353,49.099,49.264,49.157,19.835,0.329,0.1779,0.0318,0.009738,0.1925,45.972,6.442,-0.007812,0.03125,13.185,0.566,0.4869,0.463,-3.18,-1.634,-1.469,0.006282,0.843,2.028,0.5603,0.7554,0.001329,93.271,3.851,2.437,0.0005339,4.8e-06,
C:\Users\sblee\Downloads\Aesthetics-Toolbox-main\split_1\0e22f05f_d8c6_4470_af96_feb5922721f2.jpg,1216,0.7273,16.81,7.364,10.992,72.452,5.218,101.878,89.83,82.8,38.508,3.822,5.5,0.01132,0.1914,0.4009,44.732,40.375,31.823,16.81,2.114,7.876,0.1064,0.1001,0.1739,45.967,13.942,0.003906,0.0696,7.045,0.7442,0.4785,0.4753,-2.152,-0.9764,-0.9836,0.008066,1.565,2.658,0.6005,0.828,0.0003939,92.936,4.477,4.458,0.0001281,1.703e-05,
C:\Users\sblee\Downloads\Aesthetics-Toolbox-main\split_1\0e589721_e6ee_4ffd_b08c_32430f8ca08a.jpg,1024,1.0,27.591,6.262,8.265,82.692,5.482,81.942,88.718,81.8,35.859,-3.803,2.911,0.2847,0.2534,0.3544,62.535,67.641,63.092,27.591,4.794,3.666,0.1949,0.2932,0.2666,24.915,14.704,-0.04688,0.05664,15.097,0.427,0.4601,0.4218,-2.875,-1.263,-1.42,0.004593,1.219,2.457,0.7015,0.716,0.0006096,95.972,3.709,4.021,0.0002095,3.205e-05,
C:\Users\sblee\Downloads\Aesthetics-Toolbox-main\split_1\0e5ec66e_5afe_480f_9f43_6c7e9902e1aa.png,1280,1.5,18.241,7.515,5.98,70.785,6.485,106.082,68.159,120.813,35.089,26.585,-23.1386,0.7912,0.5254,0.5004,52.65,44.402,43.838,18.241,12.824,15.272,0.09706,0.173,0.1916,46.008,7.817,-0.03385,0.01953,18.24,0.3894,0.4522,0.4026,-2.855,-1.669,-1.346,0.01368,1.4,2.452,0.6228,0.7565,0.0004925,95.156,4.442,4.436,0.0002404,1.652e-05,
C:\Users\sblee\Downloads\Aesthetics-Toolbox-main\split_1\0e63316f_f1db_49c1_b0ee_6f7cf42f92bd.jpg,1024,1.0,29.647,7.25,7.898,125.499,1.137,117.43,116.831,117.121,47.837,0.296,-0.07939,0.9754,0.03458,0.4607,73.868,74.256,74.069,29.647,0.488,0.1961,0.06111,0.1414,0.2899,15.81,9.086,-0.04102,0.01953,8.634,0.2914,0.3378,0.3173,-3.461,-1.832,-1.556,0.05925,1.265,2.383,0.584,0.7832,0.0005978,97.969,4.458,4.406,0.0002784,2.294e-05,
C:\Users\sblee\Downloads\Aesthetics-Toolbox-main\split_1\0e74b47b_cee5_44de_9b80_d13c5f816873.jpg,1280,0.6667,16.933,7.609,0.9359,21.257,6.975,150.05,94.595,109.418,47.108,25.089,2.052,0.9562,0.4557,0.6042,41.915,50.517,31.545,16.933,18.825,15.464,0.1491,0.1938,0.1607,31.771,9.433,0.04688,-0.005208,16.569,0.5256,0.5589,0.488,-3.093,-1.645,-1.451,0.003385,0.8987,2.011,0.5843,0.6928,0.0009894,96.216,4.164,2.687,0.000812,6.829e-06,
C:\Users\sblee\Downloads\Aesthetics-Toolbox-main\split_1\0e81297a_b510_4277_8fa9_9c3504810158.jpg,1024,1.0,13.619,7.244,11.376,83.191,4.33,103.582,73.842,57.338,33.87,10.375,14.863,0.05878,0.4653,0.4063,35.939,32.321,27.526,13.619,5.984,5.253,0.03025,0.1377,0.1408,43.629,7.463,0.003906,0.03711,5.286,0.6408,0.3712,0.37,-2.256,-1.208,-0.9319,0.08955,1.603,2.683,0.5661,0.8294,0.0002559,92.383,4.491,4.53,0.000168,1.077e-05,
C:\Users\sblee\Downloads\Aesthetics-Toolbox-main\split_1\0e8e9324_e7be_4255_b2d7_3273f956b1e8.png,1024,1.0,19.044,6.787,4.28,76.387,4.787,150.598,84.817,73.733,43.656,25.564,18.872,0.9916,0.4509,0.5932,73.532,41.926,37.572,19.044,18.568,16.824,0.122,0.3088,0.2874,38.695,7.812,-0.03125,0.02344,6.123,0.5554,0.3252,0.2975,-3.533,-1.868,-1.624,0.03849,1.182,2.288,0.5305,0.691,0.0009257,93.83,4.352,4.256,0.0004467,4.094e-05,
C:\Users\sblee\Downloads\Aesthetics-Toolbox-main\split_1\0e8fc5a2_b3cf_4eb2_ac39_8b085eac3c07.jpg,1536,2.0,19.055,7.507,4.278,71.158,6.29,144.064,55.487,99.16,37.341,41.172,-6.031,0.9015,0.6753,0.5764,66.766,45.389,32.297,19.055,16.598,16.225,0.08909,0.1303,0.2471,50.419,9.53,0.03418,0.0332,23.268,0.5336,0.3921,0.3712,-2.912,-1.613,-1.391,0.003645,1.285,2.338,0.5256,0.7298,0.000731,91.503,4.461,4.502,0.0003787,1.753e-05,
C:\Users\sblee\Downloads\Aesthetics-Toolbox-main\split_1\0e9818ae_0566_45b4_a8f0_d07812272e4a.jpg,1024,1.667,22.113,6.735,3.984,59.313,5.333,134.094,113.501,104.205,48.938,7.225,8.755,0.05389,0.2571,0.5339,55.881,57.877,62.33,22.113,8.912,10.599,0.1406,0.206,0.2296,50.269,6.483,-0.02969,-0.01302,14.538,0.2203,0.2643,0.2307,-2.965,-1.622,-1.446,0.003091,1.063,2.272,0.5322,0.6872,0.001127,95.965,4.21,3.898,0.0004041,3.656e-05,
C:\Users\sblee\Downloads\Aesthetics-Toolbox-main\split_1\0ea24496_9b09_4b8a_8d70_80216dba3157.jpg,1536,2.0,21.84,7.459,20.059,120.131,6.596,147.152,95.953,125.935,47.431,24.707,-6.915,0.8878,0.4599,0.6143,71.644,54.6,53.203,21.84,28.949,17.471,0.1624,0.1534,0.2752,28.422,10.918,-0.05371,-0.009766,19.216,0.4669,0.5121,0.4658,-1.996,-1.295,-0.9473,0.01067,1.63,2.716,0.7107,0.8468,0.0004052,97.635,4.415,4.502,0.0002036,1.829e-05,
C:\Users\sblee\Downloads\Aesthetics-Toolbox-main\split_1\0ea769fd_512c_4198_b181_f035b13e7f0d.jpg,1152,0.8,17.966,7.082,0.8352,19.611,5.661,131.467,134.022,165.191,56.255,6.527,-17.106,0.6594,0.2539,0.6478,41.947,47.549,37.892,17.966,7.794,5.938,0.05471,0.1265,0.1486,31.04,6.254,-0.01367,-0.02812,12.33,0.7147,0.6437,0.5977,-3.048,-1.58,-1.452,0.02215,0.7826,2.006,0.4577,0.7181,0.001241,87.725,3.32,2.325,0.0008958,3.195e-06,
C:\Users\sblee\Downloads\Aesthetics-Toolbox-main\split_1\0eaa033f_9eff_4753_bc46_29ec343a91e1.jpg,1216,0.7273,28.062,7.884,7.856,121.925,7.387,133.175,102.646,140.076,48.956,22.227,-12.4174,0.8237,0.6149,0.6746,80.849,79.75,66.512,28.062,24.457,23.585,0.1888,0.2559,0.2822,23.887,11.112,-0.04688,-0.02983,12.352,0.3737,0.3721,0.3901,-2.935,-1.528,-1.421,0.003031,1.301,2.396,0.6188,0.7679,0.0006117,97.793,4.412,4.359,0.0002501,2.349e-05,
C:\Users\sblee\Downloads\Aesthetics-Toolbox-main\split_1\0eb5ec65_fb72_4a87_8dd5_04b1c3e5d77c.jpg,1216,0.7273,20.642,7.42,14.18,105.05,6.024,79.152,69.256,65.646,29.409,3.562,3.56,0.9963,0.2527,0.3147,53.06,49.308,46.184,20.642,5.242,6.7,0.1225,0.1821,0.2076,68.277,6.212,-0.01953,-0.02415,14.883,0.6333,0.5548,0.5486,-2.187,-1.114,-1.021,0.002591,1.651,2.559,0.7426,0.861,0.0002104,92.849,4.563,4.544,0.000113,1.455e-05,
C:\Users\sblee\Downloads\Aesthetics-Toolbox-main\split_1\0ec1b552_1bc0_4a1f_a4fe_ace3119ae7a1.jpg,1024,1.0,28.359,7.693,4.06,66.97,6.505,172.017,118.364,133.431,55.1,24.045,0.7611,0.9469,0.4398,0.6884,71.834,78.623,62.618,28.359,14.849,17.452,0.09961,0.2197,0.2732,26.225,17.347,-0.08594,0.01172,14.134,0.393,0.4347,0.3556,-3.434,-1.671,-1.616,0.004847,1.078,2.242,0.5754,0.6769,0.00092,95.867,3.873,3.71,0.0003632,2.677e-05,
C:\Users\sblee\Downloads\Aesthetics-Toolbox-main\split_1\0ecc2946_7e76_47ff_9368_022a8ab0e086.jpg,1024,1.0,24.936,7.611,9.254,111.581,5.717,127.66,135.593,140.836,55.952,2.071,-2.462,0.6338,0.48,0.6666,66.813,64.631,77.067,24.936,11.074,24.218,0.3193,0.2329,0.2629,9.845,9.318,-0.02539,-0.03906,5.648,0.4178,0.3404,0.3079,-3.145,-1.666,-1.365,0.07483,1.451,2.484,0.6026,0.7858,0.0009466,90.986,4.204,4.341,0.0004078,3.168e-05,
C:\Users\sblee\Downloads\Aesthetics-Toolbox-main\split_1\0ecf97f5_f058_4126_82b6_50847391788c.jpg,1216,0.7273,20.077,6.976,5.612,71.894,5.392,160.787,150.167,161.286,62.841,6.72,-4.13,0.7754,0.2193,0.6923,49.753,51.803,51.961,20.077,7.208,9.379,0.2221,0.114,0.2006,8.24,8.744,-0.009766,0.04261,9.011,0.4836,0.2673,0.2677,-2.683,-1.43,-1.314,0.01244,1.229,2.321,0.4481,0.6706,0.001077,90.48,4.448,4.355,0.0006529,4.038e-05,
C:\Users\sblee\Downloads\Aesthetics-Toolbox-main\split_1\0ed3e5ea_6ed9_4261_a072_540fdba5e492.png,1280,0.6667,18.505,7.193,9.819,107.604,5.849,78.208,68.697,56.47,29.036,2.408,8.531,0.08046,0.271,0.3096,47.8,45.067,35.937,18.505,4.454,12.111,0.1357,0.2053,0.1891,69.312,11.123,0.02539,0.04948,9.497,0.4798,0.4021,0.3958,-2.483,-1.332,-1.185,0.004559,1.509,2.481,0.6031,0.8253,0.0004447,94.941,4.361,4.426,0.0001338,1.649e-05,
C:\Users\sblee\Downloads\Aesthetics-Toolbox-main\split_1\0eed160f_14ad_432b_bd60_97ebfd69ef81.jpg,1216,1.375,28.699,7.6,5.053,63.252,6.857,121.234,101.419,88.624,43.131,7.093,9.034,0.9979,0.36,0.4839,68.922,75.977,46.056,28.699,10.953,16.255,0.1422,0.1143,0.2757,50.147,6.818,0.03409,0.0,16.794,0.4849,0.4067,0.4004,-2.849,-1.419,-1.36,0.003193,1.171,2.35,0.6815,0.7819,0.000514,92.004,4.404,4.362,0.0002352,2.978e-05,
C:\Users\sblee\Downloads\Aesthetics-Toolbox-main\split_1\0ef5697e_aa6b_4ec7_b6a2_7d6b8691a2a5.jpg,1280,0.6667,18.148,7.442,17.408,130.43,6.699,116.923,105.602,105.6,45.687,5.498,2.504,0.9446,0.3233,0.5092,43.366,48.842,41.353,18.148,16.601,7.767,0.3027,0.1851,0.1812,11.092,0.8235,0.003906,-0.001302,11.395,0.6046,0.5771,0.577,-2.006,-1.092,-0.9977,0.001796,1.749,2.733,0.6858,0.853,0.0002494,99.808,4.551,4.547,0.0001112,1.191e-05,
C:\Users\sblee\Downloads\Aesthetics-Toolbox-main\split_1\0ef98cb2_e9d4_4638_87a4_5ba441fdefc0.jpg,1024,1.0,35.194,7.602,6.612,108.457,5.541,139.49,120.676,98.683,49.944,4.588,14.197,0.05295,0.3593,0.5483,91.338,87.561,83.9,35.194,8.2,17.756,0.08902,0.2758,0.3576,17.748,8.053,-0.03711,0.01562,9.312,0.3219,0.3367,0.352,-3.534,-1.911,-1.574,0.05439,1.223,2.303,0.5453,0.7654,0.0007024,96.127,4.513,4.411,0.0002697,2.807e-05,
C:\Users\sblee\Downloads\Aesthetics-Toolbox-main\split_1\0f0cbb42_a5d5_4192_8b50_c86039b14a2d.jpg,1280,0.6667,23.276,7.832,9.141,99.479,7.537,108.004,126.586,129.796,51.482,-3.279,-3.27,0.506,0.3623,0.5638,62.029,62.819,54.357,23.276,16.003,14.024,0.2233,0.2634,0.2141,31.683,7.108,-0.03125,0.01693,13.243,0.5272,0.4542,0.4219,-2.559,-1.317,-1.245,0.002857,1.469,2.467,0.6505,0.8345,0.0003327,95.833,4.499,4.529,0.0001436,1.45e-05,
C:\Users\sblee\Downloads\Aesthetics-Toolbox-main\split_1\0f14d064_426e_4206_a710_00c1b875eb06.jpg,1024,1.0,27.874,7.872,5.76,95.688,5.624,119.895,126.568,124.575,51.258,-1.112,-1.056,0.5906,0.2359,0.542,68.591,72.194,75.279,27.874,5.099,20.143,0.1169,0.2201,0.2789,36.863,10.896,-0.05273,0.01367,10.236,0.4019,0.3289,0.269,-3.315,-1.679,-1.587,0.01005,1.075,2.327,0.5096,0.6827,0.0009647,95.304,4.193,4.187,0.0002761,3.043e-05,
C:\Users\sblee\Downloads\Aesthetics-Toolbox-main\split_1\0f360270_87fb_49bf_ae78_69da79bb4902.jpg,1280,1.5,23.828,7.707,7.508,97.856,6.984,116.982,120.868,111.466,49.526,-2.128,5.019,0.3662,0.2966,0.5171,58.596,60.863,58.548,23.828,9.678,12.424,0.234,0.2222,0.2284,16.743,3.338,-0.01562,0.005859,15.219,0.4065,0.4417,0.3792,-2.798,-1.321,-1.355,0.005181,1.355,2.452,0.6173,0.7769,0.0004561,91.153,4.469,4.475,0.0001849,2.234e-05,
C:\Users\sblee\Downloads\Aesthetics-Toolbox-main\split_1\0f3748e6_8602_457b_bffe_c6b737a5bdb5.png,1024,1.0,15.482,2.917,2.269,44.635,3.511,138.756,113.814,130.95,50.738,12.976,-5.765,0.8837,0.2152,0.55,39.838,45.164,24.373,15.482,10.237,11.262,0.07048,0.1787,0.151,78.486,1.408,-0.005859,0.003906,3.823,0.1043,0.395,0.0948,-3.362,-1.729,-1.521,0.05991,1.081,2.236,0.2017,0.2337,0.001194,72.257,3.881,4.088,0.0007,1.998e-05,
C:\Users\sblee\Downloads\Aesthetics-Toolbox-main\split_1\0f3ed7e2_f3f2_42e4_8d6d_3848a0a2ea03.jpg,1408,0.6923,21.616,7.613,12.284,111.278,6.08,97.412,80.807,66.195,34.762,4.955,10.43,0.02708,0.2674,0.3859,62.444,51.388,36.795,21.616,7.217,14.743,0.185,0.2026,0.2418,55.775,5.912,-0.02431,-0.01683,14.65,0.6104,0.5006,0.4975,-2.274,-1.214,-1.074,0.001621,1.565,2.609,0.687,0.8339,0.0004817,91.568,4.279,4.405,0.0001926,2.252e-05,
C:\Users\sblee\Downloads\Aesthetics-Toolbox-main\split_1\0f4015e7_84ac_435a_9fbd_c1ae4ae6ecb0.jpg,1024,1.0,27.841,7.877,8.064,112.386,6.042,103.202,116.564,80.496,46.109,-8.092,14.735,0.3889,0.5389,0.4898,75.419,71.349,63.844,27.841,7.404,30.857,0.2341,0.2457,0.2616,47.751,2.975,0.005859,0.01367,7.138,0.3788,0.369,0.3545,-3.221,-1.614,-1.497,0.03072,1.218,2.417,0.6213,0.7626,0.0006524,94.207,4.463,4.327,0.0002322,2.968e-05,
C:\Users\sblee\Downloads\Aesthetics-Toolbox-main\split_1\0f53d100_9c4b_4989_969a_74e1bcf2b7ee.png,1024,1.0,37.793,6.631,8.412,112.684,6.003,130.364,124.824,117.603,51.26,2.485,4.733,0.04109,0.39,0.5495,97.987,97.946,82.897,37.793,14.153,20.496,0.1708,0.366,0.3611,20.521,10.944,-0.04492,0.03125,10.604,0.4319,0.31,0.2566,-3.096,-1.479,-1.502,0.004976,1.137,2.423,0.6505,0.7172,0.0006584,95.077,4.487,4.304,0.0002732,4.31e-05,
C:\Users\sblee\Downloads\Aesthetics-Toolbox-main\split_1\0f5df16b_0b37_4b57_88c9_cdc7575ad38e.jpg,1024,1.0,24.906,7.705,19.87,195.489,6.992,143.198,110.221,106.318,49.699,13.453,8.081,0.01803,0.4295,0.592,68.371,68.673,50.797,24.906,19.276,17.073,0.1667,0.231,0.2374,30.999,2.762,0.001953,0.01367,2.173,0.5994,0.5727,0.5716,-2.607,-1.403,-1.127,0.07831,1.653,2.661,0.8244,0.8666,0.0003209,99.256,4.516,4.533,0.0001114,1.016e-05,
C:\Users\sblee\Downloads\Aesthetics-Toolbox-main\split_1\0f763fea_934a_4ad7_918a_561eb3a2c22b.jpg,1024,1.0,30.669,7.335,4.173,72.046,6.308,139.493,135.787,110.309,54.896,-2.35,13.838,0.1304,0.3622,0.568,76.044,77.496,65.896,30.669,7.862,11.663,0.1278,0.2524,0.2911,15.173,11.389,-0.005859,-0.05664,10.805,0.4018,0.2836,0.234,-3.425,-1.7,-1.614,0.004357,1.057,2.231,0.5878,0.6898,0.0008269,96.276,4.052,4.102,0.0003878,3.268e-05,
C:\Users\sblee\Downloads\Aesthetics-Toolbox-main\split_1\0f982907_e78d_46c1_9739_8f5bee0b5ec5.jpg,2048,1.0,17.656,7.437,3.872,64.045,5.559,144.171,91.056,103.108,44.534,23.452,2.637,0.9557,0.4037,0.5667,49.2,43.332,40.696,17.656,9.858,8.949,0.05397,0.1661,0.1926,19.517,8.24,0.03516,0.02148,8.331,0.3068,0.3184,0.4187,-2.699,-1.466,-1.368,0.001555,1.38,2.478,0.4813,0.7946,0.0006077,96.487,4.467,4.517,0.0003857,1.838e-05,
C:\Users\sblee\Downloads\Aesthetics-Toolbox-main\split_1\0fa553dd_52c6_4cf6_bf35_d7c3d918e86a.jpg,1216,0.7273,22.376,7.657,10.405,90.979,5.221,109.699,78.809,48.36,35.3,9.429,22.166,0.06628,0.5838,0.4312,60.748,54.954,39.177,22.376,6.557,13.97,0.07593,0.1671,0.2368,51.476,4.178,0.009766,0.01847,12.598,0.402,0.4015,0.4097,-2.402,-1.198,-1.168,0.003845,1.523,2.583,0.6207,0.7998,0.0003963,91.022,4.323,4.395,0.0001533,1.366e-05,
C:\Users\sblee\Downloads\Aesthetics-Toolbox-main\split_1\0fa72072_4671_48fd_b3fb_6e36b1af48aa.jpg,1216,0.7273,27.987,7.755,11.349,126.698,5.5,101.08,97.159,64.771,39.13,-3.566,18.121,0.1454,0.3855,0.4015,70.859,70.322,48.396,27.987,4.928,12.035,0.05367,0.1221,0.2772,49.918,5.347,-0.007812,0.02557,11.167,0.5924,0.5051,0.5073,-2.685,-1.359,-1.248,0.002157,1.385,2.525,0.6907,0.8279,0.0004348,97.466,4.556,4.477,0.000141,1.689e-05,
C:\Users\sblee\Downloads\Aesthetics-Toolbox-main\split_1\0fae4933_3fc1_4795_a124_c70ab1063c23.jpg,1216,0.7273,24.523,7.227,9.513,106.494,6.507,118.797,77.457,97.259,37.355,21.867,-5.494,0.8811,0.507,0.495,70.266,61.229,34.006,24.523,10.8,19.695,0.1296,0.1455,0.2499,46.382,6.546,-0.001953,0.03267,11.104,0.5251,0.3587,0.3673,-2.521,-1.415,-1.215,0.006455,1.431,2.448,0.6348,0.8297,0.0004629,92.927,4.385,4.444,0.0002291,2.502e-05,
C:\Users\sblee\Downloads\Aesthetics-Toolbox-main\split_1\0fb179ca_764b_47c7_859c_9eb4aeb83123.jpg,1024,1.0,34.451,7.478,7.474,118.221,6.092,131.175,109.507,93.484,46.431,7.066,11.786,0.04947,0.4196,0.5337,94.407,85.282,80.974,34.451,11.525,18.978,0.2587,0.3099,0.3606,22.713,8.053,0.02539,0.03125,8.936,0.37,0.3444,0.332,-3.375,-1.75,-1.538,0.02051,1.244,2.376,0.6306,0.7734,0.0006518,98.559,4.467,4.431,0.0002578,3.003e-05,
C:\Users\sblee\Downloads\Aesthetics-Toolbox-main\split_1\0fbc31a4_56e3_40db_847f_7d4dc0afd2a4.jpg,1024,1.0,28.742,6.88,7.592,117.272,5.904,139.439,93.94,110.37,47.45,18.169,3.333,0.722,0.3735,0.5995,90.71,84.212,75.612,28.742,29.268,23.989,0.1975,0.3115,0.327,56.593,8.053,-0.02539,-0.03125,8.544,0.3603,0.37,0.3638,-3.517,-1.799,-1.565,0.06712,1.131,2.38,0.6148,0.7195,0.0009747,91.716,4.161,4.253,0.0003762,3.184e-05,
C:\Users\sblee\Downloads\Aesthetics-Toolbox-main\split_1\0fc03bc9_ab21_4775_aea6_e6d35b8e8a98.jpg,1152,0.8,30.977,7.797,6.596,80.147,7.472,117.623,119.834,131.868,50.87,6.681,-4.999,0.7667,0.5319,0.62,68.111,90.138,66.55,30.977,26.946,22.892,0.306,0.2461,0.2671,34.735,15.406,0.01758,-0.075,19.177,0.571,0.3285,0.3271,-2.809,-1.445,-1.374,0.005191,1.288,2.405,0.5269,0.7714,0.000565,95.165,4.493,4.433,0.0002319,2.71e-05,
C:\Users\sblee\Downloads\Aesthetics-Toolbox-main\split_1\0fcc2303_8518_4a08_b088_86f60de89726.jpg,1024,1.0,19.196,7.566,4.106,45.515,5.613,142.78,85.388,86.985,42.29,23.947,8.841,0.9786,0.4688,0.5601,57.973,45.215,30.128,19.196,7.721,10.788,0.06028,0.1004,0.227,38.101,10.423,-0.01172,0.05078,12.003,0.4246,0.3269,0.3287,-2.78,-1.28,-1.364,0.01062,1.285,2.386,0.5729,0.756,0.0006995,91.369,4.19,4.14,0.0003967,2.283e-05,
C:\Users\sblee\Downloads\Aesthetics-Toolbox-main\split_1\0fdc7469_aa6d_4415_837b_29ea16482ea3.jpg,1280,0.6667,17.232,7.198,15.365,111.475,5.868,80.329,57.338,37.286,25.857,7.939,15.518,0.07327,0.5596,0.319,48.033,41.054,38.063,17.232,8.532,13.579,0.1153,0.2864,0.186,77.323,11.0,0.005859,0.05469,7.679,0.6013,0.5588,0.5647,-2.209,-1.162,-1.033,0.002259,1.767,2.655,0.7679,0.8338,0.0002803,91.882,4.54,4.531,8.872e-05,1.087e-05,
C:\Users\sblee\Downloads\Aesthetics-Toolbox-main\split_1\0fe00ca9_3382_41b3_8b5a_6bbec11d7e49.jpg,1024,1.0,20.072,7.551,7.916,88.78,4.859,114.687,81.211,50.899,37.009,10.777,22.649,0.07828,0.6156,0.4505,50.847,49.687,44.745,20.072,8.297,12.628,0.04716,0.27,0.199,31.812,18.525,0.0625,0.06836,10.923,0.3766,0.389,0.3,-2.835,-1.391,-1.334,0.02173,1.478,2.444,0.6316,0.8018,0.0003485,95.58,4.506,4.498,0.0001815,1.817e-05,
C:\Users\sblee\Downloads\Aesthetics-Toolbox-main\split_1\1000166f_c4ab_4900_b0f5_0db9383e4b22.jpg,1280,0.6667,25.173,7.586,7.983,116.812,6.031,117.775,92.276,107.05,41.578,14.045,-4.37,0.9252,0.3641,0.4741,52.84,70.979,51.301,25.173,13.287,11.349,0.1368,0.2442,0.2221,62.451,2.401,-0.01172,-0.002604,12.028,0.556,0.4206,0.4173,-2.567,-1.6,-1.261,0.01845,1.369,2.439,0.531,0.7279,0.0007762,88.631,4.526,4.409,0.0003053,2.93e-05,
C:\Users\sblee\Downloads\Aesthetics-Toolbox-main\split_1\1002ecf1_0c95_419f_b8f4_3769183a7939.jpg,1536,2.0,26.392,7.576,13.966,144.665,6.67,107.897,124.14,121.596,49.933,-4.142,0.54,0.4417,0.3251,0.5411,50.824,70.592,70.795,26.392,14.603,10.578,0.3543,0.1658,0.2633,19.791,16.435,0.004883,-0.08203,17.731,0.6067,0.4046,0.3969,-2.128,-1.329,-1.161,0.006735,1.586,2.62,0.5741,0.8432,0.000421,90.936,3.869,4.308,0.0002335,1.385e-05,
C:\Users\sblee\Downloads\Aesthetics-Toolbox-main\split_1\1008d3c5_52f6_475c_bff0_aae9f3022660.jpg,1024,1.0,12.491,7.041,9.239,79.968,7.453,108.014,155.534,144.856,62.086,-11.382,1.552,0.4624,0.5687,0.741,56.564,42.247,53.187,12.491,26.029,35.756,0.2088,0.177,0.1284,44.659,5.441,-0.02539,-0.009766,4.501,0.5626,0.5769,0.5557,-2.664,-1.336,-1.225,0.03584,1.611,2.573,0.8467,0.8578,0.0003066,98.991,4.566,4.552,0.0001457,7.804e-06,
C:\Users\sblee\Downloads\Aesthetics-Toolbox-main\split_1\100f1ea3_8769_4e6e_a381_0abed0c2ceef.jpg,1024,1.0,35.723,7.432,13.556,166.282,5.418,145.246,141.953,147.898,57.979,4.351,-2.444,0.6314,0.3237,0.6404,93.117,91.739,88.254,35.723,11.628,20.502,0.2007,0.3288,0.3396,26.194,10.013,0.01758,-0.04688,11.543,0.5299,0.4911,0.4314,-2.826,-1.435,-1.262,0.04259,1.393,2.583,0.5641,0.7469,0.0007293,93.034,4.332,4.163,0.0002019,2.383e-05,
C:\Users\sblee\Downloads\Aesthetics-Toolbox-main\split_1\100fb279_c8e7_4666_897f_a7e9c84d5a96.png,1216,0.7273,28.84,7.888,7.087,111.106,6.372,139.61,86.941,113.324,43.019,26.407,-6.208,0.8795,0.5607,0.5679,79.199,75.091,57.749,28.84,16.373,26.706,0.114,0.2346,0.3056,42.852,16.236,-0.005859,0.08097,9.327,0.655,0.3787,0.3854,-2.966,-1.646,-1.377,0.009272,1.343,2.398,0.5946,0.738,0.0007042,93.503,4.4,4.345,0.0002446,3.108e-05,
C:\Users\sblee\Downloads\Aesthetics-Toolbox-main\split_1\102521b3_6b38_499b_bdbc_dddcac7a9c56.jpg,1216,0.7273,15.333,7.426,0.7249,17.977,4.531,90.387,98.411,98.903,40.553,-2.869,-1.352,0.5069,0.08922,0.3911,34.168,38.24,37.036,15.333,1.98,1.764,0.1145,0.048,0.1489,50.051,6.008,-0.009766,-0.02841,17.06,0.6498,0.5864,0.5567,-3.054,-1.588,-1.447,0.04964,0.8164,2.02,0.4811,0.7483,0.001267,91.53,3.949,2.486,0.0005688,7.093e-06,
C:\Users\sblee\Downloads\Aesthetics-Toolbox-main\split_1\10272c15_a1c4_43a3_aacc_55e2716b1553.jpg,1024,1.0,27.047,7.702,4.307,64.923,6.277,97.831,109.978,95.315,43.527,-7.475,6.551,0.3213,0.1962,0.4328,64.374,67.473,63.703,27.047,4.042,5.881,0.1227,0.09214,0.264,33.719,15.453,-0.07227,-0.02734,9.26,0.4037,0.4428,0.3676,-3.49,-1.732,-1.657,0.016,1.104,2.298,0.5523,0.665,0.001001,90.466,4.335,4.115,0.0002856,2.252e-05,
C:\Users\sblee\Downloads\Aesthetics-Toolbox-main\split_1\1028f108_1998_4fe3_af09_e14f66f58a44.png,1024,1.0,21.166,7.68,15.224,169.567,4.061,110.305,79.383,62.701,35.718,10.43,14.437,0.05282,0.4391,0.4326,61.71,47.886,38.488,21.166,5.283,8.288,0.02945,0.1253,0.242,29.225,0.3906,0.0,-0.001953,2.997,0.6169,0.4323,0.4244,-2.818,-1.493,-1.249,0.05831,1.643,2.618,0.604,0.8642,0.0003422,99.353,4.247,4.492,0.0001705,1.135e-05,
C:\Users\sblee\Downloads\Aesthetics-Toolbox-main\split_1\102d1fc5_bbd5_44d5_80b3_8269624bf8c8.png,1152,0.8,23.606,7.799,13.829,130.715,6.323,137.304,104.858,82.793,46.281,10.694,16.962,0.04329,0.453,0.539,57.095,62.695,40.246,23.606,10.789,14.562,0.08942,0.1403,0.2235,40.599,3.494,-0.007812,0.01562,7.24,0.7133,0.4914,0.4911,-2.446,-1.27,-1.146,0.008121,1.616,2.619,0.7368,0.8521,0.0004382,98.591,4.475,4.479,0.0001526,1.722e-05,
C:\Users\sblee\Downloads\Aesthetics-Toolbox-main\split_1\102d2d8a_f765_4e18_bd04_c10e663bfcdd.jpg,1024,1.0,27.013,7.882,12.108,98.913,6.815,111.058,112.249,85.413,45.535,-4.159,14.805,0.1601,0.3989,0.4858,63.904,70.081,62.909,27.013,13.815,13.552,0.1865,0.2071,0.2606,41.178,11.653,0.01367,0.05664,8.962,0.5164,0.4005,0.3641,-2.681,-1.375,-1.138,0.06819,1.524,2.59,0.6233,0.7749,0.0005048,94.58,4.542,4.119,0.0001641,2.525e-05,
C:\Users\sblee\Downloads\Aesthetics-Toolbox-main\split_1\1035772b_f0da_4b9c_89f3_720463d51d92.jpg,2176,2.091,17.243,7.043,3.825,32.314,5.994,96.243,71.373,65.357,32.177,10.103,7.001,0.9734,0.3352,0.3789,49.94,40.646,23.205,17.243,3.707,12.804,0.09381,0.1189,0.1946,48.464,10.043,-0.04891,-0.01136,20.671,0.3443,0.393,0.3478,-2.801,-1.238,-1.144,0.009834,1.171,2.529,0.7197,0.7189,0.0002674,90.737,4.445,4.23,0.0002056,2.436e-05,
C:\Users\sblee\Downloads\Aesthetics-Toolbox-main\split_1\103dae31_1cca_4415_b29b_a31843392dd1.jpg,1024,1.0,16.014,7.22,0.84,18.786,4.227,122.897,116.615,112.018,49.02,1.625,3.408,0.0642,0.1014,0.4826,38.941,39.725,38.536,16.014,1.582,3.024,0.08195,0.07335,0.1519,13.558,7.851,0.003906,0.03906,6.599,0.664,0.3613,0.3507,-3.037,-1.625,-1.455,0.001937,0.7959,2.015,0.3767,0.6781,0.001347,95.999,4.077,2.491,0.0005076,1.571e-05,
C:\Users\sblee\Downloads\Aesthetics-Toolbox-main\split_1\103dc6ad_e5c0_47bf_a634_c08f632a145c.jpg,1600,1.778,23.906,7.739,13.737,128.721,6.124,98.785,117.344,132.027,47.988,-2.165,-9.342,0.5676,0.4126,0.5459,63.379,63.141,63.614,23.906,13.073,10.44,0.1318,0.2075,0.2394,47.542,11.458,0.0,-0.05729,16.713,0.5859,0.4761,0.4743,-2.559,-1.101,-1.12,0.01398,1.524,2.635,0.6644,0.821,0.0004222,91.845,3.796,4.212,0.0002218,1.718e-05,
C:\Users\sblee\Downloads\Aesthetics-Toolbox-main\split_1\10465f5b_68ec_4396_adcf_9c4f65f1edd5.jpg,1280,1.5,23.975,7.737,9.716,110.552,6.367,103.577,97.968,112.287,42.372,8.535,-5.683,0.7982,0.4036,0.4982,60.857,62.505,62.885,23.975,12.445,13.57,0.1851,0.3191,0.2164,29.726,7.498,0.01302,-0.03516,14.542,0.4258,0.3739,0.3392,-2.518,-1.475,-1.222,0.0124,1.41,2.498,0.5736,0.7549,0.0006799,96.008,3.398,4.003,0.0002138,2.745e-05,
C:\Users\sblee\Downloads\Aesthetics-Toolbox-main\split_1\10486dc6_e039_4fed_8d0d_762757d3c3f9.jpg,1024,1.0,34.872,7.772,9.338,109.851,6.161,114.204,120.616,110.2,47.922,-2.052,2.697,0.6189,0.3338,0.5183,86.201,88.892,86.466,34.872,9.138,25.463,0.1923,0.2768,0.3438,29.585,11.274,0.01367,-0.05469,9.068,0.4924,0.3807,0.3471,-3.154,-1.586,-1.434,0.02061,1.096,2.423,0.7526,0.7397,0.0005319,95.691,4.459,4.265,0.0001861,3.158e-05,
C:\Users\sblee\Downloads\Aesthetics-Toolbox-main\split_1\104ab1a8_993a_4bc3_9196_21040495389f.jpg,1664,1.364,29.013,7.785,4.24,88.877,5.208,106.154,88.53,90.212,37.86,7.741,2.048,0.9692,0.2903,0.4217,71.533,72.475,72.049,29.013,6.884,3.395,0.118,0.2194,0.2832,43.58,1.346,-0.005208,-0.004261,10.432,0.3567,0.3181,0.3091,-3.495,-1.639,-1.604,0.01116,1.156,2.264,0.6439,0.7406,0.0004813,95.044,4.516,4.285,0.000238,1.861e-05,
C:\Users\sblee\Downloads\Aesthetics-Toolbox-main\split_1\105ebda6_929d_4ea6_8525_2013171e3dd5.jpg,896,0.75,24.291,7.286,15.83,127.532,6.392,78.862,65.303,64.565,27.822,6.48,2.141,0.8997,0.336,0.3226,61.15,60.0,51.86,24.291,5.905,11.563,0.1845,0.1829,0.2377,62.042,20.373,-0.07552,0.06836,15.027,0.463,0.4216,0.3904,-2.311,-1.191,-1.073,0.04966,1.478,2.625,0.5971,0.7904,0.0007503,90.978,3.512,3.913,0.0001823,1.842e-05,
C:\Users\sblee\Downloads\Aesthetics-Toolbox-main\split_1\1076fcbd_751d_418a_b32b_b2641c832162.jpg,1024,1.0,13.624,7.459,0.7832,16.08,6.354,108.079,114.036,119.761,47.51,-0.3487,-3.816,0.4212,0.1979,0.4985,40.104,33.129,35.664,13.624,3.156,11.264,0.2786,0.1445,0.1455,34.207,7.514,0.01758,0.0332,7.883,0.6179,0.3175,0.2969,-3.01,-1.621,-1.449,0.003897,0.7806,2.007,0.4442,0.7601,0.001245,90.916,3.701,2.711,0.0006431,1.096e-05,
C:\Users\sblee\Downloads\Aesthetics-Toolbox-main\split_1\10776e0b_2c08_4704_87b3_8e8a6b5b06c7.jpg,1280,1.5,25.302,7.407,5.698,76.253,5.906,100.855,76.787,69.904,33.687,9.728,7.471,0.9913,0.3568,0.3959,65.501,63.282,49.072,25.302,6.257,11.324,0.08221,0.1443,0.2568,58.859,3.984,0.01953,0.003906,14.04,0.4378,0.3899,0.3711,-2.903,-1.385,-1.36,0.008669,1.224,2.358,0.6266,0.7809,0.000589,92.362,3.915,4.072,0.0001541,1.772e-05,
C:\Users\sblee\Downloads\Aesthetics-Toolbox-main\split_1\107daec0_c5ea_46f7_a27d_ce91015ca99e.jpg,1280,0.6667,29.989,7.865,9.641,114.786,7.466,109.774,120.115,97.196,48.375,-4.632,11.848,0.2642,0.4688,0.5363,70.59,81.198,68.863,29.989,18.939,17.191,0.249,0.2876,0.2962,34.842,9.201,-0.04102,-0.02083,19.446,0.4956,0.4176,0.4014,-2.654,-1.417,-1.28,0.002017,1.383,2.453,0.678,0.8294,0.0003756,95.365,4.483,4.515,0.0001496,1.869e-05,
C:\Users\sblee\Downloads\Aesthetics-Toolbox-main\split_1\108b50f7_bf2d_4513_acbe_853a63ddc5c5.jpg,1664,1.0,19.837,7.526,4.504,72.22,6.948,136.095,90.297,135.504,44.994,29.01,-17.5166,0.8239,0.5218,0.6353,65.522,52.224,29.514,19.837,11.282,25.205,0.1392,0.1352,0.195,44.095,8.737,-0.04327,-0.00601,7.579,0.5175,0.4822,0.4725,-2.796,-1.525,-1.46,0.001961,1.27,2.38,0.7452,0.8035,0.000427,93.145,4.36,4.438,0.0001988,1.47e-05,
C:\Users\sblee\Downloads\Aesthetics-Toolbox-main\split_1\1094783f_7fd4_47d2_8abc_73e4a95495ea.jpg,1024,1.0,22.046,7.602,0.9628,19.931,5.836,140.908,86.921,68.568,43.946,19.069,23.211,0.05305,0.5952,0.5557,46.987,70.306,53.679,22.046,20.133,10.918,0.1081,0.3064,0.1806,43.377,21.37,0.0332,0.1016,16.656,0.5355,0.2799,0.3149,-3.011,-1.646,-1.437,0.001815,0.7623,2.004,0.4599,0.6304,0.001292,88.991,3.347,1.419,0.0009679,9.949e-06,
C:\Users\sblee\Downloads\Aesthetics-Toolbox-main\split_1\109a1b28_8fcd_4494_94c4_d088dc9003be.jpg,1536,1.0,16.376,7.452,4.256,36.796,4.455,125.947,62.158,46.843,34.053,26.314,21.726,0.01885,0.6489,0.5007,55.276,35.387,36.872,16.376,11.631,17.432,0.07367,0.1748,0.2187,42.368,10.16,-0.001302,0.05078,8.452,0.4856,0.3896,0.3546,-2.436,-1.059,-1.142,0.0262,1.279,2.488,0.4969,0.6678,0.0004,90.576,4.371,4.427,0.000374,2.479e-05,
C:\Users\sblee\Downloads\Aesthetics-Toolbox-main\split_1\109d1ef4_18bf_4b66_88b2_de01856fe517.jpg,1216,0.7273,14.038,7.101,5.779,51.662,5.311,106.163,42.705,41.572,27.832,25.446,16.555,0.01573,0.581,0.4185,56.83,30.781,25.961,14.038,21.599,14.146,0.1026,0.285,0.2214,34.597,10.832,-0.02148,0.04972,10.971,0.5513,0.4951,0.4568,-2.436,-1.21,-1.329,0.004598,1.387,2.446,0.6609,0.788,0.0007662,94.27,4.337,4.335,0.0002025,1.769e-05,
C:\Users\sblee\Downloads\Aesthetics-Toolbox-main\split_1\10a34bba_c0ad_4a32_8212_facf01839a35.jpg,1024,1.0,25.616,7.851,12.127,129.382,6.641,130.558,118.811,94.797,49.851,4.054,11.788,0.9366,0.3749,0.5497,72.269,66.557,52.007,25.616,8.88,33.788,0.2027,0.3211,0.2604,42.042,2.734,-0.01367,0.0,4.756,0.5988,0.3769,0.3629,-2.666,-1.344,-1.215,0.04267,1.486,2.576,0.6059,0.7804,0.0004754,91.46,4.509,4.472,0.0001573,2.512e-05,
C:\Users\sblee\Downloads\Aesthetics-Toolbox-main\split_1\10b64ea1_fea1_4a6f_adbf_e0c7a68914af.png,1024,1.0,23.763,7.566,6.826,80.648,6.784,133.593,102.133,78.281,45.669,10.205,17.056,0.9931,0.4271,0.5286,67.399,62.299,43.914,23.763,15.664,25.504,0.131,0.2645,0.2617,44.338,6.359,0.005859,-0.03125,8.314,0.4806,0.3499,0.3416,-2.78,-1.388,-1.265,0.05039,1.387,2.382,0.5644,0.7232,0.0008892,89.455,4.427,4.379,0.0002441,4.709e-05,
C:\Users\sblee\Downloads\Aesthetics-Toolbox-main\split_1\10bfc59c_95ac_4903_b66a_4b8d853d5bc2.jpg,1280,0.6667,22.631,7.026,9.42,113.772,5.716,107.797,110.528,136.802,49.572,15.395,-11.7113,0.6284,0.6632,0.712,77.292,69.761,66.138,22.631,20.201,45.989,0.2975,0.2339,0.1561,55.382,2.471,-0.01172,0.003906,11.901,0.5285,0.412,0.3963,-2.847,-1.565,-1.348,0.003598,1.245,2.408,0.7486,0.7867,0.0004413,96.221,4.387,4.446,0.0002632,2.204e-05,
C:\Users\sblee\Downloads\Aesthetics-Toolbox-main\split_1\10c41137_4203_45d3_84df_8f2c8c63120f.jpg,1280,0.6667,28.618,7.896,11.683,109.437,7.337,110.323,124.737,94.976,49.297,-9.281,14.423,0.2472,0.3997,0.5184,73.009,73.227,62.753,28.618,14.067,14.383,0.1722,0.2287,0.2847,30.01,2.844,-0.01367,-0.003906,17.667,0.4643,0.4273,0.457,-2.321,-1.311,-1.17,0.002907,1.419,2.527,0.6247,0.8195,0.0005187,94.476,4.177,4.411,0.0001289,1.939e-05,
C:\Users\sblee\Downloads\Aesthetics-Toolbox-main\split_1\10c4982d_11e1_4ee7_a6e4_75f45fb4f379.jpg,1216,0.7273,20.776,7.651,19.387,137.638,7.187,131.995,119.656,90.587,50.461,1.563,17.468,0.1094,0.4098,0.5547,53.58,56.972,38.035,20.776,14.682,19.022,0.1702,0.1803,0.2061,36.095,3.448,-0.009766,0.0142,10.613,0.7359,0.4198,0.4169,-2.032,-1.219,-0.8897,0.01661,1.75,2.739,0.7642,0.8537,0.0004182,98.864,4.546,4.457,9.469e-05,1.38e-05,
C:\Users\sblee\Downloads\Aesthetics-Toolbox-main\split_1\10daafa6_4b02_41ac_99d7_76bd1a571d81.jpg,1216,0.7273,30.41,7.772,8.397,121.894,6.989,91.802,117.949,132.729,47.246,-2.545,-9.965,0.6115,0.5007,0.5676,53.354,83.001,79.059,30.41,19.394,17.519,0.1833,0.1798,0.3031,21.823,4.334,0.02148,-0.002841,11.148,0.3992,0.3588,0.3143,-2.816,-1.671,-1.345,0.01899,1.251,2.337,0.6024,0.7981,0.0006385,98.818,4.216,4.289,0.0002967,2.415e-05,
C:\Users\sblee\Downloads\Aesthetics-Toolbox-main\split_1\10dc0f3c_ab8b_4e05_8691_0b1bec4d37c0.jpg,1024,1.0,28.645,7.656,6.885,98.044,5.526,107.51,84.035,56.971,36.25,6.214,17.155,0.04955,0.4155,0.4234,84.219,67.171,54.034,28.645,10.087,20.024,0.1183,0.3133,0.3305,33.43,16.429,0.03906,-0.07227,13.323,0.3082,0.3347,0.2681,-3.17,-1.568,-1.481,0.01528,1.21,2.397,0.5652,0.7444,0.0006081,95.909,4.252,4.389,0.0002269,2.752e-05,
C:\Users\sblee\Downloads\Aesthetics-Toolbox-main\split_1\10e106eb_1d01_4cdc_963c_d4a3000533cd.jpg,1280,1.5,24.598,7.703,3.764,38.776,4.861,136.7,104.697,69.568,45.545,8.557,23.993,0.07456,0.4986,0.5361,66.163,62.103,39.393,24.598,4.377,12.306,0.03291,0.07892,0.2595,40.927,21.171,0.02214,0.1035,24.497,0.3624,0.2977,0.3472,-2.665,-1.261,-1.317,0.006373,1.244,2.435,0.6151,0.743,0.000383,87.699,4.392,4.391,0.0003059,2.104e-05,
C:\Users\sblee\Downloads\Aesthetics-Toolbox-main\split_1\10e24e5a_7271_49b0_8688_cd2a4a5c1a87.jpg,1216,0.7273,19.376,7.533,13.806,100.672,4.17,137.117,96.617,41.66,43.643,11.074,35.965,0.09194,0.7305,0.5378,53.051,48.242,38.103,19.376,6.16,12.854,0.03375,0.1672,0.2077,49.963,7.684,-0.02734,0.02699,9.218,0.5303,0.4538,0.4352,-2.219,-1.007,-1.069,0.007901,1.643,2.626,0.6561,0.8318,0.0003683,94.329,4.508,4.446,0.0003049,1.838e-05,
C:\Users\sblee\Downloads\Aesthetics-Toolbox-main\split_1\10e3f157_b2fb_4712_9b88_f0279b370888.jpg,1536,2.0,23.752,7.52,7.364,89.026,1.301,89.905,88.838,89.489,36.759,0.5422,-0.2153,0.949,0.04995,0.3529,55.951,56.663,56.231,23.752,0.5366,0.3794,0.05887,0.09087,0.2193,22.799,7.099,0.004883,-0.03516,21.717,0.3978,0.4759,0.4121,-3.035,-1.436,-1.396,0.004982,1.272,2.546,0.8598,0.8247,0.0002338,97.931,4.523,4.425,0.0002024,1.494e-05,
C:\Users\sblee\Downloads\Aesthetics-Toolbox-main\split_1\10ea3f5c_7fe8_41ea_abaa_c869c90611b6.jpg,1280,1.5,25.647,7.825,29.928,209.908,6.668,125.196,70.074,106.316,38.037,28.919,-9.876,0.8888,0.6714,0.5413,70.672,68.852,60.034,25.647,17.67,31.561,0.1363,0.2741,0.2531,34.369,1.823,-0.009115,0.0,12.511,0.6204,0.6318,0.6254,-2.047,-1.005,-0.9808,0.003611,1.754,2.825,0.8244,0.8826,0.0003096,99.626,4.306,4.485,8.589e-05,7.604e-06,
C:\Users\sblee\Downloads\Aesthetics-Toolbox-main\split_1\10effb92_9619_41a9_a874_b1b34582e261.png,1024,1.0,22.831,7.575,8.755,71.703,5.348,85.117,97.781,98.254,39.293,-4.608,-1.863,0.5012,0.1533,0.3896,50.632,57.204,57.904,22.831,2.264,2.227,0.05145,0.04708,0.2268,45.567,19.718,0.05469,0.08203,17.062,0.4762,0.4684,0.4207,-2.349,-1.082,-1.106,0.007797,1.524,2.589,0.6648,0.8163,0.0005446,88.406,3.947,4.297,0.0001896,1.868e-05,
C:\Users\sblee\Downloads\Aesthetics-Toolbox-main\split_1\10f05919_1b34_43d9_a96c_db2b7166d6ca.jpg,1536,2.0,22.035,7.731,5.867,90.973,6.095,119.374,99.508,102.964,44.299,9.136,2.629,0.8579,0.3302,0.5077,57.646,59.052,56.4,22.035,14.835,13.726,0.2492,0.2761,0.2201,31.047,5.664,0.02051,0.01953,21.361,0.3671,0.4177,0.3164,-2.846,-1.41,-1.456,0.004489,1.299,2.326,0.6833,0.758,0.0004161,96.236,4.484,4.426,0.0002271,2.146e-05,
C:\Users\sblee\Downloads\Aesthetics-Toolbox-main\split_1\10f8fae6_5a9a_4515_8a83_8a136beba881.jpg,1024,1.0,22.98,6.656,6.988,64.93,3.258,120.885,95.362,47.176,41.187,5.159,28.079,0.09852,0.5595,0.4747,68.588,57.63,39.283,22.98,7.232,23.773,0.03655,0.1968,0.2698,58.529,10.186,-0.05078,-0.003906,12.706,0.2631,0.436,0.2288,-2.934,-1.39,-1.397,0.01056,1.103,2.507,0.6707,0.702,0.0004401,84.922,4.431,4.307,0.0001566,3.678e-05,
C:\Users\sblee\Downloads\Aesthetics-Toolbox-main\split_1\1100e0ae_d59e_4bfc_93d7_59d587671d7f.jpg,1024,1.0,22.346,6.437,5.895,54.478,3.825,127.294,111.82,86.169,46.918,2.102,16.011,0.08725,0.3081,0.4992,57.691,53.198,41.325,22.346,2.327,9.539,0.04802,0.1144,0.2262,12.15,7.675,0.03711,-0.009766,4.415,0.2789,0.4134,0.2505,-3.045,-1.468,-1.439,0.02031,1.131,2.47,0.57,0.6991,0.0003446,87.067,4.459,4.261,0.0001901,1.953e-05,
C:\Users\sblee\Downloads\Aesthetics-Toolbox-main\split_1\1101b3af_ec58_4614_88cb_7d8bfa928ebe.jpg,1024,1.0,28.851,7.933,8.512,112.391,6.821,128.506,120.093,141.781,50.855,8.832,-9.748,0.7227,0.3301,0.58,56.149,79.273,76.379,28.851,11.136,7.289,0.1552,0.2457,0.2702,30.906,12.706,0.04492,0.04492,8.664,0.38,0.346,0.3356,-3.146,-1.675,-1.374,0.05985,1.299,2.414,0.5488,0.7454,0.000533,94.89,4.518,4.302,0.0002158,1.734e-05,
C:\Users\sblee\Downloads\Aesthetics-Toolbox-main\split_1\110f66b6_afbe_4f62_8450_b6d63b0f4ff9.jpg,1280,0.6667,20.323,7.614,7.789,79.255,5.973,80.168,97.653,101.229,39.467,-4.126,-3.279,0.4733,0.3657,0.4348,34.617,52.069,65.518,20.323,6.046,13.07,0.2256,0.1839,0.2244,35.666,8.603,0.0332,0.02734,14.06,0.4912,0.5108,0.4564,-2.631,-1.305,-1.25,0.002233,1.438,2.528,0.6987,0.7874,0.0003125,94.663,4.302,4.421,0.0001813,1.703e-05,
C:\Users\sblee\Downloads\Aesthetics-Toolbox-main\split_1\11129f80_6941_4b68_a042_17d042722d0b.jpg,1152,1.25,31.043,7.864,8.21,109.409,6.757,149.923,117.441,96.802,51.752,10.999,17.677,0.1107,0.4933,0.6158,81.386,83.441,84.488,31.043,19.423,18.178,0.1855,0.3097,0.3182,33.635,16.028,0.003125,0.08008,15.664,0.4082,0.373,0.3472,-3.125,-1.773,-1.45,0.02646,1.274,2.424,0.699,0.7749,0.0004337,96.334,4.432,4.426,0.0002509,3.116e-05,
C:\Users\sblee\Downloads\Aesthetics-Toolbox-main\split_1\1113d049_0c9a_4171_9fce_98f705090291.jpg,1024,1.0,31.004,7.809,16.737,160.083,6.793,138.634,106.887,95.194,46.802,11.811,10.864,0.02333,0.5019,0.5532,77.71,80.861,60.026,31.004,12.13,18.078,0.1346,0.2628,0.2968,30.779,8.629,-0.003906,-0.04297,11.297,0.529,0.4694,0.4534,-2.729,-1.41,-1.17,0.08115,1.294,2.628,0.7145,0.8342,0.0005294,97.467,4.054,4.251,0.0001681,1.873e-05,
C:\Users\sblee\Downloads\Aesthetics-Toolbox-main\split_1\11171dae_56c3_4d68_b0fc_5b25c1125725.jpg,1024,1.0,23.307,7.677,17.66,153.043,6.821,75.088,100.743,71.563,39.419,-12.133,11.335,0.3634,0.5369,0.4229,57.434,59.744,45.324,23.307,9.247,26.776,0.1743,0.2493,0.2292,38.059,9.773,-0.001953,0.04883,8.45,0.6178,0.5749,0.5748,-2.548,-1.377,-1.072,0.1089,1.649,2.671,0.8329,0.8619,0.000364,96.685,4.17,4.418,0.0001047,9.569e-06,
C:\Users\sblee\Downloads\Aesthetics-Toolbox-main\split_1\112376af_a90a_46b3_8f70_3f9ad09ab7c4.png,1024,1.0,25.668,7.844,13.831,146.143,7.195,94.65,99.692,117.351,43.065,9.082,-8.344,0.7177,0.5628,0.5565,76.732,67.676,74.196,25.668,14.494,28.974,0.2518,0.3192,0.2633,49.942,8.24,0.02148,0.03516,7.51,0.6317,0.4371,0.4324,-2.759,-1.283,-1.321,0.01243,1.528,2.575,0.6376,0.756,0.000567,95.26,4.537,4.396,0.0002211,2.426e-05,
C:\Users\sblee\Downloads\Aesthetics-Toolbox-main\split_1\11335191_d105_4489_ace3_4b3edc7e9956.jpg,1280,0.6667,16.746,7.266,3.276,58.855,5.685,119.361,109.504,110.92,47.298,5.882,0.2637,0.5851,0.2451,0.5175,52.407,41.829,39.408,16.746,14.83,21.322,0.1609,0.2496,0.1864,13.974,4.167,0.0,0.02083,11.61,0.3694,0.3323,0.3052,-3.016,-1.546,-1.5,0.005896,1.175,2.274,0.5807,0.641,0.0009063,98.151,4.007,3.962,0.0002996,2.847e-05,
C:\Users\sblee\Downloads\Aesthetics-Toolbox-main\split_1\113540b3_28e3_4d00_805a_da94f8248e2c.jpg,1216,0.7273,29.354,7.476,14.063,171.509,5.554,116.59,83.551,74.512,37.972,11.768,11.263,0.05791,0.3731,0.4605,85.125,73.112,57.435,29.354,19.343,10.13,0.113,0.2486,0.3318,47.452,4.279,0.001953,-0.02131,15.462,0.5427,0.3933,0.389,-2.858,-1.761,-1.362,0.03895,1.553,2.632,0.6569,0.8043,0.000581,97.872,4.313,4.376,0.0001827,2.244e-05,
C:\Users\sblee\Downloads\Aesthetics-Toolbox-main\split_1\113b9408_2151_479b_aed5_a9dbb8b33c92.png,1344,0.6154,18.709,7.438,5.985,62.46,5.833,127.267,101.123,85.385,45.033,8.464,12.907,0.9397,0.3336,0.5114,57.098,47.779,36.308,18.709,15.3,18.921,0.2593,0.2474,0.2116,34.554,4.462,0.02148,-0.00601,15.812,0.4661,0.4285,0.4025,-3.072,-1.277,-1.438,0.01551,1.256,2.501,0.758,0.7489,0.0003174,95.935,4.493,4.383,0.0002461,2.673e-05,
C:\Users\sblee\Downloads\Aesthetics-Toolbox-main\split_1\113dceb9_3714_469f_afb3_2ecae0daf1c8.jpg,1280,0.6667,28.942,7.719,8.378,77.628,6.387,93.595,94.265,81.585,37.846,-2.387,6.759,0.1746,0.2116,0.3813,71.079,72.398,62.963,28.942,4.944,8.072,0.1847,0.1709,0.2805,52.008,23.06,0.1035,0.05078,18.222,0.4673,0.4088,0.3712,-2.601,-1.303,-1.318,0.01314,1.381,2.427,0.5578,0.8107,0.000326,88.372,4.469,4.494,0.0001665,1.769e-05,
C:\Users\sblee\Downloads\Aesthetics-Toolbox-main\split_1\113e1e44_7b57_4abf_a51c_3071f1ed8976.jpg,1216,0.7273,22.732,7.535,13.217,126.18,7.297,89.85,72.167,107.123,36.669,17.268,-11.6433,0.7862,0.6945,0.5456,72.392,60.18,83.72,22.732,26.282,31.781,0.2379,0.2484,0.3184,26.274,11.239,0.01562,0.05398,9.551,0.5372,0.4985,0.4855,-2.108,-1.236,-1.097,0.02068,1.502,2.592,0.589,0.8063,0.0004507,96.864,4.503,4.534,0.0002701,2.388e-05,
C:\Users\sblee\Downloads\Aesthetics-Toolbox-main\split_1\11405ec2_0020_4d2a_9aba_70f5fa5850bb.jpg,1472,1.875,20.552,7.59,8.719,90.592,5.094,105.442,97.836,68.591,40.658,-1.375,17.578,0.1441,0.4256,0.4189,51.901,50.731,48.406,20.552,4.331,9.115,0.06297,0.2405,0.2029,45.607,10.493,0.04063,0.0332,21.326,0.5204,0.5015,0.487,-2.577,-1.324,-1.235,0.003666,1.515,2.531,0.7793,0.8397,0.0002424,95.82,4.472,4.519,0.0001355,1.369e-05,
C:\Users\sblee\Downloads\Aesthetics-Toolbox-main\split_1\11433dd8_8ea4_4635_b8b6_20881c65a72a.jpg,2048,1.0,28.812,7.683,54.298,62.001,3.729,106.709,117.994,115.217,47.067,-4.94,0.1339,0.4592,0.1466,0.4632,73.483,73.194,73.355,28.812,1.441,1.252,0.03545,0.1046,0.2871,43.762,0.5524,-0.001953,-0.001953,0.8325,0.7493,0.773,0.7476,-0.3868,-0.3561,0.1686,0.1698,1.965,3.04,0.9663,0.8877,0.0006781,99.9,3.451,4.04,0.0002047,2.089e-06,
C:\Users\sblee\Downloads\Aesthetics-Toolbox-main\split_1\1146a66f_7c85_4d19_889e_879c2ce58a15.png,1024,1.0,22.54,7.73,10.473,141.552,6.681,107.079,89.352,77.431,38.829,6.1,10.03,0.04659,0.3703,0.4375,60.533,56.412,54.397,22.54,11.494,12.766,0.2093,0.2637,0.2325,45.615,3.051,-0.01172,0.009766,6.968,0.5526,0.3884,0.3774,-3.164,-1.686,-1.361,0.104,1.474,2.51,0.5341,0.7923,0.000674,97.344,4.213,4.422,0.0002456,2.322e-05,
C:\Users\sblee\Downloads\Aesthetics-Toolbox-main\split_1\114f14dc_c145_48f3_a6b7_ad5688a28420.jpg,1024,1.0,19.753,7.464,11.876,76.36,5.944,93.538,86.855,76.925,36.49,1.389,6.967,0.121,0.2451,0.379,43.137,49.908,46.399,19.753,6.147,4.394,0.1228,0.1418,0.184,46.017,16.411,0.05078,0.06445,10.58,0.4246,0.4097,0.3628,-2.061,-1.001,-0.9194,0.02149,1.544,2.647,0.633,0.8012,0.0003859,89.922,4.367,4.477,0.0001371,2.088e-05,
C:\Users\sblee\Downloads\Aesthetics-Toolbox-main\split_1\114fdf8d_f395_4146_ab9e_5ab1eb6fb47d.jpg,1472,0.7692,21.453,7.424,3.367,36.808,4.91,130.312,88.606,61.416,40.795,14.545,22.402,0.05687,0.5501,0.511,55.524,53.705,38.985,21.453,7.305,12.199,0.03386,0.1587,0.2177,30.788,22.866,0.1109,0.02764,13.971,0.3842,0.4125,0.3702,-2.883,-1.452,-1.418,0.008871,1.244,2.427,0.6871,0.6681,0.0003841,88.16,4.446,4.325,0.0003152,2.196e-05,
C:\Users\sblee\Downloads\Aesthetics-Toolbox-main\split_1\11557bb9_f801_449f_a795_c78318eac66b.jpg,1280,0.6667,18.587,7.567,14.25,144.579,6.765,115.723,122.808,135.136,50.826,0.9977,-7.632,0.641,0.1997,0.5444,47.651,47.403,44.641,18.587,3.955,12.306,0.2308,0.1623,0.1793,30.148,5.593,-0.005859,0.02734,10.484,0.6195,0.4723,0.4574,-2.279,-1.364,-1.09,0.004307,1.617,2.646,0.5656,0.8516,0.0003595,98.823,4.275,4.5,0.0001429,1.1e-05,
C:\Users\sblee\Downloads\Aesthetics-Toolbox-main\split_1\115cedb2_e545_4a43_9c83_7b1bad4608a3.png,1344,0.6154,28.383,7.583,8.003,100.944,6.225,96.09,84.282,75.276,35.285,3.524,6.51,0.9797,0.3215,0.3822,73.243,68.577,58.958,28.383,3.867,10.707,0.1698,0.2464,0.2861,33.001,24.196,0.1172,-0.03005,22.919,0.3364,0.3652,0.2986,-2.731,-1.369,-1.363,0.003489,1.38,2.433,0.5869,0.7596,0.0005004,95.742,4.537,4.459,0.0002588,2.667e-05,
C:\Users\sblee\Downloads\Aesthetics-Toolbox-main\split_1\1161bdbf_c518_4b9a_8f4f_e6d7253c9b86.jpg,1280,0.6667,25.536,7.541,8.112,113.765,6.713,118.918,107.706,95.559,45.672,4.012,9.331,0.1807,0.4011,0.5008,62.276,68.29,70.885,25.536,11.781,14.148,0.2325,0.31,0.2289,59.264,5.524,0.003906,-0.02734,16.311,0.5954,0.4932,0.4957,-2.929,-1.59,-1.358,0.02574,1.416,2.398,0.6915,0.8276,0.0009109,94.773,3.615,4.002,0.0002281,2.01e-05,
C:\Users\sblee\Downloads\Aesthetics-Toolbox-main\split_1\1178f37c_08b4_4bc0_aaa7_dec62f908f12.png,1024,1.0,28.317,7.938,13.994,134.569,7.404,130.033,109.511,81.862,48.614,5.252,19.132,0.09722,0.5671,0.5805,87.919,77.92,68.246,28.317,28.576,28.188,0.188,0.2708,0.3107,34.815,8.24,-0.04102,-0.003906,5.981,0.3531,0.4111,0.3162,-2.763,-1.357,-1.223,0.0436,1.481,2.543,0.5632,0.7492,0.0004558,97.664,4.452,4.429,0.0002053,3.388e-05,
C:\Users\sblee\Downloads\Aesthetics-Toolbox-main\split_1\11804f1f_2565_4e75_82c4_111a0378aae3.jpg,1024,1.0,32.483,7.555,15.358,223.111,6.543,135.151,105.095,93.884,46.153,12.048,9.512,0.9879,0.544,0.559,90.834,81.187,71.676,32.483,13.833,31.008,0.1507,0.2881,0.3481,20.733,8.156,0.03906,-0.01172,7.213,0.443,0.5175,0.4337,-3.08,-1.592,-1.415,0.03209,1.442,2.561,0.7182,0.8517,0.0006158,99.369,3.757,4.176,0.0001862,1.262e-05,
C:\Users\sblee\Downloads\Aesthetics-Toolbox-main\split_1\1180e203_0352_4419_8311_daaf8c5168cf.jpg,1536,1.0,16.895,7.413,6.584,66.324,6.838,116.75,92.986,93.298,42.161,11.833,3.567,0.8768,0.4336,0.5185,65.711,37.501,35.214,16.895,14.379,20.871,0.2257,0.2383,0.2081,19.503,10.482,-0.02344,0.04688,7.609,0.485,0.4101,0.3856,-2.586,-1.203,-1.174,0.0195,1.509,2.537,0.6143,0.7777,0.0005681,97.831,3.889,4.15,0.0002322,2.626e-05,
C:\Users\sblee\Downloads\Aesthetics-Toolbox-main\split_1\1182b556_3d29_48e2_a741_1d02cffc03d6.jpg,1280,0.6667,24.52,7.664,7.512,125.945,1.415,131.312,131.155,131.737,53.706,0.2004,-0.3176,0.944,0.01061,0.5169,60.911,61.218,60.761,24.52,0.4712,0.594,0.1443,0.02207,0.2382,20.319,2.565,0.01172,-0.005208,14.129,0.3473,0.3951,0.3073,-2.942,-1.661,-1.477,0.006331,1.342,2.456,0.5981,0.8244,0.0003951,98.143,4.49,4.509,0.000247,1.454e-05,
C:\Users\sblee\Downloads\Aesthetics-Toolbox-main\split_1\118bd3ad_4d8e_4e15_90ed_5100e9107bb2.jpg,1024,1.0,27.636,7.466,7.306,129.006,5.765,155.1,80.172,74.681,44.112,28.29,20.136,0.002188,0.5639,0.6155,85.042,72.576,65.797,27.636,26.948,17.19,0.1462,0.2989,0.3299,17.061,9.285,-0.01758,-0.04297,7.467,0.4763,0.3031,0.3005,-3.755,-1.915,-1.825,0.02133,1.213,2.388,0.5968,0.7784,0.000555,97.205,4.464,4.49,0.0004125,2.086e-05,
C:\Users\sblee\Downloads\Aesthetics-Toolbox-main\split_1\11a4b7bb_c55e_4806_b423_2cd1226f0e53.jpg,1216,0.7273,16.231,7.319,3.407,43.534,6.406,117.253,79.981,77.34,37.668,15.344,7.529,0.9941,0.3891,0.4631,52.68,37.085,26.609,16.231,11.088,13.169,0.105,0.1208,0.2041,38.164,15.524,-0.07422,0.02273,11.232,0.353,0.3872,0.3319,-2.728,-1.402,-1.326,0.003337,1.184,2.327,0.5393,0.7472,0.0006231,88.371,4.231,4.385,0.0003602,2.198e-05,
C:\Users\sblee\Downloads\Aesthetics-Toolbox-main\split_1\11ad2163_1db9_49d5_a1cb_95308d9164b6.jpg,1536,2.0,19.486,7.54,7.271,89.639,4.998,128.002,124.075,132.128,51.918,3.129,-3.712,0.7736,0.09117,0.5249,48.798,49.098,53.237,19.486,2.632,4.521,0.1347,0.0504,0.2051,29.04,8.649,0.01855,0.03906,22.337,0.4576,0.4864,0.4382,-2.679,-1.281,-1.226,0.007965,1.36,2.286,0.6568,0.8295,0.0006588,97.434,3.888,4.307,0.0002729,1.832e-05,
C:\Users\sblee\Downloads\Aesthetics-Toolbox-main\split_1\11bcfc2e_43a5_4fd7_b5ed_4da4fe2eff1a.jpg,1024,1.0,19.369,7.542,8.624,102.198,6.579,117.918,87.828,90.687,39.929,13.047,3.434,0.9727,0.3189,0.469,55.948,46.672,45.47,19.369,9.609,7.823,0.1189,0.1435,0.2173,48.901,2.21,-0.007812,0.007812,4.447,0.4653,0.4636,0.4249,-3.111,-1.633,-1.322,0.07626,1.408,2.463,0.7139,0.8107,0.0005653,94.223,4.301,4.414,0.0001656,1.72e-05,
C:\Users\sblee\Downloads\Aesthetics-Toolbox-main\split_1\11cc80e1_0da4_4121_ba42_bbf63a25bd0c.jpg,1024,1.0,25.439,6.769,8.007,98.2,3.996,138.785,106.853,70.21,46.222,7.856,24.113,0.07316,0.4979,0.5449,72.908,59.061,35.981,25.439,3.127,14.898,0.06139,0.1566,0.285,21.45,1.953,0.009766,0.0,2.268,0.4123,0.4033,0.3584,-3.114,-1.547,-1.407,0.03755,1.12,2.419,0.7544,0.818,0.0004736,94.077,4.278,4.405,0.0002216,1.919e-05,
C:\Users\sblee\Downloads\Aesthetics-Toolbox-main\split_1\11ce3653_88c0_44e3_9237_0a438825a259.jpg,1216,0.7273,23.414,7.757,7.197,106.048,6.359,138.841,140.461,161.113,58.342,4.768,-10.5955,0.7014,0.2851,0.6597,59.573,61.139,61.143,23.414,10.694,8.095,0.1746,0.1558,0.2326,16.05,15.085,-0.02539,-0.07102,17.772,0.4529,0.3382,0.3261,-2.835,-1.507,-1.4,0.006221,1.392,2.469,0.4784,0.7369,0.0007093,94.511,4.206,4.348,0.000292,2.583e-05,
C:\Users\sblee\Downloads\Aesthetics-Toolbox-main\split_1\11ce7d28_4ed7_44c6_9787_46a2ab0a7b12.jpg,1216,0.7273,31.35,7.896,10.01,110.694,7.299,120.659,114.586,99.242,47.047,0.526,8.831,0.07829,0.36,0.506,80.224,79.834,75.364,31.35,15.659,16.948,0.1877,0.2756,0.3056,33.905,4.445,0.02148,-0.005682,15.564,0.5083,0.4517,0.4535,-2.741,-1.247,-1.255,0.01192,1.346,2.483,0.7245,0.8157,0.0003391,95.614,4.407,4.436,0.0001323,1.749e-05,
C:\Users\sblee\Downloads\Aesthetics-Toolbox-main\split_1\11d0c060_ef83_4610_b252_7da51833e355.jpg,1024,1.0,25.342,7.787,7.063,110.294,6.492,117.467,72.249,35.61,36.387,17.5,28.919,0.07067,0.8181,0.515,76.967,67.195,51.527,25.342,23.231,27.486,0.1618,0.1951,0.2891,44.442,5.688,0.02734,-0.007812,8.403,0.3866,0.339,0.3058,-3.478,-1.743,-1.646,0.01696,1.285,2.403,0.57,0.7147,0.0005591,97.759,4.552,4.486,0.0002914,2.396e-05,
C:\Users\sblee\Downloads\Aesthetics-Toolbox-main\split_1\11d99048_1818_4295_9254_338be44a93ef.jpg,1984,1.583,21.117,7.687,6.491,69.105,4.599,115.032,90.878,59.976,39.407,5.93,21.113,0.08628,0.523,0.4511,52.415,52.333,38.386,21.117,4.738,8.934,0.02906,0.1366,0.2055,32.207,15.532,0.01809,0.07552,18.251,0.457,0.4324,0.3977,-2.527,-1.222,-1.166,0.004693,1.345,2.505,0.6487,0.8371,0.0003839,96.233,4.055,4.394,0.000191,1.428e-05,
C:\Users\sblee\Downloads\Aesthetics-Toolbox-main\split_1\11e6faac_2194_4b74_8684_32298b9fcfbb.jpg,1280,1.5,24.896,7.756,16.734,175.53,6.644,90.561,108.685,122.93,44.808,1.51,-8.427,0.8105,0.3448,0.4991,68.463,63.126,69.14,24.896,9.029,16.389,0.2045,0.3679,0.2679,24.925,11.568,-0.01172,0.05664,14.528,0.5371,0.4684,0.458,-2.332,-1.299,-1.18,0.006628,1.616,2.654,0.7196,0.7921,0.0006544,97.998,3.987,4.348,0.0001751,1.58e-05,
C:\Users\sblee\Downloads\Aesthetics-Toolbox-main\split_1\11ef212d_4455_46a2_b782_c7acf13c4029.jpg,1024,1.0,30.884,7.25,12.027,111.809,5.293,127.637,119.015,99.242,49.425,1.881,11.364,0.126,0.4312,0.5336,79.676,79.205,66.763,30.884,12.875,22.256,0.1679,0.327,0.2918,25.501,8.212,-0.01758,-0.03711,11.197,0.3931,0.3786,0.3863,-2.659,-1.277,-1.2,0.01767,1.353,2.577,0.5836,0.7646,0.0003486,89.126,4.512,4.447,0.0001552,2.958e-05,
C:\Users\sblee\Downloads\Aesthetics-Toolbox-main\split_1\11f4a6ea_0ab7_4059_be91_803ae9af9e26.png,1344,0.6154,27.352,7.496,14.756,197.893,6.341,147.226,95.222,82.679,48.285,20.462,18.386,0.9855,0.6364,0.6436,83.614,82.962,59.596,27.352,28.163,33.947,0.2252,0.2996,0.2586,39.494,1.858,-0.005859,-0.007212,16.225,0.4886,0.4818,0.4991,-2.526,-1.54,-1.23,0.002696,1.483,2.557,0.7772,0.841,0.0005726,99.103,4.344,4.458,0.0001484,2.064e-05,
C:\Users\sblee\Downloads\Aesthetics-Toolbox-main\split_1\120ab7e5_0e68_42cf_bfd4_1b6b527c0b0f.jpg,1216,0.7273,27.251,7.314,14.654,179.315,7.166,125.047,58.416,88.037,39.498,26.539,-0.0497,0.9266,0.8458,0.5911,96.719,76.005,81.648,27.251,47.547,41.954,0.2429,0.2057,0.3635,23.468,4.694,0.005859,-0.02273,12.283,0.6541,0.5175,0.4976,-2.437,-1.551,-1.326,0.0337,1.552,2.58,0.5708,0.8009,0.0005478,99.203,4.546,4.508,0.0002879,2.352e-05,
C:\Users\sblee\Downloads\Aesthetics-Toolbox-main\split_1\120abb8c_e91c_4666_868d_1875f22ffbe8.jpg,1536,1.0,17.697,7.386,10.678,97.07,5.369,101.455,63.993,28.413,30.378,13.141,25.229,0.07567,0.6971,0.3984,55.735,39.393,32.983,17.697,10.6,19.494,0.05034,0.2783,0.2188,51.048,4.239,0.01562,0.01432,3.97,0.5856,0.5295,0.5011,-2.528,-1.149,-1.254,0.006419,1.601,2.589,0.753,0.8259,0.0003368,95.199,4.474,4.517,0.0001309,1.459e-05,
C:\Users\sblee\Downloads\Aesthetics-Toolbox-main\split_1\120b605a_6c48_4368_9702_3e0d46eab5ae.jpg,1280,0.6667,23.204,7.69,16.96,155.578,7.33,103.778,71.551,77.835,34.143,15.261,2.654,0.9018,0.4823,0.4423,63.264,59.434,42.462,23.204,19.597,16.955,0.1709,0.2058,0.2514,48.213,7.9,-0.005859,-0.03906,19.361,0.7257,0.5421,0.5385,-2.25,-1.183,-1.092,0.02425,1.71,2.725,0.6621,0.8151,0.0005297,94.151,4.442,4.232,0.0001138,1.609e-05,
C:\Users\sblee\Downloads\Aesthetics-Toolbox-main\split_1\12231a6e_b938_4bb4_8ef6_3feb4a0b9ad6.png,1280,0.6667,29.37,7.566,6.117,112.579,7.251,145.554,115.471,128.819,51.456,14.94,-1.732,0.8379,0.3529,0.6069,75.914,81.191,68.119,29.37,18.261,15.946,0.2098,0.2536,0.282,49.473,3.906,0.01172,-0.01562,11.651,0.553,0.2627,0.2568,-2.735,-1.711,-1.535,0.01257,1.202,2.245,0.5116,0.7438,0.0008576,94.876,4.483,4.428,0.0003321,3.465e-05,
C:\Users\sblee\Downloads\Aesthetics-Toolbox-main\split_1\1239bfa9_d7cf_4c0a_9901_8b1dae192cc6.jpg,1216,0.7273,39.508,6.911,17.054,167.328,5.613,113.602,107.665,87.093,42.664,-0.8627,11.19,0.05503,0.2876,0.4495,101.178,99.894,78.07,39.508,4.256,12.63,0.2136,0.1868,0.3938,38.418,12.89,0.04102,-0.04972,21.661,0.5338,0.4634,0.4466,-2.527,-1.18,-1.236,0.00414,1.496,2.575,0.6942,0.8214,0.0004705,95.365,4.417,4.366,0.0001732,2.209e-05,
C:\Users\sblee\Downloads\Aesthetics-Toolbox-main\split_1\123e899d_175c_4a01_b10a_be37639cf73c.jpg,1024,1.0,23.274,7.579,4.613,64.477,6.079,120.235,90.674,91.328,40.679,12.914,3.706,0.9391,0.3391,0.4736,63.31,59.208,39.819,23.274,8.382,14.156,0.09941,0.1643,0.2484,46.704,10.224,-0.005859,-0.05078,7.876,0.3702,0.2993,0.2889,-3.067,-1.509,-1.446,0.02131,1.045,2.278,0.5593,0.7466,0.000599,90.732,4.353,4.375,0.0002311,2.638e-05,
C:\Users\sblee\Downloads\Aesthetics-Toolbox-main\split_1\1248af2f_c741_46ed_9b15_6c036f63f37a.jpg,1216,0.7273,38.191,7.442,8.954,135.421,6.169,132.475,120.916,109.697,49.456,3.3,8.125,0.1397,0.3768,0.532,93.123,98.435,95.971,38.191,9.517,11.606,0.232,0.3452,0.3714,33.627,13.218,-0.02148,0.0625,12.237,0.5875,0.2979,0.2967,-2.874,-1.502,-1.396,0.003279,1.281,2.422,0.572,0.7925,0.0006293,97.7,4.468,4.411,0.0003001,3.166e-05,
C:\Users\sblee\Downloads\Aesthetics-Toolbox-main\split_1\124ed030_8199_4366_848b_491f7fece790.png,1024,1.0,26.151,7.862,7.094,110.016,7.397,146.268,117.167,134.999,53.236,17.996,-6.307,0.8764,0.4785,0.677,78.887,74.124,57.034,26.151,22.583,34.536,0.2287,0.2699,0.2313,33.715,10.253,-0.03906,0.0332,9.72,0.3425,0.3374,0.3206,-3.268,-1.715,-1.47,0.06973,1.27,2.364,0.569,0.7225,0.0008989,96.824,4.139,4.112,0.0002581,3.498e-05,
C:\Users\sblee\Downloads\Aesthetics-Toolbox-main\split_1\1262fb23_fbe3_4f95_8840_ee4351bb052c.jpg,1536,0.5,19.81,7.629,18.605,137.507,6.201,86.947,84.84,94.125,36.367,4.183,-4.175,0.8418,0.3672,0.4096,36.464,53.807,48.033,19.81,17.622,7.68,0.2157,0.1416,0.1934,37.54,2.286,-0.003906,-0.01074,21.133,0.7485,0.6306,0.6296,-2.001,-1.205,-0.9379,0.004427,1.793,2.761,0.8572,0.8452,0.0001881,97.968,4.549,4.521,9.912e-05,9.527e-06,
C:\Users\sblee\Downloads\Aesthetics-Toolbox-main\split_1\126a1bfb_751a_4190_b2d4_83bb68e28027.png,1408,0.5714,31.528,7.673,12.322,141.177,5.011,139.966,128.157,116.135,52.601,2.588,7.972,0.0706,0.2259,0.549,79.026,79.175,71.589,31.528,4.106,4.949,0.05772,0.17,0.3099,29.875,5.58,-0.007812,0.02679,15.08,0.6117,0.4156,0.4021,-2.728,-1.478,-1.275,0.004163,1.347,2.533,0.6043,0.8269,0.0004103,96.593,4.088,4.159,0.0001839,1.243e-05,
C:\Users\sblee\Downloads\Aesthetics-Toolbox-main\split_1\1275c2a2_263a_47f9_94f4_009814fa51b3.jpg,1216,0.7273,22.45,7.655,14.786,112.505,5.672,112.987,70.68,51.07,33.647,16.432,18.309,0.02365,0.6299,0.4431,59.1,54.868,45.237,22.45,4.826,17.267,0.06635,0.2106,0.2317,43.268,7.111,-0.02734,0.02273,9.824,0.5618,0.4955,0.4795,-2.3,-1.089,-1.069,0.004637,1.642,2.683,0.7077,0.8212,0.0002802,96.609,4.387,4.436,0.0001155,1.257e-05,
C:\Users\sblee\Downloads\Aesthetics-Toolbox-main\split_1\127764e7_0cfe_4651_a38c_764c50b553f2.jpg,1024,1.0,29.389,7.631,7.893,104.812,6.003,128.028,115.838,122.198,49.446,6.338,-0.3006,0.6975,0.3352,0.5462,67.779,78.558,74.664,29.389,17.748,8.912,0.2519,0.3153,0.2881,25.999,15.007,-0.04688,-0.05859,11.252,0.369,0.2941,0.2697,-2.938,-1.498,-1.328,0.03622,1.268,2.391,0.5411,0.788,0.0009096,93.126,4.385,4.463,0.0004493,2.966e-05,
C:\Users\sblee\Downloads\Aesthetics-Toolbox-main\split_1\127cb0dd_4f74_4443_b4b7_e4104398fdca.jpg,1088,1.125,25.035,7.461,6.76,87.906,4.866,103.091,65.456,51.049,30.794,14.857,15.569,0.04253,0.6055,0.4043,61.903,63.887,54.243,25.035,7.645,6.795,0.03026,0.2092,0.2428,63.073,22.68,0.005208,0.1133,17.429,0.4358,0.4374,0.4441,-3.028,-1.567,-1.444,0.01376,1.341,2.427,0.6512,0.7813,0.0005361,85.739,4.265,4.411,0.0002194,1.686e-05,
C:\Users\sblee\Downloads\Aesthetics-Toolbox-main\split_1\128312a5_251f_43a2_b7c0_83428f5aeacc.jpg,1216,0.7273,22.171,7.494,7.174,73.793,5.523,90.611,115.094,121.701,45.93,-6.746,-6.131,0.5119,0.2729,0.4876,45.297,57.457,64.253,22.171,4.991,8.533,0.1035,0.1048,0.2464,45.085,12.957,-0.0625,0.01705,13.315,0.4693,0.4877,0.4364,-2.631,-1.355,-1.295,0.002079,1.344,2.471,0.7442,0.8129,0.0003681,92.318,4.374,4.443,0.0001956,1.974e-05,
C:\Users\sblee\Downloads\Aesthetics-Toolbox-main\split_1\1285291e_0dd1_4982_a242_8cd48ac22aac.jpg,1216,0.7273,36.106,6.189,11.492,158.836,4.224,138.69,123.383,99.317,50.422,1.825,14.265,0.06129,0.3437,0.5451,96.999,87.826,69.593,36.106,1.384,11.156,0.1207,0.1951,0.3788,25.378,2.946,-0.003906,0.0142,10.04,0.6832,0.3598,0.3469,-2.763,-1.365,-1.434,0.002789,1.349,2.464,0.6483,0.7549,0.0006159,94.986,4.523,4.328,0.0002611,2.933e-05,
C:\Users\sblee\Downloads\Aesthetics-Toolbox-main\split_1\12a11920_6457_4d99_b687_1e620f951021.jpg,1152,1.25,13.777,6.865,4.912,60.415,5.988,126.231,100.078,118.155,45.903,14.863,-6.604,0.8775,0.3259,0.5249,30.808,41.598,33.819,13.777,15.315,24.999,0.1078,0.291,0.1083,14.472,1.915,0.009375,-0.001953,8.822,0.4469,0.4069,0.4413,-2.898,-1.586,-1.375,0.01649,1.371,2.433,0.5465,0.7099,0.0004581,98.548,4.386,4.454,0.0002242,1.691e-05,
C:\Users\sblee\Downloads\Aesthetics-Toolbox-main\split_1\12e063bb_2bfd_45da_81ec_c3d93e513eb0.jpg,1024,1.0,27.181,7.858,13.277,151.78,6.757,104.088,95.195,99.984,41.351,6.572,0.4514,0.7884,0.4262,0.4887,77.663,68.901,70.56,27.181,16.456,17.793,0.2747,0.3127,0.2856,37.135,9.018,0.003906,0.04492,5.245,0.5048,0.4014,0.3948,-2.749,-1.406,-1.252,0.0411,1.438,2.536,0.6934,0.7994,0.0005522,95.561,4.416,4.504,0.0002096,2.674e-05,
C:\Users\sblee\Downloads\Aesthetics-Toolbox-main\split_1\12e78667_ecc0_4411_89a9_e9f2db8e86e9.jpg,1216,0.7273,22.574,7.644,15.198,124.155,5.157,116.178,84.876,45.896,37.821,8.563,26.324,0.07845,0.6546,0.4557,56.685,56.436,37.735,22.574,9.043,15.16,0.04753,0.1887,0.2222,29.933,4.053,0.003906,-0.01989,12.402,0.6086,0.5362,0.5418,-2.299,-1.124,-1.128,0.004238,1.593,2.65,0.6985,0.8631,0.0004239,97.814,4.559,4.531,0.0002195,1.711e-05,
C:\Users\sblee\Downloads\Aesthetics-Toolbox-main\split_1\12e8a0c6_abe4_4ea8_8b66_aa54fdda6674.jpg,1344,1.625,22.512,7.718,14.28,124.175,6.721,103.85,78.807,71.648,35.524,9.868,8.344,0.9199,0.3699,0.4232,64.771,54.042,48.708,22.512,15.55,16.75,0.2453,0.2583,0.255,35.807,9.427,-0.04447,0.01562,15.413,0.5262,0.5346,0.4994,-2.391,-1.199,-1.106,0.005027,1.573,2.663,0.6669,0.8293,0.0002415,96.765,4.38,4.488,0.000151,1.776e-05,
C:\Users\sblee\Downloads\Aesthetics-Toolbox-main\split_1\12e93ddb_03b8_4dab_8bd1_1dc0bc05cd77.jpg,1280,0.6667,19.207,7.391,6.132,65.934,4.249,110.864,70.255,33.637,33.097,14.015,27.627,0.07471,0.7235,0.4348,51.886,46.324,33.294,19.207,6.864,12.638,0.02027,0.1546,0.2035,42.513,7.981,0.0332,-0.02214,20.307,0.4606,0.3972,0.3542,-2.641,-1.304,-1.24,0.004124,1.357,2.442,0.6736,0.8106,0.0004632,96.306,4.212,4.382,0.0002606,2.26e-05,
C:\Users\sblee\Downloads\Aesthetics-Toolbox-main\split_1\12fba07c_c69a_48d2_8d02_32aa19bd0989.jpg,1216,1.375,21.909,7.61,4.79,84.3,5.927,121.8,108.664,137.44,47.438,11.62,-13.9728,0.7087,0.3057,0.5405,45.035,58.909,45.507,21.909,10.317,7.86,0.09681,0.2605,0.1796,17.956,4.704,0.01562,0.01758,11.932,0.5228,0.3998,0.3732,-2.906,-1.592,-1.455,0.006591,1.118,2.328,0.5179,0.8018,0.000905,99.115,4.119,4.411,0.0004674,2.125e-05,
C:\Users\sblee\Downloads\Aesthetics-Toolbox-main\split_1\131358d0_a065_4508_80f3_fc83ea8e9fa6.jpg,1280,1.5,30.716,7.671,8.241,89.775,4.784,128.948,133.401,127.016,53.652,-1.77,3.633,0.2779,0.2497,0.5518,63.454,81.226,84.615,30.716,7.509,6.564,0.2547,0.2139,0.2944,34.819,12.347,0.02865,0.05469,18.088,0.3881,0.3376,0.3342,-2.997,-1.468,-1.421,0.008021,1.138,2.486,0.6481,0.7684,0.0007681,94.296,4.505,4.265,0.000451,3.334e-05,
C:\Users\sblee\Downloads\Aesthetics-Toolbox-main\split_1\131530a2_98b8_42eb_91b3_cc1044384462.jpg,1536,1.0,21.564,7.281,7.352,85.227,6.121,92.175,74.021,66.781,32.249,7.275,6.91,0.02109,0.3583,0.3647,47.097,56.452,39.142,21.564,8.544,8.584,0.09608,0.1183,0.1916,60.999,2.681,-0.01172,-0.00651,3.563,0.4609,0.4518,0.4424,-2.753,-1.28,-1.366,0.0052,1.411,2.462,0.7704,0.8306,0.0002941,94.344,4.453,4.502,0.0001476,1.69e-05,
C:\Users\sblee\Downloads\Aesthetics-Toolbox-main\split_1\13248e2b_4b00_4f7c_a2d9_75a7c3b289a5.jpg,1280,0.6667,17.679,7.431,3.159,51.19,6.913,120.173,108.014,131.646,48.955,10.519,-8.306,0.6565,0.4223,0.5972,32.427,61.013,47.743,17.679,22.137,18.862,0.18,0.2625,0.1277,25.454,5.078,-0.02539,0.0,12.701,0.4006,0.2729,0.2267,-2.844,-1.568,-1.441,0.003218,1.173,2.304,0.3573,0.6614,0.0009948,96.264,4.509,4.402,0.0006474,2.99e-05,
C:\Users\sblee\Downloads\Aesthetics-Toolbox-main\split_1\132dcc45_d1a5_4722_8a7f_563b5af4dcc5.jpg,1024,1.0,35.534,7.274,28.215,226.324,3.296,110.697,109.403,110.899,44.175,0.7518,-0.5965,0.8645,0.1472,0.4372,87.487,88.134,87.328,35.534,1.08,1.038,0.1548,0.2588,0.3426,26.119,10.853,-0.04688,-0.02734,8.767,0.5511,0.495,0.5153,-2.293,-1.165,-1.023,0.04599,1.632,2.803,0.6063,0.8435,0.0005187,96.982,4.302,4.428,0.0001733,2.24e-05,
C:\Users\sblee\Downloads\Aesthetics-Toolbox-main\split_1\133e4d64_44f4_4838_99d6_0777a74fcafe.jpg,1024,1.0,15.999,7.228,5.619,52.661,6.728,130.878,81.729,110.333,41.241,26.244,-7.337,0.8767,0.4667,0.5602,49.031,41.305,37.152,15.999,9.165,18.876,0.122,0.1002,0.1844,62.156,13.644,0.02734,0.0625,7.55,0.451,0.3528,0.3286,-2.398,-1.174,-1.093,0.0233,1.427,2.397,0.6299,0.7679,0.0004621,87.998,4.417,4.438,0.000305,2.1e-05,
C:\Users\sblee\Downloads\Aesthetics-Toolbox-main\split_1\134152f7_e33d_4574_8d1b_af1c3b14a558.jpg,1024,1.0,13.215,7.102,10.816,86.325,6.48,123.902,132.782,135.894,54.622,-2.275,-2.548,0.5043,0.144,0.5511,36.309,33.136,37.396,13.215,5.061,7.028,0.1995,0.1219,0.1342,15.404,5.427,-0.01367,-0.02344,4.203,0.6092,0.3769,0.3664,-2.122,-1.09,-0.8876,0.05342,1.658,2.688,0.5123,0.8509,0.0005138,93.291,4.322,4.502,0.000206,1.878e-05,
C:\Users\sblee\Downloads\Aesthetics-Toolbox-main\split_1\13418dd4_7a01_4d5f_9a96_ae2f1539d8dc.jpg,1024,1.0,24.461,7.835,16.937,177.474,7.278,152.056,137.939,126.659,59.927,11.286,8.942,0.06753,0.6002,0.7633,84.752,69.65,83.927,24.461,21.43,42.182,0.3124,0.2907,0.2409,15.332,1.562,0.0,-0.007812,3.368,0.464,0.4022,0.3698,-2.549,-1.3,-1.164,0.05523,1.56,2.65,0.5991,0.8132,0.0006806,97.248,3.613,4.06,0.0001569,2.215e-05,
C:\Users\sblee\Downloads\Aesthetics-Toolbox-main\split_1\13423237_d943_4f2e_a182_7fb7f597d5dc.png,1024,1.0,22.889,7.676,8.476,89.484,6.853,88.57,94.531,90.02,38.693,-2.862,2.087,0.4844,0.2542,0.4074,61.576,56.865,53.891,22.889,10.497,7.515,0.2201,0.1424,0.2372,69.745,5.963,-0.02539,0.01562,6.445,0.4845,0.418,0.3555,-3.121,-1.545,-1.449,0.009608,1.529,2.512,0.6448,0.7904,0.0003706,87.317,4.468,4.414,0.0001507,1.479e-05,
C:\Users\sblee\Downloads\Aesthetics-Toolbox-main\split_1\134ffa5c_291f_4dbc_8084_8c6dcac0bd66.jpg,1024,1.0,14.791,7.361,0.7072,12.959,6.4,100.748,105.038,66.46,42.783,-8.235,21.044,0.1897,0.4008,0.4239,39.346,35.617,30.201,14.791,6.856,8.905,0.04807,0.1452,0.1419,20.44,11.172,-0.0332,0.04492,10.891,0.5464,0.4327,0.3766,-3.019,-1.614,-1.449,0.001929,0.7498,2.0,0.4523,0.7233,0.001173,95.663,3.921,2.494,0.0006578,1.164e-05,
C:\Users\sblee\Downloads\Aesthetics-Toolbox-main\split_1\13500c21_bc68_4bf2_a71a_4a250bc08bf4.jpg,1152,0.8,20.528,7.625,14.848,143.011,5.64,103.047,99.244,67.145,40.842,-3.36,18.835,0.1449,0.4283,0.4224,45.438,53.005,43.282,20.528,8.172,5.766,0.05772,0.1438,0.1926,37.648,8.8,-0.02539,0.03594,7.154,0.5616,0.5475,0.508,-2.423,-1.302,-1.172,0.007263,1.591,2.63,0.7628,0.8613,0.0002663,96.498,4.522,4.54,0.0001274,9.21e-06,
C:\Users\sblee\Downloads\Aesthetics-Toolbox-main\split_1\135245d7_999f_48fd_a757_0d712d8a4e26.jpg,1280,1.5,25.515,7.758,4.901,58.466,6.664,104.62,86.728,78.901,37.415,7.275,6.29,0.9536,0.3802,0.4284,66.84,62.586,56.56,25.515,6.119,18.418,0.1772,0.2465,0.2576,38.356,17.243,0.03646,0.07812,17.288,0.4122,0.3829,0.3112,-2.781,-1.177,-1.28,0.01335,1.235,2.39,0.6208,0.7519,0.0004781,95.248,4.084,4.326,0.0001631,2.485e-05,
C:\Users\sblee\Downloads\Aesthetics-Toolbox-main\split_1\13544b06_e514_4e1d_ae8f_7a248016e313.jpg,1152,1.25,24.982,7.833,5.912,88.238,6.113,117.696,98.875,81.849,42.473,5.624,12.812,0.07803,0.3805,0.4703,63.632,63.598,63.939,24.982,10.656,12.724,0.118,0.287,0.2507,40.011,10.271,0.05,-0.01172,11.111,0.384,0.3667,0.3103,-3.046,-1.337,-1.444,0.01367,1.276,2.352,0.4905,0.7152,0.000855,94.727,4.003,4.244,0.0002564,2.899e-05,
C:\Users\sblee\Downloads\Aesthetics-Toolbox-main\split_1\13595487_6e7a_4477_b0b8_a2624f63983e.jpg,1152,0.8,27.623,7.572,6.063,94.357,2.887,83.049,79.761,79.837,32.861,1.342,0.4493,0.9859,0.1028,0.326,67.953,67.918,67.696,27.623,1.446,0.9317,0.07631,0.1757,0.2667,57.315,2.211,0.005859,-0.009375,11.623,0.6156,0.3762,0.3755,-3.151,-1.641,-1.522,0.006629,1.119,2.357,0.5596,0.7488,0.0006287,94.286,4.254,4.175,0.0002248,2.07e-05,
C:\Users\sblee\Downloads\Aesthetics-Toolbox-main\split_1\1369b121_2ae4_4830_b83a_941b87f664c1.jpg,1024,1.0,30.602,7.858,5.242,83.711,6.576,127.935,117.559,142.253,49.837,9.477,-11.5941,0.7087,0.3347,0.5667,68.754,80.042,73.863,30.602,10.888,6.447,0.1104,0.2761,0.2865,26.819,7.042,-0.001953,0.03516,9.411,0.5625,0.3523,0.3424,-3.425,-1.668,-1.584,0.02126,1.145,2.293,0.5917,0.7282,0.0006528,93.571,4.444,4.22,0.0002745,2.247e-05,
C:\Users\sblee\Downloads\Aesthetics-Toolbox-main\split_1\136bd2a9_245c_4c16_b351_5fbad1d39c8f.jpg,1280,0.6667,24.76,7.388,11.36,127.632,5.027,124.919,91.251,63.658,40.635,11.069,21.364,0.06802,0.5504,0.4899,59.769,65.328,52.2,24.76,7.821,9.048,0.03755,0.1635,0.2344,54.405,14.66,-0.01562,0.07161,7.843,0.536,0.4144,0.3982,-2.49,-1.611,-1.189,0.01922,1.406,2.489,0.6085,0.8282,0.0005813,94.403,4.358,4.458,0.0001991,1.535e-05,
C:\Users\sblee\Downloads\Aesthetics-Toolbox-main\split_1\137531b3_d64f_44d1_85fd_bafdf444a8e5.jpg,1600,0.7857,8.952,7.081,0.7049,20.738,5.727,82.974,99.641,77.216,40.149,-10.9052,10.667,0.2808,0.2276,0.3935,17.882,23.453,16.848,8.952,5.862,3.144,0.06912,0.0376,0.09068,28.811,5.449,-0.01562,0.02232,6.842,0.5449,0.5882,0.4759,-3.328,-1.567,-1.457,0.01789,0.922,2.028,0.7255,0.8138,0.0007747,96.629,4.404,3.762,0.000433,5.804e-06,
C:\Users\sblee\Downloads\Aesthetics-Toolbox-main\split_1\1375db48_150d_49e3_9b81_7d9e8f36d732.jpg,1024,1.0,31.248,7.83,9.556,119.166,6.134,142.143,103.324,70.074,46.175,13.838,23.682,0.04608,0.6302,0.5802,78.056,81.494,84.3,31.248,14.274,28.048,0.1495,0.2979,0.3231,34.292,7.297,0.03516,0.009766,7.063,0.436,0.4495,0.3775,-3.11,-1.474,-1.498,0.01633,1.289,2.424,0.7123,0.7909,0.0006461,95.902,4.532,4.067,0.0001856,3.091e-05,
C:\Users\sblee\Downloads\Aesthetics-Toolbox-main\split_1\137b86e4_5ca2_4b3b_b0e9_750a644b12c9.jpg,1280,1.5,26.911,7.801,7.591,89.268,6.989,110.827,93.537,55.473,40.973,4.143,24.159,0.1216,0.6512,0.4965,71.184,73.444,50.493,26.911,22.892,23.642,0.2054,0.2344,0.2714,24.865,1.747,0.003906,0.007812,15.136,0.3432,0.2743,0.271,-2.55,-1.346,-1.211,0.005623,1.267,2.374,0.501,0.6861,0.000907,98.23,3.707,3.893,0.0002828,4.933e-05,
C:\Users\sblee\Downloads\Aesthetics-Toolbox-main\split_1\137f91fa_a8b0_4f1c_a066_32bc4657e923.jpg,1024,1.0,21.383,7.78,5.635,64.53,6.781,130.722,102.478,92.416,45.416,11.218,8.949,0.9311,0.3658,0.5409,69.914,51.261,28.13,21.383,9.573,22.596,0.1832,0.1777,0.2516,34.528,9.536,-0.02734,0.03906,9.641,0.5149,0.3307,0.3255,-2.771,-1.379,-1.28,0.03982,1.278,2.415,0.4923,0.7452,0.0004659,92.989,4.495,4.483,0.000184,2.665e-05,
C:\Users\sblee\Downloads\Aesthetics-Toolbox-main\split_1\1380bd7f_a4bd_46f2_961b_fdf1781f061a.jpg,1280,0.6667,22.368,7.741,12.056,120.747,6.4,128.321,73.114,49.589,37.853,21.161,24.044,0.0431,0.6715,0.5184,65.374,59.793,53.829,22.368,19.739,21.156,0.1067,0.2769,0.244,56.354,6.526,0.01562,0.02865,11.58,0.6031,0.5234,0.5279,-2.507,-1.367,-1.342,0.003681,1.588,2.464,0.769,0.8356,0.0003261,95.784,4.508,4.509,0.0001185,1.391e-05,
C:\Users\sblee\Downloads\Aesthetics-Toolbox-main\split_1\13871429_5948_44bd_8809_8dc7a498f909.jpg,1152,0.8,17.129,7.351,5.828,78.863,6.501,89.628,104.367,104.834,42.903,-4.037,-1.762,0.5611,0.2912,0.4566,39.231,46.828,41.533,17.129,13.772,12.316,0.1603,0.1486,0.1743,55.291,2.839,-0.001953,-0.01406,10.627,0.3966,0.3394,0.3276,-2.978,-1.684,-1.5,0.03751,1.331,2.432,0.6741,0.7478,0.0006364,93.427,4.347,4.345,0.0002859,2.867e-05,
C:\Users\sblee\Downloads\Aesthetics-Toolbox-main\split_1\138c2c9e_788f_4440_8568_7b129411e86e.jpg,1280,0.6667,18.378,7.162,16.768,114.892,5.648,72.621,148.451,161.625,58.203,-13.8478,-12.1168,0.5422,0.6389,0.673,53.852,55.285,52.184,18.378,22.68,16.3,0.1573,0.2301,0.1699,9.752,2.926,-0.01367,-0.005208,12.208,0.5359,0.5317,0.4742,-1.95,-1.116,-0.9969,0.001907,1.759,2.732,0.6816,0.8516,0.0002752,94.693,4.534,4.538,0.0001792,1.132e-05,
C:\Users\sblee\Downloads\Aesthetics-Toolbox-main\split_1\138e29ad_4039_4bd2_8a83_0cc0c260116e.jpg,1280,0.6667,30.239,6.941,18.475,172.911,5.518,127.866,100.324,79.622,43.22,8.227,14.602,0.02959,0.4402,0.502,84.089,74.037,50.391,30.239,8.073,18.424,0.08929,0.2222,0.3295,43.6,5.524,0.003906,0.02734,15.642,0.5938,0.5851,0.57,-2.253,-1.249,-1.096,0.005901,1.613,2.691,0.7594,0.8771,0.000398,96.065,4.522,4.526,0.0002807,1.644e-05,
C:\Users\sblee\Downloads\Aesthetics-Toolbox-main\split_1\1391692f_1099_429f_bcd9_69db10ddb610.jpg,1024,1.0,33.815,7.645,18.763,164.554,6.087,105.791,102.685,111.861,41.893,3.481,-4.684,0.7174,0.2589,0.4496,81.333,84.599,82.124,33.815,4.221,4.544,0.1412,0.2429,0.3211,36.911,9.285,0.04492,-0.01172,11.417,0.4152,0.4225,0.3925,-2.481,-1.208,-1.106,0.02622,1.531,2.68,0.6566,0.8246,0.0007114,97.252,4.302,4.3,0.000287,2.241e-05,
C:\Users\sblee\Downloads\Aesthetics-Toolbox-main\split_1\1392b15c_fc92_4b12_bde7_1a7fbd7b8ff4.jpg,1280,0.6667,18.985,7.156,11.387,120.344,6.437,140.265,76.614,131.588,43.57,33.326,-16.123,0.8203,0.5807,0.611,60.155,56.563,47.62,18.985,27.292,12.702,0.1491,0.2303,0.2011,79.617,1.302,0.0,-0.00651,11.945,0.5837,0.4921,0.4915,-2.377,-1.293,-1.198,0.00247,1.631,2.5,0.7017,0.8198,0.0003272,86.97,4.483,4.5,0.0001696,1.401e-05,
C:\Users\sblee\Downloads\Aesthetics-Toolbox-main\split_1\13949459_ea54_4cbd_8837_261a2a3b3f6d.jpg,1280,0.6667,23.402,7.384,11.569,128.385,6.808,124.51,107.854,117.427,46.704,9.967,-3.298,0.9372,0.3162,0.5378,59.297,63.497,48.691,23.402,8.06,16.355,0.1907,0.141,0.2058,56.31,3.504,-0.01172,-0.01302,12.166,0.4255,0.3517,0.345,-2.489,-1.338,-1.156,0.002411,1.468,2.48,0.6812,0.7834,0.0004547,96.437,4.504,4.459,0.0001971,2.443e-05,
C:\Users\sblee\Downloads\Aesthetics-Toolbox-main\split_1\139b025f_af29_4dee_a479_48d18bd6101a.jpg,1280,0.6667,17.566,7.46,13.455,81.435,6.781,115.115,91.58,82.906,41.546,12.072,9.768,0.9979,0.5089,0.5246,53.438,46.296,52.424,17.566,13.322,25.064,0.2134,0.2254,0.1924,42.657,9.527,-0.01758,0.04427,10.062,0.549,0.4624,0.4944,-1.825,-0.9852,-0.7959,0.007971,1.623,2.62,0.6851,0.84,0.0002614,94.157,4.474,4.543,0.0001438,2.002e-05,
C:\Users\sblee\Downloads\Aesthetics-Toolbox-main\split_1\13a13c87_bd78_474c_85fd_007c63bd4199.jpg,1280,0.6667,24.07,7.641,12.095,107.155,6.156,106.579,76.346,52.826,34.581,10.279,18.848,0.07744,0.5754,0.4262,64.689,60.853,53.284,24.07,12.76,13.338,0.106,0.2593,0.2469,59.295,9.643,-0.001953,-0.04818,21.325,0.558,0.5027,0.4813,-2.477,-1.281,-1.198,0.007531,1.48,2.509,0.7041,0.8052,0.0003371,88.589,4.546,4.468,0.0001112,1.785e-05,
C:\Users\sblee\Downloads\Aesthetics-Toolbox-main\split_1\13b426ed_fbce_43d2_a49e_77d002ed4630.jpg,1344,1.625,21.782,7.586,11.184,110.495,6.529,100.558,84.79,100.736,37.487,11.304,-7.335,0.7939,0.3924,0.4652,55.924,55.199,47.244,21.782,12.445,20.844,0.1767,0.1361,0.2203,52.385,3.162,0.002404,0.01562,16.931,0.5187,0.4268,0.4011,-2.374,-1.174,-1.154,0.0032,1.525,2.553,0.6847,0.7926,0.0004759,95.333,4.053,4.26,0.0001301,1.764e-05,
C:\Users\sblee\Downloads\Aesthetics-Toolbox-main\split_1\13ba2b05_602d_45d5_9341_280040657f38.jpg,1024,1.0,36.957,6.454,11.917,204.592,5.711,115.764,103.208,105.591,43.578,6.695,1.073,0.02609,0.3994,0.5006,93.102,94.434,95.061,36.957,11.311,20.974,0.1896,0.3957,0.3727,43.461,2.104,0.009766,-0.003906,2.494,0.4708,0.4793,0.4718,-3.459,-1.746,-1.486,0.1223,1.314,2.422,0.7235,0.7959,0.001092,98.481,3.703,4.004,0.0003127,2.46e-05,
C:\Users\sblee\Downloads\Aesthetics-Toolbox-main\split_1\13c0b11e_2891_4e50_8046_2ec6fbb516c5.jpg,1024,1.0,15.754,7.312,10.692,106.146,5.858,122.505,120.339,110.55,50.269,0.168,6.312,0.1137,0.2841,0.5237,36.906,40.898,51.804,15.754,5.136,12.915,0.1802,0.1936,0.1567,18.975,2.376,-0.001953,0.01172,2.167,0.439,0.4281,0.395,-2.568,-1.335,-1.083,0.06773,1.599,2.571,0.6192,0.8175,0.0003606,98.543,3.877,4.3,0.0001491,1.643e-05,
C:\Users\sblee\Downloads\Aesthetics-Toolbox-main\split_1\13c6bca8_00d3_4cb5_81d7_737655c62da5.jpg,1856,0.8125,20.942,7.329,5.278,60.156,4.322,113.104,94.551,90.96,40.925,7.261,4.71,0.01839,0.2469,0.4436,49.884,52.867,45.188,20.942,3.418,3.659,0.05311,0.0851,0.1956,35.61,14.838,-0.05409,0.05078,8.823,0.4563,0.478,0.4357,-2.921,-1.383,-1.348,0.007174,1.315,2.485,0.7233,0.7867,0.0001951,92.002,4.457,4.428,0.0001667,1.341e-05,
C:\Users\sblee\Downloads\Aesthetics-Toolbox-main\split_1\13cc7510_7e71_4a07_9860_975907ae0d4e.jpg,1280,1.5,11.711,6.561,5.874,59.297,6.899,114.706,91.838,99.03,41.467,11.06,-0.4422,0.9035,0.2579,0.4661,37.036,30.185,23.063,11.711,9.779,10.245,0.1456,0.1262,0.1396,79.011,8.019,-0.03385,0.02148,13.673,0.3488,0.4529,0.3547,-2.382,-1.374,-1.226,0.004179,1.483,2.426,0.567,0.8045,0.0003252,87.588,4.465,4.465,0.0001233,1.443e-05,
C:\Users\sblee\Downloads\Aesthetics-Toolbox-main\split_1\13d29967_6a46_421e_a40e_1a30c0339cdd.jpg,1024,1.0,27.928,7.66,8.246,114.556,6.743,149.261,129.545,128.626,55.332,8.852,4.585,0.8978,0.3441,0.6145,65.423,74.093,81.839,27.928,11.564,15.804,0.2228,0.344,0.2576,21.478,6.548,-0.009766,0.03125,6.948,0.4869,0.443,0.4149,-3.375,-1.735,-1.587,0.03607,1.173,2.44,0.6924,0.7693,0.0005718,93.698,4.517,4.41,0.0001973,2.296e-05,
C:\Users\sblee\Downloads\Aesthetics-Toolbox-main\split_1\13dfa3a8_f185_483e_a394_a0f0ad5d52b3.jpg,1280,0.6667,19.095,7.252,12.168,106.806,6.468,69.013,61.253,47.601,25.507,1.295,9.112,0.0762,0.3761,0.2766,46.497,46.314,37.945,19.095,6.934,9.727,0.1234,0.2003,0.1836,63.386,9.19,0.005859,-0.04557,20.913,0.5682,0.5108,0.4919,-2.444,-1.239,-1.186,0.00312,1.619,2.587,0.7212,0.8398,0.000327,92.377,4.517,4.527,0.0001078,1.404e-05,
C:\Users\sblee\Downloads\Aesthetics-Toolbox-main\split_1\13f22098_bc2b_4ec0_9793_2e45d01c9262.png,1152,1.25,30.851,7.73,7.063,74.535,6.259,108.106,128.207,116.957,49.982,-9.14,3.297,0.4459,0.1767,0.5067,66.904,79.397,68.305,30.851,6.771,4.805,0.142,0.06216,0.3066,28.567,22.511,-0.02656,0.1094,12.949,0.5272,0.3689,0.3494,-2.724,-1.279,-1.284,0.00451,1.332,2.524,0.6735,0.7832,0.0003048,93.103,4.215,4.428,0.0001971,1.683e-05,
C:\Users\sblee\Downloads\Aesthetics-Toolbox-main\split_1\13f75115_62df_4c57_9e6c_9661f88afeb4.jpg,1024,1.0,9.534,4.577,2.234,21.412,2.67,170.712,139.375,87.138,59.793,5.877,30.578,0.09415,0.4756,0.6697,24.243,27.531,31.865,9.534,5.245,18.789,0.02774,0.1895,0.09554,79.76,2.501,0.007812,-0.009766,4.425,0.2637,0.4159,0.2373,-2.497,-1.213,-1.198,0.02757,1.226,2.262,0.6367,0.7113,0.0005055,99.483,4.129,4.218,0.0006566,3.152e-05,
C:\Users\sblee\Downloads\Aesthetics-Toolbox-main\split_1\13f85d01_6192_4d9a_9e5f_4bd7a57e2f29.jpg,1024,1.0,26.545,7.775,13.437,138.951,6.438,121.811,120.629,93.921,49.796,1.597,12.188,0.07305,0.523,0.5762,69.957,68.685,89.753,26.545,10.072,37.447,0.2857,0.3746,0.2876,29.191,14.495,-0.01758,0.07031,9.898,0.3303,0.4306,0.279,-2.516,-1.336,-1.132,0.0865,1.54,2.664,0.5437,0.7747,0.0005973,96.274,3.746,4.227,0.0003348,2.964e-05,
C:\Users\sblee\Downloads\Aesthetics-Toolbox-main\split_1\1400c45a_59ba_4e0a_a43a_648fdeaf87d3.jpg,1024,1.0,29.682,7.752,13.033,117.481,6.096,109.988,93.02,74.355,39.642,6.049,12.209,0.03804,0.4447,0.457,79.614,74.235,76.063,29.682,8.954,22.865,0.3098,0.3373,0.3077,47.868,5.859,0.0293,0.0,10.776,0.4694,0.3884,0.3752,-2.609,-1.389,-1.011,0.1126,1.446,2.523,0.5609,0.7421,0.0006833,93.62,4.466,4.429,0.0002117,3.777e-05,
C:\Users\sblee\Downloads\Aesthetics-Toolbox-main\split_1\14079d49_ca61_4ce6_b40d_5f696d5067ad.jpg,1024,1.0,37.76,7.298,44.507,519.018,6.931,142.837,150.389,130.866,59.994,-0.694,6.768,0.4013,0.4932,0.6779,104.089,100.255,87.842,37.76,18.763,39.661,0.2602,0.3602,0.3424,21.952,0.0,0.0,0.0,3.468,0.7161,0.7373,0.7042,-1.735,-0.9743,-0.6721,0.1967,1.76,3.002,0.8361,0.9073,0.0006989,99.018,1.717,2.62,0.000111,5.914e-06,
C:\Users\sblee\Downloads\Aesthetics-Toolbox-main\split_1\1417965a_04ac_48c5_bd25_7f39183f45c7.jpg,1024,1.0,27.265,7.59,18.386,182.492,6.944,113.237,88.318,101.894,41.73,17.437,-3.359,0.7063,0.6251,0.5887,96.364,71.396,47.229,27.265,22.661,35.921,0.2504,0.2353,0.2741,54.344,1.747,0.003906,-0.007812,3.312,0.4579,0.4173,0.4187,-2.769,-1.514,-1.159,0.132,1.496,2.61,0.6549,0.7871,0.0008001,97.015,3.392,3.992,0.0002102,2.915e-05,
C:\Users\sblee\Downloads\Aesthetics-Toolbox-main\split_1\141daa17_4ead_44b2_b74a_a7465d6a3611.jpg,1280,0.6667,14.458,7.524,0.9982,26.692,4.489,115.524,107.975,86.318,45.299,-0.8063,13.077,0.1212,0.2539,0.453,36.435,35.329,28.047,14.458,1.037,3.938,0.0114,0.03075,0.1429,30.85,0.3906,-0.001953,0.0,11.704,0.5694,0.6115,0.5435,-3.044,-1.505,-1.451,0.176,0.8369,2.032,0.508,0.7034,0.001474,97.402,3.79,2.972,0.0004247,1.775e-05,
C:\Users\sblee\Downloads\Aesthetics-Toolbox-main\split_1\1420fb27_9be5_4b20_b115_812cf54bcb39.jpg,1024,1.0,17.179,7.338,15.913,150.391,7.191,160.381,126.3,128.364,60.938,10.174,8.833,0.07282,0.5663,0.74,41.397,83.347,35.374,17.179,46.116,34.146,0.2637,0.2759,0.1378,18.762,0.5524,-0.001953,-0.001953,1.53,0.6272,0.6256,0.6188,-2.612,-1.325,-1.183,0.03317,1.633,2.656,0.8862,0.8842,0.0002718,99.689,4.558,4.564,9.973e-05,6.286e-06,
C:\Users\sblee\Downloads\Aesthetics-Toolbox-main\split_1\142c4100_c3dc_4798_82e3_33d84ed262c7.jpg,1024,1.0,26.897,7.201,23.667,189.166,1.59,74.309,73.242,73.984,30.131,0.5528,-0.2656,0.9392,0.09901,0.2921,64.986,65.152,65.134,26.897,0.5273,0.4285,0.08176,0.2354,0.2551,37.424,8.778,-0.01562,-0.04102,5.289,0.6052,0.5959,0.5648,-2.301,-1.071,-1.107,0.007016,1.723,2.745,0.8447,0.8856,0.0002338,98.25,4.407,4.511,0.0001617,1.148e-05,
C:\Users\sblee\Downloads\Aesthetics-Toolbox-main\split_1\14337156_1c08_49c3_b455_136a7586e841.jpg,1216,0.7273,30.171,7.59,13.334,140.767,7.09,141.088,141.97,115.253,57.817,-2.032,14.263,0.1244,0.4533,0.6292,84.146,79.447,63.431,30.171,18.982,19.113,0.1992,0.2771,0.2991,18.925,4.612,0.003906,-0.02273,14.133,0.55,0.4933,0.4735,-2.548,-1.295,-1.256,0.00328,1.468,2.502,0.767,0.8327,0.0002932,91.701,4.562,4.497,0.0001243,1.737e-05,
C:\Users\sblee\Downloads\Aesthetics-Toolbox-main\split_1\143f5632_54d1_422c_9318_bde0fe811af8.jpg,1280,1.5,23.831,7.796,5.705,64.657,5.421,126.037,100.261,97.618,43.924,10.271,5.64,0.9879,0.2828,0.5013,64.309,58.397,58.277,23.831,6.076,8.685,0.103,0.1543,0.257,46.167,10.043,-0.01172,0.04883,22.302,0.3742,0.3942,0.3269,-2.651,-1.3,-1.309,0.003121,1.314,2.459,0.6682,0.8102,0.0003509,87.558,4.385,4.409,0.0001787,1.714e-05,
C:\Users\sblee\Downloads\Aesthetics-Toolbox-main\split_1\144031b6_8347_4413_ad42_e5e4ffe4d5ca.jpg,1024,1.0,20.554,6.589,8.943,99.303,6.564,109.825,108.304,151.425,47.908,14.796,-23.1097,0.6743,0.4912,0.6584,57.177,60.574,37.815,20.554,20.057,27.291,0.1614,0.1518,0.1507,59.828,2.734,0.0,-0.01367,3.682,0.5209,0.4371,0.4418,-2.869,-1.444,-1.323,0.04641,1.295,2.385,0.6235,0.8158,0.0004504,96.663,4.159,4.378,0.0002489,1.995e-05,
C:\Users\sblee\Downloads\Aesthetics-Toolbox-main\split_1\14459339_9efc_42ae_b20c_01a79ceb9cde.jpg,1024,1.0,9.829,6.629,3.147,40.919,5.961,115.762,109.025,87.924,48.943,3.192,15.771,0.3078,0.603,0.6251,55.419,40.228,51.769,9.829,31.5,32.922,0.2636,0.1679,0.1367,53.648,2.471,0.003906,-0.01172,2.454,0.6686,0.292,0.2863,-3.533,-1.689,-1.673,0.01453,1.245,2.367,0.6367,0.6335,0.0006023,92.133,4.162,4.288,0.0005538,2.215e-05,
C:\Users\sblee\Downloads\Aesthetics-Toolbox-main\split_1\14476782_b1d6_4a2f_957d_37da737e90ee.jpg,1024,1.0,32.263,6.35,6.682,98.299,5.246,153.001,127.058,101.442,53.926,7.468,18.584,0.09785,0.4422,0.6095,75.803,87.219,73.826,32.263,14.833,11.184,0.1034,0.2872,0.2999,26.601,12.506,-0.06055,-0.01562,9.874,0.3142,0.3968,0.2678,-3.061,-1.602,-1.303,0.09717,1.149,2.324,0.5708,0.6598,0.001188,95.24,3.42,3.883,0.0005666,4.431e-05,
C:\Users\sblee\Downloads\Aesthetics-Toolbox-main\split_1\14483aba_5898_4727_87f5_77f6f0272c58.jpg,1408,1.75,26.293,7.613,7.063,75.794,6.848,91.491,82.75,77.089,34.996,3.516,5.287,0.08365,0.2916,0.3819,61.843,68.199,61.037,26.293,12.877,10.584,0.2685,0.2503,0.2485,51.824,19.431,0.01674,0.0957,29.511,0.4314,0.3132,0.2788,-2.55,-1.132,-1.223,0.003719,1.393,2.461,0.5562,0.7518,0.0006185,88.659,4.158,4.381,0.000195,2.611e-05,
C:\Users\sblee\Downloads\Aesthetics-Toolbox-main\split_1\144c47ec_db15_4ffc_a96e_cb4456bfe78b.jpg,1216,0.7273,21.607,7.667,4.94,58.474,6.224,142.356,94.298,96.964,44.634,20.636,6.534,0.9541,0.4059,0.5609,64.214,51.404,49.0,21.607,9.741,17.417,0.08769,0.1554,0.2501,31.82,10.789,-0.05273,0.01136,14.975,0.3839,0.3921,0.3125,-2.745,-1.341,-1.328,0.004592,1.28,2.413,0.5602,0.729,0.000488,95.014,4.167,4.295,0.0003048,2.603e-05,
C:\Users\sblee\Downloads\Aesthetics-Toolbox-main\split_1\145cff3c_2d66_4c93_9d1d_d45504b71a6e.jpg,1280,1.5,28.34,7.756,6.005,52.109,6.496,103.202,99.187,86.905,40.447,-0.0305,6.633,0.03663,0.2289,0.4202,72.219,70.288,52.221,28.34,4.312,13.0,0.2851,0.1278,0.2802,40.195,27.518,0.1146,0.07617,23.71,0.3481,0.3322,0.2839,-2.394,-1.119,-1.051,0.01935,1.378,2.476,0.5143,0.7071,0.0005241,89.043,3.884,4.031,0.0001824,3.461e-05,
C:\Users\sblee\Downloads\Aesthetics-Toolbox-main\split_1\14607dbc_fb95_41d7_bc0e_b52540f6604e.jpg,1280,1.5,27.326,7.681,12.031,153.222,5.494,97.468,76.9,41.739,32.635,4.365,22.051,0.08255,0.6177,0.383,72.069,67.383,46.858,27.326,5.06,17.097,0.07516,0.2089,0.2822,53.499,15.414,-0.01172,0.07617,22.952,0.5646,0.5369,0.495,-2.759,-1.33,-1.39,0.006043,1.456,2.533,0.7426,0.8209,0.0005743,91.83,3.282,3.974,0.0001566,1.579e-05,
C:\Users\sblee\Downloads\Aesthetics-Toolbox-main\split_1\1467a8a3_42c8_47f0_9ca5_772d82a85f6f.jpg,1024,1.0,13.013,6.213,7.604,47.716,4.202,105.937,118.212,141.678,49.525,1.694,-13.8689,0.5943,0.2615,0.5556,38.412,33.14,39.952,13.013,13.535,18.365,0.03422,0.1877,0.1567,34.563,3.516,0.0,0.01758,5.67,0.4563,0.3585,0.3433,-2.219,-1.028,-0.952,0.03574,1.508,2.597,0.534,0.7571,0.0007409,96.114,4.214,4.351,0.0004306,3.028e-05,
C:\Users\sblee\Downloads\Aesthetics-Toolbox-main\split_1\1467d55f_7c92_46ae_a524_41dbc63e344b.jpg,1280,1.5,25.623,7.551,25.19,142.555,6.844,128.842,101.584,127.601,47.931,21.17,-6.793,0.873,0.5773,0.6525,83.037,72.536,71.399,25.623,18.95,27.908,0.2172,0.2896,0.2379,68.383,2.565,0.005208,0.01172,14.082,0.6149,0.4764,0.4721,-2.223,-0.9756,-0.8863,0.02296,1.752,2.783,0.7049,0.8338,0.0003633,96.355,4.102,4.177,0.0001552,2.097e-05,
C:\Users\sblee\Downloads\Aesthetics-Toolbox-main\split_1\1469acd7_bff4_4ea6_9b9c_3fb7bc91b8a1.jpg,1216,1.375,17.599,7.416,3.793,38.635,4.621,117.94,76.713,58.71,36.216,15.535,17.681,0.04376,0.54,0.4651,50.574,41.694,37.911,17.599,5.031,11.614,0.04951,0.118,0.2003,55.888,15.886,0.06108,0.05078,19.285,0.4152,0.3567,0.3584,-2.728,-1.338,-1.297,0.008482,1.282,2.392,0.6056,0.737,0.0006254,86.245,4.346,4.377,0.0003032,2.027e-05,
C:\Users\sblee\Downloads\Aesthetics-Toolbox-main\split_1\14756a47_8ffb_43c7_aa67_1681764093e6.jpg,1024,1.0,13.86,7.188,0.9455,19.67,5.389,114.707,83.847,94.901,38.875,14.607,-1.376,0.9246,0.2578,0.4499,43.574,31.747,29.61,13.86,7.688,4.835,0.05375,0.09292,0.1708,53.557,11.777,-0.005859,0.05859,9.379,0.6169,0.4891,0.4467,-3.042,-1.575,-1.457,0.001922,0.8026,2.016,0.5534,0.7583,0.001202,84.753,3.273,2.229,0.0005631,5.081e-06,
C:\Users\sblee\Downloads\Aesthetics-Toolbox-main\split_1\148394f0_ec78_4209_9e77_0f2184c1cd22.jpg,1024,1.0,26.855,7.734,7.479,118.352,5.78,107.227,114.04,76.701,45.701,-6.017,17.04,0.2942,0.5238,0.4838,69.449,69.975,66.987,26.855,7.377,29.985,0.2623,0.2933,0.2734,51.009,13.218,-0.03711,0.05469,9.743,0.3255,0.3477,0.3164,-3.411,-1.855,-1.547,0.06345,1.255,2.422,0.4815,0.711,0.0007621,93.607,4.357,4.319,0.00026,3.098e-05,
C:\Users\sblee\Downloads\Aesthetics-Toolbox-main\split_1\148441e1_7ce0_4bdc_a282_6393572356a0.jpg,1408,1.75,28.32,7.804,4.53,86.014,4.405,93.527,98.261,83.862,39.297,-4.497,7.376,0.2085,0.2332,0.3857,66.276,70.421,66.433,28.32,2.65,3.126,0.06327,0.177,0.2759,42.079,8.879,-0.01116,0.04297,18.021,0.4373,0.4084,0.3676,-3.026,-1.676,-1.425,0.00538,1.163,2.271,0.6939,0.7402,0.0005531,95.775,3.97,4.195,0.0002673,2.084e-05,
C:\Users\sblee\Downloads\Aesthetics-Toolbox-main\split_1\148a6e97_7184_44cd_9586_ac7db291c947.jpg,1024,1.0,26.24,7.804,11.706,130.218,7.137,93.855,86.755,58.803,37.957,7.959,14.554,0.04932,0.786,0.5166,84.571,66.835,63.944,26.24,16.95,42.696,0.2752,0.2055,0.2921,47.337,9.536,0.02734,0.03906,7.24,0.373,0.3681,0.3601,-2.857,-1.402,-1.366,0.02038,1.412,2.517,0.6326,0.7774,0.000585,98.319,4.562,4.45,0.000203,2.473e-05,
C:\Users\sblee\Downloads\Aesthetics-Toolbox-main\split_1\148c4c57_43a1_4cb2_b2bd_bb26ad4b322d.jpg,896,0.75,22.328,7.469,14.692,103.562,7.136,77.534,62.502,59.855,27.35,6.719,4.172,0.9851,0.4216,0.326,50.812,57.024,43.972,22.328,13.184,10.921,0.1706,0.2073,0.2176,59.87,26.616,-0.09635,0.0918,18.035,0.4177,0.4129,0.3867,-2.005,-1.052,-1.017,0.03543,1.555,2.701,0.6561,0.8179,0.0004794,86.685,4.246,4.426,0.0001576,2.083e-05,
C:\Users\sblee\Downloads\Aesthetics-Toolbox-main\split_1\148f930f_c66d_4dda_825d_fe12e1c01a85.jpg,1024,1.0,19.082,7.559,1.173,23.928,3.995,130.363,61.236,64.695,35.813,28.368,14.237,0.9873,0.5281,0.5112,55.901,51.296,49.682,19.082,18.072,12.948,0.02522,0.2593,0.2192,63.795,13.543,-0.03711,-0.05664,16.909,0.4861,0.4881,0.398,-3.071,-1.695,-1.473,0.002031,0.7828,2.026,0.5868,0.7378,0.0009906,80.83,3.815,2.414,0.0008787,4.519e-06,
C:\Users\sblee\Downloads\Aesthetics-Toolbox-main\split_1\1491000b_a544_4678_9404_e0b256e59417.jpg,1216,1.375,25.606,7.827,6.531,115.922,4.709,122.77,92.595,74.821,40.859,9.952,15.104,0.06122,0.4596,0.4823,69.154,63.175,58.478,25.606,7.34,8.121,0.04904,0.1975,0.2714,43.818,8.075,-0.02557,-0.03125,11.272,0.3553,0.3714,0.314,-3.15,-1.719,-1.408,0.01484,1.256,2.375,0.5631,0.7393,0.0007391,97.176,4.489,4.447,0.0003093,2.393e-05,
C:\Users\sblee\Downloads\Aesthetics-Toolbox-main\split_1\1491f12a_d7ec_49fa_a687_937720d1e54a.png,1792,1.333,29.618,7.54,24.843,217.613,6.925,108.014,83.968,80.058,37.109,9.75,6.281,0.9388,0.4808,0.4513,85.806,71.739,59.617,29.618,12.164,14.04,0.2076,0.2536,0.3224,38.233,2.818,0.01074,0.009115,10.885,0.613,0.6153,0.5941,-2.196,-1.186,-1.062,0.002041,1.726,2.737,0.8018,0.8734,0.0002357,98.854,4.524,4.543,0.0001036,8.329e-06,
C:\Users\sblee\Downloads\Aesthetics-Toolbox-main\split_1\149663df_078a_4c7c_b5b6_7f71871fe7a0.png,1024,1.0,20.382,7.151,9.891,95.863,5.152,123.806,108.075,63.076,45.58,0.9208,26.313,0.09891,0.5292,0.4888,50.463,50.927,59.562,20.382,3.96,19.466,0.1024,0.2663,0.2025,73.858,3.494,-0.01562,0.007812,4.723,0.3187,0.3754,0.3689,-2.629,-1.256,-1.23,0.02045,1.465,2.58,0.4679,0.769,0.0005661,88.51,4.534,4.485,0.0004876,2.885e-05,
C:\Users\sblee\Downloads\Aesthetics-Toolbox-main\split_1\1496b2c3_b835_48ec_a974_308d7854778a.png,1024,1.0,29.702,7.402,15.602,163.049,6.58,135.196,129.662,124.591,53.361,1.976,3.998,0.04978,0.2953,0.5722,72.983,74.539,81.389,29.702,5.534,14.171,0.2968,0.264,0.3106,21.306,16.28,0.04102,-0.07031,11.755,0.3734,0.3274,0.4076,-2.663,-1.378,-1.158,0.0915,1.6,2.705,0.5457,0.8487,0.0005051,94.176,3.996,4.359,0.000382,1.777e-05,
C:\Users\sblee\Downloads\Aesthetics-Toolbox-main\split_1\14a838d2_878e_4b13_850f_561b3f20d0ef.png,1024,1.0,25.24,7.791,6.994,80.896,6.291,121.893,77.618,69.897,37.159,18.864,11.537,0.9993,0.6017,0.4842,64.856,64.644,59.254,25.24,10.308,23.618,0.09403,0.2477,0.2542,50.935,10.726,0.05273,-0.009766,9.914,0.4441,0.3539,0.3454,-3.149,-1.455,-1.539,0.005638,1.31,2.391,0.7095,0.7401,0.0004672,92.068,4.522,4.349,0.0001885,1.927e-05,
C:\Users\sblee\Downloads\Aesthetics-Toolbox-main\split_1\14a893c4_3df1_453b_9986_09f5980e58ef.jpg,1216,0.7273,23.923,7.807,14.518,108.43,5.832,101.459,95.824,81.515,39.682,0.001807,8.807,0.148,0.2467,0.4036,60.273,58.615,54.763,23.923,4.617,9.023,0.112,0.2185,0.2357,34.169,6.942,0.01172,0.03267,12.659,0.4953,0.4259,0.4153,-2.212,-1.011,-1.038,0.01176,1.577,2.621,0.611,0.8183,0.0002856,97.15,4.352,4.445,0.0001326,1.727e-05,
C:\Users\sblee\Downloads\Aesthetics-Toolbox-main\split_1\14b04b4b_b61d_46a0_b071_70d7b3335e4e.jpg,1024,1.0,26.215,7.779,6.433,117.241,6.284,125.082,133.92,98.025,53.577,-6.905,14.602,0.4231,0.374,0.54,69.306,66.821,74.398,26.215,5.711,28.667,0.1811,0.3537,0.2655,36.766,11.389,0.0293,-0.04883,6.537,0.364,0.3601,0.3405,-3.597,-1.98,-1.743,0.01951,1.195,2.325,0.5714,0.7578,0.0008988,97.305,4.193,4.363,0.0003066,3.022e-05,
C:\Users\sblee\Downloads\Aesthetics-Toolbox-main\split_1\14caaa6f_5f1e_4dad_add4_574c01b24639.jpg,1024,1.0,24.25,7.783,18.718,231.933,1.646,105.53,105.717,106.251,43.489,0.05254,-0.3353,0.9156,0.01128,0.4171,60.023,60.301,60.129,24.25,0.4208,0.5908,0.2092,0.0212,0.2361,44.083,4.454,-0.02148,-0.005859,5.524,0.6254,0.6299,0.6197,-2.933,-1.592,-1.34,0.04272,1.618,2.636,0.8615,0.8924,0.0002919,98.66,4.444,4.513,0.0001632,5.358e-06,
C:\Users\sblee\Downloads\Aesthetics-Toolbox-main\split_1\14cbaea3_c60f_4df0_88e3_837499790e78.jpg,1024,1.0,30.551,7.275,16.727,126.061,5.42,102.634,148.731,117.365,56.036,-21.156,11.351,0.3722,0.4646,0.5834,59.181,79.234,76.945,30.551,8.979,10.083,0.08097,0.2499,0.3105,14.409,6.652,0.001953,-0.0332,8.803,0.6191,0.424,0.4047,-2.094,-1.131,-0.9093,0.06214,1.604,2.756,0.4607,0.7375,0.0005135,90.665,4.44,4.26,0.0003479,2.392e-05,
C:\Users\sblee\Downloads\Aesthetics-Toolbox-main\split_1\14d08d71_c6f4_4660_908e_5f1dfa676f3c.png,1216,0.7273,21.18,7.618,4.935,83.565,5.072,135.551,74.928,143.746,41.325,35.953,-26.7341,0.8119,0.5308,0.5738,61.268,53.348,56.795,21.18,13.762,10.619,0.03585,0.1966,0.2261,52.127,7.749,-0.01172,0.03693,9.141,0.657,0.5063,0.494,-3.082,-1.57,-1.461,0.005953,1.232,2.333,0.6677,0.7376,0.000783,96.591,4.28,4.227,0.0002674,1.728e-05,
C:\Users\sblee\Downloads\Aesthetics-Toolbox-main\split_1\14d53461_dd8d_48e5_a8cd_0326de517096.jpg,1024,1.0,31.051,7.721,25.991,144.94,2.865,125.263,124.914,126.108,50.824,0.4104,-0.5909,0.8893,0.05143,0.4967,78.02,78.584,78.516,31.051,0.7995,1.851,0.1701,0.1553,0.3076,32.151,8.984,0.0,-0.04492,7.249,0.7039,0.4703,0.4725,-2.312,-1.092,-0.8487,0.08744,1.738,2.707,0.6259,0.778,0.0006186,97.506,4.534,4.352,0.0001904,1.791e-05,
C:\Users\sblee\Downloads\Aesthetics-Toolbox-main\split_1\14ea68a8_6a31_4c5b_bf78_28146fdf145c.png,1216,1.375,26.26,7.74,9.851,106.95,5.967,130.909,149.25,150.122,59.268,-6.041,-2.814,0.5062,0.163,0.6006,63.38,69.103,64.725,26.26,3.86,4.154,0.07751,0.06863,0.2638,23.618,7.102,-0.03551,0.0,13.816,0.4693,0.4515,0.4221,-2.637,-1.35,-1.29,0.001743,1.414,2.582,0.7498,0.8466,0.0002909,97.568,4.535,4.513,0.0002036,1.046e-05,
C:\Users\sblee\Downloads\Aesthetics-Toolbox-main\split_1\14fcec46_cdae_44c5_8cbe_a435dccb375d.png,1024,1.0,27.835,7.685,9.751,80.878,6.751,104.197,89.155,75.609,37.668,4.898,10.102,0.02965,0.4081,0.4206,65.57,70.346,66.255,27.835,7.205,15.936,0.1809,0.2342,0.2729,50.969,19.366,-0.07227,0.06445,16.342,0.3756,0.3866,0.3251,-2.78,-1.227,-1.397,0.007903,1.556,2.55,0.7111,0.7801,0.0003059,92.839,4.339,4.396,0.0001781,2.096e-05,
C:\Users\sblee\Downloads\Aesthetics-Toolbox-main\split_1\14fdd2d8_bfce_463e_9d49_5e0fc8595e2e.jpg,1472,0.5333,24.568,7.663,6.14,68.347,6.263,79.365,91.868,77.994,36.417,-6.978,6.643,0.301,0.2711,0.3734,50.024,63.751,58.029,24.568,9.088,4.27,0.1305,0.1548,0.2416,54.983,6.99,0.01758,0.03021,18.497,0.5197,0.4572,0.4322,-2.781,-1.36,-1.297,0.01263,1.248,2.399,0.7686,0.7785,0.0002814,95.986,4.503,4.422,0.0001427,1.745e-05,
C:\Users\sblee\Downloads\Aesthetics-Toolbox-main\split_1\15028090_7b72_4706_8aa4_d13ec6cb4556.png,1024,1.0,31.377,7.896,13.762,197.029,7.306,121.517,125.683,115.618,50.801,-0.7566,4.311,0.5591,0.3778,0.5666,74.548,82.411,80.806,31.377,12.486,25.334,0.3282,0.2485,0.3158,30.038,4.454,-0.01758,-0.01367,6.223,0.5957,0.417,0.4071,-3.388,-1.704,-1.564,0.01811,1.432,2.518,0.6486,0.7865,0.0003891,99.05,4.561,4.494,0.0001767,1.679e-05,
C:\Users\sblee\Downloads\Aesthetics-Toolbox-main\split_1\15051277_b431_4478_bb15_95414ac4a896.jpg,1024,1.0,29.13,7.672,6.978,77.273,5.468,97.238,81.821,7.971,34.556,0.4047,36.995,0.1045,0.9281,0.4276,60.601,79.987,12.496,29.13,24.158,27.33,0.07598,0.09716,0.2879,39.097,23.258,-0.01562,0.1152,18.245,0.4924,0.3346,0.3238,-2.797,-1.392,-1.311,0.03182,1.346,2.479,0.5558,0.7338,0.0005261,91.928,4.326,4.433,0.0002459,2.102e-05,
C:\Users\sblee\Downloads\Aesthetics-Toolbox-main\split_1\150f92ea_09c4_4344_b50e_0b013ea43ff0.jpg,1024,1.0,20.794,7.597,5.43,48.789,6.787,109.809,83.754,85.788,38.37,12.886,3.599,0.9311,0.4692,0.4873,63.292,50.089,47.005,20.794,11.851,20.39,0.1892,0.2231,0.2344,25.542,17.578,0.05273,0.07031,12.613,0.4617,0.335,0.2948,-2.623,-1.247,-1.28,0.01402,1.404,2.473,0.6314,0.7049,0.0002998,95.781,4.295,4.442,0.0002014,2.264e-05,
C:\Users\sblee\Downloads\Aesthetics-Toolbox-main\split_1\1513528b_fbb3_4532_8c85_35748cb72e2d.jpg,1664,1.0,19.049,7.33,8.378,99.488,5.378,90.451,71.804,51.171,31.216,5.379,15.317,0.08514,0.4888,0.3554,43.292,48.287,37.491,19.049,6.399,6.567,0.04587,0.1739,0.1712,52.194,14.312,0.03486,0.0625,13.03,0.4959,0.3479,0.3279,-2.479,-1.481,-1.088,0.01139,1.456,2.598,0.5773,0.7867,0.0007178,91.335,3.599,4.049,0.0001721,1.98e-05,
C:\Users\sblee\Downloads\Aesthetics-Toolbox-main\split_1\1514f94b_371e_4ed6_8e12_e5d1a173769b.jpg,1536,1.0,27.834,7.834,6.931,143.109,6.516,130.733,105.48,159.142,48.012,22.789,-24.9971,0.7734,0.4361,0.6491,78.575,69.781,70.777,27.834,10.135,18.567,0.1195,0.1929,0.2891,27.664,6.88,0.02995,-0.01693,7.497,0.4584,0.4241,0.3994,-2.948,-1.604,-1.451,0.0032,1.195,2.409,0.5603,0.7639,0.0006469,96.624,4.41,4.373,0.0002238,2.017e-05,
C:\Users\sblee\Downloads\Aesthetics-Toolbox-main\split_1\151be6a3_a33b_43fb_ba07_1ac2868fc913.jpg,1024,1.0,19.74,7.461,5.801,60.144,5.224,105.059,89.763,74.951,38.438,3.747,10.526,0.08789,0.2582,0.4122,56.92,47.723,35.994,19.74,4.828,7.746,0.05179,0.1128,0.223,64.274,7.514,0.01758,0.0332,9.332,0.5205,0.289,0.2862,-2.686,-1.356,-1.202,0.02861,1.376,2.447,0.5056,0.8004,0.000631,84.651,4.098,4.309,0.0002106,2.262e-05,
C:\Users\sblee\Downloads\Aesthetics-Toolbox-main\split_1\152bda05_519e_469e_a63a_86fbe06171ca.jpg,1024,1.0,32.917,7.505,7.319,88.88,4.941,110.555,102.012,76.746,41.618,-0.4547,14.77,0.108,0.4211,0.4363,84.668,82.094,69.964,32.917,2.934,11.629,0.1342,0.2848,0.3303,34.011,15.829,-0.07617,0.02148,11.111,0.4244,0.4031,0.3765,-3.245,-1.581,-1.503,0.02572,1.203,2.377,0.6975,0.7682,0.000444,93.531,4.504,4.366,0.0001784,2.533e-05,
C:\Users\sblee\Downloads\Aesthetics-Toolbox-main\split_1\152d9eb9_d134_4d64_8742_20e5d9a7bfd3.jpg,1024,1.0,17.086,7.413,7.104,57.203,4.829,104.241,128.803,137.281,51.754,-6.542,-7.551,0.5465,0.2521,0.5387,35.097,43.873,42.326,17.086,3.957,2.751,0.03467,0.08607,0.1661,14.115,10.276,0.007812,-0.05078,6.315,0.4605,0.3114,0.2537,-2.353,-1.132,-1.039,0.04132,1.592,2.586,0.4402,0.7807,0.0004448,90.14,4.095,4.207,0.0003829,1.825e-05,
C:\Users\sblee\Downloads\Aesthetics-Toolbox-main\split_1\153b9db8_864a_44bd_9338_745f9e8a64c0.jpg,1024,1.0,26.053,7.862,20.864,143.516,5.908,112.244,101.373,114.372,43.043,7.174,-5.85,0.8068,0.2237,0.4634,64.607,64.503,61.507,26.053,3.385,4.929,0.09831,0.1955,0.244,36.824,7.128,-0.005859,-0.03516,10.969,0.7659,0.4492,0.4454,-2.197,-1.037,-1.011,0.01997,1.698,2.683,0.6669,0.8122,0.0004747,97.281,4.508,4.476,0.000163,1.566e-05,
C:\Users\sblee\Downloads\Aesthetics-Toolbox-main\split_1\1551b052_0f48_484e_ac05_f28c251fe5d3.jpg,1216,0.7273,21.585,7.57,7.13,97.807,6.448,129.824,106.328,91.491,47.938,10.736,13.439,0.03053,0.5737,0.5915,74.083,56.09,70.889,21.585,20.144,25.367,0.2119,0.3245,0.2429,26.695,7.955,0.0,0.03977,8.85,0.4346,0.4112,0.3918,-2.86,-1.542,-1.315,0.006752,1.483,2.447,0.6663,0.7689,0.0005702,98.394,4.505,4.435,0.0002845,3.219e-05,
C:\Users\sblee\Downloads\Aesthetics-Toolbox-main\split_1\15571837_1497_4456_9b2a_f43cb7fe6ccb.jpg,1024,1.0,26.8,7.507,4.027,71.789,6.315,163.409,122.994,135.719,54.891,18.277,-0.9316,0.9335,0.3116,0.6487,71.141,70.188,58.385,26.8,9.614,8.343,0.1074,0.1471,0.2715,27.64,12.065,-0.05273,0.0293,11.845,0.4625,0.4175,0.3424,-3.381,-1.66,-1.563,0.0114,1.123,2.248,0.5798,0.6624,0.001031,96.325,3.624,3.679,0.0003777,2.722e-05,
C:\Users\sblee\Downloads\Aesthetics-Toolbox-main\split_1\1560cac7_2f39_4851_baf8_c1b8f19b235a.jpg,1408,1.0,19.034,7.385,10.104,92.293,6.78,94.665,111.564,122.458,45.597,-2.386,-8.313,0.5781,0.2853,0.4954,48.7,50.464,39.368,19.034,6.953,10.021,0.1583,0.1771,0.1745,51.908,13.252,-0.05682,-0.03409,10.315,0.4829,0.5283,0.4626,-2.362,-1.166,-1.116,0.002723,1.548,2.624,0.6757,0.8279,0.0003507,91.066,4.329,4.495,0.0001315,1.583e-05,
C:\Users\sblee\Downloads\Aesthetics-Toolbox-main\split_1\1568b28c_80da_4778_88f9_311c2232284a.jpg,1024,1.0,26.025,7.841,9.213,81.068,6.855,121.998,121.473,138.028,52.209,9.714,-7.039,0.7825,0.5204,0.6747,76.673,69.244,85.461,26.025,19.815,39.531,0.3657,0.2775,0.2936,20.606,16.299,-0.05859,0.05664,14.381,0.3496,0.2908,0.2823,-2.546,-1.153,-1.236,0.007893,1.309,2.579,0.4748,0.7283,0.0005405,91.466,4.147,4.284,0.0002846,3.435e-05,
C:\Users\sblee\Downloads\Aesthetics-Toolbox-main\split_1\1578aa54_9c76_4a43_bb29_179b28b66d9e.jpg,1792,2.5,19.286,7.595,9.358,75.958,4.492,101.449,95.48,58.596,39.442,-3.093,21.064,0.1467,0.4386,0.4005,48.838,47.197,35.966,19.286,3.077,12.915,0.02624,0.1979,0.1935,29.255,14.577,0.0375,0.0625,28.81,0.5314,0.504,0.4359,-2.361,-1.129,-1.122,0.004332,1.492,2.638,0.7056,0.8166,0.0001875,92.608,4.393,4.467,0.0001195,1.293e-05,
C:\Users\sblee\Downloads\Aesthetics-Toolbox-main\split_1\1579c0da_c0b4_412e_b703_42c789dee2d9.jpg,1024,1.0,20.609,7.673,5.394,67.747,5.14,136.531,134.02,146.839,55.783,3.776,-6.739,0.723,0.1317,0.5832,53.453,52.39,47.997,20.609,1.55,5.365,0.1136,0.08682,0.1993,20.245,10.944,-0.05469,-0.001953,8.072,0.407,0.4226,0.3528,-3.059,-1.58,-1.307,0.05008,1.369,2.404,0.525,0.7218,0.0008579,93.022,4.448,4.375,0.0003745,1.955e-05,
C:\Users\sblee\Downloads\Aesthetics-Toolbox-main\split_1\1583eeef_4445_4d51_aa67_0b5774578187.jpg,1536,1.0,19.51,7.521,4.998,81.06,6.539,127.321,127.702,148.893,54.639,8.513,-9.844,0.713,0.4343,0.6755,71.991,50.801,51.436,19.51,13.75,19.231,0.2177,0.2364,0.2068,24.907,4.334,-0.01823,0.01172,4.78,0.4728,0.2987,0.2922,-2.784,-1.336,-1.263,0.01163,1.211,2.414,0.5278,0.6952,0.0006969,98.337,3.81,4.022,0.0003331,3.226e-05,
C:\Users\sblee\Downloads\Aesthetics-Toolbox-main\split_1\158616fd_e372_4e70_8f86_5c8e253a042f.jpg,1024,1.0,30.032,7.029,13.495,131.318,5.91,103.659,82.3,129.831,40.976,27.015,-22.5837,0.7292,0.754,0.661,88.931,87.448,45.266,30.032,24.539,47.067,0.2024,0.2355,0.2265,42.803,5.859,0.0,-0.0293,5.772,0.5945,0.465,0.4717,-2.668,-1.225,-1.275,0.01064,1.406,2.482,0.8001,0.833,0.0003916,98.775,4.453,4.48,0.0001404,1.846e-05,
C:\Users\sblee\Downloads\Aesthetics-Toolbox-main\split_1\158b8e27_253b_4723_bf50_cb82d3e47c4b.jpg,1024,1.0,22.592,7.778,6.93,57.172,5.994,125.166,107.631,134.562,47.005,12.388,-12.4876,0.7659,0.2607,0.5401,62.675,53.889,53.003,22.592,5.495,4.631,0.08886,0.1058,0.2209,31.535,3.537,-0.01758,-0.001953,11.786,0.6098,0.6286,0.6817,-2.511,-1.258,-1.079,0.04516,1.424,2.486,0.8147,0.8492,0.000167,95.548,4.527,4.483,0.0001176,7.107e-06,
C:\Users\sblee\Downloads\Aesthetics-Toolbox-main\split_1\1593a03a_c7b7_46d8_9b8e_04ede690c05e.jpg,1664,1.0,16.049,7.545,1.441,46.664,6.777,99.817,77.643,65.023,35.024,8.376,11.193,0.05499,0.4411,0.4183,53.14,38.257,23.705,16.049,12.503,14.801,0.1944,0.2101,0.1798,41.635,5.576,0.003606,0.02764,4.602,0.3837,0.4817,0.3542,-3.362,-1.563,-1.476,0.02227,0.8283,2.04,0.7418,0.7927,0.0006828,95.729,3.785,3.478,0.0004609,1.115e-05,
C:\Users\sblee\Downloads\Aesthetics-Toolbox-main\split_1\159775f7_6f13_42a6_ab0b_0939a529c35b.jpg,1280,0.6667,11.253,7.053,0.6589,16.916,5.198,140.075,123.925,97.187,52.562,1.912,16.825,0.1098,0.3008,0.5499,32.798,27.188,22.398,11.253,2.404,5.523,0.02599,0.07347,0.1273,16.732,2.865,0.0,-0.01432,14.567,0.4262,0.4039,0.3018,-3.179,-1.58,-1.439,0.03194,0.9242,2.011,0.358,0.6249,0.001486,92.314,3.762,2.689,0.0006886,1.286e-05,
C:\Users\sblee\Downloads\Aesthetics-Toolbox-main\split_1\159bf161_c390_4783_b871_212577b372ca.jpg,1024,1.0,20.86,5.549,5.18,75.882,2.238,113.793,111.676,111.737,46.497,0.857,0.2341,0.9525,0.03479,0.4471,53.754,53.962,53.254,20.86,0.6724,1.273,0.09609,0.05671,0.2111,65.361,1.611,0.007812,0.001953,5.112,0.4196,0.3132,0.2844,-3.231,-1.673,-1.437,0.05158,1.188,2.34,0.5054,0.7092,0.0004951,88.113,4.446,4.438,0.000253,2.542e-05,
C:\Users\sblee\Downloads\Aesthetics-Toolbox-main\split_1\15abdd10_64a3_4c99_bffb_016fb7591d42.jpg,1024,1.0,26.705,7.885,7.477,88.427,6.774,91.845,108.877,120.63,44.135,-2.045,-7.97,0.592,0.3576,0.4953,68.511,67.215,69.15,26.705,12.943,12.771,0.1706,0.2366,0.2829,37.242,10.626,-0.04297,-0.03125,10.796,0.3971,0.4249,0.3416,-2.982,-1.371,-1.485,0.004954,1.202,2.341,0.6543,0.7808,0.0004941,93.307,4.468,4.412,0.0002525,2.519e-05,
C:\Users\sblee\Downloads\Aesthetics-Toolbox-main\split_1\15ae2ae0_d41d_4fbc_a1b1_5ad6cfb2f5c1.jpg,1024,1.0,25.468,7.397,13.239,122.936,6.354,78.327,70.444,126.398,33.511,20.01,-29.1531,0.7075,0.6381,0.519,61.035,71.001,53.554,25.468,20.542,19.368,0.1278,0.1978,0.2363,64.334,15.319,-0.07227,0.02539,10.534,0.4494,0.4645,0.4137,-2.552,-1.281,-1.143,0.04992,1.498,2.517,0.7004,0.7928,0.0005632,92.656,4.299,4.422,0.0001571,2.079e-05,
C:\Users\sblee\Downloads\Aesthetics-Toolbox-main\split_1\15c47162_47e1_4f8e_b86e_fc632d7847ba.png,1408,1.75,19.403,7.368,9.563,98.704,5.781,152.734,79.837,147.389,46.322,40.176,-22.8872,0.8508,0.6274,0.6697,47.218,60.753,61.979,19.403,26.152,38.913,0.1224,0.1604,0.213,59.004,5.688,0.007812,-0.02734,16.109,0.4927,0.5776,0.4759,-2.524,-1.264,-1.246,0.003391,1.515,2.516,0.6635,0.7949,0.000559,91.097,4.104,4.204,0.0001887,1.898e-05,
C:\Users\sblee\Downloads\Aesthetics-Toolbox-main\split_1\15c67c0b_95fe_4998_a804_07a222e6066e.png,1280,1.5,22.128,7.578,7.709,101.277,5.158,145.581,71.947,82.028,40.434,29.559,10.147,0.9733,0.5585,0.5724,71.487,54.231,49.218,22.128,17.755,9.42,0.05259,0.2358,0.2786,32.33,2.501,-0.007812,0.009766,12.719,0.3534,0.3499,0.356,-2.92,-1.347,-1.314,0.0126,1.414,2.488,0.6349,0.7677,0.0005508,97.822,4.496,4.28,0.0003287,3.006e-05,
C:\Users\sblee\Downloads\Aesthetics-Toolbox-main\split_1\15c72cf9_c6d1_4cbd_8253_ab10eb14354f.png,1152,0.8,15.956,7.308,7.879,68.455,5.304,106.645,119.231,140.146,49.366,0.6446,-13.032,0.6095,0.2535,0.5518,38.012,41.33,38.926,15.956,3.563,6.613,0.06095,0.104,0.1553,27.459,7.277,0.03516,0.009375,8.064,0.3977,0.4919,0.3382,-2.088,-0.9979,-1.023,0.005864,1.522,2.521,0.5921,0.8217,0.0005798,94.893,3.521,4.06,0.0003318,1.797e-05,
C:\Users\sblee\Downloads\Aesthetics-Toolbox-main\split_1\15c7807a_3473_4f94_9f33_1eb2da0d9a94.jpg,1024,1.0,35.23,7.625,28.139,287.466,7.064,93.895,108.676,123.246,44.783,4.652,-10.0579,0.53,0.6166,0.5829,88.981,94.691,86.385,35.23,21.513,39.02,0.2431,0.3131,0.351,36.926,16.035,-0.04492,0.06641,11.667,0.5193,0.5355,0.5106,-2.833,-1.736,-1.075,0.2486,1.641,2.794,0.674,0.8543,0.000515,97.53,4.467,4.525,0.0001103,1.475e-05,
C:\Users\sblee\Downloads\Aesthetics-Toolbox-main\split_1\15d1eb4f_b42e_46f8_9631_372dc64e02fa.jpg,1024,1.0,22.76,7.505,3.031,34.994,5.867,91.565,87.065,71.264,36.009,-0.1736,10.192,0.168,0.3334,0.3765,50.034,57.63,54.063,22.76,7.22,6.847,0.1201,0.2234,0.2087,39.132,27.803,0.1387,-0.009766,17.068,0.2682,0.3323,0.2414,-2.784,-1.305,-1.344,0.01979,1.206,2.357,0.4979,0.6912,0.0006831,85.179,3.529,3.789,0.0002537,2.766e-05,
C:\Users\sblee\Downloads\Aesthetics-Toolbox-main\split_1\15d6742e_f5f9_414c_9bcf_c67c56822045.jpg,1280,1.5,18.451,7.235,8.01,79.628,7.364,108.799,112.435,111.497,46.982,0.4674,0.3239,0.6768,0.2953,0.5128,50.115,49.522,49.515,18.451,12.065,17.135,0.2867,0.1789,0.2036,52.675,9.873,-0.03255,0.03711,17.173,0.464,0.4312,0.4264,-2.43,-1.355,-1.203,0.002146,1.453,2.51,0.6545,0.8313,0.0002386,92.458,4.556,4.542,0.0001097,1.325e-05,
C:\Users\sblee\Downloads\Aesthetics-Toolbox-main\split_1\15e7820b_09b8_4ce1_815c_47b0e6baec6d.jpg,1152,1.0,33.183,7.261,16.216,211.374,6.057,128.482,169.029,157.194,65.829,-9.485,3.661,0.2028,0.5022,0.7198,96.007,89.33,84.166,33.183,19.336,16.793,0.2488,0.31,0.3308,15.614,1.389,-0.006944,0.0,4.922,0.4321,0.3836,0.3715,-2.543,-1.446,-1.132,0.06755,1.396,2.561,0.5309,0.7217,0.0008954,97.677,4.43,4.319,0.0003256,3.229e-05,
C:\Users\sblee\Downloads\Aesthetics-Toolbox-main\split_1\15f5f635_9f81_4355_9e00_c602f92f6059.jpg,1536,1.0,22.748,7.773,7.692,110.692,6.228,111.299,131.429,156.638,54.286,1.905,-14.3181,0.624,0.447,0.6589,68.507,59.596,62.861,22.748,15.653,14.221,0.1424,0.2221,0.2455,24.492,3.425,-0.01693,-0.002604,5.28,0.572,0.4617,0.4635,-2.814,-1.234,-1.288,0.009593,1.356,2.517,0.6646,0.7755,0.0004816,98.006,3.591,4.006,0.0002257,1.928e-05,
C:\Users\sblee\Downloads\Aesthetics-Toolbox-main\split_1\15f73489_d2bd_473a_b260_50d678dc722f.jpg,1216,0.7273,29.054,7.628,13.107,129.205,7.38,95.111,88.216,58.506,37.218,3.017,15.223,0.0817,0.6167,0.4602,85.144,71.501,57.201,29.054,18.24,35.909,0.2133,0.2745,0.3332,44.341,13.659,-0.003906,0.06818,12.651,0.5511,0.439,0.425,-2.436,-1.261,-1.172,0.003042,1.407,2.561,0.6944,0.8077,0.0004512,95.612,4.421,4.402,0.0001704,2.795e-05,
C:\Users\sblee\Downloads\Aesthetics-Toolbox-main\split_1\160a4eb6_2c64_435c_b2fd_0b337cbd3ebc.jpg,1024,1.0,23.199,6.18,8.424,106.563,5.685,129.504,155.776,97.016,63.892,-16.1975,33.169,0.2567,0.5807,0.7404,35.784,89.256,57.614,23.199,39.715,4.743,0.1577,0.2542,0.1554,8.683,12.944,-0.005859,0.06445,10.409,0.5704,0.2532,0.226,-2.732,-1.476,-1.244,0.07656,1.318,2.566,0.4376,0.6777,0.0004369,87.274,4.506,4.532,0.000402,1.85e-05,
C:\Users\sblee\Downloads\Aesthetics-Toolbox-main\split_1\160b6832_c91c_4b34_b116_d24298f579ab.jpg,1024,1.0,25.591,7.813,16.923,129.644,6.764,131.666,122.139,95.103,50.57,0.1204,15.531,0.1704,0.3788,0.5439,73.651,63.637,46.167,25.591,8.942,17.189,0.1809,0.2281,0.2626,28.512,7.585,0.007812,0.03711,6.405,0.4641,0.3319,0.353,-2.384,-1.124,-1.078,0.01631,1.613,2.641,0.6576,0.8082,0.0004643,97.673,4.386,4.417,0.0001653,2.363e-05,
C:\Users\sblee\Downloads\Aesthetics-Toolbox-main\split_1\160f0905_51d1_4a5e_81ec_c1a481692d5a.jpg,1024,1.0,16.038,5.712,0.8837,15.632,0.7513,139.772,139.54,139.88,57.689,0.1257,-0.128,0.9851,0.02925,0.5487,38.141,38.87,37.934,16.038,0.446,0.4692,0.0652,0.1165,0.1485,1.429,3.36,0.01367,-0.009766,6.169,0.2743,0.3784,0.2639,-3.242,-1.644,-1.494,0.02191,0.8755,2.08,0.2385,0.3832,0.001346,60.204,3.496,3.32,0.000875,1.154e-05,
C:\Users\sblee\Downloads\Aesthetics-Toolbox-main\split_1\16139ecb_3495_43ef_9124_e87fa27ed833.jpg,1024,1.0,24.235,7.296,16.454,134.24,4.48,134.844,136.719,123.427,56.055,-2.042,6.4,0.07455,0.172,0.5569,60.372,62.152,67.593,24.235,15.773,18.173,0.2062,0.3309,0.2361,6.875,6.675,0.03125,-0.01172,7.27,0.5508,0.5509,0.5122,-2.329,-1.039,-1.11,0.005862,1.777,2.67,0.6359,0.7591,0.0004312,90.07,4.281,4.399,0.0002044,2.613e-05,
C:\Users\sblee\Downloads\Aesthetics-Toolbox-main\split_1\16158e5e_ea52_4103_8c70_638c40a7b5f9.jpg,1216,0.7273,25.8,7.585,24.864,155.703,7.139,92.505,99.409,98.493,43.389,2.558,2.117,0.4678,0.6931,0.542,69.552,75.72,52.011,25.8,31.771,29.089,0.42,0.2284,0.2428,24.154,9.974,0.003906,-0.04972,15.758,0.7211,0.4786,0.468,-1.52,-0.9265,-0.6169,0.04533,1.71,2.848,0.6754,0.7869,0.000711,98.118,4.046,4.186,0.0002068,2.666e-05,
C:\Users\sblee\Downloads\Aesthetics-Toolbox-main\split_1\16166196_a272_4364_8fb1_fef144ec362f.png,1024,1.0,24.612,7.677,5.125,64.686,6.579,128.907,103.151,115.826,46.074,14.128,-1.248,0.8711,0.3827,0.5491,46.131,67.36,73.653,24.612,11.633,11.512,0.1793,0.2307,0.2223,29.27,18.096,-0.07617,0.04883,8.333,0.3354,0.4264,0.317,-3.119,-1.599,-1.442,0.01427,1.219,2.409,0.5943,0.7376,0.0005585,92.875,4.471,4.355,0.0003076,2.182e-05,
C:\Users\sblee\Downloads\Aesthetics-Toolbox-main\split_1\161f588e_a041_4465_8e41_ec25fe9e0d69.jpg,1024,1.0,15.693,7.372,3.292,40.976,5.463,120.045,114.051,126.517,49.135,6.387,-4.834,0.7871,0.3288,0.5702,47.431,41.174,45.648,15.693,10.109,14.428,0.2616,0.1773,0.1486,14.632,1.235,-0.005859,-0.001953,3.219,0.5468,0.422,0.4138,-3.273,-1.563,-1.587,0.008089,1.294,2.329,0.6681,0.7036,0.0004595,98.779,4.535,4.221,0.0003849,2.333e-05,
C:\Users\sblee\Downloads\Aesthetics-Toolbox-main\split_1\1622739c_e433_438e_a4d4_b0e13fe93063.jpg,1024,1.0,29.24,7.755,6.274,89.978,6.035,106.083,108.691,55.939,43.895,-8.33,28.371,0.1635,0.6383,0.4841,76.654,75.756,60.882,29.24,20.871,18.873,0.1126,0.2249,0.2942,28.326,16.779,0.07617,0.03516,10.446,0.5567,0.3412,0.311,-3.345,-1.64,-1.608,0.01115,1.21,2.294,0.6306,0.7117,0.0007629,96.154,3.998,3.896,0.000285,4.048e-05,
C:\Users\sblee\Downloads\Aesthetics-Toolbox-main\split_1\162721c9_b7b2_4d10_b436_78810b4b4eff.jpg,1536,1.0,22.466,7.55,8.929,93.324,4.867,123.957,57.096,35.91,31.765,26.23,24.335,0.02209,0.7227,0.4861,75.184,47.534,22.983,22.466,13.207,19.647,0.03323,0.1452,0.2948,33.27,4.548,-0.005208,-0.02214,4.022,0.5037,0.4606,0.4417,-2.466,-1.203,-1.212,0.002768,1.538,2.633,0.5576,0.8005,0.0004978,95.956,4.523,4.491,0.0003661,2.26e-05,
C:\Users\sblee\Downloads\Aesthetics-Toolbox-main\split_1\162b3d01_5e34_4d3d_9c5a_09763c48200b.jpg,1024,1.0,21.535,6.447,9.192,126.422,6.71,131.995,128.706,176.525,57.364,15.003,-22.1153,0.6985,0.5469,0.7452,76.484,66.906,44.444,21.535,26.511,20.5,0.1934,0.2435,0.1752,71.013,0.7812,-0.003906,0.0,1.195,0.5095,0.4507,0.4835,-2.927,-1.559,-1.288,0.06527,1.325,2.515,0.4688,0.7545,0.001333,95.238,4.403,4.351,0.0005586,3.314e-05,
C:\Users\sblee\Downloads\Aesthetics-Toolbox-main\split_1\162b5039_5eb7_489d_984a_41c70846fe88.jpg,1024,1.0,20.59,7.783,5.205,48.552,6.214,120.003,104.296,61.208,44.15,1.43,24.864,0.1569,0.4917,0.4846,59.012,50.909,37.665,20.59,8.792,21.181,0.1309,0.2716,0.2212,27.75,7.37,0.01953,0.03125,9.217,0.5539,0.199,0.1902,-2.857,-1.315,-1.399,0.01167,1.381,2.485,0.4343,0.7243,0.0004139,94.681,4.296,4.379,0.0001826,1.765e-05,
C:\Users\sblee\Downloads\Aesthetics-Toolbox-main\split_1\1632e70b_8278_48c7_9b94_81999146480e.jpg,1024,1.0,23.965,7.729,10.701,117.714,4.886,133.567,109.017,69.726,46.627,4.646,24.838,0.09297,0.4807,0.5251,66.325,58.746,44.101,23.965,5.571,14.373,0.1015,0.2085,0.2584,35.554,1.992,0.001953,-0.009766,7.709,0.6365,0.5732,0.544,-2.818,-1.449,-1.246,0.07203,1.427,2.544,0.663,0.8187,0.0007688,96.345,3.867,4.081,0.000192,2.512e-05,
C:\Users\sblee\Downloads\Aesthetics-Toolbox-main\split_1\1636c2d9_3f51_481e_afb6_d492a7526703.jpg,1216,0.7273,10.126,6.434,0.5314,13.509,1.423,111.184,111.748,112.369,46.909,-0.08485,-0.4028,0.8848,0.009264,0.441,24.959,25.555,26.17,10.126,0.2981,0.5944,0.2545,0.0107,0.1029,51.038,2.027,-0.001953,0.009943,9.253,0.7833,0.6846,0.6819,-3.02,-1.494,-1.418,0.04499,0.7615,2.017,0.5159,0.753,0.001574,86.619,4.029,2.658,0.0006582,6.384e-06,
C:\Users\sblee\Downloads\Aesthetics-Toolbox-main\split_1\1641485f_5af5_4664_8fdf_647aaa1d2922.jpg,1280,0.6667,18.579,6.93,8.431,84.384,5.374,139.289,129.671,163.214,56.15,11.935,-16.1189,0.694,0.3249,0.6822,48.41,50.362,49.183,18.579,13.412,19.07,0.116,0.2028,0.1813,8.128,6.875,0.02734,-0.02083,13.819,0.2272,0.4004,0.1927,-2.38,-1.342,-1.178,0.005488,1.402,2.518,0.4908,0.7943,0.0008712,90.044,4.51,4.531,0.0006009,2.558e-05,
C:\Users\sblee\Downloads\Aesthetics-Toolbox-main\split_1\1653dc16_4dd6_4785_9503_bb887e92d163.jpg,1216,0.7273,19.483,7.335,17.068,108.909,5.006,135.344,34.405,37.216,33.956,35.232,25.751,0.9736,0.6669,0.5371,77.569,51.8,52.079,19.483,30.039,26.647,0.1175,0.3764,0.3024,75.281,4.279,0.001953,-0.02131,10.751,0.7507,0.4039,0.3961,-1.921,-0.9005,-0.9162,0.003176,1.686,2.708,0.6187,0.8027,0.0009483,93.051,4.202,4.441,0.0005934,2.847e-05,
C:\Users\sblee\Downloads\Aesthetics-Toolbox-main\split_1\16567442_5680_4555_bdf0_bedd020258e2.jpg,1024,1.0,16.828,7.304,13.048,104.385,6.893,80.062,66.406,123.421,33.477,19.408,-27.5486,0.6868,0.599,0.496,48.207,48.304,45.277,16.828,26.814,18.509,0.1194,0.2032,0.1849,57.001,2.62,-0.005859,-0.01172,5.573,0.5309,0.5414,0.4936,-2.418,-1.268,-1.061,0.07173,1.643,2.598,0.6463,0.8101,0.0004162,93.656,4.554,4.536,0.0001239,1.274e-05,
C:\Users\sblee\Downloads\Aesthetics-Toolbox-main\split_1\1674384b_9746_496d_a9ce_9257e2796e3f.jpg,1024,1.0,26.206,7.727,20.941,228.125,5.603,116.732,98.945,69.239,41.772,2.957,18.565,0.1032,0.4397,0.4608,72.817,64.573,46.741,26.206,7.353,14.704,0.06812,0.2334,0.2856,48.999,0.8735,0.001953,-0.003906,3.136,0.6513,0.4438,0.4462,-2.656,-1.522,-1.137,0.1774,1.586,2.723,0.7347,0.8637,0.0006385,97.059,3.601,4.248,0.0001567,1.513e-05,
C:\Users\sblee\Downloads\Aesthetics-Toolbox-main\split_1\1674a8d7_128a_40d6_a185_053c0dd96620.jpg,1216,0.7273,27.619,7.496,7.818,126.952,4.158,90.666,101.898,116.607,41.311,-0.3087,-9.927,0.5951,0.302,0.458,71.896,70.295,67.694,27.619,1.95,5.691,0.05897,0.1778,0.2658,61.201,10.482,-0.02344,0.04688,10.902,0.3295,0.3707,0.3195,-2.798,-1.658,-1.362,0.01818,1.405,2.449,0.5637,0.8103,0.001067,92.049,4.379,4.417,0.0004489,2.099e-05,
C:\Users\sblee\Downloads\Aesthetics-Toolbox-main\split_1\1677002f_0224_43df_9ac4_d1cb36a32337.jpg,1216,0.7273,10.961,6.97,0.9533,19.006,5.909,82.644,84.197,95.085,36.399,3.973,-5.389,0.6853,0.3626,0.4333,31.614,29.047,37.477,10.961,10.265,14.032,0.2093,0.1604,0.1412,52.677,3.073,-0.005859,0.0142,9.885,0.5344,0.4392,0.3548,-3.078,-1.531,-1.456,0.05132,0.8814,2.022,0.5832,0.7142,0.0009238,89.05,4.264,2.484,0.000734,6.096e-06,
C:\Users\sblee\Downloads\Aesthetics-Toolbox-main\split_1\1679b52d_b5c3_4cfd_8a47_c8d115dcacb8.jpg,1536,2.0,26.478,7.827,11.531,105.138,6.072,106.202,116.296,121.353,46.948,-2.169,-4.062,0.5946,0.1634,0.4801,58.072,68.434,66.565,26.478,5.19,2.613,0.1384,0.08124,0.2598,38.204,11.316,0.02051,0.05273,22.605,0.4593,0.4356,0.4234,-2.321,-1.111,-1.03,0.00434,1.451,2.611,0.6817,0.7989,0.0003697,96.199,4.481,4.487,0.0001576,1.538e-05,
C:\Users\sblee\Downloads\Aesthetics-Toolbox-main\split_1\167d60c8_73e9_41ed_8667_e49f9df1da17.jpg,1536,2.0,21.917,7.682,8.077,93.168,6.59,75.856,117.832,124.501,46.86,-10.001,-7.342,0.5068,0.4875,0.5221,55.264,59.966,52.049,21.917,17.058,14.292,0.1167,0.2427,0.2191,47.245,12.932,0.02734,0.05859,25.256,0.5147,0.4556,0.425,-2.591,-1.25,-1.229,0.002137,1.483,2.429,0.7085,0.7749,0.0003315,93.252,4.402,4.483,0.000165,1.47e-05,
C:\Users\sblee\Downloads\Aesthetics-Toolbox-main\split_1\1685949b_a0f6_42fe_a6b1_348936294e3a.jpg,1280,1.5,20.937,7.633,6.586,72.821,6.822,107.132,106.842,139.267,45.87,8.757,-17.1964,0.6909,0.3554,0.5657,51.245,54.666,57.322,20.937,12.055,12.55,0.1269,0.1232,0.2252,42.162,9.582,-0.03255,0.03516,19.557,0.5084,0.4295,0.4075,-2.528,-1.317,-1.233,0.002249,1.438,2.464,0.7146,0.7923,0.0004164,90.611,4.482,4.507,0.0001829,1.908e-05,
C:\Users\sblee\Downloads\Aesthetics-Toolbox-main\split_1\16889f67_0bce_4a28_bb5e_184fea62b95f.jpg,1280,1.5,17.958,7.41,3.755,39.675,4.28,119.766,66.824,37.667,33.787,19.9,26.559,0.05587,0.6465,0.4701,57.132,41.205,25.179,17.958,11.724,14.876,0.04843,0.1854,0.2234,58.73,9.576,-0.04688,0.009766,20.589,0.3508,0.3448,0.3212,-2.536,-1.156,-1.217,0.006728,1.273,2.414,0.6349,0.7403,0.0005824,88.669,3.632,4.091,0.0004001,1.922e-05,
C:\Users\sblee\Downloads\Aesthetics-Toolbox-main\split_1\1690b186_fdcd_4d53_9543_a22822c1c471.png,1024,1.0,20.367,6.942,4.819,43.055,5.985,112.456,110.986,115.144,46.35,1.606,-2.059,0.7116,0.08068,0.4617,51.384,52.817,53.196,20.367,3.447,5.016,0.1447,0.08368,0.209,72.197,3.706,-0.005859,0.01758,10.42,0.3903,0.3677,0.3194,-2.814,-1.301,-1.337,0.008481,1.441,2.437,0.6111,0.7302,0.0003925,72.784,4.241,4.268,0.0002202,2.576e-05,
C:\Users\sblee\Downloads\Aesthetics-Toolbox-main\split_1\1690f67c_5f46_46b3_b655_36c0f6b1025d.jpg,1408,1.75,24.3,7.74,9.414,136.086,6.27,86.69,92.208,84.795,37.411,-3.357,3.493,0.3075,0.2263,0.3721,57.508,60.343,56.968,24.3,4.045,4.861,0.2043,0.1856,0.2331,36.103,6.715,0.01228,0.03125,16.119,0.4771,0.4251,0.3941,-2.735,-1.671,-1.323,0.004331,1.406,2.508,0.6552,0.8132,0.0003435,98.234,4.387,4.505,0.00019,1.414e-05,
C:\Users\sblee\Downloads\Aesthetics-Toolbox-main\split_1\16974659_b0b4_4bfa_91cf_dc9fab32f80d.jpg,1216,1.375,26.211,7.617,5.137,69.359,5.985,121.724,90.441,108.094,40.957,16.615,-5.574,0.8991,0.3687,0.4818,65.447,66.245,52.596,26.211,7.01,8.239,0.08417,0.2068,0.2523,35.011,21.196,-0.02273,0.1035,19.455,0.3792,0.3553,0.3462,-2.813,-1.37,-1.32,0.002756,1.243,2.419,0.6049,0.7803,0.0008009,91.376,4.314,4.436,0.0002528,2.193e-05,
C:\Users\sblee\Downloads\Aesthetics-Toolbox-main\split_1\1697cd77_1bc1_4f98_991e_bc366497ad18.jpg,1216,0.7273,31.434,7.475,19.283,215.598,6.617,142.757,112.109,87.939,53.774,14.362,19.036,0.03554,0.7513,0.7077,105.124,96.704,85.877,31.434,30.229,45.608,0.234,0.3226,0.3198,46.54,5.966,0.0,-0.02983,14.737,0.5265,0.4561,0.437,-2.462,-1.408,-1.124,0.01216,1.46,2.647,0.7074,0.8208,0.0005411,96.538,4.353,4.483,0.000183,2.396e-05,
C:\Users\sblee\Downloads\Aesthetics-Toolbox-main\split_1\16be11e8_7c32_4efa_b2d0_ed5d4948afc3.jpg,1216,0.7273,27.365,7.846,13.412,143.498,7.196,124.051,87.794,81.517,43.097,20.098,10.71,0.9656,0.7113,0.6247,83.724,73.853,85.188,27.365,25.982,42.858,0.2244,0.2162,0.338,37.617,9.496,0.03906,0.02699,15.166,0.5346,0.3888,0.394,-2.329,-1.422,-1.19,0.02842,1.542,2.594,0.6148,0.7983,0.0004266,95.546,4.524,4.534,0.0002282,2.342e-05,
C:\Users\sblee\Downloads\Aesthetics-Toolbox-main\split_1\16c9ed42_a64d_449d_91a7_c711abb48153.jpg,1024,1.0,33.86,6.598,10.117,106.122,4.962,159.094,149.903,149.688,61.077,4.067,1.453,0.05925,0.192,0.6376,83.083,88.766,83.661,33.86,8.334,10.693,0.1309,0.2164,0.3173,37.275,11.049,-0.007812,-0.05469,18.262,0.4764,0.457,0.4201,-2.891,-1.44,-1.281,0.0376,1.269,2.489,0.6695,0.7907,0.0004177,93.524,4.493,4.437,0.0003265,1.779e-05,
C:\Users\sblee\Downloads\Aesthetics-Toolbox-main\split_1\16cfae13_1d07_492a_ab8a_0379a19d1e09.jpg,1024,1.0,23.168,6.602,5.698,47.443,3.076,116.775,108.267,106.16,45.438,3.404,2.699,0.01099,0.1925,0.4586,49.906,57.23,59.217,23.168,4.176,3.737,0.06053,0.2488,0.1959,23.182,9.26,0.04102,-0.02148,8.519,0.274,0.2954,0.1883,-2.74,-1.193,-1.404,0.02099,1.332,2.468,0.4674,0.734,0.00105,91.498,4.219,4.151,0.0005877,3.004e-05,
C:\Users\sblee\Downloads\Aesthetics-Toolbox-main\split_1\16df3aee_ed18_4b5e_b345_80bd1dac5a55.jpg,1216,0.7273,30.662,6.979,8.185,114.852,4.441,126.768,107.692,82.579,45.041,3.653,16.03,0.06402,0.3748,0.4994,82.565,74.153,58.253,30.662,3.414,11.206,0.09314,0.1853,0.3229,36.042,1.989,0.0,0.009943,7.898,0.7604,0.3074,0.3057,-2.849,-1.656,-1.343,0.01862,1.278,2.408,0.6808,0.758,0.0006323,98.196,4.513,4.388,0.0002693,3.181e-05,
C:\Users\sblee\Downloads\Aesthetics-Toolbox-main\split_1\16e35c2e_4287_463f_91f1_fad1247f5998.jpg,1216,0.7273,21.644,7.593,8.011,72.482,6.6,75.913,77.015,54.235,31.19,-3.881,12.74,0.2315,0.3841,0.3259,55.874,52.31,35.414,21.644,7.149,12.772,0.1523,0.1766,0.2156,42.587,22.0,0.01172,0.1094,12.368,0.5828,0.4087,0.3997,-2.39,-1.244,-1.181,0.005552,1.458,2.528,0.6216,0.8005,0.0004692,89.906,4.091,4.243,0.000133,2.197e-05,
C:\Users\sblee\Downloads\Aesthetics-Toolbox-main\split_1\16f08868_1952_473c_a25d_85d18774a648.jpg,1472,0.7692,23.951,7.773,5.995,87.23,4.253,135.842,80.935,105.092,40.839,26.135,-3.046,0.9173,0.4699,0.5327,63.52,60.959,61.021,23.951,10.855,3.154,0.02612,0.2277,0.2491,43.617,23.893,-0.1156,0.03005,13.595,0.4397,0.3637,0.3424,-2.574,-1.493,-1.317,0.0102,1.269,2.477,0.6046,0.7678,0.0005397,89.84,4.552,4.498,0.0002629,2.386e-05,
C:\Users\sblee\Downloads\Aesthetics-Toolbox-main\split_1\16f3ae73_1784_488a_837f_d27f817ae082.jpg,1024,1.0,22.175,7.549,6.263,58.338,4.332,104.922,99.931,109.199,42.677,5.164,-3.583,0.8014,0.3965,0.5007,58.378,55.035,59.718,22.175,10.191,11.834,0.2743,0.1932,0.2297,17.837,5.313,0.02148,0.01562,7.696,0.4566,0.4327,0.3804,-2.584,-1.161,-1.256,0.03359,1.367,2.45,0.403,0.7115,0.001096,97.226,4.483,4.397,0.0006019,3.621e-05,
C:\Users\sblee\Downloads\Aesthetics-Toolbox-main\split_1\16f46537_e2f2_4069_9166_8c2a4c722e2f.jpg,1280,1.0,24.616,7.745,13.917,162.016,6.042,135.671,87.699,51.879,42.232,19.289,24.614,0.01433,0.7036,0.5736,78.984,60.027,68.755,24.616,16.379,34.095,0.2182,0.3361,0.2848,26.472,15.628,0.07656,0.01562,10.013,0.4746,0.4368,0.4011,-2.549,-1.529,-1.226,0.04661,1.604,2.749,0.5523,0.7877,0.0005106,94.642,4.532,4.519,0.000736,2.623e-05,
C:\Users\sblee\Downloads\Aesthetics-Toolbox-main\split_1\16f558a7_163e_4b22_bdd7_087a296cbe8f.jpg,1024,1.0,32.281,6.716,14.306,140.916,6.071,134.533,114.693,117.66,50.01,9.417,2.867,0.7896,0.4212,0.5684,84.065,89.514,90.093,32.281,23.986,18.769,0.3017,0.3277,0.3042,47.938,8.567,-0.03125,-0.0293,10.747,0.3605,0.3128,0.3166,-2.735,-1.396,-1.119,0.06247,1.331,2.557,0.5916,0.6981,0.0006101,91.384,4.394,4.411,0.0002631,4.687e-05,
C:\Users\sblee\Downloads\Aesthetics-Toolbox-main\split_1\16f9835c_dcd9_4eaf_a15e_1abbab3a8ce9.jpg,1280,0.6667,17.341,7.159,0.9441,21.505,4.865,114.553,80.042,59.388,36.878,12.352,18.267,0.05724,0.5103,0.4493,42.101,44.992,42.48,17.341,6.977,8.69,0.03271,0.1855,0.165,68.475,1.359,0.001953,0.00651,14.343,0.6064,0.5427,0.501,-3.036,-1.513,-1.43,0.1047,0.8449,2.016,0.5143,0.6561,0.0009431,76.783,3.598,2.18,0.0007524,1.057e-05,
C:\Users\sblee\Downloads\Aesthetics-Toolbox-main\split_1\17004e9f_a9b9_4c96_9214_f393b34bb5d3.jpg,1344,0.75,24.829,7.857,6.963,66.686,5.619,123.891,109.083,79.07,45.71,2.355,17.879,0.09834,0.4086,0.5004,66.584,62.038,53.953,24.829,5.254,19.354,0.1382,0.2167,0.2576,38.735,19.355,-0.08854,0.03906,13.41,0.4186,0.3968,0.3159,-2.702,-1.218,-1.282,0.01474,1.274,2.501,0.6671,0.7476,0.000417,91.916,4.329,4.302,0.0002241,2.491e-05,
C:\Users\sblee\Downloads\Aesthetics-Toolbox-main\split_1\17068ad9_6b6b_4eef_a3ec_b97690946834.jpg,1216,0.7273,27.135,7.817,15.797,139.225,5.275,126.7,79.296,70.468,37.877,18.932,13.817,0.01847,0.5669,0.4969,69.479,68.564,60.224,27.135,8.454,7.935,0.03901,0.2336,0.2724,45.675,5.204,-0.02539,0.005682,16.0,0.5374,0.4786,0.4898,-2.333,-1.083,-1.031,0.006507,1.574,2.668,0.6504,0.8453,0.0003665,94.811,4.5,4.499,0.0001634,1.508e-05,
C:\Users\sblee\Downloads\Aesthetics-Toolbox-main\split_1\17080eb3_b44e_4cac_a559_1e4a2a5505d4.jpg,1024,1.0,25.343,7.832,7.332,104.767,5.939,115.377,131.943,181.022,54.808,7.882,-28.1212,0.6215,0.4307,0.7115,66.282,67.537,57.281,25.343,12.293,12.964,0.07199,0.1777,0.2261,35.14,11.925,0.03125,0.05078,13.113,0.5807,0.5078,0.4974,-3.087,-1.496,-1.455,0.01359,1.295,2.371,0.7247,0.8073,0.000519,92.118,4.468,4.439,0.0001844,1.423e-05,
C:\Users\sblee\Downloads\Aesthetics-Toolbox-main\split_1\1714c859_b9b5_4584_9e53_d907d4824e14.jpg,1280,0.6667,13.674,7.088,10.37,79.369,7.026,131.21,111.372,98.269,48.644,6.207,10.529,0.08205,0.331,0.5431,48.952,34.708,28.585,13.674,15.03,12.716,0.173,0.1413,0.1676,44.147,3.984,0.003906,0.01953,10.036,0.537,0.4936,0.4873,-2.175,-1.132,-1.057,0.002066,1.689,2.593,0.779,0.8456,0.0002415,97.208,4.514,4.529,9.854e-05,1.577e-05,
C:\Users\sblee\Downloads\Aesthetics-Toolbox-main\split_1\171a556e_09ba_4fd0_8976_c47a9990c625.jpg,1024,1.0,14.152,7.219,1.386,28.64,5.047,121.036,116.503,124.454,49.292,3.409,-3.779,0.7827,0.07993,0.4924,35.602,35.81,35.175,14.152,1.401,2.719,0.1021,0.0415,0.1365,48.116,5.441,0.009766,0.02539,6.718,0.4065,0.4204,0.3398,-3.625,-1.837,-1.749,0.004501,0.904,2.15,0.4774,0.6799,0.000938,93.258,3.788,3.97,0.0004029,8.42e-06,
C:\Users\sblee\Downloads\Aesthetics-Toolbox-main\split_1\171b53fa_d92f_4a8f_911f_49911fd2c942.jpg,1024,1.0,25.563,7.519,8.068,118.007,6.382,110.507,119.318,109.372,54.782,7.282,8.791,0.5586,0.7884,0.7437,99.768,82.509,97.599,25.563,35.797,48.22,0.2909,0.2524,0.2938,20.251,0.8735,0.003906,0.001953,1.693,0.3427,0.4279,0.3166,-3.298,-1.561,-1.585,0.01861,1.111,2.297,0.6901,0.7772,0.0009385,98.327,2.798,3.324,0.0003777,3.083e-05,
C:\Users\sblee\Downloads\Aesthetics-Toolbox-main\split_1\1720e8c8_f37d_45fe_91c3_09dc17c7d167.jpg,1024,1.0,31.698,7.538,11.336,138.632,6.284,108.443,76.33,48.254,34.946,9.377,21.641,0.09905,0.587,0.4384,90.478,80.528,59.556,31.698,20.329,19.288,0.1236,0.2951,0.3527,51.43,18.948,-0.01367,0.09375,11.221,0.4658,0.3454,0.3383,-2.971,-1.558,-1.255,0.09272,1.409,2.458,0.6426,0.7471,0.0006979,93.122,4.332,4.421,0.0002224,4.289e-05,
C:\Users\sblee\Downloads\Aesthetics-Toolbox-main\split_1\173eb242_f4bb_4ebf_89d4_430b5d0d743a.jpg,1216,0.7273,23.013,5.532,9.574,121.174,3.635,120.58,113.298,110.274,47.366,2.668,2.956,0.02175,0.178,0.4736,51.101,56.832,58.585,23.013,4.151,4.778,0.07606,0.2557,0.2012,16.438,2.069,-0.005859,-0.008523,11.247,0.4146,0.3758,0.3708,-2.517,-1.382,-1.275,0.01367,1.406,2.556,0.6064,0.8452,0.0009582,93.873,4.551,4.514,0.0006193,2.422e-05,
C:\Users\sblee\Downloads\Aesthetics-Toolbox-main\split_1\17544a03_95c8_4882_8c86_10f834d420b5.jpg,1152,1.25,25.413,7.739,8.465,114.721,5.834,99.943,88.765,70.127,37.289,1.249,12.266,0.1318,0.4163,0.4029,69.929,60.403,57.905,25.413,9.414,7.256,0.09432,0.2589,0.2738,37.318,6.875,-0.03438,0.0,15.219,0.4825,0.2713,0.2677,-2.785,-1.384,-1.421,0.00804,1.363,2.457,0.4064,0.7404,0.0009725,95.628,4.21,4.292,0.000255,2.502e-05,
C:\Users\sblee\Downloads\Aesthetics-Toolbox-main\split_1\175997d7_9808_4687_9c60_2aaf9021c809.png,1664,1.0,22.339,7.672,17.971,119.9,6.927,101.729,121.5,96.32,50.446,-5.197,12.207,0.1146,0.5913,0.6009,60.938,68.384,60.387,22.339,34.653,31.101,0.3204,0.2369,0.2224,25.049,2.15,0.009615,0.004808,3.028,0.5462,0.4994,0.4804,-2.21,-0.9795,-1.001,0.0146,1.728,2.704,0.7293,0.8308,0.0003774,99.204,3.564,4.167,0.0001382,1.629e-05,
C:\Users\sblee\Downloads\Aesthetics-Toolbox-main\split_1\1765935a_2199_40c1_93c2_08bdf99379f9.png,1408,1.0,30.232,7.769,10.461,126.973,7.004,83.814,107.463,79.773,41.436,-12.628,12.165,0.273,0.4004,0.4496,60.806,80.982,57.735,30.232,18.351,16.303,0.1634,0.1453,0.3071,37.132,14.797,-0.004261,0.07386,8.938,0.4827,0.3613,0.3608,-2.701,-1.451,-1.286,0.003802,1.38,2.539,0.6039,0.7748,0.0004629,96.883,4.453,4.482,0.0001603,2.159e-05,
C:\Users\sblee\Downloads\Aesthetics-Toolbox-main\split_1\1769f933_b160_47d3_9da5_a10a43ebb4c4.png,1024,1.0,30.164,7.645,14.475,174.722,7.325,100.497,98.177,110.778,41.698,6.058,-5.135,0.6875,0.3924,0.5006,76.39,78.683,81.102,30.164,16.897,21.315,0.2125,0.2647,0.3168,49.4,10.726,-0.009766,0.05273,11.302,0.4626,0.4832,0.4261,-3.078,-1.59,-1.343,0.07809,1.465,2.574,0.7141,0.8296,0.0005908,93.486,3.452,3.988,0.0001888,1.994e-05,
C:\Users\sblee\Downloads\Aesthetics-Toolbox-main\split_1\177187ab_69f6_483e_b1df_8938ab2aae99.jpg,1024,1.0,26.567,7.948,17.063,145.77,6.576,113.583,115.992,115.521,47.321,-0.7876,-0.06123,0.4591,0.1488,0.4733,66.914,66.509,65.383,26.567,3.746,4.921,0.3984,0.1523,0.257,35.843,7.463,0.02539,0.02734,9.416,0.522,0.5409,0.5141,-2.505,-1.228,-1.086,0.04223,1.542,2.626,0.6722,0.8439,0.0004679,96.802,4.366,4.283,0.0001366,1.123e-05,
C:\Users\sblee\Downloads\Aesthetics-Toolbox-main\split_1\17726ece_764b_4708_8fa9_57ddeafc90d7.jpg,1280,0.6667,19.828,7.586,5.021,77.482,6.964,132.495,114.895,114.435,50.431,8.775,4.042,0.8925,0.3873,0.6053,67.223,52.217,42.076,19.828,21.19,15.863,0.2724,0.1493,0.2342,35.771,1.562,0.0,0.007812,11.388,0.7363,0.3541,0.3455,-2.912,-1.426,-1.354,0.006945,1.173,2.245,0.5985,0.7446,0.0006625,97.761,4.167,4.264,0.0003323,3.343e-05,
C:\Users\sblee\Downloads\Aesthetics-Toolbox-main\split_1\17821de9_e014_4bf5_b0a8_9ce825c9d00d.jpg,1024,1.0,16.626,7.217,5.426,39.36,5.032,149.426,44.444,70.182,36.153,42.457,11.16,0.948,0.6365,0.5866,67.229,34.844,38.534,16.626,21.848,14.623,0.06619,0.2546,0.2627,71.068,10.342,-0.009766,0.05078,11.138,0.4838,0.3953,0.3773,-2.563,-1.144,-1.366,0.01712,1.48,2.486,0.6277,0.6609,0.0003971,77.272,4.51,4.382,0.0004166,2.238e-05,
C:\Users\sblee\Downloads\Aesthetics-Toolbox-main\split_1\178a013d_6157_478c_9ea0_3e3a303bef59.jpg,1536,2.0,19.278,7.515,15.839,138.614,5.907,127.029,106.951,88.934,46.351,6.321,12.977,0.05146,0.3373,0.5197,55.263,49.112,43.286,19.278,10.74,17.721,0.1415,0.1936,0.2203,37.385,3.051,-0.009766,0.01172,19.664,0.6193,0.5648,0.5594,-2.164,-1.256,-1.001,0.005689,1.677,2.666,0.7618,0.8311,0.0003368,98.315,4.108,4.461,0.0001301,1.016e-05,
C:\Users\sblee\Downloads\Aesthetics-Toolbox-main\split_1\178b70a3_3efd_4248_97e4_099e89795eeb.jpg,1024,1.0,15.261,7.139,12.547,104.186,4.099,118.329,104.694,89.548,44.734,3.015,10.765,0.08423,0.2801,0.4643,35.826,38.328,41.528,15.261,1.994,4.451,0.0402,0.1405,0.1405,40.55,6.114,0.01367,-0.02734,4.783,0.5958,0.5732,0.559,-2.419,-1.006,-1.287,0.02143,1.682,2.648,0.8665,0.8742,0.0001458,97.129,4.481,4.524,0.000124,6.452e-06,
C:\Users\sblee\Downloads\Aesthetics-Toolbox-main\split_1\1790acf2_6dee_4f6a_b3c7_7523b3705932.jpg,1280,1.5,15.858,7.199,5.495,67.809,6.262,131.015,127.167,135.25,53.82,4.654,-3.999,0.689,0.3252,0.618,64.942,36.751,17.429,15.858,7.93,16.655,0.2589,0.1482,0.1692,35.442,5.493,0.01432,0.02344,15.899,0.4538,0.4168,0.4038,-2.639,-1.324,-1.314,0.001349,1.349,2.453,0.7177,0.8044,0.000385,97.844,4.171,4.444,0.0001882,1.547e-05,
C:\Users\sblee\Downloads\Aesthetics-Toolbox-main\split_1\17aedc6e_6bae_4b80_a06b_60f3eb1778e2.jpg,1216,0.7273,25.7,7.69,3.74,67.734,6.219,129.934,99.68,126.474,45.547,18.345,-8.741,0.8609,0.4352,0.5782,58.776,67.819,72.757,25.7,12.523,11.636,0.1442,0.1825,0.272,35.223,16.7,-0.02539,0.07955,7.88,0.6312,0.3933,0.3807,-3.211,-1.795,-1.605,0.006542,1.184,2.28,0.5868,0.7252,0.0007675,94.751,4.55,4.215,0.0003586,2.7e-05,
C:\Users\sblee\Downloads\Aesthetics-Toolbox-main\split_1\17b3433b_8aed_46a9_a3ff_92b7b4083dc2.jpg,1792,0.4,22.981,7.763,18.657,155.347,6.052,140.269,107.957,79.432,47.79,9.982,20.478,0.0814,0.4433,0.5583,63.101,59.871,50.717,22.981,14.239,19.443,0.08464,0.252,0.2452,24.708,2.068,-0.001953,0.01016,19.934,0.5452,0.5325,0.4886,-2.072,-1.264,-1.024,0.004865,1.685,2.673,0.8025,0.8417,0.0003344,99.548,4.19,4.406,0.0001121,1.536e-05,
C:\Users\sblee\Downloads\Aesthetics-Toolbox-main\split_1\17c2f0a2_7071_4f3e_9deb_7dc5afff92b7.jpg,1280,1.5,11.746,6.903,7.432,65.493,6.823,98.477,77.477,70.436,35.062,8.947,7.403,0.9645,0.36,0.4125,40.665,27.013,28.888,11.746,9.904,17.571,0.1876,0.2053,0.1545,34.425,4.328,0.002604,0.02148,14.14,0.5672,0.4917,0.4943,-2.415,-1.286,-1.194,0.00158,1.574,2.55,0.7635,0.8233,0.0002675,94.431,4.514,4.548,0.0001007,1.137e-05,
C:\Users\sblee\Downloads\Aesthetics-Toolbox-main\split_1\17ca85fd_aed8_412f_967f_3bf0c513734a.jpg,1024,1.0,19.634,7.469,7.025,74.057,6.332,107.885,75.321,47.415,35.064,11.923,20.873,0.05357,0.5951,0.4485,62.256,49.511,31.904,19.634,14.235,24.056,0.1821,0.2533,0.2263,63.999,14.203,-0.03711,-0.06055,8.109,0.5178,0.3479,0.3141,-2.677,-1.381,-1.226,0.04648,1.426,2.474,0.557,0.7559,0.0005787,88.699,4.471,4.447,0.000249,2.606e-05,
C:\Users\sblee\Downloads\Aesthetics-Toolbox-main\split_1\17ca93bc_30f1_4e96_969c_f5fee202681c.png,1024,1.0,28.426,7.436,23.39,211.05,7.125,130.57,64.966,69.633,38.05,29.825,10.375,0.871,0.7836,0.6013,107.518,66.903,56.546,28.426,27.009,39.744,0.2221,0.2542,0.3551,26.359,6.442,-0.007812,0.03125,6.471,0.5496,0.5062,0.483,-2.43,-1.255,-1.089,0.05557,1.615,2.692,0.6041,0.8287,0.0005634,99.446,4.368,4.499,0.0001406,1.728e-05,
C:\Users\sblee\Downloads\Aesthetics-Toolbox-main\split_1\17cd7928_2e64_4356_bf90_92cf1bf7adf5.jpg,1024,1.0,38.924,6.723,9.159,107.396,4.988,129.143,138.793,123.436,54.101,-6.547,7.464,0.3301,0.3471,0.5457,103.667,96.498,108.336,38.924,7.51,10.165,0.1152,0.3672,0.3784,30.666,17.421,-0.0293,-0.08203,13.011,0.3398,0.2944,0.2674,-2.924,-1.465,-1.289,0.0359,1.083,2.368,0.5211,0.7461,0.0009853,94.269,4.031,4.016,0.0005316,2.86e-05,
C:\Users\sblee\Downloads\Aesthetics-Toolbox-main\split_1\17d596d5_e7b2_43c6_89cc_157b35b1cffa.jpg,1024,1.0,20.03,7.489,10.202,134.264,5.794,97.101,104.941,86.905,42.634,-6.072,9.038,0.2943,0.2659,0.4312,51.473,50.219,51.731,20.03,10.304,14.621,0.3417,0.2053,0.1982,47.767,7.182,-0.01367,-0.0332,6.069,0.4304,0.4449,0.3817,-3.194,-1.505,-1.501,0.03119,1.505,2.508,0.6073,0.7478,0.0008031,95.435,4.442,4.492,0.00026,2.252e-05,
C:\Users\sblee\Downloads\Aesthetics-Toolbox-main\split_1\17dab165_dea8_4975_81a0_c29f0327c8db.jpg,1024,1.0,20.305,7.48,17.606,141.708,5.346,107.92,92.845,62.949,39.464,1.992,19.627,0.1157,0.4986,0.4249,50.554,51.664,54.725,20.305,6.424,7.444,0.05029,0.2208,0.1982,68.633,6.077,0.02148,0.02148,6.428,0.5781,0.5285,0.5134,-2.572,-1.299,-1.09,0.05845,1.768,2.67,0.7533,0.8318,0.0002458,92.488,4.341,4.469,0.0001338,1.05e-05,
C:\Users\sblee\Downloads\Aesthetics-Toolbox-main\split_1\17dab5eb_a6fb_4e13_91e1_711a841e829b.jpg,1024,1.0,32.338,6.691,6.949,103.856,5.197,126.525,104.913,95.402,45.247,7.388,9.137,0.04967,0.2733,0.5058,92.755,79.897,79.426,32.338,17.964,14.337,0.1019,0.297,0.3605,23.588,9.018,0.01367,-0.04297,6.211,0.2662,0.2625,0.2714,-3.141,-1.62,-1.39,0.04424,1.156,2.329,0.5622,0.6952,0.001125,97.954,3.688,3.968,0.0003284,4.636e-05,
C:\Users\sblee\Downloads\Aesthetics-Toolbox-main\split_1\17e618a0_2385_4341_a284_ff10d485b8bf.png,1216,0.9,20.651,7.557,6.493,85.551,6.266,100.914,83.102,133.836,40.058,18.291,-23.5103,0.6945,0.5065,0.5494,50.072,60.898,49.732,20.651,26.441,20.746,0.116,0.2076,0.2162,47.688,5.706,-0.01042,0.02656,4.907,0.3668,0.4565,0.3735,-2.904,-1.599,-1.425,0.01692,1.25,2.389,0.6693,0.7428,0.0005376,95.971,4.278,4.349,0.0002455,1.999e-05,
C:\Users\sblee\Downloads\Aesthetics-Toolbox-main\split_1\17e74386_bcf6_4ca3_8552_3e251cdd64fb.jpg,1024,1.0,26.1,7.754,16.295,183.366,7.039,100.098,79.596,71.678,37.457,8.58,11.836,0.1343,0.554,0.4761,78.936,71.309,73.333,26.1,25.575,23.921,0.2276,0.3077,0.2944,58.511,2.844,-0.01367,0.003906,3.391,0.4196,0.4498,0.3914,-2.847,-1.475,-1.252,0.05617,1.485,2.577,0.6045,0.7864,0.0007087,98.483,4.261,4.361,0.000207,2.777e-05,
C:\Users\sblee\Downloads\Aesthetics-Toolbox-main\split_1\17e91930_73a8_4826_ba92_abd0a14723e7.jpg,1024,1.0,27.313,7.691,20.144,205.646,7.124,117.563,118.509,94.189,51.312,-1.417,17.565,0.2597,0.6004,0.603,91.638,78.456,72.382,27.313,33.42,22.523,0.2645,0.3296,0.2893,43.971,6.176,-0.009766,-0.0293,4.412,0.4641,0.4701,0.4457,-2.406,-1.226,-1.074,0.05382,1.585,2.646,0.7002,0.8226,0.0007435,98.019,3.702,4.104,0.0002256,2.239e-05,
C:\Users\sblee\Downloads\Aesthetics-Toolbox-main\split_1\17e9374f_11c1_4680_b134_edb3ca28f545.jpg,1024,1.0,29.467,7.792,9.702,96.5,6.234,111.877,119.744,113.966,48.39,-1.453,3.499,0.2179,0.3632,0.5389,62.537,77.065,89.117,29.467,10.025,18.012,0.2707,0.2094,0.3267,33.754,14.684,-0.03516,0.06445,10.16,0.3594,0.4185,0.3203,-2.761,-1.427,-1.185,0.0706,1.355,2.526,0.6124,0.7854,0.0005238,95.66,4.46,4.433,0.0003133,2.662e-05,
C:\Users\sblee\Downloads\Aesthetics-Toolbox-main\split_1\17ef5395_b23b_4c9a_8f7e_41668ca346d5.jpg,1024,1.0,40.639,6.145,16.597,212.651,2.824,152.779,153.656,154.681,61.021,-0.1077,-0.6396,0.7888,0.06372,0.607,103.007,103.246,102.953,40.639,0.6048,0.8718,0.2634,0.1938,0.4039,15.1,11.172,-0.0332,0.04492,6.179,0.4434,0.4333,0.3876,-2.922,-1.353,-1.416,0.002276,1.513,2.581,0.7223,0.8007,0.0006466,96.861,4.443,4.449,0.0003562,2.706e-05,
C:\Users\sblee\Downloads\Aesthetics-Toolbox-main\split_1\17fe66d9_1af9_498e_b7e9_14aa53cfbf49.jpg,1024,1.0,30.612,7.591,9.48,74.403,6.517,102.991,93.476,66.613,38.903,0.766,15.927,0.09039,0.5123,0.4344,80.025,78.061,47.378,30.612,14.241,17.471,0.1845,0.2416,0.3068,33.767,1.611,-0.001953,-0.007812,8.686,0.5043,0.2766,0.2807,-2.318,-1.127,-1.164,0.05809,1.423,2.479,0.5488,0.6976,0.0006211,94.968,3.691,3.959,0.000183,3.15e-05,
C:\Users\sblee\Downloads\Aesthetics-Toolbox-main\split_1\180efce5_925c_4378_b414_37e583156592.jpg,1024,1.0,29.635,7.332,4.169,70.744,5.839,144.204,130.457,130.362,55.408,6.187,3.08,0.7525,0.2998,0.6217,76.043,78.522,84.601,29.635,17.011,22.367,0.1844,0.2796,0.3005,14.344,6.442,-0.007812,0.03125,5.848,0.2969,0.2841,0.2193,-3.32,-1.674,-1.505,0.03026,1.164,2.217,0.4662,0.6294,0.001019,95.857,4.191,4.175,0.0005187,4.779e-05,
C:\Users\sblee\Downloads\Aesthetics-Toolbox-main\split_1\18117844_2a88_495e_be39_46a1a38aeccc.jpg,1344,1.625,23.538,7.534,3.305,55.138,6.526,110.999,103.046,82.553,43.011,0.8042,12.728,0.1307,0.3517,0.4605,48.765,62.907,43.334,23.538,12.324,9.855,0.1395,0.1778,0.2072,27.325,18.51,0.09255,0.0,19.759,0.3005,0.3394,0.2917,-3.036,-1.584,-1.483,0.002038,1.145,2.256,0.569,0.7249,0.000575,94.07,4.512,4.428,0.0002946,3.317e-05,
C:\Users\sblee\Downloads\Aesthetics-Toolbox-main\split_1\18184ecd_d574_4502_8f98_d92aef9a7d16.jpg,1024,1.0,23.188,7.768,18.272,135.697,7.014,77.988,91.069,67.253,36.27,-7.973,11.933,0.2679,0.451,0.3803,58.197,58.302,48.307,23.188,11.008,13.694,0.1708,0.2412,0.2306,43.351,5.593,-0.02539,0.01172,12.283,0.5671,0.5871,0.5585,-2.283,-1.067,-1.127,0.008282,1.671,2.68,0.8524,0.8492,0.0001746,93.801,4.563,4.527,8.943e-05,1.199e-05,
C:\Users\sblee\Downloads\Aesthetics-Toolbox-main\split_1\1818bbce_b1d0_4d15_bd8e_045df2fc3510.png,1024,1.0,29.171,7.309,6.764,93.577,5.681,124.901,115.13,109.739,47.74,2.937,4.299,0.02799,0.1954,0.4919,72.546,71.934,69.447,29.171,3.211,4.724,0.1663,0.1957,0.2856,25.29,8.908,-0.04297,-0.01172,6.531,0.5891,0.4029,0.366,-3.174,-1.487,-1.506,0.01137,1.256,2.361,0.6761,0.7647,0.0007319,95.256,4.302,4.201,0.0003302,2.476e-05,
C:\Users\sblee\Downloads\Aesthetics-Toolbox-main\split_1\181e60fd_5a6f_4316_bca1_1f22f47de457.jpg,1024,1.0,13.708,4.399,2.651,36.227,3.445,129.534,116.179,87.101,49.505,2.671,15.926,0.0314,0.2619,0.5091,41.407,36.887,40.899,13.708,7.498,25.22,0.08579,0.3745,0.1612,75.628,2.62,0.01172,0.005859,3.22,0.3012,0.4452,0.2703,-3.363,-1.757,-1.431,0.08668,1.247,2.298,0.3706,0.5668,0.001136,76.37,4.481,4.07,0.0009442,3.991e-05,
C:\Users\sblee\Downloads\Aesthetics-Toolbox-main\split_1\182409fa_059e_4469_b0e3_007082eabf8a.png,1024,1.0,26.468,7.673,8.201,96.945,6.089,115.545,101.445,89.131,42.707,4.113,9.002,0.07064,0.2892,0.459,67.673,67.312,63.262,26.468,5.223,9.882,0.1924,0.2027,0.2605,53.622,2.278,0.009766,0.005859,4.417,0.6532,0.4095,0.3929,-2.979,-1.299,-1.43,0.01421,1.349,2.451,0.6449,0.7411,0.0008083,97.721,3.671,3.99,0.0002257,3.497e-05,
C:\Users\sblee\Downloads\Aesthetics-Toolbox-main\split_1\182dbf2e_21d8_4b36_a246_9ab3432129f3.jpg,1344,1.625,24.788,7.562,12.003,124.486,6.841,68.954,80.348,119.943,36.327,9.273,-20.5165,0.6586,0.6746,0.5078,52.974,73.859,53.685,24.788,30.406,12.354,0.1381,0.1671,0.2394,55.935,3.715,-0.00601,0.01758,17.995,0.4873,0.484,0.4545,-2.262,-1.231,-1.236,0.002764,1.561,2.584,0.6364,0.7819,0.0006058,94.799,4.167,4.325,0.0001592,2.412e-05,
C:\Users\sblee\Downloads\Aesthetics-Toolbox-main\split_1\182dfe89_614b_4c32_96b3_e310cb037150.jpg,1280,0.6667,23.78,7.783,18.227,151.078,6.059,111.946,84.449,62.068,37.454,9.047,17.221,0.06615,0.5253,0.4406,57.291,60.653,52.254,23.78,9.685,12.212,0.07505,0.2628,0.2251,39.807,11.095,0.04492,0.03255,14.094,0.5923,0.5565,0.554,-2.366,-1.179,-1.188,0.002056,1.644,2.657,0.8591,0.8683,0.0001731,96.983,4.535,4.524,0.000102,9.061e-06,
C:\Users\sblee\Downloads\Aesthetics-Toolbox-main\split_1\182f4514_3476_4d82_a9bd_05f76bc7cfa3.jpg,1216,0.7273,24.788,7.752,6.055,97.614,6.585,93.308,92.387,107.846,38.772,4.559,-8.559,0.6607,0.2999,0.4328,55.515,62.943,58.711,24.788,8.717,6.961,0.1216,0.2155,0.229,35.717,12.167,0.01758,0.05824,9.505,0.5682,0.3926,0.3634,-2.941,-1.736,-1.446,0.03282,1.248,2.37,0.5621,0.7942,0.0004954,96.016,4.569,4.507,0.0002602,2.075e-05,
C:\Users\sblee\Downloads\Aesthetics-Toolbox-main\split_1\183143ab_0949_453b_94ed_47cc9bbe3504_1700154843963_43.png,1472,1.875,22.876,7.548,12.79,89.111,6.807,119.241,108.595,95.914,45.602,2.609,8.469,0.06798,0.2686,0.4767,53.094,59.958,51.338,22.876,7.757,11.087,0.1387,0.1268,0.2204,51.64,10.58,-0.004167,0.05273,24.619,0.4749,0.4417,0.4526,-2.248,-1.047,-1.019,0.00788,1.571,2.67,0.7216,0.8384,0.000181,91.703,4.519,4.546,0.0001251,1.403e-05,
C:\Users\sblee\Downloads\Aesthetics-Toolbox-main\split_1\1833dd15_0275_4a0b_b7d1_dc9de06a283a.png,1280,0.6667,23.174,6.119,13.862,124.187,4.712,79.58,74.666,68.482,31.017,0.9169,4.216,0.06163,0.1976,0.3126,58.404,57.384,53.077,23.174,1.532,5.221,0.0852,0.2138,0.2292,70.617,3.601,0.01367,0.01172,10.53,0.3986,0.3357,0.3014,-2.14,-1.224,-1.051,0.009476,1.557,2.649,0.5409,0.8101,0.000852,91.129,4.286,4.362,0.0002988,2.954e-05,
C:\Users\sblee\Downloads\Aesthetics-Toolbox-main\split_1\18360f5b_b20d_4466_90f3_99208d7213f0.jpg,2048,1.0,18.825,7.522,14.091,130.503,5.946,108.092,113.252,76.106,46.044,-7.57,19.152,0.1794,0.4015,0.4584,49.223,47.532,61.846,18.825,11.64,18.604,0.1523,0.315,0.1894,60.316,3.343,0.0166,-0.001953,3.454,0.6047,0.6132,0.5884,-2.405,-1.171,-1.121,0.002858,1.818,2.7,0.8879,0.8494,0.0001382,96.884,4.536,4.535,0.0001035,7.439e-06,
C:\Users\sblee\Downloads\Aesthetics-Toolbox-main\split_1\1836733e_2b5f_45ec_8067_6a33d169b32d.jpg,1216,0.7273,25.777,7.629,4.657,64.437,7.048,99.426,98.946,84.364,40.47,-1.398,8.243,0.1462,0.3371,0.4304,53.386,67.475,51.703,25.777,11.761,9.066,0.2039,0.186,0.2385,20.88,17.465,0.05273,0.0696,10.736,0.3168,0.3193,0.2844,-2.97,-1.484,-1.366,0.002915,1.205,2.358,0.5966,0.7531,0.000462,95.272,4.346,4.315,0.0002098,2.765e-05,
C:\Users\sblee\Downloads\Aesthetics-Toolbox-main\split_1\18438299_d4c5_46c7_8df4_4b88a1764c23.jpg,1024,1.0,15.061,7.238,10.499,117.409,7.392,131.64,142.378,155.071,58.564,-0.2382,-8.14,0.5719,0.2233,0.6256,40.729,41.319,28.718,15.061,11.315,12.842,0.1868,0.162,0.1142,18.189,2.975,-0.01367,-0.005859,3.324,0.5595,0.5446,0.5461,-2.648,-1.426,-1.189,0.06299,1.599,2.568,0.7961,0.8657,0.0002594,98.212,4.433,4.54,0.0001121,7.763e-06,
C:\Users\sblee\Downloads\Aesthetics-Toolbox-main\split_1\1847cb95_95f4_4f16_856c_1f7abb75eafb.jpg,1024,1.0,13.842,6.915,5.675,52.879,6.444,153.739,90.909,125.798,46.878,31.623,-8.54,0.8869,0.4647,0.6436,53.224,33.536,12.37,13.842,10.539,16.966,0.1099,0.09025,0.1505,54.412,7.031,0.0,0.03516,5.415,0.4294,0.4719,0.3967,-2.763,-1.383,-1.225,0.04483,1.486,2.477,0.6271,0.7418,0.0007538,91.683,4.246,4.359,0.0003216,1.815e-05,
C:\Users\sblee\Downloads\Aesthetics-Toolbox-main\split_1\1847debc_2147_43bf_9dba_3cfdede0967b.png,1024,1.0,15.448,7.448,4.812,43.282,5.572,98.298,80.198,61.734,35.094,5.063,13.724,0.1106,0.3785,0.389,41.843,36.387,32.276,15.448,7.483,9.744,0.09287,0.2142,0.1636,36.314,17.973,-0.06055,0.06641,11.953,0.4615,0.3059,0.2769,-2.688,-1.252,-1.288,0.009558,1.417,2.528,0.5231,0.7671,0.0004474,91.832,4.118,4.3,0.0001865,2.455e-05,
C:\Users\sblee\Downloads\Aesthetics-Toolbox-main\split_1\185353be_185e_4099_a08a_51e7f68caa14.jpg,1728,2.375,22.777,7.75,4.357,53.915,4.539,131.081,90.689,70.078,41.344,14.106,18.208,0.04866,0.4857,0.514,62.924,55.218,42.684,22.777,5.807,9.04,0.02629,0.1096,0.2468,33.857,17.635,-0.01974,0.08594,30.839,0.4588,0.3153,0.3021,-2.716,-1.259,-1.3,0.008105,1.286,2.392,0.5023,0.7596,0.0004073,92.97,4.164,4.323,0.0002553,1.977e-05,
C:\Users\sblee\Downloads\Aesthetics-Toolbox-main\split_1\18587d7c_228f_4a97_a743_1c813e7e9a8b.jpg,1024,1.0,29.578,7.776,3.958,54.238,6.81,108.524,110.481,110.44,46.087,3.571,1.144,0.3115,0.4585,0.5589,84.309,74.243,78.209,29.578,16.064,24.893,0.3268,0.2554,0.3206,24.643,18.007,0.03711,0.08203,17.627,0.3285,0.3222,0.2768,-3.057,-1.507,-1.442,0.009096,1.216,2.264,0.6655,0.679,0.0007354,95.253,3.896,3.909,0.0003518,3.357e-05,
C:\Users\sblee\Downloads\Aesthetics-Toolbox-main\split_1\185eb5ae_0eda_4930_b8d2_9f815b1888bb.jpg,1024,1.0,18.199,6.817,1.104,24.162,4.352,137.43,115.031,110.075,50.032,8.579,6.714,0.03398,0.2403,0.5389,39.042,47.955,48.7,18.199,8.333,6.251,0.03282,0.215,0.1531,13.517,3.984,0.003906,-0.01953,7.025,0.4888,0.4172,0.4313,-3.049,-1.648,-1.465,0.001532,0.8268,2.018,0.4371,0.7274,0.001385,92.509,3.869,1.771,0.0007646,7.913e-06,
C:\Users\sblee\Downloads\Aesthetics-Toolbox-main\split_1\185f735b_23a8_409c_ab35_04019c781130.jpg,1536,2.0,28.573,7.819,10.972,138.881,7.294,139.268,120.739,108.168,51.207,6.107,8.827,0.9778,0.341,0.5752,78.946,75.559,45.084,28.573,15.636,18.622,0.2036,0.1663,0.2994,32.995,12.336,0.02441,0.05664,25.001,0.4194,0.4377,0.4062,-2.649,-1.36,-1.294,0.002697,1.443,2.54,0.692,0.8071,0.0003442,96.354,4.428,4.52,0.0001349,1.505e-05,
C:\Users\sblee\Downloads\Aesthetics-Toolbox-main\split_1\1863c6a0_b20c_4981_9598_00c29e727b70.jpg,1536,1.0,23.806,7.8,7.241,84.965,6.979,111.712,92.429,94.339,40.405,9.39,2.055,0.9339,0.3638,0.4797,66.831,57.48,60.824,23.806,9.366,16.676,0.1883,0.2022,0.2743,44.39,10.371,0.02474,0.04557,9.201,0.4406,0.2501,0.2595,-2.669,-1.134,-1.376,0.01656,1.347,2.334,0.4478,0.7824,0.0006357,93.353,4.399,4.454,0.0002209,2.336e-05,
C:\Users\sblee\Downloads\Aesthetics-Toolbox-main\split_1\186b19cc_a78d_4fac_92ba_0ebae7ad6b11.jpg,1280,1.5,26.376,7.618,6.331,71.683,5.971,121.482,87.322,45.596,38.827,10.559,27.241,0.0481,0.596,0.4795,66.345,70.124,28.655,26.376,12.861,23.524,0.08169,0.1706,0.2653,60.148,14.068,0.07031,0.001953,20.033,0.3994,0.4401,0.3605,-2.71,-1.393,-1.377,0.00174,1.262,2.481,0.7318,0.7701,0.000504,88.285,4.109,4.321,0.0001731,1.997e-05,
C:\Users\sblee\Downloads\Aesthetics-Toolbox-main\split_1\186b96db_a22f_4f22_82e1_f4081687c9f2.jpg,1024,1.0,30.113,7.594,13.332,116.231,7.006,116.084,84.34,122.815,40.033,21.846,-15.9173,0.8062,0.57,0.5376,87.246,76.779,65.363,30.113,17.228,18.688,0.1624,0.2987,0.2759,42.646,1.611,0.007812,0.001953,10.245,0.7096,0.3514,0.3509,-2.651,-1.386,-1.108,0.08448,1.395,2.52,0.5605,0.7468,0.000697,95.712,4.555,4.313,0.0002425,3.48e-05,
C:\Users\sblee\Downloads\Aesthetics-Toolbox-main\split_1\186c5015_c35b_4ee7_903d_cadfb8a7fb32.jpg,1024,1.0,26.86,7.863,7.148,71.98,6.4,160.474,107.008,92.863,49.941,19.706,16.937,0.02618,0.4985,0.6319,72.622,72.156,53.289,26.86,15.707,13.577,0.08527,0.1873,0.2819,40.159,11.489,-0.01758,0.05469,12.532,0.4218,0.3609,0.3525,-2.651,-1.336,-1.199,0.03359,1.279,2.489,0.5676,0.7782,0.0004802,92.594,4.478,4.494,0.0003359,2.364e-05,
C:\Users\sblee\Downloads\Aesthetics-Toolbox-main\split_1\1878324f_6c56_4ac3_9387_a22d272d9953.jpg,1024,1.0,21.899,7.552,8.085,75.71,4.259,102.297,97.362,91.832,40.613,0.996,3.94,0.08832,0.1404,0.4021,53.321,55.033,54.998,21.899,1.527,2.643,0.0888,0.101,0.2103,73.185,9.959,-0.03711,0.0332,12.339,0.5095,0.4545,0.4322,-2.993,-1.552,-1.279,0.06618,1.57,2.476,0.7654,0.7982,0.0003802,74.585,4.527,4.368,0.0001744,1.804e-05,
C:\Users\sblee\Downloads\Aesthetics-Toolbox-main\split_1\18787c03_c835_4f1e_a9da_53958bffd25b.jpg,1024,1.0,20.885,6.988,8.423,106.647,4.915,112.446,74.373,66.652,35.467,15.621,11.464,0.9671,0.4056,0.4448,62.565,52.111,48.215,20.885,12.699,16.459,0.1001,0.2908,0.2477,60.282,11.274,-0.05469,-0.01367,7.784,0.3483,0.348,0.3013,-3.198,-1.632,-1.403,0.06201,1.418,2.461,0.62,0.7815,0.0004931,93.051,4.514,4.41,0.0001774,2.085e-05,
C:\Users\sblee\Downloads\Aesthetics-Toolbox-main\split_1\1883fd95_91c6_42b7_ba1e_1ddf0b2f76b5.jpg,1216,0.7273,30.947,7.459,15.459,160.901,7.345,91.634,94.453,41.202,39.554,-2.452,23.678,0.1395,0.7888,0.4851,84.304,82.125,61.389,30.947,28.653,39.102,0.2831,0.277,0.3462,30.862,10.257,0.003906,0.05114,11.25,0.6091,0.3913,0.3937,-2.374,-1.374,-1.168,0.01013,1.538,2.597,0.6672,0.8099,0.0004875,97.508,4.509,4.478,0.0002108,2.89e-05,
C:\Users\sblee\Downloads\Aesthetics-Toolbox-main\split_1\188802d0_0a1b_4b23_a855_992de96fc242.jpg,1024,1.0,16.585,7.024,8.771,99.059,6.846,167.479,134.922,113.421,60.359,12.162,17.165,0.0607,0.4966,0.7307,59.912,54.436,62.64,16.585,30.617,26.494,0.227,0.2658,0.1572,46.524,2.21,0.007812,0.007812,2.512,0.4004,0.4357,0.3925,-2.835,-1.486,-1.25,0.05824,1.463,2.478,0.6086,0.8178,0.0009134,99.165,4.065,4.374,0.0004323,3.272e-05,
C:\Users\sblee\Downloads\Aesthetics-Toolbox-main\split_1\188a98d0_254a_4b9a_9630_9404f8c5f0d9.jpg,1280,1.5,24.291,7.689,5.72,81.62,1.035,124.108,123.46,123.814,50.723,0.3462,-0.1108,0.9719,0.0139,0.4868,59.686,60.319,60.012,24.291,0.511,0.2787,0.04927,0.0293,0.2341,24.03,6.19,-0.02995,-0.007812,13.485,0.3309,0.3888,0.308,-2.872,-1.495,-1.416,0.006965,1.225,2.369,0.6477,0.7361,0.0008122,96.679,3.186,3.432,0.0002708,3.273e-05,
C:\Users\sblee\Downloads\Aesthetics-Toolbox-main\split_1\188ac592_6c32_4c6f_9a81_492d0425281c.jpg,1024,1.0,21.918,7.639,16.091,138.062,6.517,105.02,143.631,126.904,57.164,-8.107,3.876,0.4411,0.6556,0.6753,73.949,59.212,68.61,21.918,13.273,38.329,0.2371,0.2212,0.2047,21.228,7.042,0.01172,-0.0332,6.368,0.5231,0.4103,0.3963,-2.62,-1.406,-1.036,0.1296,1.567,2.673,0.6745,0.8381,0.0003633,94.747,4.271,4.454,0.0002143,1.623e-05,
C:\Users\sblee\Downloads\Aesthetics-Toolbox-main\split_1\188d3d5d_b9a5_402f_9905_19be6c125d00.jpg,1024,1.0,27.467,7.363,5.668,82.747,4.621,126.619,119.159,110.671,49.276,1.467,5.861,0.0771,0.2271,0.4974,67.672,69.784,72.106,27.467,2.449,4.348,0.08956,0.2377,0.2662,52.369,10.938,0.0,-0.05469,7.212,0.4423,0.2807,0.2824,-3.226,-1.573,-1.536,0.009375,1.277,2.396,0.4689,0.6988,0.0009829,88.056,4.324,4.384,0.0003194,2.856e-05,
C:\Users\sblee\Downloads\Aesthetics-Toolbox-main\split_1\188db08e_5027_4de3_801c_c2b35c5422ba.jpg,1216,0.7273,22.568,7.512,6.414,70.116,5.309,93.184,91.344,96.448,38.025,2.081,-2.499,0.7074,0.1298,0.3904,51.459,55.031,56.001,22.568,6.057,3.189,0.1717,0.07599,0.219,41.782,12.808,0.003906,0.06392,10.457,0.6629,0.3708,0.3739,-2.564,-1.45,-1.249,0.006062,1.307,2.423,0.7276,0.816,0.0004202,95.611,4.502,4.49,0.0001888,2.045e-05,
C:\Users\sblee\Downloads\Aesthetics-Toolbox-main\split_1\18914d7b_c1d2_4971_9459_3e1d38ffabd5.png,1024,1.0,18.887,7.094,6.894,74.062,6.249,119.956,125.226,162.06,53.236,8.246,-19.4199,0.64,0.4009,0.6708,45.164,49.793,55.459,18.887,13.049,18.909,0.1344,0.1626,0.1935,3.603,6.629,-0.02344,-0.02344,4.31,0.5002,0.3877,0.3662,-2.84,-1.48,-1.265,0.04796,1.53,2.51,0.5482,0.6644,0.0004936,88.556,4.376,4.368,0.0004375,2.592e-05,
C:\Users\sblee\Downloads\Aesthetics-Toolbox-main\split_1\18970c0b_3f36_45ec_9b31_2c51567d994e.jpg,1024,1.0,23.415,7.779,18.338,130.593,6.778,70.078,96.097,89.132,38.122,-8.397,1.866,0.4109,0.453,0.4119,47.042,62.711,59.049,23.415,16.034,9.293,0.2363,0.2141,0.2399,46.843,5.138,-0.02539,0.003906,6.905,0.5538,0.544,0.5274,-2.182,-1.004,-1.08,0.007196,1.696,2.698,0.736,0.8405,0.0002725,94.053,4.515,4.54,0.000101,1.443e-05,
C:\Users\sblee\Downloads\Aesthetics-Toolbox-main\split_1\18992be0_bafd_4f7e_ae94_dd69e6b040d5.jpg,1280,0.6667,23.223,7.599,4.275,71.694,6.937,132.08,121.259,133.691,51.375,6.946,-5.585,0.8204,0.2281,0.5535,58.972,58.339,47.474,23.223,5.55,7.951,0.1706,0.2056,0.2101,12.87,6.871,0.005859,0.03385,10.681,0.3823,0.3129,0.3158,-2.982,-1.685,-1.435,0.004257,1.165,2.272,0.5525,0.7471,0.0006553,95.666,4.332,4.155,0.0002454,2.499e-05,
C:\Users\sblee\Downloads\Aesthetics-Toolbox-main\split_1\189d104a_b1f7_490a_bddc_2c38350e00b7.jpg,1152,0.8,18.1,7.453,6.399,73.149,6.565,127.882,99.081,103.971,44.504,13.162,1.106,0.8968,0.2878,0.5152,56.132,44.074,29.673,18.1,5.989,15.821,0.1225,0.1121,0.2128,49.513,9.845,-0.04883,0.00625,10.651,0.4813,0.4286,0.3845,-2.835,-1.59,-1.376,0.01777,1.358,2.45,0.719,0.7891,0.0004008,93.576,4.33,4.378,0.0001672,2.139e-05,
C:\Users\sblee\Downloads\Aesthetics-Toolbox-main\split_1\189dc1a5_bc36_4457_8ccd_b91e09609627.png,1216,0.7273,28.733,7.83,5.764,77.691,5.566,92.776,111.772,64.993,43.023,-14.9844,22.441,0.2136,0.4584,0.4423,63.885,74.502,45.845,28.733,10.335,13.462,0.06627,0.09864,0.2884,38.21,13.084,0.02344,0.06108,7.724,0.4114,0.3648,0.3592,-3.002,-1.541,-1.51,0.00387,1.248,2.363,0.6986,0.7434,0.0005141,94.479,4.377,4.308,0.0002108,2.428e-05,
C:\Users\sblee\Downloads\Aesthetics-Toolbox-main\split_1\189e6ed3_5b85_4104_b355_424fba48cc60.jpg,1216,0.7273,17.227,7.527,10.483,81.822,4.772,84.45,60.887,55.898,27.486,9.241,6.697,0.006762,0.3043,0.3317,53.908,36.141,28.694,17.227,6.575,8.143,0.06546,0.1159,0.2108,51.243,16.771,-0.01562,0.08239,9.173,0.6406,0.5483,0.5493,-2.327,-1.249,-1.057,0.006294,1.568,2.602,0.8557,0.848,0.0003315,93.885,4.123,4.397,0.0001225,1.192e-05,
C:\Users\sblee\Downloads\Aesthetics-Toolbox-main\split_1\18aa2c1b_d76a_42ca_ac13_cc5e780c2dbd.jpg,1216,0.7273,20.574,7.684,10.522,78.231,5.357,127.321,84.486,49.124,39.377,14.02,26.909,0.05997,0.6282,0.4994,54.808,52.221,27.982,20.574,9.081,15.3,0.05147,0.1462,0.2148,38.52,13.358,0.001953,0.06676,10.685,0.6318,0.5014,0.4941,-2.309,-1.098,-1.085,0.01161,1.494,2.566,0.698,0.8172,0.0003136,93.393,4.508,4.486,0.0001499,1.538e-05,
C:\Users\sblee\Downloads\Aesthetics-Toolbox-main\split_1\18aca6a3_4c62_4271_83ef_800654cd13b2.jpg,1472,0.9167,24.556,7.797,7.974,95.749,6.668,154.967,100.11,93.359,47.934,21.77,12.746,0.988,0.5146,0.6155,70.503,64.35,43.304,24.556,16.038,21.855,0.1213,0.2235,0.2717,25.471,2.841,-0.005682,-0.01302,6.926,0.4542,0.444,0.4459,-2.595,-1.419,-1.306,0.004389,1.355,2.457,0.6939,0.7967,0.0004997,98.232,4.494,4.428,0.0002219,2.391e-05,
C:\Users\sblee\Downloads\Aesthetics-Toolbox-main\split_1\18acea27_dc13_498d_8292_a26048ce00d2.jpg,1536,2.0,22.239,7.628,11.066,102.569,5.466,120.82,120.256,111.205,49.454,-1.129,5.45,0.1981,0.1813,0.492,53.224,56.645,63.369,22.239,1.562,9.104,0.2169,0.1588,0.2244,35.265,13.673,-0.0009766,0.06836,22.543,0.5052,0.4757,0.4874,-2.328,-1.149,-1.121,0.001601,1.524,2.578,0.7793,0.8651,0.0003072,93.484,4.263,4.467,0.0001711,1.232e-05,
C:\Users\sblee\Downloads\Aesthetics-Toolbox-main\split_1\18b69b92_b21e_4f26_8b16_2d23eb7203b0.jpg,1024,1.0,30.008,7.668,6.242,102.434,6.192,125.21,106.641,82.758,45.251,4.178,15.431,0.07496,0.4789,0.519,83.109,73.901,68.126,30.008,16.337,16.018,0.163,0.3058,0.3226,22.163,10.134,-0.02344,-0.04492,9.43,0.3016,0.3442,0.3121,-3.511,-1.843,-1.619,0.01345,1.153,2.321,0.6032,0.7178,0.0007236,98.19,4.43,4.288,0.000298,3.193e-05,
C:\Users\sblee\Downloads\Aesthetics-Toolbox-main\split_1\18c70dbb_b32a_4bc2_a601_ec774e433941.jpg,1216,0.7273,28.47,7.658,12.434,157.606,7.581,98.263,86.226,54.915,38.764,5.257,17.691,0.07824,0.7697,0.5107,92.845,73.731,50.93,28.47,31.486,36.901,0.321,0.2301,0.3377,39.881,17.157,-0.009766,0.08523,9.477,0.526,0.445,0.3929,-2.622,-1.534,-1.348,0.02116,1.509,2.576,0.6271,0.7984,0.0005346,95.039,4.517,4.48,0.0002385,2.942e-05,
C:\Users\sblee\Downloads\Aesthetics-Toolbox-main\split_1\18d4033b_7a19_46ec_a765_4ca6d3c884e6.png,1280,1.5,24.793,7.872,9.989,134.665,6.857,102.282,118.433,107.038,47.476,-6.695,5.204,0.3661,0.3175,0.4974,51.591,66.676,68.489,24.793,13.81,10.039,0.231,0.1992,0.2469,42.268,8.559,0.04167,0.009766,14.757,0.5598,0.4754,0.4457,-2.871,-1.595,-1.374,0.005361,1.395,2.495,0.7151,0.8186,0.0003737,95.323,4.493,4.516,0.0001582,1.293e-05,
C:\Users\sblee\Downloads\Aesthetics-Toolbox-main\split_1\18d5eda1_438e_4989_9ee6_edad9acce02d.jpg,1600,2.125,20.554,7.654,9.995,120.211,6.007,116.706,89.862,88.437,40.697,11.655,5.737,0.99,0.3318,0.4747,58.492,52.329,50.535,20.554,11.338,15.79,0.0998,0.259,0.2201,48.198,16.08,0.02574,0.07617,25.275,0.493,0.4288,0.3989,-2.418,-1.591,-1.282,0.002219,1.604,2.512,0.6804,0.7859,0.0002681,94.538,4.465,4.522,0.0001319,1.457e-05,
C:\Users\sblee\Downloads\Aesthetics-Toolbox-main\split_1\18dad3fd_b19b_466b_96d2_45a2430c84ed.jpg,1280,1.5,13.79,7.333,8.758,72.426,6.365,125.993,123.488,103.717,51.286,-1.981,11.431,0.1752,0.2584,0.5157,30.98,36.232,43.653,13.79,4.717,11.516,0.1745,0.1407,0.1354,42.77,8.977,0.01823,0.04102,15.108,0.5789,0.5158,0.5008,-2.307,-1.311,-1.096,0.004302,1.67,2.615,0.8101,0.856,0.0001712,94.576,4.527,4.552,0.0001271,1.138e-05,
C:\Users\sblee\Downloads\Aesthetics-Toolbox-main\split_1\18f66526_ed9f_419e_b56b_a73dbd8c1037.jpg,1536,2.0,30.761,7.025,13.123,168.338,6.215,138.422,96.499,95.989,46.845,14.252,9.554,0.1117,0.4589,0.5578,85.942,89.767,73.464,30.761,29.204,27.115,0.2707,0.401,0.3311,49.652,1.953,-0.007812,-0.005859,18.436,0.4358,0.3465,0.3484,-2.312,-1.537,-1.014,0.01021,1.443,2.495,0.6248,0.8195,0.000787,95.25,4.039,4.275,0.0002634,2.831e-05,
C:\Users\sblee\Downloads\Aesthetics-Toolbox-main\split_1\190208cf_e189_457d_a729_931bbeb46f92.jpg,1280,0.6667,27.672,7.86,11.464,140.131,5.5,138.968,83.421,52.306,40.901,20.274,27.197,0.05621,0.6751,0.5452,72.962,73.157,64.337,27.672,16.206,18.329,0.04744,0.2794,0.2859,47.443,5.427,0.01367,-0.02344,17.039,0.5281,0.5112,0.4819,-2.632,-1.394,-1.369,0.001425,1.47,2.453,0.7551,0.8494,0.0003632,94.453,4.529,4.515,0.0001438,1.674e-05,
C:\Users\sblee\Downloads\Aesthetics-Toolbox-main\split_1\19076b26_e8f5_48f8_bce7_eceb60d524a9.jpg,1216,0.7273,17.518,7.343,9.772,143.231,6.691,143.732,106.075,114.66,52.895,18.967,6.751,0.8667,0.6215,0.7066,75.201,64.758,60.76,17.518,32.505,32.198,0.2864,0.2505,0.1656,50.948,2.813,0.005859,-0.01278,11.068,0.5556,0.444,0.4474,-2.663,-1.69,-1.393,0.04493,1.474,2.553,0.7376,0.8299,0.0003944,98.406,4.085,4.404,0.0002131,1.537e-05,
C:\Users\sblee\Downloads\Aesthetics-Toolbox-main\split_1\190e816c_a303_49cb_a171_1438b1891503.jpg,1024,1.0,19.818,7.608,12.901,96.338,3.837,136.9,133.585,129.797,55.268,0.6916,2.582,0.14,0.07096,0.5383,48.67,51.065,50.195,19.818,3.513,2.302,0.0774,0.1068,0.192,29.998,9.194,-0.04492,-0.009766,6.763,0.4272,0.452,0.4382,-2.032,-0.9942,-0.9389,0.01459,1.609,2.633,0.581,0.8284,0.0008443,95.664,4.437,4.498,0.0003767,3.216e-05,
C:\Users\sblee\Downloads\Aesthetics-Toolbox-main\split_1\1911fd34_4aff_4719_8711_49191ee7ec2b.png,1024,1.0,29.115,7.636,12.699,109.568,6.229,97.34,91.117,76.882,37.131,0.2303,9.06,0.105,0.3302,0.3875,73.065,70.967,72.526,29.115,5.597,10.363,0.1093,0.1977,0.2899,44.249,8.286,-0.005859,-0.04102,8.529,0.2396,0.3949,0.2142,-2.489,-1.228,-1.054,0.04673,1.457,2.57,0.4571,0.7772,0.0005434,95.526,4.44,4.433,0.0001921,3.178e-05,
C:\Users\sblee\Downloads\Aesthetics-Toolbox-main\split_1\1914f53b_7d48_41ba_a96b_c6fc2239974d.jpg,1152,1.25,18.397,7.464,3.81,60.81,5.288,101.645,87.991,121.365,39.293,13.157,-16.8433,0.7317,0.3153,0.4761,41.788,47.305,45.521,18.397,6.852,5.543,0.04829,0.1426,0.1784,52.369,4.002,0.0125,0.01562,10.26,0.5891,0.4837,0.4941,-3.282,-1.7,-1.55,0.00571,1.193,2.336,0.5913,0.7237,0.0004711,91.585,4.511,4.424,0.0002928,9.78e-06,
C:\Users\sblee\Downloads\Aesthetics-Toolbox-main\split_1\19160daa_e999_488b_a3e5_34b72f1cf0e5.jpg,1024,1.0,19.525,7.467,10.034,85.387,5.079,95.348,118.681,121.602,47.57,-7.226,-4.511,0.5254,0.2477,0.4934,46.049,51.252,47.945,19.525,6.432,9.574,0.06603,0.1018,0.2031,65.973,2.104,-0.003906,-0.009766,8.282,0.6165,0.6123,0.5997,-2.304,-1.089,-1.057,0.01865,1.668,2.577,0.6899,0.8256,0.0006447,87.004,4.525,4.47,0.000256,2.588e-05,
C:\Users\sblee\Downloads\Aesthetics-Toolbox-main\split_1\191aa046_c17f_4dc4_9a0c_f06f49302eaa.jpg,1024,1.0,23.526,7.755,20.572,207.362,6.943,157.415,87.798,96.519,48.032,25.811,10.876,0.988,0.659,0.653,82.198,68.073,60.486,23.526,35.57,24.427,0.1513,0.2478,0.2887,39.667,0.8735,-0.003906,0.001953,2.359,0.7641,0.5792,0.5746,-2.65,-1.521,-1.078,0.136,1.665,2.687,0.7846,0.8537,0.000414,98.999,4.547,4.517,0.0001156,1.117e-05,
C:\Users\sblee\Downloads\Aesthetics-Toolbox-main\split_1\191df996_5e39_4d5e_8f1b_37f2f060ed0a.jpg,1216,0.7273,27.257,7.446,5.182,72.158,5.204,94.324,97.268,62.655,38.824,-6.439,18.218,0.1501,0.3762,0.3916,66.796,69.616,59.486,27.257,8.41,16.232,0.09483,0.2176,0.2699,61.96,4.892,0.003906,-0.02415,13.018,0.4541,0.3286,0.2996,-3.2,-1.563,-1.617,0.003915,1.24,2.334,0.638,0.7269,0.0005746,90.088,4.273,4.176,0.0002222,2.981e-05,
C:\Users\sblee\Downloads\Aesthetics-Toolbox-main\split_1\191e56a1_1c86_4da1_8244_489d7dee1e26.jpg,1216,1.375,22.133,7.283,8.138,60.294,4.692,100.573,44.916,21.921,25.116,22.099,23.474,0.03227,0.797,0.3944,67.851,50.559,23.871,22.133,10.782,18.529,0.03153,0.1282,0.2661,63.165,33.141,-0.1619,0.03516,22.591,0.382,0.3864,0.3073,-2.202,-1.061,-1.029,0.009911,1.46,2.529,0.509,0.7644,0.0003544,83.552,4.522,4.411,0.0002131,2.37e-05,
C:\Users\sblee\Downloads\Aesthetics-Toolbox-main\split_1\1934090b_9367_41e4_b5fc_91919b182c60.jpg,1024,1.0,21.333,6.942,7.777,86.271,1.095,143.78,143.329,143.548,58.778,0.2187,-0.0556,0.982,0.02196,0.564,51.944,52.522,52.312,21.333,0.4401,0.3586,0.05359,0.09956,0.2037,9.753,6.641,0.0,-0.0332,4.388,0.4641,0.409,0.3703,-2.969,-1.527,-1.311,0.04985,1.172,2.55,0.5419,0.7525,0.0004212,91.505,4.401,4.423,0.0002221,1.806e-05,
C:\Users\sblee\Downloads\Aesthetics-Toolbox-main\split_1\193b7577_fcf5_4671_a70b_2d7c0d38c47d.jpg,1152,0.5,29.994,7.531,19.732,179.169,6.671,76.401,88.906,100.411,36.68,-0.2795,-6.795,0.6615,0.4704,0.4376,59.345,80.271,70.231,29.994,28.027,16.773,0.1507,0.237,0.3177,33.336,5.591,0.01302,-0.02474,20.715,0.5154,0.52,0.4857,-2.441,-1.235,-1.199,0.002531,1.518,2.727,0.7515,0.8225,0.0004254,98.891,4.107,4.364,0.0001498,1.554e-05,
C:\Users\sblee\Downloads\Aesthetics-Toolbox-main\split_1\193cc3db_94a2_4528_871e_dfb3f114c86a.jpg,1344,1.625,37.697,7.168,23.728,248.463,5.989,120.087,114.73,112.271,46.586,1.732,2.116,0.05155,0.2296,0.4769,94.157,95.316,92.732,37.697,6.304,4.296,0.1748,0.3088,0.372,32.337,0.4587,0.001202,-0.001953,16.943,0.5479,0.5791,0.5295,-2.332,-1.238,-1.13,0.0164,1.622,2.723,0.7439,0.8531,0.0005081,97.857,3.857,4.008,0.000157,1.066e-05,
C:\Users\sblee\Downloads\Aesthetics-Toolbox-main\split_1\194afc57_4a5b_4489_ae30_853f9a24e1ef.jpg,1216,0.7273,36.625,7.439,11.75,163.336,6.529,144.602,125.12,124.312,52.347,7.645,3.341,0.02863,0.3214,0.5784,96.509,93.259,86.221,36.625,11.993,10.745,0.1396,0.2935,0.3668,29.132,10.192,-0.05078,0.004261,14.62,0.4254,0.4195,0.3902,-2.778,-1.486,-1.369,0.004937,1.344,2.477,0.7109,0.825,0.0004687,96.249,4.462,4.439,0.0001626,1.541e-05,
C:\Users\sblee\Downloads\Aesthetics-Toolbox-main\split_1\194bb340_0416_4485_b64b_0a8be31bb8e5.jpg,1280,0.6667,17.44,5.605,3.57,65.245,4.217,110.738,97.653,85.048,41.748,3.182,9.075,0.08116,0.2415,0.4357,46.881,43.926,38.199,17.44,4.579,5.897,0.08456,0.1079,0.1837,59.012,3.385,-0.01562,-0.00651,14.372,0.4423,0.4102,0.3568,-3.305,-1.758,-1.59,0.003149,1.249,2.314,0.529,0.754,0.0009713,86.048,4.491,4.407,0.0003787,2.261e-05,
C:\Users\sblee\Downloads\Aesthetics-Toolbox-main\split_1\194d03e8_43a2_42b4_844e_a8bb6c835dc0.jpg,1216,0.7273,16.615,7.489,5.055,56.341,6.394,122.33,89.736,81.514,41.675,13.378,10.811,0.001575,0.4581,0.5203,58.986,41.56,36.195,16.615,14.193,18.156,0.1989,0.2012,0.1994,50.6,9.347,-0.03711,0.02841,12.483,0.5574,0.4687,0.4524,-2.857,-1.443,-1.4,0.005728,1.429,2.449,0.7925,0.7671,0.0003988,87.876,4.388,4.33,0.0001818,1.698e-05,
C:\Users\sblee\Downloads\Aesthetics-Toolbox-main\split_1\1950ed3e_dddb_4a82_98c5_fc60eaad9b8b.jpg,1216,0.7273,26.956,7.815,14.662,143.43,7.133,108.28,95.23,75.131,40.556,3.405,13.881,0.1065,0.4836,0.4567,60.909,71.121,61.502,26.956,15.616,13.409,0.1575,0.2933,0.2492,39.137,3.775,-0.003906,-0.01847,12.333,0.6269,0.5307,0.5081,-2.414,-1.379,-1.14,0.007978,1.514,2.589,0.708,0.8249,0.0003317,95.308,4.552,4.537,0.0001116,1.61e-05,
C:\Users\sblee\Downloads\Aesthetics-Toolbox-main\split_1\1952a979_c45a_47b2_9d44_9168ad4bc742.jpg,1024,1.0,32.947,6.807,23.904,279.91,5.419,73.549,69.889,58.258,28.129,-0.3707,6.357,0.0677,0.3753,0.2913,84.633,82.206,67.132,32.947,2.819,12.67,0.1458,0.3626,0.3307,56.012,13.694,0.003906,0.06836,12.054,0.6598,0.5274,0.5204,-2.67,-1.341,-1.227,0.05779,1.62,2.753,0.7398,0.8502,0.0007342,97.414,2.749,3.53,0.000175,1.316e-05,
C:\Users\sblee\Downloads\Aesthetics-Toolbox-main\split_1\19543921_2748_47ec_b5df_9f523a7e2c5c.jpg,1280,1.5,14.709,7.035,9.393,95.508,4.516,100.176,53.318,24.353,27.645,18.342,25.479,0.06115,0.7273,0.3947,47.178,33.569,23.451,14.709,11.32,15.584,0.03946,0.2239,0.186,68.47,6.002,0.00651,0.0293,15.325,0.4942,0.527,0.4859,-2.145,-1.413,-1.208,0.03316,1.639,2.551,0.66,0.7977,0.0005228,91.999,4.405,4.42,0.0001372,1.618e-05,
C:\Users\sblee\Downloads\Aesthetics-Toolbox-main\split_1\1954acd8_3956_4e60_923f_a55b3b146dc6.jpg,1536,1.0,21.981,7.781,6.799,99.388,6.804,108.248,96.302,133.155,43.061,14.604,-17.8406,0.7248,0.4477,0.5679,61.323,55.775,55.431,21.981,12.257,15.763,0.141,0.1691,0.2284,33.872,5.944,0.01432,0.02604,5.097,0.5072,0.4373,0.4201,-2.837,-1.199,-1.39,0.01585,1.311,2.393,0.6788,0.8152,0.0004036,96.693,4.096,4.453,0.0002123,1.661e-05,
C:\Users\sblee\Downloads\Aesthetics-Toolbox-main\split_1\19608a36_8c8f_4841_b626_aa43d885a568.jpg,1024,1.0,19.069,7.542,10.746,95.887,6.908,146.173,112.343,115.388,53.281,19.709,6.505,0.9851,0.6384,0.7247,81.748,57.814,47.06,19.069,25.554,34.555,0.2488,0.1985,0.1777,24.705,0.8735,-0.003906,0.001953,3.013,0.6748,0.4638,0.4595,-2.323,-1.183,-0.9866,0.06032,1.458,2.395,0.6257,0.7586,0.0007716,98.058,4.436,4.398,0.0001814,4.184e-05,
C:\Users\sblee\Downloads\Aesthetics-Toolbox-main\split_1\196151da_7a49_4120_833c_2f61a2ed529f.jpg,1024,1.0,20.204,7.642,12.515,145.259,5.555,107.164,94.266,73.489,40.056,1.88,13.794,0.1106,0.3448,0.4394,55.611,48.778,40.05,20.204,11.15,7.781,0.09656,0.1246,0.2195,32.159,4.704,-0.01758,-0.01562,4.528,0.5307,0.4445,0.4282,-2.937,-1.554,-1.298,0.07733,1.556,2.594,0.5832,0.7954,0.0005215,98.548,4.383,4.484,0.0001803,1.583e-05,
C:\Users\sblee\Downloads\Aesthetics-Toolbox-main\split_1\19651da4_e347_45d0_b6ae_2647da8a909f.jpg,1216,0.7273,19.257,7.545,11.199,89.866,6.709,93.783,89.466,57.103,37.069,-2.975,18.459,0.1634,0.4395,0.3928,52.323,46.949,36.313,19.257,10.366,14.737,0.1375,0.2199,0.2042,46.081,1.588,0.007812,0.00142,13.009,0.5564,0.4821,0.4661,-2.434,-1.089,-1.161,0.008736,1.595,2.581,0.6671,0.8322,0.0002852,90.941,4.522,4.512,0.0001014,1.407e-05,
C:\Users\sblee\Downloads\Aesthetics-Toolbox-main\split_1\196715f9_17e4_4789_8b2c_cb20c170bc0f.jpg,1024,1.0,16.032,7.102,3.573,43.097,6.475,133.841,110.659,118.908,55.077,20.931,3.211,0.7446,0.7795,0.8084,94.686,61.707,74.95,16.032,40.714,51.241,0.3255,0.1881,0.1392,24.023,0.5524,-0.001953,0.001953,3.891,0.2966,0.3301,0.2657,-3.126,-1.559,-1.454,0.0184,1.083,2.168,0.5445,0.6559,0.001224,97.804,3.527,3.73,0.0006536,4.41e-05,
C:\Users\sblee\Downloads\Aesthetics-Toolbox-main\split_1\196c6a1e_25d5_45f8_94b3_2b86d7d504fc.jpg,1536,2.0,24.864,7.75,7.546,87.361,5.554,95.886,91.174,70.532,37.385,-1.253,12.05,0.1353,0.3683,0.3858,61.23,61.097,57.274,24.864,2.908,12.354,0.1117,0.2199,0.2493,39.611,16.425,-0.07422,-0.03516,23.384,0.4398,0.3657,0.3242,-2.76,-1.269,-1.25,0.00783,1.406,2.468,0.6153,0.7926,0.0005032,91.891,3.361,3.777,0.0001381,2.082e-05,
C:\Users\sblee\Downloads\Aesthetics-Toolbox-main\split_1\196fdbfc_6f20_4466_b885_4343fa85d2b6.jpg,2048,1.0,3.801,6.543,0.2827,7.044,4.866,66.258,65.82,61.034,27.759,-0.8183,2.985,0.1662,0.09629,0.2639,9.187,8.651,8.576,3.801,1.615,2.325,0.1219,0.05236,0.03573,20.962,3.892,-0.01855,0.005859,3.4,0.6432,0.6656,0.6157,-3.136,-1.529,-1.381,0.01842,0.9058,2.108,0.7556,0.8029,0.001206,98.013,3.959,3.609,0.0002888,5.044e-06,
C:\Users\sblee\Downloads\Aesthetics-Toolbox-main\split_1\197b6b86_86de_4809_97f2_92b0eaa0b30b.jpg,1216,0.7273,33.453,7.719,7.88,133.744,6.283,115.311,113.09,91.898,45.278,-2.484,11.803,0.1225,0.314,0.4682,83.707,85.207,74.096,33.453,9.058,10.095,0.1186,0.1792,0.3234,46.927,11.239,-0.01562,0.05398,8.775,0.5871,0.4373,0.4249,-2.999,-1.605,-1.507,0.02421,1.248,2.361,0.6903,0.7644,0.0008919,94.994,3.628,4.044,0.0002307,2.329e-05,
C:\Users\sblee\Downloads\Aesthetics-Toolbox-main\split_1\198992e2_ca94_45cb_b498_06ec41b075e2.jpg,1408,1.75,22.437,7.61,6.029,69.969,6.337,102.51,68.139,57.287,32.028,13.72,11.853,0.9494,0.4204,0.4114,71.697,51.974,34.46,22.437,13.701,20.412,0.1537,0.2389,0.277,55.669,4.265,0.01451,-0.01562,17.635,0.4084,0.3766,0.3533,-2.687,-1.23,-1.315,0.004704,1.321,2.475,0.5722,0.7734,0.0004263,93.801,4.367,4.424,0.0001588,1.672e-05,
C:\Users\sblee\Downloads\Aesthetics-Toolbox-main\split_1\1995f077_8820_415d_9f3e_1e575eae5fc0.jpg,1024,1.0,31.958,7.33,13.668,138.937,5.851,131.083,131.721,127.14,54.649,4.331,2.425,0.7884,0.3808,0.6174,95.088,81.358,89.529,31.958,13.129,30.707,0.2592,0.413,0.3277,26.914,0.7812,0.0,0.003906,6.023,0.4689,0.4402,0.4253,-2.646,-1.261,-1.263,0.007879,1.448,2.538,0.6558,0.7837,0.0004613,96.702,4.422,4.405,0.0002485,2.926e-05,
C:\Users\sblee\Downloads\Aesthetics-Toolbox-main\split_1\19a39cb1_b0f0_427a_b668_a5ba5880a42e.jpg,1152,0.8,27.048,7.632,7.106,84.678,6.353,101.122,71.922,46.595,32.947,8.911,20.353,0.1037,0.6464,0.419,77.21,68.59,57.204,27.048,18.832,13.319,0.1273,0.2655,0.2872,59.185,13.323,0.04883,0.04531,11.49,0.4015,0.3843,0.3431,-2.914,-1.425,-1.422,0.004566,1.332,2.425,0.7364,0.7773,0.000415,89.766,4.45,4.359,0.0001714,2.253e-05,
C:\Users\sblee\Downloads\Aesthetics-Toolbox-main\split_1\19ad1d34_cce3_4ebd_ba55_b5f95303eb48.jpg,1600,1.778,15.304,7.289,9.75,80.983,6.763,97.945,122.957,122.556,49.465,-8.198,-2.559,0.497,0.3126,0.5257,38.978,39.756,45.684,15.304,7.952,14.215,0.133,0.1116,0.1717,48.404,11.067,0.04004,0.03819,19.122,0.5263,0.5714,0.4768,-2.228,-1.052,-1.071,0.003531,1.643,2.641,0.7098,0.8278,0.0002258,94.479,3.84,4.264,0.0001324,1.127e-05,
C:\Users\sblee\Downloads\Aesthetics-Toolbox-main\split_1\19b61aab_11f1_43d0_9d98_68088f125991.png,1024,1.0,33.139,7.599,20.899,210.7,6.558,87.343,125.145,143.887,49.4,-3.683,-13.4842,0.5666,0.5393,0.5836,88.497,87.787,79.886,33.139,14.018,14.933,0.1591,0.327,0.308,51.926,7.339,-0.01562,0.0332,7.876,0.6271,0.5564,0.5355,-2.764,-1.502,-1.161,0.0722,1.507,2.633,0.7535,0.8369,0.0005512,94.909,4.175,4.389,0.0001883,1.467e-05,
C:\Users\sblee\Downloads\Aesthetics-Toolbox-main\split_1\19bd49a1_bc94_4b2b_b372_f3887fb1fcd0.jpg,1024,1.0,23.315,7.721,13.087,118.884,4.87,102.842,126.642,148.246,51.047,-2.755,-14.4188,0.5777,0.3841,0.5819,59.111,57.631,59.032,23.315,7.111,6.331,0.05431,0.1963,0.2316,19.429,8.629,-0.003906,-0.04297,6.568,0.5171,0.5445,0.4922,-2.495,-1.146,-1.186,0.007462,1.494,2.592,0.7584,0.8443,0.0002998,95.634,4.059,4.351,0.0001327,9.31e-06,
C:\Users\sblee\Downloads\Aesthetics-Toolbox-main\split_1\19c43441_d273_4f75_a520_c88425a08b59.png,1216,0.7273,28.542,7.942,5.441,92.177,6.324,148.969,95.843,123.846,46.296,26.227,-6.837,0.8998,0.4775,0.5948,77.678,73.497,60.703,28.542,13.209,17.739,0.1082,0.1859,0.2989,44.665,13.038,0.0293,0.05824,13.194,0.6236,0.4265,0.4014,-3.134,-1.671,-1.51,0.01669,1.233,2.418,0.5542,0.7261,0.0007069,91.504,4.32,4.352,0.0003701,2.971e-05,
C:\Users\sblee\Downloads\Aesthetics-Toolbox-main\split_1\19c72a96_9806_424c_9cec_b5abc1845e35.jpg,1536,2.0,22.636,7.654,13.368,128.535,5.868,112.046,95.921,60.679,40.708,1.762,22.074,0.1214,0.5815,0.4445,59.697,56.243,59.46,22.636,11.357,11.805,0.06468,0.2828,0.2314,48.53,18.657,0.0166,0.0918,25.343,0.5761,0.5572,0.5374,-2.333,-1.249,-1.17,0.002815,1.603,2.595,0.7558,0.8636,0.0001909,92.267,4.395,4.492,0.0001162,1.065e-05,
C:\Users\sblee\Downloads\Aesthetics-Toolbox-main\split_1\19ce237f_93ff_4173_8730_89920e5e4e32.jpg,1024,1.0,31.062,7.743,17.656,234.392,6.814,138.904,122.244,166.279,53.685,16.846,-20.2716,0.7883,0.3918,0.6652,88.617,80.455,78.295,31.062,19.525,21.949,0.1646,0.314,0.311,26.636,7.822,-0.001953,-0.03906,5.863,0.4589,0.423,0.3834,-2.974,-1.705,-1.217,0.1409,1.499,2.62,0.5542,0.7694,0.0007848,97.871,4.28,4.452,0.000224,1.924e-05,
C:\Users\sblee\Downloads\Aesthetics-Toolbox-main\split_1\19dba09c_ba3e_4589_b7e1_82d10c0c4fcd.jpg,1024,1.0,25.201,7.806,8.362,92.659,6.211,127.228,111.001,88.977,46.883,3.606,14.472,0.1213,0.368,0.5087,63.163,64.079,53.95,25.201,8.263,12.736,0.1159,0.2494,0.2496,25.491,5.255,0.01758,0.01953,8.575,0.3862,0.4107,0.3326,-2.911,-1.411,-1.353,0.0274,1.366,2.481,0.6042,0.7748,0.0005411,96.737,4.465,4.335,0.0001932,2.622e-05,
C:\Users\sblee\Downloads\Aesthetics-Toolbox-main\split_1\19e9522f_9f60_4ae1_a835_8fa388b0c93e.jpg,1600,0.7857,10.418,7.1,0.8092,24.713,5.998,135.626,128.046,116.18,53.795,0.9061,7.416,0.1258,0.1441,0.5365,29.48,26.428,20.912,10.418,3.848,6.447,0.1308,0.1016,0.1127,19.926,2.738,-0.002841,-0.01339,7.912,0.4517,0.4445,0.4161,-3.313,-1.588,-1.458,0.01559,0.8314,2.023,0.6976,0.7909,0.0007917,95.85,4.325,3.41,0.0003908,1.15e-05,
C:\Users\sblee\Downloads\Aesthetics-Toolbox-main\split_1\19ebbf4b_668a_41b7_b69b_a82ca21f67d6.jpg,1280,0.6667,14.378,5.871,6.397,67.31,3.485,100.289,84.609,77.998,36.922,5.536,6.272,0.03,0.237,0.3933,37.053,36.003,33.804,14.378,2.285,6.478,0.03835,0.1556,0.1454,88.573,1.864,0.001953,0.009115,10.466,0.4355,0.3594,0.3304,-2.416,-1.35,-1.164,0.002783,1.36,2.351,0.6013,0.8063,0.0004289,82.648,4.508,4.451,0.0001642,1.712e-05,
C:\Users\sblee\Downloads\Aesthetics-Toolbox-main\split_1\1a01d451_27c4_4cb0_a7e1_8af94799085b.jpg,1024,1.0,26.86,7.621,7.571,111.702,5.423,125.436,54.262,46.062,32.566,28.688,21.046,0.009699,0.7414,0.4978,79.384,67.214,61.065,26.86,19.344,16.768,0.0854,0.2445,0.3119,65.706,17.174,-0.08203,-0.02539,15.327,0.3882,0.3218,0.2909,-3.065,-1.568,-1.353,0.05422,1.26,2.411,0.4862,0.7243,0.0008192,93.215,4.462,4.424,0.0005264,2.595e-05,
C:\Users\sblee\Downloads\Aesthetics-Toolbox-main\split_1\1a14cbc0_912d_40ba_8236_dbfe1322aabc.jpg,1024,1.0,21.566,7.658,14.006,172.901,6.341,126.939,130.357,150.801,55.932,9.789,-11.0702,0.6001,0.4826,0.7104,69.958,63.94,52.941,21.566,20.026,40.844,0.2711,0.273,0.1357,14.9,1.562,-0.007812,0.0,1.735,0.5943,0.5856,0.5758,-3.011,-1.446,-1.438,0.006431,1.561,2.549,0.8622,0.8645,0.0002874,99.044,4.56,4.521,0.0001106,8.982e-06,
C:\Users\sblee\Downloads\Aesthetics-Toolbox-main\split_1\1a17224d_65fe_4c27_971c_13f070611058.jpg,1216,0.7273,22.236,7.754,14.37,115.531,6.637,116.794,91.122,65.746,40.4,7.875,18.595,0.101,0.4852,0.4698,57.604,57.911,49.811,22.236,14.638,15.316,0.1233,0.2725,0.2233,41.106,9.207,0.0293,0.03551,9.037,0.5704,0.537,0.5236,-2.254,-1.117,-1.127,0.003956,1.583,2.546,0.75,0.8481,0.0003103,95.086,4.521,4.521,9.935e-05,1.588e-05,
C:\Users\sblee\Downloads\Aesthetics-Toolbox-main\split_1\1a1f9870_d6b8_4a61_b6b2_847c21861725.jpg,1024,1.0,23.585,7.728,9.864,104.375,7.057,131.075,93.102,83.618,46.521,19.859,13.606,0.9853,0.6959,0.6613,86.037,69.959,70.594,23.585,29.421,44.157,0.2652,0.2458,0.261,50.672,13.055,-0.04102,0.05078,8.409,0.3478,0.4063,0.3082,-2.693,-1.338,-1.211,0.04949,1.369,2.371,0.6855,0.773,0.0005988,93.587,4.199,4.303,0.0002852,3.607e-05,
C:\Users\sblee\Downloads\Aesthetics-Toolbox-main\split_1\1a2db9f3_e4ac_4f52_a8a7_97824f60b2f2.jpg,1536,0.5,16.592,7.251,4.322,61.066,5.772,128.179,140.311,149.272,57.752,-0.6158,-5.352,0.628,0.2714,0.6222,50.515,44.287,45.792,16.592,10.33,11.987,0.2617,0.2359,0.1453,25.961,1.251,0.003906,0.004883,17.926,0.3359,0.2907,0.2104,-2.811,-1.173,-1.214,0.01054,1.308,2.421,0.3432,0.6203,0.0007642,94.983,4.488,4.392,0.0004929,2.592e-05,
C:\Users\sblee\Downloads\Aesthetics-Toolbox-main\split_1\1a36633c_345d_47cb_a843_554d91221c40.png,1280,1.5,20.816,7.598,9.237,123.06,6.443,99.452,69.442,96.868,34.12,17.464,-9.411,0.9014,0.4685,0.4409,52.374,55.614,56.903,20.816,22.144,24.508,0.2003,0.2774,0.2257,54.61,13.534,0.03385,0.05859,17.703,0.4506,0.4493,0.4318,-2.696,-1.484,-1.28,0.004277,1.47,2.433,0.6633,0.8248,0.0005903,94.925,4.205,4.457,0.0001828,2.157e-05,
C:\Users\sblee\Downloads\Aesthetics-Toolbox-main\split_1\1a3a4434_9f51_40f2_b7c9_bcad2594ae71.png,1024,1.0,27.036,7.869,15.374,226.362,7.215,127.336,103.115,82.851,45.802,9.089,15.962,0.06138,0.5564,0.5556,77.912,72.779,66.539,27.036,19.914,24.909,0.1761,0.2812,0.2774,44.517,5.313,-0.02539,0.007812,3.402,0.5484,0.4682,0.4553,-2.989,-1.638,-1.384,0.09384,1.516,2.574,0.7123,0.8366,0.0005995,98.705,3.475,3.874,0.0001683,1.636e-05,
C:\Users\sblee\Downloads\Aesthetics-Toolbox-main\split_1\1a4f2c3d_3ff9_4218_bf59_6d0dbe7836a2.jpg,1024,1.0,37.362,6.952,12.871,112.077,4.712,136.462,148.741,127.257,58.194,-8.259,10.043,0.2248,0.3407,0.5842,102.381,92.796,107.465,37.362,11.623,13.934,0.1037,0.4087,0.3637,31.874,6.311,0.0293,0.01172,13.985,0.3457,0.274,0.2569,-2.846,-1.428,-1.352,0.03185,1.128,2.498,0.764,0.7318,0.0004618,94.397,4.516,4.405,0.0002646,3.741e-05,
C:\Users\sblee\Downloads\Aesthetics-Toolbox-main\split_1\1a600a4b_55df_4994_9a87_8ce846e2cb8d.jpg,1280,0.6667,19.365,5.604,5.318,84.523,3.141,120.218,120.15,121.363,49.889,0.4438,-0.6981,0.6469,0.06792,0.4849,46.941,47.178,47.641,19.365,2.584,6.897,0.1103,0.1615,0.1866,10.324,0.7812,0.0,0.003906,11.439,0.6349,0.3343,0.3314,-2.74,-1.714,-1.35,0.01028,1.233,2.37,0.4723,0.6682,0.001039,84.085,4.487,4.399,0.0006358,3.809e-05,
C:\Users\sblee\Downloads\Aesthetics-Toolbox-main\split_1\1a630ad6_9e1d_4502_acc0_71ed64e2c8af.jpg,1280,1.5,22.373,7.693,9.181,105.223,7.717,149.629,122.554,134.726,56.494,17.099,-1.0,0.8256,0.5969,0.7392,78.162,70.536,40.41,22.373,32.993,37.05,0.2658,0.1602,0.2038,21.848,8.24,0.03516,0.02148,13.461,0.4555,0.4692,0.4309,-2.682,-1.595,-1.284,0.00955,1.388,2.513,0.6911,0.81,0.0004822,97.17,4.539,4.487,0.0001988,2.002e-05,
C:\Users\sblee\Downloads\Aesthetics-Toolbox-main\split_1\1aa19673_2b94_4d76_a648_8f92649ad9d0.png,1216,0.7273,20.868,7.658,5.316,77.366,5.543,180.547,83.695,157.952,50.922,46.923,-20.3097,0.869,0.6249,0.7242,59.421,61.559,55.837,20.868,15.85,21.236,0.08067,0.2447,0.2146,22.395,5.099,0.01758,0.01847,10.654,0.5243,0.4049,0.4064,-2.935,-1.565,-1.426,0.007087,1.199,2.353,0.6107,0.7596,0.0005912,94.898,4.489,4.455,0.0004854,2.102e-05,
C:\Users\sblee\Downloads\Aesthetics-Toolbox-main\split_1\1ac94ba6_7cc9_421e_9b75_1c9f55a71f03.jpg,1024,1.0,13.995,6.734,2.391,36.502,4.294,146.152,106.53,98.404,48.542,14.938,10.712,0.008474,0.34,0.5731,40.258,35.073,26.824,13.995,4.766,9.057,0.04512,0.1194,0.1579,38.902,1.611,-0.007812,-0.001953,4.359,0.4354,0.4318,0.4014,-3.314,-1.63,-1.534,0.01163,1.06,2.253,0.6286,0.6709,0.0006374,89.906,4.506,4.316,0.0003822,1.895e-05,
C:\Users\sblee\Downloads\Aesthetics-Toolbox-main\split_1\1adfe039_fac4_4a3d_a3ea_c6e5e3f87536.jpg,1024,1.0,21.345,7.634,15.6,148.497,1.65,134.205,134.222,134.881,55.186,0.1469,-0.3834,0.9096,0.01102,0.5293,53.318,53.665,53.07,21.345,0.4883,0.6362,0.1933,0.01991,0.2084,24.977,5.872,0.001953,0.0293,8.452,0.5632,0.5478,0.5517,-2.413,-1.329,-1.008,0.08027,1.614,2.642,0.6587,0.8295,0.0004896,96.207,4.343,4.425,0.0001709,1.323e-05,
C:\Users\sblee\Downloads\Aesthetics-Toolbox-main\split_1\1b345d39_7ed1_478e_9b93_4a3353265965.jpg,1216,0.7273,20.375,7.599,6.294,77.979,6.175,106.3,89.737,88.908,39.219,6.836,3.26,0.8769,0.2755,0.4414,60.291,48.574,43.104,20.375,11.248,7.37,0.2911,0.1679,0.2282,47.365,4.845,-0.001953,-0.02415,13.239,0.6511,0.4071,0.4039,-2.96,-1.412,-1.426,0.006626,1.282,2.428,0.6932,0.7605,0.0004191,90.25,4.434,4.376,0.000169,2.348e-05,
C:\Users\sblee\Downloads\Aesthetics-Toolbox-main\split_1\1b593f2b_68f6_491d_8f61_693675129199.png,1344,0.6154,21.208,7.464,6.232,86.871,4.763,117.584,105.26,90.033,44.437,2.631,10.606,0.09296,0.2728,0.4611,52.594,53.747,55.549,21.208,4.316,7.303,0.03043,0.172,0.2063,65.001,2.198,0.001953,-0.01082,15.484,0.4634,0.32,0.3127,-3.258,-1.518,-1.766,0.00471,1.429,2.448,0.6748,0.7508,0.0004137,90.083,4.469,4.353,0.0001907,3.596e-05,
C:\Users\sblee\Downloads\Aesthetics-Toolbox-main\split_1\1bc6475e_8eed_459d_8ae3_1b4be0d03dd0.png,1280,0.6667,20.118,7.407,7.852,81.74,5.019,130.227,116.648,100.971,49.422,3.159,10.699,0.09746,0.2461,0.513,52.918,50.084,49.685,20.118,7.251,11.128,0.08882,0.2344,0.2073,13.397,3.926,0.001953,-0.01953,15.007,0.4455,0.4439,0.4433,-2.926,-1.465,-1.391,0.005962,1.431,2.506,0.7648,0.7576,0.0003632,92.887,4.426,4.328,0.0001554,2.218e-05,
C:\Users\sblee\Downloads\Aesthetics-Toolbox-main\split_1\1c2e7b77_c3d1_45a3_8b89_be8a001b30c0.png,1024,1.0,32.757,7.587,6.404,70.734,6.152,123.191,113.283,100.202,46.486,2.58,9.107,0.1276,0.3328,0.5005,74.284,84.753,81.609,32.757,8.137,7.448,0.1532,0.2385,0.3098,35.552,10.156,0.01953,0.04688,8.29,0.4088,0.275,0.2518,-2.99,-1.361,-1.407,0.01643,1.236,2.426,0.6383,0.7071,0.0006711,97.015,4.168,4.166,0.0002647,3.881e-05,
C:\Users\sblee\Downloads\Aesthetics-Toolbox-main\split_1\1c336d52_3068_4d9d_80db_2526ffff46a2.jpg,1024,1.0,26.944,7.691,8.284,95.721,7.088,105.948,78.646,77.489,35.988,11.547,6.309,0.9666,0.458,0.442,67.248,70.879,55.121,26.944,19.377,14.459,0.1606,0.2444,0.27,48.078,12.065,0.0293,0.05273,12.325,0.3472,0.4153,0.3384,-2.841,-1.383,-1.332,0.02166,1.335,2.408,0.6798,0.7459,0.0005821,91.096,4.463,4.409,0.0001824,3.093e-05,
C:\Users\sblee\Downloads\Aesthetics-Toolbox-main\split_1\1c5022a4_bf0f_4fe5_b2a3_c055accb64dc.png,1536,2.0,22.185,7.673,8.674,115.221,6.885,117.39,56.631,125.281,36.959,37.143,-22.7855,0.7877,0.7234,0.6071,66.924,64.885,64.947,22.185,23.379,30.474,0.1312,0.2162,0.2359,58.67,3.867,-0.01367,0.01367,22.053,0.5548,0.469,0.4332,-2.874,-1.32,-1.369,0.006983,1.403,2.458,0.7468,0.804,0.0004578,92.933,3.98,4.332,0.0001958,1.545e-05,
C:\Users\sblee\Downloads\Aesthetics-Toolbox-main\split_1\1c94568e_b615_4699_9e22_2e8c6c1db36a.jpg,1152,1.25,17.23,7.192,7.637,87.788,5.298,118.234,109.008,95.616,46.134,2.189,8.962,0.02143,0.3369,0.4906,41.654,42.198,52.893,17.23,3.418,16.873,0.2701,0.2019,0.1737,6.173,3.047,0.01406,0.005859,9.721,0.3637,0.3889,0.3142,-2.653,-1.428,-1.398,0.01931,1.539,2.587,0.6678,0.7745,0.0005612,99.7,4.277,4.393,0.0002407,2.78e-05,
C:\Users\sblee\Downloads\Aesthetics-Toolbox-main\split_1\1cd1b4eb_908f_4c01_aeac_8b97fd7ffff3.png,1024,1.0,28.016,7.608,21.651,162.371,5.192,117.041,116.144,117.471,47.49,0.6731,-0.6415,0.8083,0.04611,0.4644,69.622,70.45,69.731,28.016,1.466,1.551,0.2363,0.06738,0.2736,33.031,15.199,-0.0332,0.06836,8.252,0.5233,0.5176,0.4959,-2.299,-1.209,-0.9101,0.06821,1.709,2.725,0.7014,0.8595,0.0005465,97.812,3.581,4.059,0.0002331,1.29e-05,
C:\Users\sblee\Downloads\Aesthetics-Toolbox-main\split_1\1cf11dd9_1daf_485f_ba8e_8a70a766ff1c.png,1024,1.0,30.151,7.414,11.256,106.528,6.411,118.399,95.743,83.624,41.884,8.024,10.355,0.3874,0.3517,0.4878,91.327,72.58,71.365,30.151,19.908,22.721,0.2865,0.305,0.3402,31.629,14.219,0.05664,-0.04297,12.954,0.4551,0.2964,0.2866,-2.841,-1.353,-1.224,0.05268,1.405,2.526,0.5257,0.7133,0.0006535,95.507,4.16,4.292,0.0002044,3.621e-05,
C:\Users\sblee\Downloads\Aesthetics-Toolbox-main\split_1\1cf4db00_814b_4028_954b_ff4c004f12c1.jpg,1024,1.0,27.08,7.844,16.556,154.93,7.179,154.531,121.31,101.894,55.57,16.204,14.87,0.8547,0.6315,0.7275,81.85,78.571,92.561,27.08,24.431,42.237,0.3012,0.3231,0.2784,18.334,6.922,0.009766,-0.0332,4.338,0.5585,0.449,0.4325,-2.546,-1.268,-1.183,0.03588,1.55,2.621,0.7018,0.7979,0.0005289,94.524,3.844,4.245,0.0001724,2.231e-05,
C:\Users\sblee\Downloads\Aesthetics-Toolbox-main\split_1\1d11a2b7_2059_41ca_8b82_8af5ffe6a761.jpg,1024,1.0,27.465,7.801,6.721,106.713,7.059,107.648,116.144,95.622,47.364,-3.46,11.151,0.1897,0.4672,0.5209,75.502,71.565,62.184,27.465,15.985,17.875,0.2167,0.257,0.2878,28.304,5.427,-0.02344,-0.01367,7.946,0.5312,0.3133,0.2647,-3.261,-1.496,-1.629,0.00257,1.239,2.313,0.6148,0.7419,0.001034,96.832,4.11,4.152,0.0003488,3.605e-05,
C:\Users\sblee\Downloads\Aesthetics-Toolbox-main\split_1\1d596233_c778_43b6_b4dc_cee632affb71.png,1024,1.0,30.042,7.724,12.983,134.348,7.086,98.62,100.987,70.64,40.577,-4.65,15.524,0.1644,0.4922,0.4264,74.799,76.013,68.674,30.042,9.209,21.773,0.2123,0.2789,0.2999,39.378,14.406,0.04688,0.05469,11.834,0.4562,0.4453,0.4213,-2.93,-1.485,-1.306,0.03608,1.514,2.552,0.7674,0.8221,0.0004131,97.232,4.275,4.412,0.0001476,1.823e-05,
C:\Users\sblee\Downloads\Aesthetics-Toolbox-main\split_1\1d83a019_91aa_462b_8167_2179ba590f03.jpg,1024,1.0,25.263,5.768,3.024,51.007,5.267,145.621,155.474,150.922,62.568,-2.78,1.313,0.5732,0.3291,0.6734,51.38,66.618,83.199,25.263,12.162,20.147,0.2209,0.2832,0.2514,17.426,6.955,-0.02734,-0.02148,12.579,0.2753,0.2768,0.3023,-3.72,-1.89,-1.723,0.04995,1.052,2.214,0.4722,0.6193,0.001141,87.777,4.49,4.336,0.0007824,2.991e-05,
C:\Users\sblee\Downloads\Aesthetics-Toolbox-main\split_1\1da38b44_c5f4_45bd_b0ac_8ec479c85558.jpg,1216,0.5833,21.411,7.273,11.044,122.688,6.182,118.076,143.718,92.024,56.429,-15.5588,22.893,0.2602,0.4649,0.594,55.689,58.751,59.407,21.411,17.224,27.039,0.1467,0.2504,0.2327,46.286,2.365,-0.01116,-0.003906,14.93,0.3578,0.3765,0.316,-2.431,-1.576,-1.075,0.01486,1.486,2.501,0.6166,0.8089,0.0005497,96.813,4.519,4.482,0.000248,2.323e-05,
C:\Users\sblee\Downloads\Aesthetics-Toolbox-main\split_1\1de58a02_9a19_4f35_9944_d16e9a7f7d75.jpg,1216,0.7273,22.313,6.444,4.523,46.453,5.131,125.043,106.801,115.945,47.66,11.116,-1.226,0.608,0.4379,0.5983,84.016,56.142,49.998,22.313,20.606,22.642,0.2247,0.2009,0.2489,44.922,2.112,0.007812,-0.007102,14.971,0.2507,0.3167,0.2931,-3.018,-1.547,-1.465,0.003774,1.239,2.436,0.7313,0.6439,0.0004342,92.444,4.471,4.211,0.0003647,2.762e-05,
C:\Users\sblee\Downloads\Aesthetics-Toolbox-main\split_1\1e02404d_648a_4372_b441_a8d7e939fa4f.png,1216,0.7273,17.636,6.832,4.744,66.043,5.149,130.342,122.76,121.546,51.911,3.723,1.743,0.6555,0.2438,0.5657,56.11,45.135,40.845,17.636,7.46,15.715,0.2483,0.1569,0.197,55.338,3.239,0.01562,-0.004261,10.049,0.2738,0.2713,0.3251,-3.093,-1.342,-1.466,0.01026,1.343,2.41,0.5912,0.7492,0.0006117,96.363,4.513,4.308,0.0004926,2.876e-05,
C:\Users\sblee\Downloads\Aesthetics-Toolbox-main\split_1\1e119f63_3eb2_42b2_b573_a9f734219f0b.png,512,1.0,23.267,7.394,10.392,89.923,6.755,68.668,73.207,58.382,29.488,-4.247,8.511,0.1977,0.3902,0.3117,61.284,57.367,56.46,23.267,10.469,6.708,0.1302,0.2243,0.2383,74.571,24.532,-0.09766,0.07422,18.804,0.5056,0.2921,0.2614,-3.446,-1.447,-1.234,0.08647,1.356,2.507,0.5776,0.7434,0.000785,76.368,3.236,3.625,0.0002295,2.337e-05,
C:\Users\sblee\Downloads\Aesthetics-Toolbox-main\split_1\1e57c9ce_2c09_4670_8e98_a1eb343fd427.jpg,1024,1.0,15.47,6.93,3.093,39.161,3.543,119.293,109.81,62.445,45.886,-2.454,24.807,0.1342,0.4293,0.4684,43.057,39.654,26.462,15.47,3.74,19.788,0.03492,0.2372,0.1686,18.477,8.629,-0.003906,-0.04297,4.784,0.4159,0.1434,0.143,-3.197,-1.697,-1.504,0.04461,1.319,2.346,0.5461,0.7107,0.0008686,94.497,4.024,4.19,0.0002234,2.267e-05,
C:\Users\sblee\Downloads\Aesthetics-Toolbox-main\split_1\1e70d279_ebb4_4061_8d4f_eb19a0599c6d.png,1216,0.7273,33.176,7.498,9.138,139.127,6.153,153.606,123.848,102.166,53.335,9.698,16.309,0.06832,0.388,0.6151,91.622,84.374,86.821,33.176,17.682,20.449,0.1432,0.3455,0.3604,18.023,18.836,0.04297,0.08381,10.407,0.3789,0.3584,0.3617,-2.967,-1.565,-1.382,0.003982,1.299,2.506,0.5205,0.7394,0.0007561,94.328,4.347,4.399,0.0003118,3.228e-05,
C:\Users\sblee\Downloads\Aesthetics-Toolbox-main\split_1\1ecaad81_5099_49d5_84eb_f73d01351dd7.jpg,1344,0.75,24.492,7.582,3.435,56.822,6.344,136.007,111.191,110.869,48.588,11.922,4.673,0.9758,0.3865,0.5787,57.884,64.892,77.16,24.492,6.162,20.93,0.1701,0.1887,0.2479,57.619,4.146,0.006944,0.01953,12.126,0.3307,0.411,0.3037,-3.112,-1.546,-1.49,0.006336,1.2,2.313,0.6272,0.6995,0.0005861,88.082,4.252,4.191,0.0002987,3.082e-05,
C:\Users\sblee\Downloads\Aesthetics-Toolbox-main\split_1\1ee82bb4_0680_4fb6_86b2_8ee21aae085d.jpg,1280,0.6667,38.047,7.137,11.126,144.89,5.852,114.609,106.931,88.329,43.121,1.073,11.128,0.07484,0.4135,0.4701,91.987,98.765,84.552,38.047,9.118,13.552,0.1586,0.2938,0.3749,49.323,9.667,-0.003906,0.04818,14.636,0.6692,0.3145,0.3103,-2.64,-1.523,-1.293,0.01669,1.358,2.469,0.6291,0.7609,0.0006545,95.425,4.504,4.375,0.0002688,3.977e-05,
C:\Users\sblee\Downloads\Aesthetics-Toolbox-main\split_1\1f5ea3e6_edc6_4d1e_b643_945b6ebd8819.jpg,1280,1.0,25.221,7.833,9.314,110.053,5.763,107.904,94.306,77.533,39.732,3.212,10.974,0.06819,0.3184,0.4284,65.923,62.53,48.515,25.221,4.663,13.525,0.1107,0.2232,0.2588,41.865,8.883,0.03437,-0.02812,9.83,0.3636,0.3328,0.3907,-2.506,-1.476,-1.233,0.04378,1.467,2.654,0.4972,0.7746,0.0004418,96.334,4.516,4.505,0.000242,2.448e-05,
C:\Users\sblee\Downloads\Aesthetics-Toolbox-main\split_1\1f7ba63a_a957_4ae0_935a_aa54050c727d.jpg,1024,1.0,23.048,7.801,10.739,108.936,6.174,124.835,104.135,83.011,44.866,5.153,15.166,0.1067,0.383,0.5111,71.429,54.997,51.407,23.048,12.891,13.088,0.1478,0.184,0.2687,39.062,3.926,0.01953,0.001953,7.604,0.4044,0.436,0.3572,-2.72,-1.219,-1.318,0.01488,1.512,2.515,0.6696,0.7885,0.0004303,94.494,4.511,4.408,0.0001647,2.594e-05,
C:\Users\sblee\Downloads\Aesthetics-Toolbox-main\split_1\200d43ec_a917_4ca7_a667_1ef90503a584.jpg,1216,0.7273,19.03,7.595,5.655,78.108,6.278,135.255,130.672,124.753,54.721,2.466,4.199,0.0246,0.2698,0.5793,51.383,50.422,59.069,19.03,9.214,16.499,0.2779,0.2888,0.1821,27.329,10.367,0.02734,0.04403,8.729,0.3799,0.3071,0.2511,-2.811,-1.406,-1.255,0.006621,1.317,2.446,0.4849,0.7113,0.0006778,96.981,4.394,4.437,0.0002683,3.443e-05,
C:\Users\sblee\Downloads\Aesthetics-Toolbox-main\split_1\201c9103_9768_43fa_b810_1ec45fcc330f.jpg,1216,0.7273,26.798,7.48,7.616,86.797,4.991,113.005,116.564,123.32,47.628,0.5146,-3.921,0.7159,0.1193,0.4898,59.469,69.861,72.809,26.798,3.561,3.083,0.1777,0.04283,0.2796,49.181,16.834,0.007812,0.08381,11.811,0.5753,0.4363,0.4257,-2.811,-1.458,-1.306,0.002549,1.215,2.512,0.7801,0.8399,0.0002934,93.578,4.41,4.439,0.0001865,1.484e-05,
C:\Users\sblee\Downloads\Aesthetics-Toolbox-main\split_1\202b26e7_1aa8_4ef1_9aa5_1b74379565a6.jpg,1216,0.7273,7.435,6.706,0.7536,14.53,6.742,114.483,110.411,103.047,46.75,0.5328,4.782,0.1212,0.178,0.4718,19.62,20.0,18.758,7.435,5.577,6.767,0.196,0.0887,0.07264,41.343,2.592,0.009766,0.008523,8.811,0.475,0.3144,0.3013,-3.173,-1.528,-1.442,0.007523,0.9123,2.024,0.658,0.7681,0.0008168,94.166,4.349,3.523,0.0004305,9.808e-06,
C:\Users\sblee\Downloads\Aesthetics-Toolbox-main\split_1\202f7e16_0b1a_4474_b3b3_4156772fe281.jpg,1152,1.25,21.443,7.728,14.797,111.915,5.734,116.613,94.718,91.759,41.384,8.874,5.233,0.9866,0.2778,0.4591,53.301,52.704,52.74,21.443,3.904,8.594,0.082,0.168,0.2098,35.689,12.432,0.01406,0.06055,12.965,0.5589,0.504,0.492,-2.282,-1.065,-1.128,0.00743,1.606,2.659,0.719,0.8352,0.0003689,94.587,3.633,3.995,0.00014,1.592e-05,
C:\Users\sblee\Downloads\Aesthetics-Toolbox-main\split_1\2033a0c3_813f_478e_8006_ba1d47c58af7.jpg,1280,0.6667,23.283,7.699,6.782,77.158,7.311,102.087,90.205,78.781,38.746,4.52,8.938,0.08249,0.3707,0.4357,54.987,60.645,55.605,23.283,14.455,15.091,0.2141,0.2429,0.2268,39.111,15.312,0.05078,-0.05729,20.712,0.4742,0.4354,0.4266,-2.637,-1.407,-1.348,0.001844,1.286,2.327,0.6951,0.8125,0.0003486,92.88,4.564,4.486,0.0001233,1.986e-05,
C:\Users\sblee\Downloads\Aesthetics-Toolbox-main\split_1\20422a8c_132c_46ef_8774_d66f7bbc5dd8.jpg,1216,0.7273,25.055,7.551,15.061,131.818,4.473,97.392,89.459,77.739,37.28,1.032,7.52,0.08385,0.2862,0.3821,62.526,60.161,53.477,25.055,1.689,4.96,0.06136,0.2236,0.2451,27.085,9.292,0.02148,0.04119,12.982,0.4954,0.4345,0.4395,-2.251,-1.107,-1.109,0.001038,1.561,2.641,0.7015,0.8665,0.0003858,97.318,4.476,4.536,0.0002244,2.363e-05,
C:\Users\sblee\Downloads\Aesthetics-Toolbox-main\split_1\205c1496_22b9_426b_b21b_c451ab928712.png,1024,1.0,21.773,7.65,5.141,61.42,6.574,117.655,103.965,88.244,44.209,3.906,11.433,0.1162,0.3467,0.4679,45.987,56.035,58.344,21.773,8.259,11.505,0.143,0.2724,0.1835,22.228,10.832,0.02344,0.04883,9.553,0.3494,0.3315,0.2422,-3.188,-1.598,-1.472,0.01699,1.32,2.426,0.6776,0.7937,0.0004416,98.248,4.338,4.32,0.0002057,2.278e-05,
C:\Users\sblee\Downloads\Aesthetics-Toolbox-main\split_1\2074a38c_c3b7_41eb_97b9_66cf107759f9.png,1152,0.8,32.339,7.105,7.386,148.195,5.638,110.151,107.507,106.522,43.626,0.9603,0.7021,0.7207,0.1039,0.4429,82.91,81.42,76.828,32.339,4.564,5.785,0.2958,0.109,0.3196,40.732,6.499,-0.0293,0.01406,10.677,0.4597,0.4002,0.3818,-3.666,-1.986,-1.816,0.0285,1.228,2.361,0.651,0.7282,0.0006949,97.97,4.339,4.389,0.0002772,2.1e-05,
C:\Users\sblee\Downloads\Aesthetics-Toolbox-main\split_1\20795d79_3437_4178_88af_40828f59ad01.png,1536,2.0,21.281,7.504,10.401,106.997,5.908,115.217,110.939,113.629,46.414,2.335,-0.8396,0.7704,0.1023,0.466,52.248,51.76,51.613,21.281,3.278,5.167,0.1671,0.1127,0.2075,11.436,3.906,0.0,0.01953,20.183,0.5592,0.3143,0.3007,-2.465,-1.493,-1.185,0.005049,1.537,2.626,0.6377,0.8231,0.0002987,98.882,4.477,4.509,0.0001577,1.475e-05,
C:\Users\sblee\Downloads\Aesthetics-Toolbox-main\split_1\20854936_7455_41d1_8802_027c850a96d5.jpg,1536,2.0,19.91,7.437,10.442,93.282,0.6443,86.764,84.955,85.806,35.473,0.9035,-0.2349,0.9271,0.04662,0.3403,47.05,47.227,47.073,19.91,0.3514,0.2986,0.04129,0.1028,0.1845,28.131,19.505,0.05566,0.08008,25.956,0.5137,0.3206,0.3264,-2.473,-1.267,-1.288,0.004985,1.542,2.632,0.4692,0.7548,0.0004249,94.54,3.646,4.141,0.0002068,1.69e-05,
C:\Users\sblee\Downloads\Aesthetics-Toolbox-main\split_1\20913919_1ea3_42d5_860d_4faaee00a3df.jpg,1024,1.0,25.141,7.896,16.831,179.213,7.033,107.415,120.049,134.878,50.776,7.556,-8.22,0.6528,0.6148,0.6723,77.145,66.804,85.205,25.141,14.885,38.727,0.281,0.282,0.2651,31.394,1.953,-0.009766,0.0,2.749,0.5815,0.5242,0.5059,-2.79,-1.479,-1.194,0.09771,1.561,2.633,0.726,0.8268,0.0005547,99.21,3.687,4.195,0.0001626,1.658e-05,
C:\Users\sblee\Downloads\Aesthetics-Toolbox-main\split_1\20940f21_cfcd_460e_ac85_194b1351109b.jpg,1024,1.0,21.196,7.709,10.382,115.023,5.829,121.985,83.415,79.982,40.766,13.534,11.308,0.01087,0.3311,0.4857,66.012,58.106,52.075,21.196,22.869,16.339,0.1416,0.2911,0.2572,47.391,9.448,0.02344,-0.04102,5.168,0.4057,0.4007,0.3538,-2.698,-1.296,-1.273,0.01926,1.432,2.509,0.621,0.7529,0.00069,94.08,3.839,4.115,0.0002239,3.101e-05,
C:\Users\sblee\Downloads\Aesthetics-Toolbox-main\split_1\2095c66e_b305_42f6_b399_faf6e7f20ba3.jpg,1216,1.375,19.576,7.546,11.263,107.785,5.436,112.565,96.088,70.21,41.052,3.038,17.265,0.1058,0.4075,0.4471,49.08,49.621,43.922,19.576,7.169,9.263,0.0643,0.1569,0.1999,39.454,13.616,0.02699,0.0625,16.498,0.5087,0.4025,0.4194,-2.449,-1.312,-1.262,0.003487,1.543,2.609,0.7468,0.8243,0.0003106,93.485,4.359,4.498,0.0001189,1.794e-05,
C:\Users\sblee\Downloads\Aesthetics-Toolbox-main\split_1\2097ec31_9159_4bea_b1ea_e784a8e3ff6d.jpg,1024,1.0,23.767,7.813,19.888,227.996,7.161,99.499,121.245,113.555,50.073,0.573,-0.4005,0.5204,0.6596,0.6421,77.196,65.657,61.44,23.767,23.458,44.56,0.2368,0.2486,0.1959,27.416,1.992,0.009766,-0.001953,2.425,0.5232,0.537,0.5132,-2.795,-1.485,-1.303,0.03785,1.663,2.689,0.6995,0.8254,0.000649,99.843,4.551,4.487,0.0001094,1.863e-05,
C:\Users\sblee\Downloads\Aesthetics-Toolbox-main\split_1\20994f96_359a_4237_8e23_9ad03d8a2e0c.jpg,1280,0.6667,15.874,7.304,0.913,21.606,4.889,115.098,116.05,100.194,48.352,-0.4816,8.812,0.4003,0.4315,0.5307,40.084,40.409,55.97,15.874,5.617,23.247,0.294,0.2455,0.1525,11.939,8.203,0.04102,0.0,13.942,0.4055,0.5027,0.3469,-3.191,-1.631,-1.453,0.009124,0.8628,2.018,0.5089,0.6411,0.001177,97.662,3.69,2.784,0.0008693,1.074e-05,
C:\Users\sblee\Downloads\Aesthetics-Toolbox-main\split_1\20a01ac0_a37c_48bd_a25e_5a0abfeb52b5.jpg,1024,1.0,20.76,7.617,10.409,172.242,4.973,171.14,140.163,104.803,60.251,9.195,23.358,0.08459,0.5037,0.709,57.729,55.196,65.263,20.76,9.223,23.916,0.1579,0.2615,0.2103,16.234,9.391,0.0332,-0.0332,6.251,0.5312,0.4785,0.4826,-3.603,-1.959,-1.662,0.05452,1.455,2.532,0.7307,0.8575,0.000398,95.817,4.42,4.509,0.0002172,1.406e-05,
C:\Users\sblee\Downloads\Aesthetics-Toolbox-main\split_1\20aadc62_7936_4cf7_a34f_5fabe09bd1a9.jpg,1216,0.7273,26.345,7.404,12.077,110.568,5.434,98.616,87.888,70.448,36.715,1.455,11.107,0.07047,0.4003,0.3876,63.869,64.422,50.194,26.345,5.046,8.598,0.1057,0.2374,0.2493,32.009,9.895,-0.01953,0.04545,13.761,0.6874,0.3921,0.3822,-2.366,-1.292,-1.16,0.005116,1.476,2.603,0.6021,0.8406,0.0004663,96.163,4.531,4.496,0.0001753,2.166e-05,
C:\Users\sblee\Downloads\Aesthetics-Toolbox-main\split_1\20b1b169_d5f1_44a7_b3f9_d5b378434834.jpg,1280,0.6667,24.129,7.573,17.011,125.499,4.532,88.639,68.862,51.269,29.624,5.816,13.188,0.07713,0.4917,0.3477,63.964,57.177,51.658,24.129,4.285,8.367,0.03276,0.2153,0.2508,53.871,0.8235,-0.003906,-0.001302,16.903,0.6544,0.5616,0.551,-2.221,-1.002,-0.9457,0.005203,1.643,2.699,0.6973,0.8383,0.0003981,90.117,4.543,4.516,0.0001277,1.478e-05,
C:\Users\sblee\Downloads\Aesthetics-Toolbox-main\split_1\20be9207_5d8b_4c7f_87a4_769e21bd1723.png,1024,1.0,28.99,7.423,16.186,202.454,7.354,129.661,89.691,112.404,49.288,24.427,0.5429,0.8873,0.8334,0.7006,93.933,97.487,86.449,28.99,39.458,45.727,0.2529,0.265,0.2842,45.714,1.105,0.003906,-0.003906,3.79,0.5286,0.4723,0.4628,-2.958,-1.604,-1.274,0.08834,1.453,2.552,0.7024,0.8321,0.0006157,99.307,4.472,4.499,0.0001755,1.588e-05,
C:\Users\sblee\Downloads\Aesthetics-Toolbox-main\split_1\20d5e626_42cf_4271_baf7_bd885dbe18bd.jpg,1024,1.0,25.566,7.904,6.398,98.066,6.216,128.143,104.498,71.368,45.835,6.427,22.221,0.06599,0.5532,0.5484,64.695,69.487,67.606,25.566,23.267,21.171,0.1417,0.286,0.2611,37.037,17.205,-0.08594,-0.003906,12.268,0.4406,0.3791,0.3669,-3.495,-1.889,-1.618,0.01835,1.283,2.377,0.6776,0.7647,0.000556,94.132,4.456,4.421,0.000274,3.61e-05,
C:\Users\sblee\Downloads\Aesthetics-Toolbox-main\split_1\20da806a_204b_4bcb_ac5f_f25ed9269411.jpg,1600,0.7857,17.695,7.479,9.581,78.952,5.235,131.226,85.102,69.468,41.162,17.816,18.212,0.0639,0.4933,0.5383,60.305,42.299,43.781,17.695,16.943,15.544,0.1175,0.2147,0.2389,37.277,1.445,-0.005682,-0.004464,11.488,0.5621,0.5019,0.4958,-2.369,-1.382,-1.185,0.005231,1.43,2.577,0.8499,0.7916,0.0001898,95.143,4.38,4.457,0.0001703,1.575e-05,
C:\Users\sblee\Downloads\Aesthetics-Toolbox-main\split_1\20ef9845_d77e_4d47_ad16_62ac13189c64.jpg,1280,0.6667,18.351,7.342,4.495,38.462,5.981,91.848,91.377,86.33,38.075,-0.3416,3.086,0.2071,0.1718,0.3848,43.562,46.065,44.522,18.351,5.055,7.058,0.2668,0.1073,0.1886,63.246,18.037,-0.007812,0.08984,10.212,0.4281,0.3883,0.3522,-2.597,-1.251,-1.22,0.006162,1.398,2.502,0.6711,0.7794,0.0002801,82.713,4.355,4.393,0.0001637,1.765e-05,
C:\Users\sblee\Downloads\Aesthetics-Toolbox-main\split_1\20f416fc_33f1_4aac_98ce_0217032b5619.jpg,1152,1.25,24.143,7.689,4.499,72.362,5.149,115.583,100.194,59.085,42.018,0.6781,23.667,0.1349,0.4576,0.4568,68.096,60.219,43.464,24.143,8.481,17.944,0.05582,0.1994,0.2645,45.714,8.409,0.02813,-0.03125,9.412,0.3345,0.2865,0.2044,-3.084,-1.533,-1.487,0.00431,1.13,2.267,0.5136,0.7139,0.0007891,95.464,4.426,4.276,0.0002714,2.856e-05,
C:\Users\sblee\Downloads\Aesthetics-Toolbox-main\split_1\20f4f2d8_91e1_43ea_a76f_145fe462be7d.jpg,1024,1.0,28.194,6.994,13.491,135.617,5.521,155.082,148.915,150.176,61.135,2.71,0.2164,0.1278,0.1866,0.6197,68.141,72.125,64.444,28.194,8.771,4.919,0.2213,0.284,0.259,10.244,3.338,-0.01562,0.005859,6.564,0.6257,0.397,0.3955,-2.732,-1.469,-1.137,0.09018,1.489,2.562,0.6214,0.7801,0.0005966,91.727,4.449,4.385,0.0002337,2.469e-05,
C:\Users\sblee\Downloads\Aesthetics-Toolbox-main\split_1\21106e9b_fa04_431c_9095_3de37a2fbfa9.png,1024,1.0,22.368,5.843,5.855,52.546,4.93,106.337,103.324,103.352,43.02,1.245,0.2725,0.8238,0.06521,0.424,58.091,56.898,54.181,22.368,1.448,2.6,0.2465,0.03788,0.2242,49.955,6.641,0.0293,-0.01562,11.415,0.294,0.2603,0.2879,-2.685,-1.179,-1.327,0.01687,1.432,2.517,0.4786,0.7162,0.0006611,90.699,4.389,4.194,0.0003392,3.667e-05,
C:\Users\sblee\Downloads\Aesthetics-Toolbox-main\split_1\2113d537_023b_4283_b1c6_77edef75c194.jpg,1024,1.0,17.992,7.448,9.711,123.945,7.636,117.925,134.789,119.816,57.407,1.578,5.393,0.5174,0.7043,0.7284,72.86,60.572,75.654,17.992,35.229,46.767,0.3258,0.2377,0.1476,21.331,0.3906,0.001953,0.0,1.844,0.4526,0.5066,0.4482,-3.277,-1.763,-1.506,0.05812,1.47,2.504,0.7737,0.7965,0.0004434,98.954,4.445,4.421,0.0001707,1.448e-05,
C:\Users\sblee\Downloads\Aesthetics-Toolbox-main\split_1\211fc863_3336_4698_aa04_3703c069716a.jpg,1024,1.0,18.135,7.436,5.15,62.481,6.504,135.513,100.946,121.023,46.466,18.118,-5.946,0.8842,0.3364,0.5453,45.337,48.73,40.801,18.135,8.704,14.983,0.1076,0.1297,0.1799,53.801,9.018,0.04297,0.01367,8.913,0.4472,0.4084,0.3864,-2.937,-1.447,-1.382,0.02442,1.299,2.44,0.5797,0.7708,0.0003981,88.704,4.318,4.358,0.0002177,1.732e-05,
C:\Users\sblee\Downloads\Aesthetics-Toolbox-main\split_1\213309fd_b1a4_4ab7_a3a8_375618ae97a8.jpg,1024,1.0,24.685,7.698,11.681,92.383,5.802,75.796,84.49,55.174,33.225,-8.382,14.815,0.2166,0.4523,0.3332,57.103,61.044,53.951,24.685,5.704,12.442,0.08506,0.2717,0.2383,45.165,21.906,-0.07031,0.08398,16.48,0.5299,0.4591,0.4334,-2.324,-1.108,-1.137,0.01084,1.562,2.585,0.7942,0.8338,0.0002306,90.725,4.55,4.503,0.0001136,1.369e-05,
C:\Users\sblee\Downloads\Aesthetics-Toolbox-main\split_1\21503e07_6348_4f24_b5d3_3b47472598f7.jpg,2048,1.0,35.249,7.758,73.971,54.372,5.377,116.557,119.715,118.001,47.739,-1.478,0.4968,0.3823,0.1336,0.4732,88.31,88.445,87.642,35.249,1.719,2.272,0.1908,0.2099,0.3454,30.968,0.8053,0.0009766,-0.003906,0.544,0.4997,0.4911,0.5063,0.3909,-0.6149,0.6162,0.2199,1.894,3.077,0.7252,0.7706,0.0009753,99.989,4.01,4.377,0.0003034,4.048e-06,
C:\Users\sblee\Downloads\Aesthetics-Toolbox-main\split_1\215442d8_9ab2_4f7a_b24a_2c343560a061.png,1152,0.8,21.214,7.67,8.129,122.777,7.266,104.923,116.361,94.201,46.889,-7.791,10.546,0.2464,0.3036,0.4766,53.409,53.474,61.073,21.214,11.706,16.061,0.1942,0.2333,0.2145,39.3,11.537,0.05664,-0.01094,9.559,0.3356,0.392,0.3234,-2.86,-1.443,-1.411,0.01465,1.372,2.477,0.4855,0.6595,0.0009447,95.025,3.391,3.904,0.0002674,3.083e-05,
C:\Users\sblee\Downloads\Aesthetics-Toolbox-main\split_1\2159da75_3bc3_45a6_b290_aeec0b94bae9.jpg,1024,1.0,25.806,7.636,6.028,76.138,5.329,97.629,116.951,123.864,47.428,-1.629,-3.879,0.5541,0.4299,0.5478,49.115,69.246,84.048,25.806,11.43,16.171,0.2987,0.2326,0.28,32.464,10.043,0.04883,0.01172,9.867,0.4173,0.4017,0.3587,-3.123,-1.538,-1.482,0.01382,1.214,2.433,0.6606,0.7861,0.0006544,96.255,4.527,4.442,0.0004254,2.022e-05,
C:\Users\sblee\Downloads\Aesthetics-Toolbox-main\split_1\215aab33_8864_4772_beab_2372ee672d34.jpg,1280,1.5,29.634,7.725,6.415,75.677,1.317,123.825,123.082,123.615,50.126,0.399,-0.1966,0.9605,0.05199,0.486,72.357,73.152,72.661,29.634,0.547,0.4166,0.06678,0.1426,0.2836,13.083,11.0,0.01562,-0.05273,14.803,0.2283,0.2437,0.262,-2.856,-1.198,-1.362,0.01278,1.072,2.429,0.3926,0.6272,0.00084,94.181,4.356,4.192,0.0004177,2.921e-05,
C:\Users\sblee\Downloads\Aesthetics-Toolbox-main\split_1\21758297_1406_4a1c_bea1_0e7dd85c2d6c.jpg,1280,1.5,25.012,7.741,5.221,69.556,6.435,132.517,94.471,87.402,42.989,14.905,10.118,0.01102,0.4113,0.5206,67.553,64.054,49.582,25.012,12.153,13.659,0.08881,0.1582,0.2642,46.396,12.956,-0.00651,0.06445,21.161,0.4409,0.3752,0.3848,-2.81,-1.586,-1.422,0.003882,1.213,2.375,0.681,0.7911,0.0004376,89.837,4.331,4.452,0.0001693,2.185e-05,
C:\Users\sblee\Downloads\Aesthetics-Toolbox-main\split_1\21784cda_0bc7_4f98_bddc_9387e8205fad.jpg,1024,1.0,27.021,7.779,15.199,170.143,7.093,118.752,111.579,109.979,47.454,5.098,3.203,0.7742,0.4881,0.5607,77.808,68.205,75.689,27.021,15.532,20.384,0.4287,0.3098,0.2818,25.458,15.254,-0.01758,0.07422,10.387,0.4706,0.4521,0.4324,-2.711,-1.362,-1.232,0.03549,1.533,2.583,0.7058,0.8339,0.0004852,97.993,4.157,4.434,0.0002183,1.702e-05,
C:\Users\sblee\Downloads\Aesthetics-Toolbox-main\split_1\21863490_f3e8_43b3_8049_b54820fe546d.jpg,1536,0.5,21.205,7.52,5.173,70.414,6.734,145.31,118.624,103.43,51.498,8.376,12.292,0.05044,0.3589,0.5774,59.883,53.72,51.031,21.205,12.303,14.57,0.1158,0.1765,0.2269,23.061,18.364,0.04492,-0.08008,28.427,0.3955,0.4054,0.3289,-2.81,-1.481,-1.376,0.003044,1.315,2.446,0.5822,0.8016,0.0003098,92.068,4.289,4.459,0.000174,1.743e-05,
C:\Users\sblee\Downloads\Aesthetics-Toolbox-main\split_1\21876d5b_cefe_43e8_8f94_0331aae41aea.jpg,1280,1.0,23.247,7.698,5.621,67.155,6.768,110.838,91.549,77.215,41.225,5.439,13.919,0.1556,0.4203,0.4655,55.959,68.048,55.579,23.247,20.095,13.909,0.178,0.2933,0.2204,41.258,9.813,0.03906,-0.02969,8.566,0.3514,0.278,0.2962,-2.926,-1.397,-1.402,0.007346,1.32,2.372,0.6709,0.7389,0.0004667,91.939,4.519,4.39,0.0002773,3.771e-05,
C:\Users\sblee\Downloads\Aesthetics-Toolbox-main\split_1\218b70c5_9fe5_4b1d_9300_27bc0160dee8.jpg,1024,1.0,18.578,7.758,1.206,23.85,5.654,114.579,85.202,78.833,39.027,11.893,9.67,0.0178,0.4089,0.4727,48.369,47.003,53.179,18.578,12.81,13.549,0.1496,0.184,0.2042,44.32,3.926,-0.01953,0.001953,9.23,0.4265,0.4749,0.3509,-3.043,-1.678,-1.457,0.002007,0.7969,2.017,0.5478,0.663,0.001171,94.109,3.793,2.391,0.0007587,1.203e-05,
C:\Users\sblee\Downloads\Aesthetics-Toolbox-main\split_1\2196a1b0_e80e_43df_8774_04d7f235a18d.png,1024,1.0,18.728,6.118,4.178,27.692,5.09,91.06,91.988,93.336,38.2,0.177,-0.7224,0.6461,0.1089,0.3769,39.019,44.822,46.342,18.728,2.424,2.373,0.2704,0.07186,0.1691,28.859,7.9,-0.005859,0.03906,11.451,0.6293,0.4714,0.4477,-2.593,-1.177,-1.292,0.008574,1.131,2.534,0.6064,0.6722,0.0003068,95.079,4.47,4.283,0.0002987,1.671e-05,
C:\Users\sblee\Downloads\Aesthetics-Toolbox-main\split_1\21a44d9e_5e88_4e77_a4cf_e03479f41883.png,1024,1.0,18.796,7.55,11.204,118.422,6.101,110.916,113.795,72.296,46.335,-6.719,21.593,0.1962,0.4039,0.4645,44.833,49.187,49.606,18.796,8.897,19.315,0.09373,0.2873,0.1896,37.323,4.454,-0.02148,0.005859,5.424,0.5255,0.4662,0.4723,-2.898,-1.574,-1.204,0.1099,1.599,2.564,0.7381,0.8187,0.0003521,97.502,4.416,4.486,0.0001481,1.286e-05,
C:\Users\sblee\Downloads\Aesthetics-Toolbox-main\split_1\21a6a5ee_6d9d_4757_a857_303da4478704.png,1216,0.7273,24.758,7.889,9.165,115.482,6.8,156.972,96.925,153.327,49.807,33.419,-19.1689,0.8515,0.533,0.689,73.053,66.794,58.158,24.758,17.765,19.173,0.1108,0.2459,0.2591,28.988,3.906,-0.01172,0.01562,10.434,0.6167,0.4318,0.4121,-2.65,-1.338,-1.24,0.003511,1.366,2.477,0.5599,0.7391,0.0007084,97.754,4.492,4.417,0.0003136,2.366e-05,
C:\Users\sblee\Downloads\Aesthetics-Toolbox-main\split_1\21b6b4d1_9e2c_47ba_a309_4492d2d57895.jpg,1152,0.8,18.818,7.284,6.119,94.072,7.183,114.723,95.761,112.277,43.344,13.117,-5.817,0.8036,0.4351,0.5391,61.91,48.414,47.957,18.818,18.26,24.391,0.2275,0.1741,0.2158,57.841,1.713,-0.005859,-0.00625,7.701,0.486,0.4562,0.4182,-3.07,-1.606,-1.495,0.01928,1.368,2.343,0.6488,0.7876,0.00104,98.056,3.484,4.125,0.0002524,3.55e-05,
C:\Users\sblee\Downloads\Aesthetics-Toolbox-main\split_1\21bc61bf_08fb_4137_bac8_2461b22cf832.jpg,1280,1.5,21.671,7.607,9.382,94.319,5.281,126.956,103.848,84.649,44.993,6.561,14.199,0.07838,0.3868,0.501,56.791,53.831,48.285,21.671,7.079,8.56,0.0645,0.2241,0.2216,21.608,8.805,-0.04036,0.01758,14.352,0.1561,0.4045,0.1309,-2.855,-1.107,-1.274,0.03814,1.428,2.588,0.4166,0.7952,0.0008357,97.064,4.536,4.512,0.0003766,2.996e-05,
C:\Users\sblee\Downloads\Aesthetics-Toolbox-main\split_1\21d2a9fd_150d_43b5_80a5_0643b7dc6fc3.png,1024,1.0,32.602,7.643,6.411,97.329,5.744,129.895,118.353,101.963,48.767,2.547,10.227,0.09747,0.3651,0.5282,85.256,82.144,69.966,32.602,6.618,11.918,0.1432,0.252,0.3167,30.325,13.424,0.009766,0.06641,11.014,0.5676,0.3062,0.2978,-3.367,-1.652,-1.618,0.003952,1.152,2.348,0.6183,0.7096,0.0006952,95.506,4.518,4.283,0.0003052,3.258e-05,
C:\Users\sblee\Downloads\Aesthetics-Toolbox-main\split_1\21d4138b_b686_461c_9eb5_da2acea404dc.jpg,1216,0.7273,24.737,7.88,10.49,129.445,6.458,140.068,95.715,71.38,44.648,16.703,20.302,0.03674,0.5615,0.5615,67.651,64.879,62.401,24.737,15.01,23.927,0.1072,0.2959,0.2531,37.673,4.722,-0.02344,-0.002841,12.582,0.5207,0.4541,0.4448,-2.689,-1.513,-1.346,0.0065,1.459,2.489,0.7085,0.8265,0.0003651,96.622,4.467,4.516,0.0001453,1.749e-05,
C:\Users\sblee\Downloads\Aesthetics-Toolbox-main\split_1\21d4e8e8_487e_4161_a58a_31821d1fc6a2.png,1408,1.0,29.7,7.778,5.954,70.688,5.552,101.062,107.981,65.725,42.398,-9.599,21.503,0.1956,0.4681,0.4263,72.829,74.6,52.656,29.7,5.656,12.699,0.06617,0.1922,0.2899,33.523,20.582,-0.04545,0.09233,20.042,0.474,0.5013,0.421,-2.711,-1.415,-1.288,0.006317,1.295,2.508,0.6611,0.7762,0.0005811,90.971,4.262,4.252,0.0001902,1.942e-05,
C:\Users\sblee\Downloads\Aesthetics-Toolbox-main\split_1\21d75dc8_c0cd_4c61_a60a_360fd3374fb0.png,1024,1.0,23.649,7.817,13.965,164.912,5.758,140.379,146.908,174.691,60.706,5.87,-14.6302,0.6404,0.3415,0.7291,59.587,62.666,71.31,23.649,6.049,20.509,0.194,0.1938,0.2342,19.887,8.916,-0.03906,0.02148,6.465,0.5383,0.4696,0.4797,-2.836,-1.389,-1.377,0.009301,1.566,2.606,0.7082,0.7916,0.0003913,97.709,4.481,4.525,0.0002062,1.421e-05,
C:\Users\sblee\Downloads\Aesthetics-Toolbox-main\split_1\21edfec7_cadc_4061_8cd7_3ce7f4db8664.png,1216,1.375,24.952,7.771,6.272,72.789,6.271,123.768,90.704,62.49,40.651,11.427,20.336,0.04009,0.5707,0.506,67.851,63.534,43.202,24.952,11.439,22.366,0.1329,0.1666,0.2643,40.99,6.256,0.00142,0.03125,12.32,0.3384,0.342,0.3075,-2.813,-1.391,-1.394,0.002552,1.268,2.416,0.6792,0.694,0.0004689,95.452,4.47,4.263,0.0003038,3.505e-05,
C:\Users\sblee\Downloads\Aesthetics-Toolbox-main\split_1\21f36243_ee11_470f_bbd8_fc382218075e.jpg,1024,1.0,29.549,7.845,8.366,143.383,6.369,121.551,89.574,75.209,40.573,11.103,14.719,0.06446,0.4952,0.4789,75.047,77.322,75.754,29.549,16.639,14.675,0.1004,0.3388,0.2946,42.186,8.629,0.04297,-0.003906,11.31,0.4704,0.3238,0.3088,-3.719,-2.01,-1.77,0.0383,1.309,2.449,0.5776,0.7758,0.0007862,94.943,4.274,4.309,0.0002402,2.242e-05,
C:\Users\sblee\Downloads\Aesthetics-Toolbox-main\split_1\2210da50_2632_47d0_a445_8c0be95640d5.jpg,1536,2.0,19.252,7.475,5.177,72.188,6.661,120.748,132.309,112.423,53.428,-7.308,9.372,0.3228,0.2943,0.5461,53.333,50.064,53.562,19.252,10.163,16.062,0.1966,0.1613,0.1982,41.989,12.897,-0.001953,0.06445,22.69,0.491,0.3983,0.4063,-2.884,-1.448,-1.395,0.004708,1.382,2.424,0.6562,0.8228,0.0003374,92.203,4.316,4.473,0.0001786,1.785e-05,
C:\Users\sblee\Downloads\Aesthetics-Toolbox-main\split_1\221c7d6f_6a4b_46da_ad8a_10f02fd60c43.jpg,1216,0.7273,30.518,7.952,7.262,83.437,6.701,101.396,135.4,127.745,52.527,-11.1229,0.3726,0.4283,0.4748,0.5717,69.311,79.596,87.933,30.518,9.211,20.48,0.1663,0.2644,0.3107,28.074,18.406,0.04102,0.08239,15.576,0.3546,0.275,0.2569,-2.675,-1.535,-1.257,0.01568,1.291,2.459,0.4555,0.6866,0.0006071,93.592,4.216,4.306,0.0003508,2.858e-05,
C:\Users\sblee\Downloads\Aesthetics-Toolbox-main\split_1\2229234b_3658_4388_a446_f786e123e708.jpg,1024,1.0,19.296,7.581,9.194,71.831,6.247,78.82,94.335,65.723,37.282,-11.2141,14.237,0.2648,0.3739,0.3727,43.62,47.941,41.611,19.296,6.139,8.793,0.085,0.1651,0.1885,35.506,17.888,0.07617,0.04688,15.083,0.5221,0.4933,0.4623,-2.475,-1.114,-1.16,0.01984,1.424,2.617,0.7218,0.7913,0.0003116,89.294,4.041,4.344,0.000117,1.537e-05,
C:\Users\sblee\Downloads\Aesthetics-Toolbox-main\split_1\2234b1ce_269d_4a0c_9d6d_f82287ed3fac.jpg,1216,0.7273,12.591,6.831,3.825,60.469,3.894,105.28,88.91,80.527,39.223,6.33,7.736,0.8719,0.238,0.4164,35.108,32.384,36.223,12.591,8.792,14.088,0.1842,0.323,0.1376,65.745,0.2841,0.0,0.00142,8.876,0.1654,0.2808,0.1716,-2.86,-1.696,-1.48,0.0324,1.228,2.47,0.4042,0.7621,0.000926,88.233,4.395,4.444,0.0003487,1.93e-05,
C:\Users\sblee\Downloads\Aesthetics-Toolbox-main\split_1\223c03a5_7646_4366_ab7c_b5c9b7277fac.jpg,1280,1.5,28.651,7.825,8.799,84.444,1.197,105.275,104.157,104.749,42.604,0.5861,-0.1838,0.9514,0.04753,0.413,70.371,71.097,70.744,28.651,0.537,0.2788,0.05264,0.1302,0.276,36.744,10.627,0.00651,0.05273,18.767,0.3323,0.4226,0.2943,-2.86,-1.112,-1.365,0.03178,1.317,2.578,0.5731,0.7201,0.000521,93.846,4.199,4.247,0.0002342,2.838e-05,
C:\Users\sblee\Downloads\Aesthetics-Toolbox-main\split_1\223ed092_65c4_4db1_84a6_ad29d5f77a26.jpg,1024,1.0,20.762,6.52,5.427,59.237,4.378,109.133,105.117,97.509,43.832,0.7759,5.19,0.2431,0.2314,0.4447,43.584,51.387,52.458,20.762,5.658,5.692,0.1921,0.2287,0.1809,21.258,7.031,0.0,-0.03516,7.092,0.6826,0.3181,0.3114,-2.936,-1.333,-1.442,0.01336,1.305,2.406,0.5841,0.7974,0.0008214,90.176,4.466,4.403,0.000487,2.854e-05,
C:\Users\sblee\Downloads\Aesthetics-Toolbox-main\split_1\223fdf6e_9452_42b7_8208_dce9138fcda0.jpg,1024,1.0,6.653,6.457,0.5912,8.0,6.515,99.786,71.049,99.159,34.641,18.42,-10.8711,0.82,0.4052,0.4508,29.296,17.042,17.461,6.653,10.048,9.959,0.126,0.08348,0.08367,46.328,3.149,0.01562,0.001953,3.252,0.7275,0.4316,0.4221,-2.978,-1.493,-1.429,0.006414,0.8282,1.998,0.5291,0.6,0.001171,88.145,4.383,2.71,0.0008174,2.625e-06,
C:\Users\sblee\Downloads\Aesthetics-Toolbox-main\split_1\2244f234_e99f_4ac1_b999_e28ea83b2abc.jpg,1280,1.5,13.278,7.051,6.221,63.224,0.5993,122.548,122.317,122.459,51.025,0.1252,-0.0476,0.9897,0.004097,0.4807,32.445,32.778,32.586,13.278,0.3513,0.3002,0.03444,0.01564,0.1271,18.721,3.136,0.001302,-0.01562,11.737,0.5305,0.4317,0.3952,-2.617,-1.377,-1.215,0.003251,1.551,2.554,0.6426,0.7549,0.0006434,98.373,4.297,4.384,0.0002712,1.776e-05,
C:\Users\sblee\Downloads\Aesthetics-Toolbox-main\split_1\22479335_bfc5_4f2c_9929_4d5cd05554bf.jpg,1216,0.7273,18.823,7.242,9.261,87.034,4.804,97.702,69.181,69.415,31.849,12.24,4.931,0.9842,0.2888,0.3834,54.423,44.341,42.873,18.823,9.047,5.483,0.05234,0.1512,0.2132,69.992,16.604,-0.08203,0.01278,15.055,0.4789,0.4999,0.4052,-2.428,-1.306,-1.146,0.008203,1.534,2.577,0.6857,0.8172,0.0004131,87.59,3.782,4.116,0.0001302,1.393e-05,
C:\Users\sblee\Downloads\Aesthetics-Toolbox-main\split_1\22583520_93a4_43f4_a089_d5cb6db219eb.png,1536,2.0,20.129,7.63,18.332,171.742,6.429,107.82,97.207,87.161,41.243,2.929,7.101,0.05949,0.2077,0.43,53.617,49.638,46.331,20.129,4.949,11.643,0.1852,0.1862,0.2116,52.096,3.649,-0.004883,-0.01758,17.992,0.5067,0.4642,0.4349,-1.825,-1.534,-1.174,0.03464,1.757,2.722,0.708,0.829,0.0004222,96.194,4.446,4.442,0.0001368,1.101e-05,
C:\Users\sblee\Downloads\Aesthetics-Toolbox-main\split_1\22606c04_096b_49b1_9492_205cadc6a522.jpg,1280,1.5,27.297,7.675,7.165,91.295,7.441,79.487,99.801,94.755,39.575,-5.489,1.32,0.3354,0.4029,0.443,45.973,74.086,76.869,27.297,14.772,16.712,0.2953,0.1926,0.2934,45.724,15.169,0.0625,0.04297,23.306,0.4066,0.4554,0.3911,-2.765,-1.527,-1.369,0.002045,1.327,2.46,0.6709,0.8035,0.0003762,90.301,4.535,4.51,0.0001393,1.966e-05,
C:\Users\sblee\Downloads\Aesthetics-Toolbox-main\split_1\2273ee44_7518_4c59_808c_dd827a42fe88.png,1024,1.0,29.617,7.831,21.361,156.369,5.333,118.431,118.228,120.297,48.165,0.5647,-1.139,0.7097,0.06134,0.4739,73.241,74.416,73.655,29.617,1.591,1.9,0.2191,0.1022,0.2889,38.815,19.272,0.0918,0.0293,13.653,0.4622,0.4544,0.3906,-2.18,-1.14,-0.868,0.06788,1.667,2.753,0.6044,0.8198,0.0005022,93.348,3.944,4.161,0.0001751,1.502e-05,
C:\Users\sblee\Downloads\Aesthetics-Toolbox-main\split_1\2276d156_3725_4804_be29_99320155e48a.jpg,1408,1.75,31.224,7.814,7.317,102.608,6.8,104.396,113.002,96.422,44.669,-5.557,6.823,0.4176,0.3056,0.4646,82.344,78.579,53.363,31.224,6.433,14.986,0.2279,0.1242,0.3024,38.387,7.857,-0.03683,0.01367,19.787,0.4233,0.4008,0.3984,-2.945,-1.343,-1.38,0.008404,1.245,2.364,0.6333,0.7888,0.0006822,95.201,3.601,4.016,0.0001643,2.478e-05,
C:\Users\sblee\Downloads\Aesthetics-Toolbox-main\split_1\22791227_70f0_462c_8d96_4389df0ef60b.jpg,1024,1.0,34.445,7.179,16.163,234.063,4.27,127.132,129.229,137.47,52.22,1.033,-4.714,0.6377,0.2192,0.5393,85.692,86.18,85.256,34.445,1.471,4.155,0.07405,0.2952,0.3345,16.705,3.149,-0.01367,0.007812,3.36,0.4914,0.5327,0.4189,-2.841,-1.575,-1.227,0.09376,1.345,2.557,0.617,0.8049,0.001342,94.024,3.265,3.907,0.0003085,2.19e-05,
C:\Users\sblee\Downloads\Aesthetics-Toolbox-main\split_1\227a2394_27be_4aaa_8d0b_56dfb73870b5.png,1664,1.0,22.587,7.759,8.35,99.867,5.841,101.27,112.514,127.11,46.068,-0.438,-9.436,0.596,0.2856,0.5144,54.933,55.546,58.826,22.587,7.039,10.77,0.1037,0.1388,0.2236,22.75,4.867,0.008413,-0.02284,6.483,0.579,0.5508,0.5084,-2.696,-1.117,-1.372,0.008554,1.427,2.5,0.791,0.803,0.0004882,95.811,2.542,3.1,0.0001877,1.449e-05,
C:\Users\sblee\Downloads\Aesthetics-Toolbox-main\split_1\22a36877_456d_40dd_a913_a78106c6bf54.jpg,1024,1.0,17.528,7.251,18.819,154.923,4.608,141.736,180.051,197.074,71.349,-7.091,-12.1663,0.5516,0.3889,0.8071,51.501,51.051,56.596,17.528,11.365,17.01,0.08506,0.2168,0.1544,11.468,15.279,0.005859,-0.07617,8.545,0.7175,0.6772,0.6574,-2.202,-1.285,-0.7877,0.1592,1.747,2.763,0.813,0.6776,0.0007835,94.878,2.997,3.741,0.0001488,8.808e-06,
C:\Users\sblee\Downloads\Aesthetics-Toolbox-main\split_1\22a9e20f_2352_4054_ab2c_ee9ff72d2520.png,1024,1.0,20.703,7.534,5.102,46.15,6.121,105.631,98.418,66.892,41.032,-0.8388,18.516,0.1699,0.4955,0.4264,49.038,52.32,63.493,20.703,7.245,15.348,0.1337,0.3552,0.201,35.527,19.922,0.04688,0.08789,12.597,0.3614,0.2737,0.2719,-2.777,-1.281,-1.355,0.004621,1.344,2.473,0.6413,0.7243,0.0005071,90.144,4.174,4.401,0.000266,3.337e-05,
C:\Users\sblee\Downloads\Aesthetics-Toolbox-main\split_1\22dc5522_4270_4964_ac81_e38db12a1441.jpg,1280,0.6667,24.122,7.665,19.471,128.344,5.183,100.952,73.824,60.142,32.896,9.52,12.119,0.04094,0.4921,0.3969,64.492,57.45,49.86,24.122,6.308,10.251,0.05724,0.2291,0.2523,42.917,11.205,-0.001953,0.05599,12.253,0.7346,0.4808,0.4765,-2.045,-0.9698,-0.9168,0.004202,1.707,2.772,0.621,0.8212,0.0004544,96.861,4.559,4.508,0.0001281,2.082e-05,
C:\Users\sblee\Downloads\Aesthetics-Toolbox-main\split_1\22debe33_dd47_4bf2_b306_0f7919a769c1.jpg,1216,0.7273,15.347,7.114,11.086,83.078,5.768,96.43,68.309,44.613,31.46,9.287,18.705,0.0826,0.5574,0.3813,43.024,37.204,30.665,15.347,11.108,11.795,0.06718,0.2462,0.1652,21.953,2.996,0.007812,0.01278,9.032,0.5872,0.4849,0.4807,-2.196,-1.072,-1.101,0.003608,1.606,2.595,0.616,0.8464,0.0002196,98.524,4.543,4.538,0.0001074,1.427e-05,
C:\Users\sblee\Downloads\Aesthetics-Toolbox-main\split_1\22df425b_1073_46f7_aa92_a2862b75c445.jpg,1024,1.0,22.409,7.646,6.389,107.694,5.644,135.877,115.549,102.848,50.092,9.616,10.099,0.05164,0.4618,0.6036,71.111,57.588,54.007,22.409,6.453,25.857,0.1597,0.2412,0.2295,49.686,10.938,0.05469,0.0,8.986,0.3503,0.4894,0.3218,-3.892,-2.05,-1.803,0.02472,1.168,2.345,0.6849,0.8064,0.000515,88.882,4.285,4.389,0.0002329,1.634e-05,
C:\Users\sblee\Downloads\Aesthetics-Toolbox-main\split_1\22e63089_6166_45fe_9db7_6e1c88cf2341.jpg,1024,1.0,24.062,7.785,5.42,56.726,5.072,94.748,126.085,132.853,49.671,-9.008,-7.531,0.5299,0.3511,0.5236,55.603,61.759,57.349,24.062,3.701,3.494,0.03744,0.1512,0.2278,29.857,18.57,0.03516,0.08594,14.348,0.4304,0.3869,0.364,-2.729,-1.407,-1.231,0.03773,1.393,2.5,0.5492,0.7364,0.0005995,91.212,4.239,4.376,0.0003412,1.663e-05,
C:\Users\sblee\Downloads\Aesthetics-Toolbox-main\split_1\22f1f694_3058_43fe_b475_be8edcd10aaa.jpg,1536,2.0,22.536,7.704,5.005,94.195,7.014,146.073,135.587,158.334,57.912,11.263,-10.6711,0.8324,0.3785,0.7087,63.919,59.534,67.269,22.536,15.147,32.443,0.2431,0.1848,0.2242,22.877,6.299,-0.01562,-0.02734,20.468,0.5154,0.4077,0.3911,-3.081,-1.673,-1.558,0.006208,1.366,2.321,0.6641,0.7903,0.0004506,95.482,4.309,4.431,0.0002051,1.522e-05,
C:\Users\sblee\Downloads\Aesthetics-Toolbox-main\split_1\231950c0_3767_4b9a_860d_b86fdc6d61df.jpg,1216,0.7273,23.856,7.644,14.678,164.725,5.031,78.963,79.745,66.44,32.187,-2.787,7.354,0.1642,0.1818,0.3159,57.148,58.343,49.168,23.856,2.563,5.702,0.1015,0.1007,0.2277,48.184,10.803,0.001953,0.05398,7.83,0.6362,0.5926,0.5891,-2.648,-1.515,-1.313,0.01105,1.567,2.56,0.7833,0.8722,0.0003501,97.371,4.38,4.488,0.000149,7.461e-06,
C:\Users\sblee\Downloads\Aesthetics-Toolbox-main\split_1\231becac_dc94_478a_9270_b65d51e0465f.jpg,1024,1.0,28.462,7.551,7.965,109.686,5.985,120.357,131.844,137.361,53.527,-0.9314,-3.355,0.5913,0.348,0.576,70.052,73.778,74.445,28.462,9.811,11.146,0.2102,0.3088,0.268,22.229,7.128,-0.005859,-0.03516,7.263,0.4541,0.4517,0.3975,-3.052,-1.396,-1.469,0.006161,1.329,2.424,0.6694,0.7674,0.0006957,97.087,4.497,4.139,0.0002638,2.582e-05,
C:\Users\sblee\Downloads\Aesthetics-Toolbox-main\split_1\231e5f4a_dc3f_408b_832d_4814b2fea669.jpg,1024,1.0,14.278,6.878,0.6298,10.791,5.622,114.489,134.436,128.329,54.459,-6.232,2.188,0.4284,0.4001,0.5875,26.491,38.476,66.4,14.278,8.164,19.71,0.2407,0.1525,0.1764,16.064,12.891,0.0,-0.06445,7.712,0.5554,0.334,0.2479,-3.035,-1.627,-1.455,0.002465,0.6979,2.0,0.4479,0.6068,0.001258,81.656,3.13,2.271,0.001003,6.801e-06,
C:\Users\sblee\Downloads\Aesthetics-Toolbox-main\split_1\23245350_a326_4b88_b4ac_f52884091a1a.jpg,1024,1.0,19.093,7.543,7.521,110.085,6.165,165.658,124.463,174.624,59.879,26.841,-16.9608,0.8155,0.521,0.795,70.46,63.192,55.517,19.093,30.337,22.474,0.1775,0.251,0.1783,33.554,4.972,0.01758,-0.01758,4.922,0.4914,0.4013,0.3801,-3.119,-1.633,-1.372,0.05522,1.351,2.42,0.6241,0.762,0.0007003,98.547,4.29,4.419,0.0003805,2.053e-05,
C:\Users\sblee\Downloads\Aesthetics-Toolbox-main\split_1\23309a9a_d2a4_4ffe_a81c_8cef6168aaa9.jpg,1536,2.0,11.302,6.782,7.541,60.238,3.461,127.696,85.289,63.97,41.284,15.311,19.516,0.06247,0.4454,0.5008,41.929,31.293,39.145,11.302,18.209,19.045,0.01953,0.3188,0.1644,7.069,4.804,0.01074,0.02148,19.638,0.5311,0.3225,0.2757,-1.915,-1.069,-0.9569,0.004672,1.647,2.643,0.4571,0.7353,0.0002524,98.44,4.224,4.44,0.0002411,1.637e-05,
C:\Users\sblee\Downloads\Aesthetics-Toolbox-main\split_1\233f590c_ce84_40e0_9200_37de44894ca2.png,1024,1.0,25.76,7.798,10.259,109.929,5.576,103.036,91.99,43.614,38.005,-1.536,27.15,0.127,0.6618,0.4131,67.028,64.495,55.331,25.76,9.727,18.031,0.06658,0.2415,0.2629,52.316,12.506,-0.001953,0.0625,11.871,0.3228,0.3199,0.1761,-2.72,-1.356,-1.229,0.02158,1.386,2.523,0.5056,0.7855,0.0008123,90.772,4.498,4.472,0.0003289,3.031e-05,
C:\Users\sblee\Downloads\Aesthetics-Toolbox-main\split_1\23433f09_e058_4961_b821_be0d913c8708.jpg,1280,1.5,21.094,7.597,3.162,40.608,6.301,99.084,116.222,107.161,46.961,-6.076,2.978,0.4328,0.3415,0.5001,56.318,55.037,48.154,21.094,10.961,17.535,0.2171,0.1745,0.2246,31.671,9.123,0.04557,0.001953,15.585,0.3462,0.2949,0.2634,-2.816,-1.469,-1.41,0.003037,1.118,2.342,0.5902,0.6991,0.0005724,93.142,3.957,4.184,0.0003048,2.099e-05,
C:\Users\sblee\Downloads\Aesthetics-Toolbox-main\split_1\23450b24_7129_43b6_a863_0cea8600cfd2.png,1024,1.0,35.357,6.177,9.572,79.19,4.991,161.596,155.694,154.473,62.711,2.32,1.83,0.07873,0.1573,0.6363,83.681,89.595,90.662,35.357,6.851,4.469,0.2116,0.2367,0.3296,14.151,9.391,0.0332,-0.0332,17.49,0.3325,0.3188,0.2801,-2.696,-1.32,-1.234,0.01085,1.205,2.554,0.5426,0.7437,0.0003825,88.214,4.512,4.399,0.0003293,2.631e-05,
C:\Users\sblee\Downloads\Aesthetics-Toolbox-main\split_1\23486201_f0bc_4d34_9685_f989cb06911e.png,1024,1.0,22.218,7.774,9.764,90.433,6.4,138.084,100.64,70.036,45.995,14.756,19.746,0.03441,0.6015,0.5886,66.723,58.941,47.683,22.218,18.096,38.806,0.1725,0.2159,0.2367,39.548,8.531,-0.01172,-0.04102,4.726,0.4289,0.4201,0.3924,-3.021,-1.445,-1.41,0.01825,1.454,2.492,0.7273,0.7604,0.000391,97.224,4.504,4.354,0.0001627,2.087e-05,
C:\Users\sblee\Downloads\Aesthetics-Toolbox-main\split_1\234c7435_52f9_4026_8baa_80f87ec1ad01.jpg,1216,1.375,25.561,7.721,3.836,51.323,5.296,109.652,97.206,87.718,40.785,3.562,7.021,0.05157,0.2257,0.4302,64.463,63.863,56.029,25.561,3.714,5.343,0.0665,0.1057,0.2526,42.139,25.107,-0.1065,0.06641,23.404,0.3401,0.313,0.2641,-2.891,-1.528,-1.412,0.002812,1.18,2.347,0.6365,0.7847,0.0004947,87.155,4.505,4.466,0.000217,2.241e-05,
C:\Users\sblee\Downloads\Aesthetics-Toolbox-main\split_1\234e3835_03a1_4800_8748_1c1541ce8c7f.jpg,1280,1.5,19.615,7.553,11.474,108.957,5.37,97.723,109.935,133.205,46.223,4.649,-13.281,0.7735,0.3384,0.5384,60.953,48.794,51.591,19.615,7.108,16.342,0.1715,0.3153,0.2069,29.972,14.084,-0.003906,0.07031,16.868,0.5455,0.3791,0.3823,-2.327,-1.169,-1.067,0.007628,1.509,2.532,0.6617,0.7563,0.0006476,93.619,3.659,4.054,0.000196,2.338e-05,
C:\Users\sblee\Downloads\Aesthetics-Toolbox-main\split_1\235fff1b_1b71_48b7_ac37_094f18dce9ff.jpg,1280,1.5,18.374,7.529,24.684,125.417,4.664,98.95,92.839,89.517,39.147,1.847,2.784,0.0513,0.1098,0.3884,45.56,44.809,43.772,18.374,1.61,2.187,0.06956,0.07183,0.1791,42.157,6.114,0.02734,0.01367,14.433,0.6269,0.5724,0.5643,-1.666,-0.8012,-0.7704,0.001761,1.834,2.813,0.8423,0.8737,0.0003338,97.393,4.374,4.445,0.0001167,6.9e-06,
C:\Users\sblee\Downloads\Aesthetics-Toolbox-main\split_1\238dbd71_bf92_4b41_a591_f94b9b68fb5f.jpg,1024,1.0,14.316,7.274,0.9283,20.692,3.687,111.462,105.44,97.268,44.49,0.8825,5.431,0.08651,0.1332,0.4376,35.685,35.587,34.177,14.316,0.8831,3.2,0.08674,0.07575,0.1391,35.686,10.423,-0.01172,-0.05078,6.248,0.5789,0.335,0.3321,-3.051,-1.651,-1.464,0.001676,0.8282,2.016,0.5467,0.6636,0.001589,92.169,1.907,1.569,0.0004125,1.334e-05,
C:\Users\sblee\Downloads\Aesthetics-Toolbox-main\split_1\239320af_6ec8_4def_b800_87018dc4fb4c.jpg,1024,1.0,21.057,7.551,5.175,68.485,5.649,109.835,101.682,76.804,42.842,1.897,14.026,0.093,0.5319,0.4881,53.512,52.786,69.734,21.057,9.947,27.415,0.1809,0.252,0.2328,32.475,13.27,-0.04883,0.04492,8.71,0.33,0.2735,0.2389,-3.23,-1.578,-1.498,0.01512,1.228,2.338,0.595,0.7219,0.000817,94.377,4.379,4.362,0.0003587,4.066e-05,
C:\Users\sblee\Downloads\Aesthetics-Toolbox-main\split_1\239e3d98_5d6c_441a_a74a_0dfdc2d00d32.png,1216,0.7273,25.415,6.843,8.221,118.665,5.869,109.178,75.635,122.096,36.917,23.438,-19.7507,0.8104,0.528,0.5167,66.486,63.5,70.277,25.415,13.379,20.804,0.1155,0.2325,0.2724,70.266,8.862,-0.01953,0.03977,14.238,0.6752,0.3993,0.3938,-2.979,-1.539,-1.454,0.004582,1.317,2.4,0.6596,0.772,0.0007117,92.894,4.484,4.36,0.0003687,2.194e-05,
C:\Users\sblee\Downloads\Aesthetics-Toolbox-main\split_1\239ecea9_94a4_43ae_ade0_3bc0eab3baff.jpg,1216,1.375,24.585,7.7,5.382,60.576,6.99,90.653,95.234,94.769,38.968,-0.5514,-0.1015,0.6336,0.2808,0.421,55.765,62.377,58.933,24.585,7.442,11.752,0.285,0.1508,0.2397,54.761,20.28,-0.05682,0.08398,21.902,0.3725,0.3138,0.3214,-2.696,-1.314,-1.331,0.001947,1.35,2.433,0.6247,0.7959,0.0004209,86.724,4.517,4.474,0.0002253,2.026e-05,
C:\Users\sblee\Downloads\Aesthetics-Toolbox-main\split_1\23b327ae_1580_42be_835e_5752ce5a2038.jpg,1216,0.7273,24.999,7.653,10.932,103.658,6.266,106.877,74.511,59.051,34.049,12.407,14.486,0.03276,0.5495,0.4229,62.406,63.898,57.279,24.999,9.734,14.498,0.08981,0.2539,0.2444,56.678,12.917,0.0332,0.0554,13.586,0.4479,0.4395,0.4353,-2.523,-1.237,-1.196,0.008936,1.453,2.492,0.7305,0.8154,0.0003765,88.053,4.492,4.473,0.0001348,2.157e-05,
C:\Users\sblee\Downloads\Aesthetics-Toolbox-main\split_1\23b68fd7_0755_4c62_a4b2_841c390c0237.jpg,1024,1.0,26.068,7.734,5.297,61.763,6.355,139.692,108.625,107.438,48.115,13.562,6.597,0.9703,0.4974,0.5745,63.329,66.428,91.009,26.068,11.653,21.843,0.1618,0.2446,0.2819,50.256,10.482,0.02344,0.04688,8.349,0.4066,0.3122,0.3084,-3.035,-1.488,-1.402,0.01597,1.37,2.395,0.5858,0.73,0.0006429,86.89,4.291,4.262,0.0002964,3.544e-05,
C:\Users\sblee\Downloads\Aesthetics-Toolbox-main\split_1\23b761d1_0f7c_4d5b_b653_bfd237282d02.jpg,1024,1.0,25.734,7.446,6.258,70.566,6.605,119.157,123.144,105.917,49.873,-4.594,9.253,0.2277,0.2723,0.501,70.78,64.966,65.268,25.734,7.447,8.3,0.1492,0.1985,0.2538,36.878,9.407,0.04688,-0.003906,8.712,0.4465,0.3997,0.3372,-3.061,-1.572,-1.358,0.02853,1.113,2.389,0.6797,0.7738,0.000381,93.86,4.474,4.384,0.0001562,1.901e-05,
C:\Users\sblee\Downloads\Aesthetics-Toolbox-main\split_1\23be27c8_6bc2_4e4a_8e6f_aa4f23568a19.jpg,1472,0.5333,21.441,7.306,3.243,39.882,6.093,98.501,86.756,72.699,36.814,3.102,9.59,0.06161,0.2646,0.3942,53.467,54.784,42.156,21.441,7.874,11.488,0.1424,0.1661,0.2147,59.812,13.789,-0.01758,0.06667,17.52,0.4868,0.2971,0.2851,-2.772,-1.288,-1.261,0.009873,1.258,2.346,0.5508,0.7585,0.0005208,81.178,4.372,4.441,0.0002033,2.324e-05,
C:\Users\sblee\Downloads\Aesthetics-Toolbox-main\split_1\23bfd5dd_7eef_4c7b_9ebf_f14e617e2d6b.jpg,1536,1.0,19.5,7.634,8.847,94.367,6.12,91.114,122.368,127.438,48.954,-7.782,-6.853,0.5615,0.3851,0.5592,40.559,53.825,46.246,19.5,18.836,21.027,0.1074,0.1381,0.1975,24.358,5.782,0.01693,-0.02344,5.743,0.4957,0.4078,0.4124,-2.546,-1.106,-1.127,0.01839,1.494,2.615,0.5107,0.7578,0.0005419,97.276,4.272,4.307,0.0002319,2.135e-05,
C:\Users\sblee\Downloads\Aesthetics-Toolbox-main\split_1\23c8d859_8160_4cdd_8d58_d1b95156cc86.jpg,1664,1.0,23.825,7.809,15.009,190.427,6.108,102.311,87.44,52.203,36.87,0.8515,21.832,0.1275,0.5759,0.4122,67.37,56.695,46.663,23.825,11.777,11.448,0.07088,0.1953,0.2596,41.922,8.816,-0.008413,0.04327,5.952,0.6114,0.5925,0.5772,-2.576,-1.694,-1.259,0.0231,1.581,2.651,0.7713,0.8708,0.0002071,97.082,4.503,4.532,0.0001189,7.149e-06,
C:\Users\sblee\Downloads\Aesthetics-Toolbox-main\split_1\23cf022e_312b_4926_a2f8_0c2a5fb9063a.jpg,1024,1.0,22.472,7.427,11.442,93.372,6.362,80.536,73.673,78.346,33.249,4.633,1.381,0.5762,0.4885,0.4064,55.243,63.355,55.792,22.472,18.63,17.044,0.3156,0.2798,0.2267,53.785,12.914,-0.003906,0.06445,15.032,0.513,0.3988,0.3671,-2.535,-1.219,-1.185,0.02281,1.583,2.598,0.6268,0.7813,0.0005997,90.451,4.52,4.484,0.0002548,2.474e-05,
C:\Users\sblee\Downloads\Aesthetics-Toolbox-main\split_1\23db903d_7cdf_4bbe_9035_e9a13873260e.jpg,1152,1.25,21.509,7.448,13.882,73.289,5.09,118.254,110.689,104.467,46.337,1.926,4.346,0.05221,0.1778,0.4682,53.565,52.483,48.257,21.509,2.327,6.236,0.1118,0.1496,0.2084,31.49,6.631,0.01875,0.02734,14.745,0.422,0.479,0.4185,-1.973,-0.9505,-0.9148,0.03731,1.674,2.749,0.4004,0.7502,0.0007221,96.584,4.478,4.343,0.0003381,3.263e-05,
C:\Users\sblee\Downloads\Aesthetics-Toolbox-main\split_1\23f2a1bf_5893_421c_b3a1_e7c5f74677d6.png,1024,1.0,35.474,7.084,8.622,101.613,5.59,166.876,132.281,117.738,58.549,10.245,16.018,0.07599,0.4146,0.6553,83.357,103.453,89.38,35.474,22.722,14.817,0.1004,0.3801,0.327,20.862,19.613,-0.06836,-0.07031,18.051,0.3388,0.3206,0.338,-2.94,-1.463,-1.363,0.03101,1.186,2.402,0.5949,0.71,0.0006152,92.411,4.483,4.288,0.0002537,4.555e-05,
C:\Users\sblee\Downloads\Aesthetics-Toolbox-main\split_1\2402b8c2_6e17_44ea_b079_7a64aea2d700.jpg,1216,0.7273,27.775,7.483,5.516,75.482,4.894,128.631,101.286,76.341,43.727,8.566,18.643,0.07243,0.5169,0.5088,69.703,71.081,68.953,27.775,4.829,10.978,0.08397,0.252,0.2732,42.091,12.919,-0.06445,-0.004261,15.229,0.5122,0.3299,0.3115,-2.952,-1.435,-1.379,0.01687,1.243,2.42,0.5653,0.6991,0.0008071,89.304,4.444,4.273,0.0003885,3.184e-05,
C:\Users\sblee\Downloads\Aesthetics-Toolbox-main\split_1\2410678c_471d_4647_a880_e608fa8b3eee.jpg,1280,0.6667,10.143,7.323,0.7408,18.298,3.071,89.735,75.757,55.796,32.829,2.572,13.87,0.09495,0.3635,0.3519,27.262,22.966,14.741,10.143,0.8733,5.211,0.01608,0.06903,0.1069,41.233,3.667,0.01758,0.005208,11.76,0.7495,0.7114,0.6576,-2.98,-1.558,-1.44,0.09654,0.8382,2.008,0.5017,0.6999,0.001725,93.426,2.465,1.129,0.0005275,1.114e-05,
C:\Users\sblee\Downloads\Aesthetics-Toolbox-main\split_1\2417990d_2788_45d0_af20_b29400ef7dc4.jpg,1024,1.0,22.256,7.431,6.792,112.231,6.395,90.377,99.109,128.929,42.274,6.428,-16.7968,0.6447,0.477,0.5354,60.638,59.907,51.743,22.256,13.14,13.403,0.149,0.2268,0.1952,68.987,2.278,0.005859,0.009766,3.856,0.3383,0.2619,0.215,-3.428,-1.681,-1.65,0.01552,1.336,2.426,0.5273,0.7472,0.0009547,92.86,4.331,4.427,0.0005966,2.357e-05,
C:\Users\sblee\Downloads\Aesthetics-Toolbox-main\split_1\241a2648_1fa0_490f_b0dd_90def450d724.jpg,2048,0.6,10.458,6.463,4.872,46.266,4.348,97.185,58.811,42.602,28.878,15.084,16.52,0.03633,0.5094,0.3811,39.417,20.439,10.835,10.458,7.859,13.396,0.02892,0.178,0.1546,66.896,5.102,0.01172,-0.02266,15.826,0.5246,0.536,0.5268,-2.367,-1.253,-1.169,0.001595,1.536,2.536,0.856,0.7942,0.0001778,91.921,4.555,4.523,0.0001297,1.3e-05,
C:\Users\sblee\Downloads\Aesthetics-Toolbox-main\split_1\2423bbf6_112c_478f_aaad_b5a6915e11e6.jpg,1536,2.0,26.711,7.683,27.839,171.643,7.357,157.35,117.211,119.212,54.574,19.263,5.642,0.962,0.5679,0.704,80.431,80.73,43.007,26.711,26.595,34.068,0.2116,0.2306,0.2366,35.194,3.685,0.01562,-0.009766,20.265,0.567,0.6071,0.5575,-2.072,-1.03,-0.8227,0.01648,1.741,2.846,0.7731,0.8658,0.000292,98.925,4.487,4.522,0.0001164,1.486e-05,
C:\Users\sblee\Downloads\Aesthetics-Toolbox-main\split_1\242b972b_f4dc_4f3e_a233_cbe423f595f9.jpg,1024,1.0,29.381,7.444,10.718,80.626,5.54,84.149,82.675,84.019,33.677,1.632,-0.3721,0.6427,0.206,0.3618,69.413,73.853,72.815,29.381,7.363,8.736,0.1983,0.1832,0.2887,62.293,33.804,0.1562,0.06445,21.091,0.3441,0.4079,0.3351,-2.684,-1.264,-1.249,0.01767,1.45,2.56,0.6588,0.7684,0.0004066,84.82,4.46,4.419,0.0001917,2.552e-05,
C:\Users\sblee\Downloads\Aesthetics-Toolbox-main\split_1\243912dd_e191_45d5_a1d0_87d48e29f9a8.jpg,1280,1.5,24.172,7.69,10.469,100.873,0.939,96.231,94.784,95.532,39.117,0.7545,-0.2278,0.9384,0.03377,0.3774,58.265,58.754,58.517,24.172,0.4869,0.2608,0.04087,0.06828,0.2285,38.387,10.552,0.01432,-0.05078,13.929,0.4752,0.3975,0.3993,-2.53,-1.104,-1.199,0.008998,1.542,2.581,0.596,0.8533,0.0006763,96.391,4.078,4.362,0.0002218,1.919e-05,
C:\Users\sblee\Downloads\Aesthetics-Toolbox-main\split_1\244cc5e6_3315_451e_bc48_24dd2c5a8078.jpg,1408,1.75,25.069,7.706,8.205,75.209,6.611,99.412,121.004,134.337,48.868,-2.384,-10.2339,0.5667,0.4134,0.5609,62.558,65.362,47.562,25.069,13.579,13.615,0.1522,0.1938,0.221,27.22,11.483,-0.02679,0.05078,21.873,0.4263,0.4008,0.3337,-2.341,-1.152,-1.148,0.00636,1.443,2.544,0.5444,0.7418,0.0005837,94.075,3.876,4.25,0.0002782,2.801e-05,
C:\Users\sblee\Downloads\Aesthetics-Toolbox-main\split_1\245d0ad2_ef23_41bf_b6b7_b3229461184d.jpg,1024,1.0,15.065,7.188,8.91,82.078,6.154,142.98,80.939,102.173,42.26,28.954,-0.2789,0.9225,0.4441,0.5766,52.087,34.201,43.667,15.065,11.964,15.491,0.08222,0.1177,0.2103,49.764,4.367,0.003906,-0.02148,8.041,0.5836,0.5647,0.5324,-2.475,-1.179,-1.198,0.01122,1.561,2.392,0.8789,0.8416,0.0001444,91.932,4.574,4.562,0.0001229,9.602e-06,
C:\Users\sblee\Downloads\Aesthetics-Toolbox-main\split_1\24618a79_95e5_412d_a730_d5452ffd81dd.jpg,1152,1.25,27.616,7.909,10.16,88.906,7.198,134.111,90.251,72.648,43.085,16.978,15.698,0.04319,0.7189,0.5671,84.083,71.769,64.8,27.616,25.125,33.062,0.1721,0.2387,0.31,38.583,16.117,-0.06094,0.05273,20.4,0.4937,0.3133,0.2892,-2.378,-1.243,-1.005,0.01962,1.446,2.532,0.3676,0.739,0.0005389,93.47,4.305,4.347,0.0002349,3.597e-05,
C:\Users\sblee\Downloads\Aesthetics-Toolbox-main\split_1\24714aa5_e664_4687_bfbc_992b68267b83.jpg,1152,1.25,22.08,7.585,10.725,90.735,3.938,127.302,89.634,41.815,40.401,11.172,31.584,0.08138,0.6944,0.4992,54.707,58.51,33.764,22.08,8.301,17.106,0.029,0.1612,0.2146,62.838,6.094,0.02813,0.01172,14.748,0.448,0.5324,0.4412,-2.491,-1.15,-1.211,0.002198,1.563,2.631,0.7168,0.7779,0.0003656,82.464,4.395,4.434,0.0001469,1.708e-05,
C:\Users\sblee\Downloads\Aesthetics-Toolbox-main\split_1\24779daf_3c5a_4282_b361_a2495d10705e.jpg,1280,0.6667,13.22,7.106,11.761,78.597,7.295,111.575,135.871,144.116,55.996,-4.017,-6.016,0.5346,0.4337,0.6346,51.656,40.558,39.381,13.22,23.162,20.64,0.1831,0.1945,0.1359,32.505,6.797,-0.009766,0.03255,16.738,0.5926,0.4807,0.4685,-1.999,-0.9995,-0.933,0.002188,1.71,2.724,0.7364,0.8584,0.0002381,97.867,4.56,4.559,0.0001168,9.528e-06,
C:\Users\sblee\Downloads\Aesthetics-Toolbox-main\split_1\2479ecb2_dd31_47a0_8796_e708d3f835f1.jpg,1216,1.375,21.312,7.557,3.922,50.899,6.56,106.106,97.984,112.47,41.901,6.687,-7.148,0.7924,0.2138,0.4613,52.954,53.835,49.927,21.312,4.186,8.48,0.1488,0.08747,0.2126,50.749,5.634,-0.01562,0.02344,13.167,0.3196,0.2902,0.2239,-2.71,-1.373,-1.324,0.003724,1.208,2.303,0.4471,0.7233,0.0005649,90.558,4.475,4.418,0.0002807,2.691e-05,
C:\Users\sblee\Downloads\Aesthetics-Toolbox-main\split_1\2497641d_dae7_40c1_adfd_bb45f7e10284.jpg,1024,1.0,29.947,7.757,9.635,120.107,6.35,108.002,91.981,115.435,40.684,10.746,-9.167,0.6993,0.3441,0.4899,77.257,77.119,76.61,29.947,16.086,12.596,0.1075,0.2402,0.3053,45.679,7.91,0.01367,0.03711,11.299,0.3076,0.3268,0.3082,-3.129,-1.779,-1.329,0.1316,1.347,2.487,0.5314,0.7207,0.0005947,96.705,4.461,4.364,0.0002336,2.873e-05,
C:\Users\sblee\Downloads\Aesthetics-Toolbox-main\split_1\2497fc99_9b69_4d29_b404_3ff7bfe4e486.jpg,1216,0.7273,22.498,7.601,10.576,85.765,4.718,106.827,94.016,80.49,39.713,3.018,9.494,0.0768,0.3018,0.419,54.217,54.749,48.505,22.498,3.287,4.452,0.05138,0.1567,0.2125,35.473,8.411,-0.01367,0.03977,12.861,0.6,0.4775,0.4426,-2.238,-1.135,-1.048,0.003974,1.489,2.565,0.5532,0.8081,0.0003698,94.662,4.531,4.524,0.0001513,1.938e-05,
C:\Users\sblee\Downloads\Aesthetics-Toolbox-main\split_1\249d8b32_b4b2_4852_a24f_956a10fd8046.jpg,1024,1.0,21.837,7.706,16.641,132.773,6.581,107.805,112.258,84.534,45.58,-6.55,15.002,0.1972,0.3905,0.4688,60.116,52.619,60.437,21.837,11.538,15.745,0.1678,0.1984,0.228,32.271,7.812,-0.03125,-0.02344,5.758,0.476,0.4931,0.4244,-2.326,-1.148,-1.073,0.04186,1.541,2.666,0.6477,0.8047,0.0002419,95.712,4.511,4.476,0.0001297,1.388e-05,
C:\Users\sblee\Downloads\Aesthetics-Toolbox-main\split_1\24acf64b_26ed_4d43_bc83_17c9afebca0f.jpg,1024,1.0,18.883,7.543,6.462,64.838,6.882,120.769,102.032,132.862,45.743,14.88,-13.1614,0.7905,0.3457,0.5775,58.223,42.119,66.057,18.883,10.893,21.348,0.1712,0.1829,0.2507,19.83,7.544,-0.01367,0.03516,5.088,0.4762,0.3845,0.3334,-2.579,-1.201,-1.175,0.01794,1.193,2.473,0.5138,0.7343,0.0007766,96.641,3.886,4.204,0.0003951,3.21e-05,
C:\Users\sblee\Downloads\Aesthetics-Toolbox-main\split_1\24bb5cb6_cf1a_4901_a653_751e0daacae6.jpg,1984,1.583,20.201,7.549,2.476,44.49,6.014,138.727,115.35,101.759,49.732,7.186,10.393,0.04002,0.2658,0.5465,57.427,51.378,33.135,20.201,6.311,10.678,0.1082,0.08443,0.221,50.686,13.404,-0.009046,0.06641,17.558,0.3448,0.3123,0.2799,-2.903,-1.467,-1.426,0.002266,1.152,2.248,0.6092,0.7758,0.0005215,89.397,4.276,4.419,0.0002773,2.515e-05,
C:\Users\sblee\Downloads\Aesthetics-Toolbox-main\split_1\24c0bab5_6ea7_4151_8e9d_1dff3e05b0d3.png,1024,1.0,25.185,7.662,8.202,94.887,5.773,154.197,131.138,117.249,55.75,6.936,11.127,0.05044,0.2858,0.6109,66.391,63.98,64.088,25.185,8.318,10.261,0.1286,0.2017,0.2637,18.069,6.501,-0.01758,0.02734,5.627,0.3625,0.34,0.263,-2.85,-1.348,-1.369,0.01516,1.33,2.492,0.4988,0.7118,0.0005871,96.094,4.552,4.481,0.0003128,3.818e-05,
C:\Users\sblee\Downloads\Aesthetics-Toolbox-main\split_1\24c633ae_938a_463f_8507_c1df25784941.jpg,1280,1.5,24.084,7.862,13.253,118.739,7.137,120.343,122.717,87.779,49.824,-5.694,18.591,0.2186,0.3975,0.5218,63.331,62.759,46.118,24.084,12.03,15.174,0.1587,0.2017,0.2377,31.036,4.328,-0.02083,-0.005859,17.249,0.5165,0.524,0.5186,-2.427,-1.171,-1.248,0.003875,1.527,2.583,0.7297,0.8227,0.0002714,95.528,4.275,4.401,0.0001067,1.415e-05,
C:\Users\sblee\Downloads\Aesthetics-Toolbox-main\split_1\24cbc837_d713_4a15_81fd_f1e5a8c2d342.jpg,1216,0.7273,19.623,7.392,13.127,106.739,4.959,73.874,59.563,44.333,25.571,4.155,10.921,0.0726,0.448,0.2898,50.194,46.31,41.04,19.623,4.81,11.521,0.05356,0.3079,0.1968,57.012,15.228,-0.02344,0.07244,9.379,0.6471,0.4583,0.4546,-2.399,-1.096,-1.128,0.006196,1.591,2.618,0.6447,0.7919,0.0004767,93.543,4.414,4.276,0.0001415,2.156e-05,
C:\Users\sblee\Downloads\Aesthetics-Toolbox-main\split_1\24d5ec84_de06_48a8_970b_806737b2a5e7.jpg,1024,1.0,22.917,7.761,13.53,141.72,7.011,108.601,137.591,141.602,56.22,-2.912,-3.415,0.4702,0.5409,0.6828,69.386,63.477,83.717,22.917,19.982,32.657,0.2396,0.2857,0.2559,20.277,11.495,0.05664,-0.009766,6.084,0.4692,0.4797,0.4213,-2.967,-1.504,-1.314,0.06521,1.469,2.549,0.6693,0.8296,0.0004535,96.695,4.015,4.319,0.0001685,1.607e-05,
C:\Users\sblee\Downloads\Aesthetics-Toolbox-main\split_1\24e1e10b_faca_4354_a981_c1eadef3f7ca.jpg,1024,1.0,19.816,7.599,6.465,82.988,7.134,100.349,87.199,85.692,37.733,5.901,2.48,0.9006,0.2913,0.414,52.176,50.226,35.644,19.816,7.718,13.636,0.2169,0.1905,0.1978,53.335,11.495,-0.009766,0.05664,10.817,0.417,0.4014,0.382,-3.091,-1.559,-1.368,0.05453,1.37,2.397,0.606,0.7659,0.0006752,93.951,4.213,4.381,0.0002097,2.809e-05,
C:\Users\sblee\Downloads\Aesthetics-Toolbox-main\split_1\24e25026_9800_4dc0_8465_2be8464dc640.jpg,1024,1.0,14.302,6.972,2.46,39.339,5.507,121.975,94.963,118.338,43.442,15.505,-8.651,0.8382,0.2701,0.4976,33.537,36.962,38.644,14.302,6.263,3.682,0.07448,0.1117,0.1419,33.913,9.383,0.04688,0.001953,8.905,0.3263,0.3077,0.2631,-3.203,-1.608,-1.476,0.03971,1.046,2.248,0.4525,0.6622,0.001379,89.977,4.448,4.421,0.0005056,1.96e-05,
C:\Users\sblee\Downloads\Aesthetics-Toolbox-main\split_1\24edc928_e07d_4e44_8657_81a1560ab72c.jpg,1600,0.7857,17.463,7.519,10.518,96.899,5.991,120.849,89.849,68.775,40.846,10.244,17.509,0.124,0.4265,0.4954,63.662,38.699,33.119,17.463,15.451,15.679,0.1613,0.2149,0.2399,33.442,5.921,-0.02273,-0.01897,9.616,0.5063,0.5147,0.4507,-2.583,-1.206,-1.271,0.003036,1.512,2.606,0.8718,0.8278,0.0001956,97.461,4.081,4.331,0.0001464,1.29e-05,
C:\Users\sblee\Downloads\Aesthetics-Toolbox-main\split_1\24ee6f29_0e77_4441_bd12_d6cef8fe4ce6.png,1216,0.7273,27.737,7.865,5.858,95.925,6.455,147.744,82.214,99.254,42.671,29.951,1.977,0.9336,0.5881,0.5933,81.314,69.789,59.718,27.737,17.408,28.299,0.1134,0.1641,0.3157,45.497,15.669,-0.005859,0.07812,8.913,0.5982,0.3626,0.3482,-3.022,-1.712,-1.453,0.02273,1.28,2.342,0.5571,0.7308,0.000775,91.631,4.375,4.333,0.0003714,2.995e-05,
C:\Users\sblee\Downloads\Aesthetics-Toolbox-main\split_1\24f9b24a_2249_4760_bb37_a70e9965963f.jpg,1216,0.7273,26.338,7.77,5.938,86.446,5.321,134.375,116.777,97.17,49.271,4.69,13.022,0.05796,0.4044,0.5494,68.374,65.5,63.129,26.338,5.469,17.692,0.1543,0.2261,0.267,16.263,12.524,-0.003906,0.0625,11.361,0.3618,0.323,0.2835,-2.988,-1.476,-1.429,0.003805,1.312,2.423,0.6326,0.7212,0.0006631,92.882,4.478,4.25,0.0002227,2.949e-05,
C:\Users\sblee\Downloads\Aesthetics-Toolbox-main\split_1\250090c4_da5a_412f_be7c_fd842f2d7f29.jpg,1216,0.7273,25.108,7.781,9.576,91.256,6.99,105.414,90.954,77.071,39.523,5.259,11.315,0.08852,0.4739,0.4582,67.398,65.964,62.934,25.108,17.27,14.506,0.2033,0.2858,0.2436,62.389,15.862,-0.01367,-0.07812,19.616,0.6166,0.4503,0.4507,-2.624,-1.301,-1.265,0.01273,1.427,2.465,0.6973,0.8161,0.0003573,84.737,4.476,4.423,0.0001296,1.812e-05,
C:\Users\sblee\Downloads\Aesthetics-Toolbox-main\split_1\25084b96_96ec_4525_805a_abdb7f7a62a7.jpg,1344,1.333,13.249,6.946,4.712,37.82,3.925,94.954,55.445,36.466,27.47,15.005,18.995,0.05851,0.5991,0.3724,46.724,26.925,19.282,13.249,10.95,10.076,0.01671,0.1238,0.1832,56.964,8.125,-0.03255,0.02431,15.43,0.4417,0.3725,0.3453,-2.364,-1.016,-1.068,0.008689,1.461,2.486,0.5454,0.7323,0.0005309,91.448,4.424,4.438,0.0002971,2.008e-05,
C:\Users\sblee\Downloads\Aesthetics-Toolbox-main\split_1\250c5145_9cac_478b_aa2f_7b7cc32896ce.jpg,1024,1.0,27.994,7.32,2.902,30.525,5.627,145.371,105.585,70.097,47.238,13.374,26.882,0.07991,0.5845,0.5799,59.059,78.552,62.676,27.994,15.336,13.532,0.07781,0.2146,0.2444,48.08,10.612,0.05273,-0.005859,15.863,0.3129,0.4885,0.3032,-2.789,-1.281,-1.345,0.01124,1.209,2.219,0.6132,0.6256,0.000651,84.382,4.041,3.766,0.0004313,4.102e-05,
C:\Users\sblee\Downloads\Aesthetics-Toolbox-main\split_1\252775f6_865d_4d38_a955_bc0449f6e894.jpg,1024,1.0,32.139,7.629,19.514,258.632,6.641,122.105,93.011,96.459,43.456,12.781,5.193,0.9912,0.6276,0.5559,98.151,84.456,72.139,32.139,26.186,24.62,0.2472,0.2894,0.3522,44.128,3.685,-0.009766,0.01562,4.348,0.5668,0.4819,0.4593,-3.133,-1.76,-1.346,0.1351,1.59,2.685,0.7368,0.8433,0.0004759,97.339,4.545,4.502,0.0001735,1.861e-05,
C:\Users\sblee\Downloads\Aesthetics-Toolbox-main\split_1\25373449_f591_43b3_abf6_6d14ddcd785a.jpg,1216,0.7273,26.942,7.6,6.558,84.782,6.431,109.449,111.139,91.979,46.098,-0.1922,10.044,0.1358,0.6162,0.5218,64.451,70.196,95.311,26.942,13.367,30.481,0.2952,0.3571,0.2991,37.835,15.583,-0.01367,0.0767,12.071,0.3737,0.2256,0.224,-2.791,-1.532,-1.345,0.01209,1.346,2.417,0.5333,0.7197,0.0008903,90.059,4.422,4.276,0.0003744,3.261e-05,
C:\Users\sblee\Downloads\Aesthetics-Toolbox-main\split_1\253fdf19_3fc2_464d_9ae8_7bd2cc0d918c.jpg,1344,0.75,18.82,7.304,8.673,87.175,4.941,118.871,86.481,54.218,39.232,9.268,23.904,0.09618,0.5729,0.468,53.227,47.38,39.362,18.82,13.052,10.474,0.04925,0.2055,0.2061,69.542,6.336,0.03125,0.005208,9.132,0.486,0.4794,0.4503,-2.607,-1.232,-1.219,0.005314,1.468,2.563,0.7364,0.8253,0.0002695,87.483,4.537,4.518,0.000178,1.759e-05,
C:\Users\sblee\Downloads\Aesthetics-Toolbox-main\split_1\255be6d9_a75a_41aa_a431_1e1c8de84e55.png,1024,1.0,21.493,7.507,7.661,78.255,6.863,116.475,105.618,98.344,45.12,3.518,6.287,0.1438,0.26,0.4821,55.59,54.123,53.01,21.493,12.494,13.547,0.2199,0.2134,0.2227,18.984,8.053,0.03711,0.01562,7.491,0.499,0.3719,0.3172,-2.959,-1.438,-1.452,0.01234,1.337,2.514,0.6338,0.7546,0.0004603,97.947,4.516,4.38,0.0001565,4.024e-05,
C:\Users\sblee\Downloads\Aesthetics-Toolbox-main\split_1\2560a4ce_c152_4dbf_93b0_a8bb305d6868.png,1024,1.0,24.205,7.715,5.625,75.613,5.42,113.679,87.154,48.257,38.038,6.342,25.46,0.08397,0.6456,0.4459,61.549,60.239,43.809,24.205,6.736,13.938,0.06458,0.2293,0.2413,32.289,19.049,-0.02539,0.0918,12.261,0.4496,0.3718,0.3686,-3.259,-1.636,-1.549,0.006513,1.244,2.392,0.6639,0.7417,0.0004516,93.169,4.385,4.381,0.0002251,2.411e-05,
C:\Users\sblee\Downloads\Aesthetics-Toolbox-main\split_1\256195ca_6350_48fe_9b5b_da92e3bc8d5e.jpg,1024,1.0,22.191,7.484,3.99,51.767,5.594,140.259,79.341,39.1,40.364,20.766,33.886,0.04862,0.7244,0.5516,64.175,57.487,30.169,22.191,15.489,18.276,0.09469,0.1453,0.2485,36.863,5.138,0.003906,-0.02539,5.108,0.5629,0.3846,0.3476,-3.223,-1.567,-1.512,0.01612,1.179,2.295,0.6188,0.5914,0.0006526,95.47,4.435,4.091,0.0005553,4.161e-05,
C:\Users\sblee\Downloads\Aesthetics-Toolbox-main\split_1\25900331_dc88_45c8_b401_f05f348fc757.png,1216,0.7273,25.981,7.616,4.928,80.434,5.595,100.827,73.535,113.872,34.463,19.956,-18.4366,0.7963,0.4378,0.4569,66.238,64.215,67.429,25.981,10.075,12.469,0.0812,0.205,0.2593,55.883,18.151,0.05273,0.07386,15.891,0.3541,0.3608,0.2811,-2.938,-1.678,-1.444,0.0135,1.2,2.372,0.5064,0.6795,0.0008326,89.173,4.31,4.29,0.0003437,2.527e-05,
C:\Users\sblee\Downloads\Aesthetics-Toolbox-main\split_1\25983599_d340_4ea0_ba80_592d6143d28e.jpg,1344,1.625,27.696,7.072,29.844,214.472,3.619,68.661,67.32,66.298,27.482,0.2967,0.7102,0.002041,0.1803,0.2705,67.335,67.086,65.197,27.696,0.7618,1.796,0.1414,0.2906,0.2641,42.73,4.007,-0.009615,0.01758,17.378,0.5881,0.5851,0.6482,-1.977,-1.077,-0.9504,0.004313,1.79,2.837,0.8111,0.8778,0.000482,98.405,3.237,3.905,0.0001514,4.574e-06,
C:\Users\sblee\Downloads\Aesthetics-Toolbox-main\split_1\25a343c8_5abb_4e21_b508_6d1a0e309314.jpg,1024,1.0,28.094,7.799,12.843,86.32,5.87,109.103,110.297,98.248,44.723,-2.087,6.119,0.07518,0.2008,0.446,67.922,70.118,70.643,28.094,8.413,14.063,0.1984,0.2462,0.2668,38.876,14.09,-0.05078,0.04883,14.426,0.4921,0.4075,0.3954,-2.6,-1.037,-1.372,0.03581,1.544,2.643,0.7279,0.7761,0.000178,92.941,3.917,4.267,0.0001364,1.89e-05,
C:\Users\sblee\Downloads\Aesthetics-Toolbox-main\split_1\25af9d2a_4b5c_4b0c_9b41_9563225f5eec.png,1024,1.0,23.621,7.7,10.955,55.293,4.263,120.014,117.151,117.772,48.56,1.303,0.1649,0.9551,0.06811,0.4717,56.01,58.225,57.813,23.621,3.526,2.506,0.1392,0.1523,0.2198,18.796,13.287,-0.02734,-0.06055,9.357,0.3331,0.3565,0.346,-2.232,-1.054,-1.009,0.007217,1.424,2.73,0.6314,0.704,0.000399,89.426,4.479,4.283,0.0001572,2.268e-05,
C:\Users\sblee\Downloads\Aesthetics-Toolbox-main\split_1\25b222e5_5f5c_4791_b71e_9230066d52df.jpg,1216,0.7273,7.773,5.856,7.314,60.732,6.577,133.553,112.382,144.235,52.864,16.79,-10.6672,0.7023,0.5286,0.6911,58.645,34.022,41.066,7.773,34.987,29.553,0.2193,0.1423,0.124,68.922,0.9375,-0.001953,-0.004261,8.645,0.565,0.455,0.4432,-1.924,-1.311,-1.047,0.03269,1.632,2.472,0.6681,0.746,0.0006993,95.657,3.944,4.223,0.0002642,2.242e-05,
C:\Users\sblee\Downloads\Aesthetics-Toolbox-main\split_1\25bb0ae6_5ade_4cba_9284_42f136e5b12b.jpg,1216,1.375,27.12,7.705,5.388,78.704,5.453,125.071,91.973,56.525,40.545,9.832,24.85,0.07081,0.5989,0.4906,65.86,70.089,45.116,27.12,10.162,14.146,0.0514,0.1471,0.2585,35.216,13.828,0.05256,0.04492,18.514,0.3293,0.3172,0.3437,-3.072,-1.486,-1.525,0.01315,1.241,2.388,0.6159,0.7419,0.000509,96.382,4.268,4.332,0.0002206,2.705e-05,
C:\Users\sblee\Downloads\Aesthetics-Toolbox-main\split_1\25d6b4fc_abaf_4601_bebf_0319313ec6d7.jpg,1216,0.7273,12.256,7.036,6.872,78.95,6.008,141.602,141.431,144.009,58.654,0.6799,-1.262,0.65,0.06737,0.5773,29.964,31.703,32.756,12.256,3.375,2.942,0.2123,0.06211,0.1216,14.202,8.447,-0.03125,-0.02841,13.736,0.6465,0.6027,0.5859,-2.343,-1.476,-1.186,0.03473,1.658,2.667,0.8788,0.8494,0.0002758,93.198,4.418,4.513,0.0001157,6.907e-06,
C:\Users\sblee\Downloads\Aesthetics-Toolbox-main\split_1\25dd7c5e_4cdf_4769_a17a_3ea11c740814.jpg,1024,1.0,28.957,7.191,14.392,121.949,4.678,137.543,112.663,99.336,48.468,8.436,10.796,0.03059,0.4361,0.567,85.376,68.398,59.492,28.957,7.221,15.419,0.1839,0.2518,0.3125,15.689,4.704,-0.02344,0.001953,7.309,0.4083,0.4049,0.3502,-2.517,-1.287,-1.111,0.04512,1.339,2.594,0.6323,0.7908,0.0003839,89.413,4.549,4.466,0.0001677,2.244e-05,
C:\Users\sblee\Downloads\Aesthetics-Toolbox-main\split_1\25e40d41_be20_4c59_baa2_0436f1bfe5bf.jpg,1216,1.375,16.265,7.411,2.591,28.897,5.439,137.384,113.675,73.889,48.895,4.187,25.156,0.1024,0.463,0.5403,40.979,43.012,24.032,16.265,7.58,11.751,0.04907,0.1114,0.1609,37.44,12.556,0.05824,-0.02344,12.907,0.3589,0.3617,0.2839,-2.864,-1.39,-1.392,0.005674,1.313,2.418,0.6177,0.7114,0.0003775,86.695,4.368,4.33,0.0002726,2.028e-05,
C:\Users\sblee\Downloads\Aesthetics-Toolbox-main\split_1\25eadb55_743a_4cef_b121_d18f212f8495.jpg,1280,0.6667,29.886,7.494,10.09,141.051,6.254,133.991,91.956,129.867,44.851,22.729,-12.2607,0.8246,0.4578,0.5564,76.17,83.198,72.832,29.886,25.938,14.626,0.1975,0.2783,0.2942,56.547,1.983,-0.003906,0.009115,9.664,0.5979,0.4585,0.442,-2.919,-1.518,-1.439,0.001734,1.337,2.443,0.6877,0.8161,0.0004001,93.899,4.298,4.34,0.0002256,1.948e-05,
C:\Users\sblee\Downloads\Aesthetics-Toolbox-main\split_1\260396ed_a197_4c79_92b6_f2f79dcde57d.jpg,1280,0.6667,28.098,7.744,15.272,137.982,7.32,159.836,124.257,104.7,55.368,13.168,16.525,0.07235,0.5185,0.6681,72.823,80.351,63.737,28.098,21.511,25.225,0.169,0.3036,0.2501,20.575,24.844,-0.1191,0.03516,14.783,0.4467,0.4485,0.3415,-2.179,-1.291,-1.147,0.007187,1.566,2.612,0.5715,0.8579,0.0002751,92.464,4.5,4.541,0.00013,1.433e-05,
C:\Users\sblee\Downloads\Aesthetics-Toolbox-main\split_1\2609f78b_493c_4e86_9ef5_1f46538531df.jpg,1984,0.7222,17.222,7.346,8.854,81.058,5.576,91.076,68.754,67.013,31.167,10.081,5.305,0.9856,0.3716,0.3689,40.467,42.042,44.362,17.222,8.249,10.15,0.1129,0.2321,0.1667,37.126,7.527,-0.004808,0.03733,10.473,0.5406,0.4904,0.4654,-2.328,-1.178,-1.124,0.002434,1.499,2.55,0.7447,0.8348,0.0002067,95.489,4.509,4.543,0.0001154,1.227e-05,
C:\Users\sblee\Downloads\Aesthetics-Toolbox-main\split_1\2614bfec_b16e_4fc6_85b5_64647e81093a.jpg,1216,0.7273,24.703,7.618,9.449,74.012,5.486,119.83,69.334,46.422,34.38,19.835,23.126,0.04123,0.6953,0.4702,60.866,64.527,52.702,24.703,9.971,11.478,0.05229,0.2168,0.2383,59.846,12.272,-0.005859,-0.06108,20.673,0.5431,0.4311,0.4192,-2.508,-1.103,-1.22,0.01922,1.502,2.517,0.7427,0.7935,0.0002978,85.389,4.539,4.45,0.0001675,2.002e-05,
C:\Users\sblee\Downloads\Aesthetics-Toolbox-main\split_1\26230a34_e995_4e77_95ff_53d26f74731d.jpg,1280,1.5,18.395,7.232,3.441,31.786,5.15,99.455,83.641,90.43,36.613,7.955,-1.561,0.8825,0.1804,0.393,48.592,44.079,42.272,18.395,4.54,4.26,0.07911,0.09163,0.1895,57.639,20.005,0.009115,0.09961,18.332,0.3918,0.2882,0.2944,-2.599,-1.178,-1.197,0.008408,1.234,2.455,0.5719,0.7466,0.0005344,83.57,4.302,4.404,0.0002414,2.497e-05,
C:\Users\sblee\Downloads\Aesthetics-Toolbox-main\split_1\262328d2_62cb_4f3c_9283_132a9258eb6a.jpg,1024,1.0,24.258,7.665,1.42,31.097,5.544,120.553,101.862,103.801,43.822,8.414,1.232,0.9598,0.2658,0.4774,59.288,60.294,49.58,24.258,4.005,8.806,0.1094,0.1741,0.2266,32.76,5.469,0.0,0.02734,6.135,0.5746,0.5144,0.4679,-3.029,-1.609,-1.449,0.001611,0.7966,2.013,0.4669,0.7129,0.001382,94.841,4.344,2.565,0.0005567,1.008e-05,
C:\Users\sblee\Downloads\Aesthetics-Toolbox-main\split_1\26258e4f_022c_4131_bf00_ce70328a3759.jpg,1024,1.0,10.751,6.843,0.5188,10.875,0.9616,105.757,104.461,105.102,44.084,0.6518,-0.1835,0.9461,0.0147,0.4147,25.887,26.539,26.203,10.751,0.4842,0.1593,0.04083,0.01164,0.1015,32.035,9.836,0.005859,0.04883,6.462,0.6627,0.4827,0.4461,-3.041,-1.587,-1.459,0.002105,0.7889,2.007,0.4904,0.7069,0.001369,89.36,3.947,2.623,0.0006557,5.671e-06,
C:\Users\sblee\Downloads\Aesthetics-Toolbox-main\split_1\262f7856_b7fa_4c50_9a7e_f906eac62568.jpg,1280,0.6667,29.327,7.722,19.58,198.339,5.675,124.798,116.129,89.607,47.543,-0.446,15.061,0.1033,0.2597,0.4915,75.986,75.863,54.74,29.327,9.477,15.433,0.1085,0.1713,0.2981,42.871,3.915,-0.01953,-0.001302,13.274,0.5605,0.5426,0.531,-2.428,-1.314,-1.141,0.005987,1.605,2.666,0.7723,0.8453,0.0003844,98.15,4.261,4.385,0.0001441,1.593e-05,
C:\Users\sblee\Downloads\Aesthetics-Toolbox-main\split_1\263b1dff_6570_4b5a_a612_b01920bfc143.jpg,1472,0.5333,24.759,7.635,5.665,64.193,6.357,77.26,89.305,74.383,35.38,-6.923,7.361,0.2929,0.2897,0.3665,50.081,64.62,57.253,24.759,10.304,4.836,0.1335,0.1629,0.2436,56.234,7.722,0.01758,0.03437,18.101,0.52,0.4444,0.4168,-2.811,-1.353,-1.311,0.01451,1.203,2.384,0.7543,0.767,0.0003037,95.866,4.487,4.403,0.0001447,1.837e-05,
C:\Users\sblee\Downloads\Aesthetics-Toolbox-main\split_1\263c6f06_e41d_47de_bace_03cb2623a5d0.jpg,1664,1.6,19.132,7.356,10.666,94.306,3.73,101.611,67.251,37.26,31.033,11.588,23.116,0.07614,0.6562,0.3985,55.262,45.12,33.977,19.132,6.154,11.754,0.01375,0.17,0.2167,65.131,16.133,0.02539,0.07656,19.409,0.5463,0.5386,0.514,-2.352,-1.185,-1.093,0.003536,1.637,2.629,0.7802,0.8341,0.0003788,92.699,4.325,4.49,0.0001293,1.136e-05,
C:\Users\sblee\Downloads\Aesthetics-Toolbox-main\split_1\265d60db_3f95_4fd9_8d79_b2bf6804c10c.jpg,1152,1.25,26.618,7.845,6.665,89.378,6.57,117.48,125.079,99.934,50.306,-5.183,12.847,0.2263,0.4313,0.5285,60.454,68.623,77.016,26.618,9.685,18.691,0.1725,0.2856,0.2733,17.875,7.909,0.02656,-0.0293,9.422,0.3738,0.3084,0.2483,-2.911,-1.671,-1.339,0.04614,1.264,2.463,0.4919,0.7093,0.000603,93.42,4.309,4.388,0.0002276,3.007e-05,
C:\Users\sblee\Downloads\Aesthetics-Toolbox-main\split_1\2675b0e0_23c4_47fc_978c_cb0460b5d84d.png,1024,1.0,17.586,7.09,7.277,84.646,4.582,106.284,88.882,63.76,38.413,3.301,16.85,0.08883,0.4582,0.4169,43.823,42.203,34.736,17.586,3.05,7.108,0.0509,0.1995,0.1718,10.872,5.593,-0.02539,0.01172,5.991,0.421,0.3492,0.3289,-2.9,-1.38,-1.351,0.01661,1.421,2.483,0.4421,0.797,0.0004789,99.496,4.465,4.403,0.0002472,1.943e-05,
C:\Users\sblee\Downloads\Aesthetics-Toolbox-main\split_1\267e02e5_67fe_4921_9a3b_9d13ff7ed3f1.jpg,1024,1.0,34.764,7.405,25.07,255.985,1.683,142.459,142.17,142.292,57.205,0.1386,-0.02782,0.9888,0.0321,0.5594,86.918,87.197,86.977,34.764,0.4651,0.4229,0.1074,0.1383,0.3409,16.174,4.832,0.02344,-0.005859,3.536,0.555,0.5481,0.5237,-2.498,-1.247,-1.122,0.02835,1.611,2.784,0.6704,0.8553,0.0004069,98.147,4.496,4.528,0.0001693,1.413e-05,
C:\Users\sblee\Downloads\Aesthetics-Toolbox-main\split_1\268cccd1_d865_44cb_b83b_6108d8a68074.png,1024,1.0,25.714,7.865,12.128,103.176,6.752,118.436,110.971,84.902,46.457,-0.3252,15.554,0.1098,0.4192,0.5182,73.64,64.801,69.66,25.714,19.895,20.742,0.2322,0.2806,0.2777,35.269,7.812,-0.03906,0.0,10.424,0.4471,0.2941,0.2575,-2.497,-1.256,-1.079,0.04811,1.594,2.618,0.5143,0.7358,0.0006116,94.961,4.217,4.418,0.0002693,3.248e-05,
C:\Users\sblee\Downloads\Aesthetics-Toolbox-main\split_1\26a6cb99_dd7b_470c_9f03_91c179be2dc8.jpg,1344,0.75,19.485,7.393,8.27,86.833,4.459,124.782,98.351,65.643,42.965,6.332,22.697,0.09697,0.4988,0.4901,54.12,48.448,43.292,19.485,8.238,8.735,0.03585,0.1431,0.212,58.711,6.074,-0.02604,-0.01562,11.841,0.484,0.5146,0.4408,-2.65,-1.23,-1.265,0.0042,1.435,2.514,0.6964,0.8426,0.0003301,88.895,4.535,4.531,0.0001945,1.543e-05,
C:\Users\sblee\Downloads\Aesthetics-Toolbox-main\split_1\26abe23b_c005_40be_b042_af0deef5d5b8.jpg,1024,1.0,20.713,7.072,7.016,94.311,5.857,84.421,130.85,101.122,52.997,-12.8858,8.238,0.4302,0.702,0.6659,60.791,63.743,99.73,20.713,40.138,50.533,0.2285,0.312,0.2103,54.081,4.895,0.01172,0.02148,8.265,0.3441,0.361,0.3805,-3.374,-1.854,-1.45,0.1491,1.469,2.415,0.6315,0.7399,0.0006052,86.666,4.481,4.412,0.0004055,2.513e-05,
C:\Users\sblee\Downloads\Aesthetics-Toolbox-main\split_1\26b461b7_ac23_4d04_b90b_81169b2b148f.jpg,1280,0.6667,14.762,7.231,0.9232,22.481,5.11,126.031,93.638,69.304,42.219,10.234,19.107,0.06453,0.4521,0.495,40.893,37.588,30.232,14.762,7.067,10.391,0.05752,0.1488,0.1606,48.52,9.842,0.02148,0.04427,12.049,0.5083,0.4959,0.4331,-3.073,-1.613,-1.45,0.01845,0.8091,2.011,0.5651,0.6635,0.001311,89.901,4.165,2.8,0.0007357,1.365e-05,
C:\Users\sblee\Downloads\Aesthetics-Toolbox-main\split_1\26bbf3d6_29c4_4950_b25a_db2ffd46c815.jpg,1216,0.7273,29.041,7.66,13.455,145.805,5.066,115.585,109.039,109.315,45.137,2.735,0.9101,0.9077,0.2119,0.4592,67.893,71.848,72.583,29.041,3.046,3.275,0.1899,0.275,0.2719,23.784,6.352,0.03125,0.005682,14.189,0.5139,0.4477,0.4192,-2.546,-1.331,-1.284,0.001902,1.466,2.57,0.6638,0.867,0.0003117,98.057,4.533,4.516,0.0001808,1.28e-05,
C:\Users\sblee\Downloads\Aesthetics-Toolbox-main\split_1\26bd80a1_b6a0_472a_b459_9034fd9b59e5.jpg,1024,1.0,24.368,7.153,17.2,77.462,5.132,114.035,38.535,22.004,27.497,28.917,25.574,0.01842,0.8072,0.4541,87.436,52.001,42.166,24.368,24.029,24.133,0.1292,0.2532,0.3417,49.308,9.407,-0.003906,0.04688,15.473,0.8096,0.5082,0.5034,-2.263,-1.012,-1.214,0.0477,1.723,2.742,0.787,0.6378,0.0004361,92.514,4.425,4.034,0.0002158,4.704e-05,
C:\Users\sblee\Downloads\Aesthetics-Toolbox-main\split_1\26bde55f_669b_449e_8c49_76d549346ab7.png,1088,1.429,29.092,7.594,12.996,134.388,6.618,123.257,112.611,96.521,46.889,3.339,10.801,0.1204,0.4233,0.5224,73.28,74.896,77.959,29.092,8.581,19.327,0.246,0.2513,0.2835,45.031,6.762,-0.004687,0.03348,15.657,0.5161,0.4623,0.4551,-2.61,-1.354,-1.262,0.002391,1.492,2.606,0.7074,0.8237,0.0004467,96.461,4.151,4.406,0.0002603,1.994e-05,
C:\Users\sblee\Downloads\Aesthetics-Toolbox-main\split_1\26c0a17f_fbbd_4b78_b870_f0635b7dc6dc.jpg,1216,0.7273,22.419,7.709,10.028,83.324,6.63,111.144,109.158,77.813,45.094,-3.117,17.686,0.1841,0.4659,0.4856,60.531,57.807,61.341,22.419,14.377,15.536,0.17,0.2659,0.2253,52.026,6.464,-0.02148,-0.02415,15.553,0.4437,0.3965,0.3542,-2.392,-1.215,-1.234,0.01378,1.489,2.438,0.6063,0.7997,0.0003276,91.876,4.53,4.495,0.0001536,2.253e-05,
C:\Users\sblee\Downloads\Aesthetics-Toolbox-main\split_1\26d8f5dd_9582_40ae_9cc1_5de637c720ff.jpg,1216,0.7273,11.662,6.459,4.164,31.764,4.663,165.951,105.846,111.602,55.446,29.044,10.914,0.9219,0.6649,0.7985,74.281,49.925,56.563,11.662,34.306,38.518,0.2302,0.1676,0.124,62.887,2.946,0.003906,0.0142,8.179,0.3304,0.2741,0.2747,-2.902,-1.27,-1.471,0.01849,1.436,2.459,0.7181,0.5987,0.0004225,92.25,3.757,3.996,0.0006597,2.422e-05,
C:\Users\sblee\Downloads\Aesthetics-Toolbox-main\split_1\26d9b3b6_f387_4ffe_a4eb_3a2c40c2d374.jpg,1536,1.0,18.252,7.483,12.483,72.846,6.036,82.618,78.188,86.79,33.606,5.051,-3.771,0.775,0.3683,0.3953,45.219,44.025,50.089,18.252,5.991,13.82,0.252,0.2092,0.1847,31.11,5.61,0.01042,0.02604,6.462,0.5498,0.3271,0.3167,-1.97,-0.9002,-0.9926,0.005152,1.665,2.596,0.5046,0.8041,0.0005226,95.893,4.162,4.341,0.0002627,2.507e-05,
C:\Users\sblee\Downloads\Aesthetics-Toolbox-main\split_1\26dd3f7d_2c18_43f8_b155_8625b02a8bd3.jpg,1600,0.7857,26.827,7.78,28.887,231.433,5.987,78.847,90.912,69.234,36.12,-7.97,11.133,0.3121,0.4096,0.3873,60.821,69.278,57.16,26.827,14.818,7.79,0.1327,0.258,0.2694,41.202,5.449,-0.01562,-0.02232,10.753,0.6096,0.6319,0.6108,-1.901,-1.257,-0.9974,0.005942,1.76,2.813,0.8593,0.8868,0.0001394,99.094,4.517,4.563,0.0001049,6.666e-06,
C:\Users\sblee\Downloads\Aesthetics-Toolbox-main\split_1\26dd4b38_ebaf_4e5d_8747_2c03fc4af788.jpg,1024,1.0,25.634,7.672,3.832,58.146,4.517,111.348,94.262,90.581,40.24,6.843,5.069,0.03284,0.2823,0.4372,59.167,63.75,63.547,25.634,4.74,3.342,0.05076,0.2045,0.2326,29.386,26.462,0.1309,0.01953,13.578,0.3124,0.4599,0.3101,-3.283,-1.702,-1.557,0.003373,1.207,2.333,0.4322,0.6792,0.0009884,92.44,4.329,3.986,0.0002915,2.145e-05,
C:\Users\sblee\Downloads\Aesthetics-Toolbox-main\split_1\26df8282_d81d_4124_8171_ee9ee9f97c92.jpg,1600,0.7857,16.681,7.396,16.246,88.434,4.47,121.313,114.685,101.54,48.027,0.2917,8.331,0.1214,0.1914,0.4777,40.06,42.599,42.688,16.681,2.369,2.576,0.05242,0.09408,0.159,51.383,6.841,-0.02983,-0.01674,10.179,0.5907,0.6238,0.572,-1.89,-1.065,-0.8173,0.01492,1.782,2.683,0.7592,0.8333,0.0002042,95.132,4.497,4.51,0.0001293,1.004e-05,
C:\Users\sblee\Downloads\Aesthetics-Toolbox-main\split_1\26e25858_cc4c_4ff3_a907_99d73c3feb9b.jpg,1024,1.0,20.02,7.618,13.731,116.845,6.496,108.624,82.564,52.644,36.879,8.206,20.693,0.07622,0.5698,0.4396,52.729,50.952,48.623,20.02,12.397,18.827,0.1203,0.2679,0.2006,54.015,0.5524,0.001953,-0.001953,5.258,0.5488,0.5301,0.4994,-2.526,-1.259,-1.132,0.03659,1.587,2.606,0.7588,0.8314,0.000282,94.393,4.52,4.515,0.0001187,1.456e-05,
C:\Users\sblee\Downloads\Aesthetics-Toolbox-main\split_1\26e60767_37e2_43a1_b623_d097a929c728.png,1024,1.0,25.512,6.638,5.906,58.268,4.836,125.068,87.281,80.424,45.091,15.008,18.998,0.04013,0.695,0.5772,42.799,90.392,82.514,25.512,31.308,16.938,0.1835,0.3152,0.2017,38.214,17.192,0.03125,-0.08008,15.672,0.2893,0.2725,0.284,-2.762,-1.268,-1.305,0.0131,1.367,2.468,0.4889,0.6444,0.0008641,94.032,4.281,4.293,0.0006306,4.628e-05,
C:\Users\sblee\Downloads\Aesthetics-Toolbox-main\split_1\26f6b32a_aa42_4dd5_9b49_d1e1c8c2000c.jpg,1024,1.0,20.175,7.391,8.368,88.338,6.362,124.108,115.935,110.356,48.667,2.35,4.315,0.05856,0.1735,0.4979,52.199,50.557,50.228,20.175,4.523,5.816,0.1476,0.1059,0.2015,59.178,6.501,0.01758,0.02734,6.638,0.3617,0.3762,0.2966,-2.803,-1.352,-1.277,0.03132,1.424,2.541,0.4701,0.743,0.0006848,91.118,4.483,4.433,0.0002623,3.252e-05,
C:\Users\sblee\Downloads\Aesthetics-Toolbox-main\split_1\2701d684_cdec_47f9_a941_525c5404a59d.jpg,1024,1.0,25.887,7.913,24.833,193.176,7.159,85.853,111.652,104.525,43.85,-9.656,1.183,0.4073,0.31,0.4558,54.678,67.312,63.923,25.887,10.472,9.115,0.165,0.1939,0.2599,35.67,4.297,0.0,-0.02148,4.748,0.7205,0.585,0.5859,-2.249,-1.102,-1.046,0.0218,1.715,2.746,0.821,0.8639,0.0002714,98.508,4.559,4.547,0.0001039,1.038e-05,
C:\Users\sblee\Downloads\Aesthetics-Toolbox-main\split_1\270b2b1a_2016_4503_bd18_c0d4ae2e1737.jpg,2048,1.0,42.24,4.904,12.302,418.538,5.001,103.798,97.696,48.502,37.513,-3.372,23.526,0.9634,0.4898,0.4173,111.228,107.331,40.499,42.24,7.414,33.473,0.2644,0.2071,0.4284,40.775,0.8735,-0.003906,0.001953,0.7624,0.7022,0.7055,0.6985,-2.865,-1.567,-1.593,0.02148,1.449,2.678,0.8553,0.9128,0.0004035,99.95,4.525,4.572,0.0001374,3.382e-06,
C:\Users\sblee\Downloads\Aesthetics-Toolbox-main\split_1\27282bf9_0e06_47c6_834c_aac93a2c5bf6.jpg,1024,1.0,18.288,7.475,4.871,55.747,6.609,112.117,124.806,119.262,50.682,-5.314,1.306,0.4334,0.2072,0.5093,49.88,47.361,39.059,18.288,6.26,7.953,0.1739,0.1111,0.1826,48.082,10.518,0.05078,-0.01367,10.675,0.3442,0.3221,0.2648,-2.764,-1.433,-1.25,0.05408,1.361,2.51,0.4413,0.7314,0.000662,87.024,4.135,3.944,0.0002745,2.075e-05,
C:\Users\sblee\Downloads\Aesthetics-Toolbox-main\split_1\2741cb03_d06a_46b2_9afb_10b57347e510.png,1216,0.7273,29.598,7.909,6.608,111.158,6.269,136.585,89.872,135.916,43.826,27.127,-17.6624,0.8324,0.5077,0.59,84.953,73.451,67.152,29.598,14.012,16.932,0.1059,0.2676,0.3046,42.489,14.741,0.03906,0.0625,11.739,0.5489,0.3939,0.3727,-3.191,-1.845,-1.512,0.03742,1.292,2.438,0.4895,0.7367,0.0006725,95.16,4.234,4.352,0.0003231,2.598e-05,
C:\Users\sblee\Downloads\Aesthetics-Toolbox-main\split_1\2755ea07_b7a7_46a0_9103_ccee2d83ab05.jpg,2048,1.0,25.624,7.368,51.56,48.79,4.377,44.63,81.933,53.361,30.14,-18.6198,11.483,0.3652,0.6717,0.3214,53.144,64.243,57.695,25.624,9.654,6.406,0.03446,0.3055,0.2519,38.882,0.8053,-0.0009766,-0.003906,0.555,0.6057,0.578,0.5926,-1.559,-0.4241,0.1482,0.4491,1.946,2.971,0.7686,0.7378,0.0006266,99.982,2.49,3.641,0.000217,8.527e-06,
C:\Users\sblee\Downloads\Aesthetics-Toolbox-main\split_1\27656fde_a2ae_4f8f_b930_da5e633379ab.jpg,1152,1.25,29.721,7.795,5.575,103.314,7.037,140.262,107.344,105.046,48.035,14.133,8.108,0.9948,0.4213,0.5819,69.238,81.303,73.801,29.721,18.302,13.188,0.1989,0.2279,0.2878,36.508,10.203,-0.04531,0.02344,12.97,0.3733,0.3904,0.355,-3.713,-2.001,-1.856,0.01266,1.169,2.295,0.7015,0.7793,0.0006351,95.777,4.297,4.198,0.0002877,2.904e-05,
C:\Users\sblee\Downloads\Aesthetics-Toolbox-main\split_1\276649d6_5cb9_468c_9e43_90bd648238e4.jpg,1024,1.0,29.609,7.136,9.866,134.395,6.744,132.394,127.022,131.875,53.863,4.246,0.2461,0.5697,0.4223,0.6155,78.053,78.297,75.637,29.609,21.468,15.621,0.3031,0.3233,0.3038,11.397,7.675,0.009766,-0.03711,8.312,0.4944,0.3098,0.2956,-3.139,-1.746,-1.33,0.1104,1.354,2.467,0.4445,0.794,0.0005144,90.679,4.399,4.488,0.0002856,2.465e-05,
C:\Users\sblee\Downloads\Aesthetics-Toolbox-main\split_1\276fe52f_a958_46f4_a55c_cbc8ee2a2c78.jpg,1280,1.5,15.027,7.007,7.543,97.914,4.624,120.563,85.591,63.54,39.904,11.969,17.716,0.06104,0.4122,0.475,55.338,35.075,36.075,15.027,15.711,20.172,0.0422,0.272,0.2167,54.602,1.953,0.007812,-0.005859,12.487,0.466,0.262,0.1973,-2.548,-1.517,-1.321,0.01216,1.604,2.554,0.4463,0.7341,0.0008013,91.168,4.347,4.49,0.0003525,2.636e-05,
C:\Users\sblee\Downloads\Aesthetics-Toolbox-main\split_1\2773e5e9_77a2_4a2e_bc07_673de729ba66.jpg,1344,1.625,18.962,7.441,12.929,105.227,6.2,63.118,76.983,41.044,29.954,-11.5218,18.517,0.2307,0.5338,0.3064,38.753,47.995,37.661,18.962,8.616,11.83,0.08075,0.1994,0.1866,51.838,5.382,0.01322,0.02344,17.321,0.5973,0.5334,0.5253,-2.429,-1.123,-1.168,0.004493,1.605,2.615,0.8312,0.8402,0.0002072,94.724,4.277,4.435,9.565e-05,1.069e-05,
C:\Users\sblee\Downloads\Aesthetics-Toolbox-main\split_1\277f5906_e0d0_408f_848a_e21b205c4999.png,1216,0.7273,23.171,7.748,4.52,74.848,5.541,109.388,84.253,130.994,39.297,20.332,-21.9498,0.7598,0.4298,0.5168,55.97,58.641,61.31,23.171,10.363,8.215,0.06776,0.1593,0.2428,38.369,12.439,-0.01172,0.06108,11.414,0.4389,0.2609,0.2575,-2.948,-1.591,-1.364,0.008981,1.178,2.358,0.4009,0.6641,0.0007099,95.855,4.354,4.306,0.0004031,2.122e-05,
C:\Users\sblee\Downloads\Aesthetics-Toolbox-main\split_1\2785ad67_0fda_4a2d_a3e2_c3bee8a14bff.jpg,1024,1.0,27.241,7.538,8.391,132.117,5.981,97.45,141.0,144.923,55.069,-10.4539,-7.016,0.5408,0.4586,0.6261,65.999,75.58,54.473,27.241,18.402,14.621,0.1578,0.1702,0.2629,37.222,8.053,0.03711,-0.01562,9.657,0.3338,0.3995,0.336,-3.249,-1.739,-1.473,0.07256,1.256,2.424,0.5268,0.7442,0.0009063,94.26,4.436,4.191,0.0002946,2.653e-05,
C:\Users\sblee\Downloads\Aesthetics-Toolbox-main\split_1\27ba5f00_1480_4f1f_91f6_e65d28163573.jpg,1024,1.0,25.583,7.685,11.719,144.095,6.999,119.853,98.383,96.104,43.215,9.141,5.187,0.9438,0.3028,0.4996,72.399,65.434,64.218,25.583,16.398,16.997,0.237,0.2246,0.2801,51.543,4.419,0.01562,0.01562,7.301,0.4352,0.4486,0.4026,-3.009,-1.488,-1.39,0.02682,1.473,2.523,0.676,0.8071,0.0004027,98.22,4.326,4.471,0.0001642,1.922e-05,
C:\Users\sblee\Downloads\Aesthetics-Toolbox-main\split_1\27cb1c46_e0a3_45bf_9c12_f7cc190b7872.jpg,1024,1.0,11.01,6.751,0.6947,12.187,6.282,96.4,118.431,107.525,47.869,-10.0818,3.655,0.4527,0.3002,0.4951,39.853,26.311,33.121,11.01,13.179,13.065,0.1896,0.1455,0.1141,19.074,9.766,0.0,0.04883,6.574,0.7993,0.3487,0.3431,-3.055,-1.577,-1.459,0.005897,0.797,2.049,0.4149,0.682,0.001563,93.614,1.635,0.5618,0.0007655,6.644e-06,
C:\Users\sblee\Downloads\Aesthetics-Toolbox-main\split_1\27cd5256_72d8_4278_a431_9f1f9ebd64b2.jpg,1024,1.0,29.618,7.011,11.368,131.034,6.918,138.029,111.407,130.459,50.799,16.168,-4.15,0.8529,0.4531,0.6378,85.64,84.613,74.316,29.618,23.199,26.043,0.2914,0.293,0.2726,58.41,6.675,-0.01172,-0.03125,6.894,0.399,0.3628,0.3392,-2.892,-1.457,-1.243,0.06139,1.37,2.45,0.6227,0.8006,0.0007776,90.629,3.801,4.216,0.000297,2.771e-05,
C:\Users\sblee\Downloads\Aesthetics-Toolbox-main\split_1\27e4f96f_3b16_4feb_bee5_ddb81846fe4c.jpg,1280,1.5,28.416,7.857,13.035,112.233,7.199,72.95,101.942,124.004,41.109,0.429,-14.1691,0.6457,0.4945,0.5094,57.267,76.169,77.537,28.416,14.446,18.527,0.213,0.2693,0.2939,41.331,6.955,0.02734,0.02148,16.787,0.36,0.4516,0.3665,-2.175,-1.235,-1.041,0.006181,1.497,2.619,0.6278,0.7856,0.0004728,95.113,4.497,4.535,0.0001377,2.247e-05,
C:\Users\sblee\Downloads\Aesthetics-Toolbox-main\split_1\27f0f30b_5dd0_4432_9e69_cdd1d8c9638c.jpg,1024,1.0,28.926,7.738,8.264,65.884,5.634,118.171,114.57,53.39,46.404,-4.113,29.051,0.1714,0.6276,0.502,76.808,74.829,59.307,28.926,7.881,33.012,0.231,0.2981,0.2909,51.854,8.36,0.02539,-0.0332,10.141,0.3726,0.4065,0.3517,-2.69,-1.241,-1.28,0.005903,1.255,2.513,0.6179,0.7138,0.0004582,92.781,4.292,3.912,0.0002149,3.336e-05,
C:\Users\sblee\Downloads\Aesthetics-Toolbox-main\split_1\27f22deb_e213_414d_9f78_54870df50623.jpg,1024,1.0,16.069,5.533,5.677,75.521,4.704,143.76,132.79,115.468,59.669,2.937,16.288,0.3205,0.564,0.7127,90.096,58.949,43.077,16.069,33.873,23.488,0.2816,0.1826,0.2218,51.129,8.053,0.02539,-0.03125,5.992,0.3559,0.3505,0.2859,-3.027,-1.565,-1.344,0.07337,1.153,2.319,0.5882,0.6765,0.001111,90.923,3.41,3.835,0.0005457,4.448e-05,
C:\Users\sblee\Downloads\Aesthetics-Toolbox-main\split_1\27f64b97_027b_4d65_a035_83bbdbee6073.jpg,1024,1.0,25.296,6.609,10.702,156.849,4.399,135.93,119.522,55.138,51.585,2.917,37.244,0.1367,0.7371,0.6487,76.585,69.207,55.206,25.296,32.167,26.017,0.1893,0.2285,0.2889,7.139,3.338,-0.005859,-0.01562,2.487,0.572,0.459,0.4382,-3.133,-1.659,-1.545,0.03365,1.481,2.624,0.5481,0.7692,0.0004758,89.765,4.537,4.471,0.0002983,1.954e-05,
C:\Users\sblee\Downloads\Aesthetics-Toolbox-main\split_1\28071476_b49f_4ce9_be61_fd560342c436.jpg,1024,1.0,27.209,7.73,30.646,232.472,6.31,109.296,87.585,60.643,38.582,6.407,18.579,0.06939,0.5954,0.4733,75.403,69.193,52.525,27.209,22.511,16.077,0.1195,0.2595,0.2908,31.352,0.7812,0.003906,0.0,1.927,0.6325,0.6133,0.6142,-2.242,-1.104,-1.028,0.02283,1.777,2.821,0.9035,0.8408,0.0002407,99.792,4.566,4.544,0.0001005,1.233e-05,
C:\Users\sblee\Downloads\Aesthetics-Toolbox-main\split_1\280fe0d4_da66_4aab_aff7_bd322a107595.png,1024,1.0,25.27,7.798,20.099,205.889,5.771,100.157,112.152,125.404,45.6,-0.7118,-8.829,0.5944,0.2534,0.4945,63.576,63.077,63.1,25.27,3.446,8.414,0.08845,0.1905,0.2475,28.955,3.221,-0.01562,0.003906,1.801,0.6257,0.5585,0.5487,-2.493,-1.315,-1.071,0.06066,1.603,2.703,0.7869,0.8599,0.0006392,98.405,2.952,3.697,0.0001952,9.658e-06,
C:\Users\sblee\Downloads\Aesthetics-Toolbox-main\split_1\2814674c_a5be_41b6_9733_556ded74ab7e.jpg,1024,1.0,18.974,7.425,1.986,38.383,4.933,114.353,116.577,129.285,48.652,2.244,-7.225,0.6624,0.1762,0.5222,47.739,48.619,50.507,18.974,1.428,7.885,0.1253,0.06947,0.2007,43.136,8.128,0.0332,-0.02344,10.216,0.4513,0.4211,0.3794,-3.399,-1.78,-1.623,0.001677,1.037,2.176,0.5529,0.6803,0.0008587,92.106,3.519,3.929,0.000417,1.454e-05,
C:\Users\sblee\Downloads\Aesthetics-Toolbox-main\split_1\28155f5a_2be0_4fd8_a6a8_97918307c6bd.jpg,1216,0.7273,33.142,7.492,31.43,320.033,6.578,91.599,116.741,96.518,45.015,-12.2706,7.521,0.4091,0.4202,0.4652,74.583,85.421,71.455,33.142,10.161,14.036,0.1575,0.3046,0.3329,21.575,2.26,0.009766,0.005682,9.002,0.653,0.6376,0.6338,-2.236,-1.657,-1.042,0.08734,1.746,2.895,0.7883,0.8876,0.0004094,99.826,4.298,4.499,0.000138,5.978e-06,
C:\Users\sblee\Downloads\Aesthetics-Toolbox-main\split_1\281bf6e8_4b69_4d61_86aa_f62b45fd92a9.jpg,1024,1.0,20.962,7.562,10.309,88.31,6.441,108.56,83.182,59.877,36.815,8.366,16.501,0.04751,0.5444,0.4308,53.471,52.801,53.546,20.962,10.064,18.884,0.09959,0.2457,0.2137,56.304,11.489,0.01758,0.05469,12.288,0.6017,0.3194,0.306,-2.499,-1.239,-1.175,0.03385,1.529,2.565,0.6355,0.8203,0.0002613,89.946,4.441,4.504,0.0001164,1.4e-05,
C:\Users\sblee\Downloads\Aesthetics-Toolbox-main\split_1\28251901_5cda_498f_806a_e9e83e5a938f.jpg,1344,1.625,20.312,7.584,10.014,96.333,6.32,71.9,100.822,78.458,39.119,-15.1025,8.997,0.3942,0.3503,0.3973,44.273,52.655,46.081,20.312,7.839,10.481,0.08937,0.1293,0.2049,61.413,7.133,-0.00601,0.03516,13.585,0.5713,0.4959,0.4777,-2.651,-1.205,-1.272,0.008212,1.601,2.557,0.7811,0.8229,0.0002423,96.176,4.239,4.312,0.0001188,1.148e-05,
C:\Users\sblee\Downloads\Aesthetics-Toolbox-main\split_1\2825f918_60be_40d9_b112_42b2e9433737.jpg,1280,0.6667,25.529,7.823,5.145,59.629,6.237,123.534,98.195,63.858,42.617,6.314,22.985,0.07906,0.5256,0.4883,60.492,68.259,41.571,25.529,14.219,15.615,0.08278,0.1766,0.2384,40.203,21.134,0.1055,0.00651,17.022,0.3637,0.357,0.3299,-2.649,-1.394,-1.399,0.004539,1.257,2.242,0.6224,0.7777,0.0004312,89.783,4.394,4.472,0.000199,2.68e-05,
C:\Users\sblee\Downloads\Aesthetics-Toolbox-main\split_1\2828de84_71e3_44f8_9432_da1aff16d4d6.jpg,1024,1.0,25.109,7.664,8.626,103.636,6.917,136.834,119.991,110.796,51.349,5.397,8.217,0.9968,0.4056,0.5732,71.404,62.945,79.195,25.109,18.403,17.583,0.2244,0.3168,0.2702,26.683,1.235,-0.005859,-0.001953,3.324,0.398,0.3433,0.3086,-2.866,-1.486,-1.274,0.05238,1.397,2.475,0.4865,0.7222,0.0008203,97.301,4.493,4.108,0.0002861,4.209e-05,
C:\Users\sblee\Downloads\Aesthetics-Toolbox-main\split_1\282bd29b_16a7_4ca2_94b9_68a9e32f963c.jpg,1024,1.0,18.504,7.251,6.639,63.307,6.927,78.317,93.751,103.917,38.377,-2.64,-7.38,0.5474,0.3246,0.4329,44.277,46.999,53.226,18.504,9.192,12.959,0.143,0.1038,0.2106,66.746,14.956,0.04883,0.05664,12.711,0.4351,0.4055,0.3635,-2.656,-1.258,-1.259,0.01557,1.453,2.461,0.7143,0.8037,0.0003399,83.511,4.421,4.504,0.000168,1.952e-05,
C:\Users\sblee\Downloads\Aesthetics-Toolbox-main\split_1\283cb8bb_fa8d_41a5_8f44_6de7452a7735.jpg,1024,1.0,26.823,7.669,25.823,271.329,7.062,65.802,94.946,135.229,40.016,5.172,-23.0768,0.6157,0.6828,0.5657,63.757,69.45,83.87,26.823,23.667,27.361,0.1431,0.2528,0.3264,20.74,1.235,-0.001953,-0.005859,1.877,0.6485,0.6472,0.6224,-2.71,-1.373,-1.369,0.01238,1.719,2.773,0.87,0.8795,0.0004039,99.915,4.413,4.336,0.0001097,7.496e-06,
C:\Users\sblee\Downloads\Aesthetics-Toolbox-main\split_1\2843b673_6483_4e4d_b7a7_8b63cd76399c.jpg,2048,1.0,19.228,7.54,9.355,120.084,5.634,113.325,111.294,77.847,45.755,-4.402,19.127,0.1727,0.3932,0.4557,47.026,49.101,56.09,19.228,6.643,11.152,0.07494,0.2164,0.1911,51.421,8.053,0.01562,0.03711,4.972,0.6029,0.5704,0.5598,-2.643,-1.426,-1.269,0.001208,1.606,2.595,0.8367,0.8627,0.0001568,95.236,4.491,4.537,0.0001192,7.079e-06,
C:\Users\sblee\Downloads\Aesthetics-Toolbox-main\split_1\285632ef_eedb_4c3c_97f1_6c3fffe9e56b.jpg,1216,0.7273,23.061,7.723,17.614,121.96,7.022,102.202,93.846,77.166,40.048,3.517,11.288,0.102,0.5494,0.4677,68.707,57.804,55.481,23.061,14.67,19.128,0.2001,0.2665,0.2346,46.903,4.863,-0.01172,-0.02131,13.75,0.5287,0.5127,0.4916,-2.144,-1.076,-0.975,0.003431,1.645,2.627,0.7362,0.8605,0.0002894,93.316,4.551,4.545,9.316e-05,1.516e-05,
C:\Users\sblee\Downloads\Aesthetics-Toolbox-main\split_1\28605e38_f509_43f5_af93_b0c4c7928ab0.jpg,1024,1.0,33.232,7.437,11.429,131.939,5.902,98.993,143.673,114.102,54.608,-18.7969,11.237,0.3417,0.5253,0.5693,89.751,86.911,69.66,33.232,14.875,10.249,0.1586,0.2853,0.3339,29.536,18.309,-0.05078,0.07617,11.56,0.4396,0.2544,0.2258,-2.776,-1.449,-1.18,0.08414,1.363,2.599,0.4035,0.7238,0.0007319,94.826,3.805,3.957,0.0003265,3.153e-05,
C:\Users\sblee\Downloads\Aesthetics-Toolbox-main\split_1\28728ab9_1ac2_4911_9a8f_863465273d19.jpg,1344,1.625,17.855,7.285,9.705,88.089,5.966,98.108,58.197,39.576,29.792,14.064,19.254,0.1013,0.5175,0.39,63.981,39.339,35.07,17.855,23.293,18.442,0.09115,0.304,0.25,34.59,9.981,0.03726,0.0332,18.109,0.4082,0.4503,0.3642,-2.405,-1.184,-1.208,0.003577,1.561,2.585,0.6787,0.7928,0.0005709,98.333,4.252,4.412,0.0001833,2.712e-05,
C:\Users\sblee\Downloads\Aesthetics-Toolbox-main\split_1\28732c08_dc76_44cd_85ac_e4f762125457.jpg,1216,0.7273,24.665,7.659,4.952,58.222,5.884,132.501,111.806,96.104,47.638,6.534,11.045,0.03134,0.3228,0.5212,61.51,63.351,44.991,24.665,6.503,14.268,0.1132,0.1393,0.2401,23.188,3.338,-0.005859,-0.01562,14.941,0.3454,0.2258,0.2245,-2.718,-1.387,-1.408,0.00826,1.17,2.386,0.5033,0.7215,0.0008111,97.209,3.793,3.894,0.0002722,3.216e-05,
C:\Users\sblee\Downloads\Aesthetics-Toolbox-main\split_1\287deaed_bbbc_441e_b688_f0b4490313cb.jpg,1280,0.6667,18.795,7.682,11.293,134.296,7.205,121.309,105.125,107.506,45.519,6.993,1.029,0.9491,0.2056,0.4894,53.316,46.283,40.532,18.795,8.975,8.355,0.2007,0.1367,0.1992,35.614,1.518,0.003906,-0.00651,13.832,0.5898,0.5158,0.4994,-2.667,-1.645,-1.3,0.01302,1.562,2.57,0.7755,0.8838,0.0001784,96.847,4.56,4.558,0.0001136,6.998e-06,
C:\Users\sblee\Downloads\Aesthetics-Toolbox-main\split_1\288e0e02_aa27_4353_a8aa_66b0fa12de22.jpg,1216,0.7273,11.352,6.824,1.22,16.895,7.622,135.612,102.539,112.833,48.991,16.622,0.7135,0.8227,0.518,0.6247,58.772,38.926,27.878,11.352,28.495,28.372,0.2566,0.1798,0.1459,70.239,7.102,0.0,0.03551,8.345,0.7089,0.4015,0.4148,-3.131,-1.537,-1.463,0.01821,0.9235,2.016,0.6598,0.6914,0.0008745,81.606,3.211,2.326,0.0007837,4.77e-06,
C:\Users\sblee\Downloads\Aesthetics-Toolbox-main\split_1\28ec2c74_0bcf_429a_b01f_d9ee4bf86609.jpg,1024,1.0,25.511,7.536,11.839,113.505,5.889,142.734,148.532,151.741,60.242,-0.5757,-1.787,0.3918,0.2049,0.6409,59.099,66.217,75.75,25.511,5.295,12.396,0.3147,0.1585,0.2852,28.754,21.516,-0.005859,-0.1074,12.433,0.5716,0.478,0.4188,-2.49,-1.335,-1.083,0.08344,1.554,2.7,0.5607,0.826,0.0004377,90.75,4.127,4.413,0.0002822,2.125e-05,
C:\Users\sblee\Downloads\Aesthetics-Toolbox-main\split_1\28ec38f7_e6a6_48a3_a207_825dcc24adf0.jpg,2176,2.091,26.168,7.866,7.284,81.556,6.119,103.859,99.425,67.944,40.577,-2.371,17.354,0.1529,0.4429,0.4248,61.251,66.631,55.59,26.168,8.057,14.191,0.07999,0.3001,0.2539,39.226,14.727,0.06793,0.02841,26.697,0.4524,0.4877,0.4102,-2.732,-1.252,-1.281,0.009521,1.372,2.492,0.7377,0.8029,0.0002458,94.79,4.344,4.378,0.0001467,1.912e-05,
C:\Users\sblee\Downloads\Aesthetics-Toolbox-main\split_1\28ee6b43_fc4a_43ae_8213_d848ebece9f5.jpg,1280,1.5,18.686,7.427,12.643,110.063,7.024,118.824,80.592,84.186,39.214,19.208,5.633,0.9602,0.5365,0.5166,50.593,52.439,53.228,18.686,17.143,23.956,0.1446,0.2062,0.1921,54.976,7.812,0.03125,0.02344,16.18,0.4989,0.3843,0.3831,-2.247,-1.149,-1.125,0.002442,1.641,2.6,0.6044,0.8418,0.0004148,91.433,4.457,4.529,0.0001192,2.182e-05,
C:\Users\sblee\Downloads\Aesthetics-Toolbox-main\split_1\28f4b269_ca2d_4ae0_95d9_f42d1da0dc16.jpg,1024,1.0,18.062,7.312,8.781,91.561,6.676,117.35,77.208,82.914,37.347,18.829,3.789,0.9406,0.4471,0.4783,46.808,48.177,38.59,18.062,11.926,16.552,0.1258,0.146,0.1907,66.642,5.138,0.003906,-0.02539,6.988,0.4507,0.4639,0.454,-2.841,-1.413,-1.322,0.02725,1.487,2.503,0.7368,0.7996,0.0004143,91.215,4.407,4.436,0.0001396,1.743e-05,
C:\Users\sblee\Downloads\Aesthetics-Toolbox-main\split_1\29050042_080b_47c9_8805_841dd940bd6a.jpg,1024,1.0,23.934,7.164,8.435,90.832,4.333,118.035,104.481,90.213,44.061,3.007,9.681,0.07486,0.2971,0.4642,61.14,57.619,51.283,23.934,2.675,6.662,0.07399,0.2231,0.2392,22.214,6.359,0.02148,-0.02344,7.331,0.4417,0.389,0.3761,-3.017,-1.535,-1.396,0.03713,1.243,2.559,0.726,0.793,0.0003901,91.862,4.454,4.384,0.0001556,1.742e-05,
C:\Users\sblee\Downloads\Aesthetics-Toolbox-main\split_1\290cd540_f39c_47c1_8758_34e2c4355160.jpg,1600,0.7857,13.583,6.881,0.6617,21.126,5.537,129.116,132.506,121.278,54.459,-3.143,5.805,0.2521,0.1253,0.5288,27.462,35.32,35.478,13.583,4.106,3.23,0.1118,0.1047,0.121,7.574,3.795,0.0,-0.01897,9.616,0.4478,0.4195,0.393,-3.258,-1.598,-1.466,0.01968,0.8138,2.02,0.5189,0.6734,0.001177,88.198,3.813,3.118,0.0005822,1.299e-05,
C:\Users\sblee\Downloads\Aesthetics-Toolbox-main\split_1\2931a9be_649f_40f5_a920_73d0b3943ef5.jpg,1024,1.0,29.273,7.715,11.354,142.444,7.251,134.261,90.676,125.53,48.108,24.564,-7.805,0.7892,0.7518,0.6822,100.826,85.972,67.779,29.273,41.944,39.54,0.2226,0.2166,0.3103,28.509,7.585,-0.03711,0.007812,8.852,0.5131,0.4656,0.45,-3.213,-1.679,-1.433,0.06549,1.383,2.455,0.7274,0.8176,0.0005907,97.37,4.51,4.476,0.0001899,1.555e-05,
C:\Users\sblee\Downloads\Aesthetics-Toolbox-main\split_1\29425c3f_fb3c_44e5_8d37_1d7b59a6e3b7.jpg,1280,1.5,24.254,7.655,3.48,50.515,7.242,77.381,82.471,79.378,33.465,-1.537,1.072,0.6188,0.3023,0.3583,50.2,62.406,50.589,24.254,9.603,8.407,0.3074,0.174,0.2254,43.657,11.186,0.02344,-0.05078,13.697,0.2929,0.301,0.2848,-3.014,-1.429,-1.422,0.01056,1.11,2.27,0.555,0.6928,0.0006763,93.017,4.431,4.324,0.0002385,2.644e-05,
C:\Users\sblee\Downloads\Aesthetics-Toolbox-main\split_1\294290b1_a9b9_44c1_8ad0_1864dcbc172a.jpg,1280,0.6667,22.695,7.746,18.705,171.412,6.725,118.935,103.651,86.623,44.378,3.774,12.157,0.1823,0.3122,0.4877,68.654,55.6,49.698,22.695,14.483,14.104,0.1958,0.2159,0.2546,30.454,4.768,-0.01367,-0.01953,12.722,0.5694,0.5294,0.5104,-2.19,-1.217,-1.122,0.008945,1.661,2.66,0.7774,0.8582,0.0004823,98.944,3.882,4.31,0.0001235,1.198e-05,
C:\Users\sblee\Downloads\Aesthetics-Toolbox-main\split_1\29504a2f_7fd2_4716_92b9_ed6c5ba3a0b9.jpg,1024,1.0,44.227,5.157,24.301,508.246,1.52,97.998,97.46,97.721,38.538,0.2059,-0.05527,0.9763,0.1499,0.3846,111.802,111.953,111.835,44.227,0.402,0.3032,0.07518,0.3218,0.4384,38.14,1.992,0.001953,-0.009766,2.117,0.6331,0.613,0.6338,-3.534,-2.118,-1.621,0.1307,1.53,2.834,0.6678,0.8614,0.000937,99.793,4.146,4.452,0.0002442,5.955e-06,
C:\Users\sblee\Downloads\Aesthetics-Toolbox-main\split_1\2958b803_c039_44df_8d70_afac85359d39.jpg,2048,0.6,19.082,7.451,3.942,41.448,6.359,104.805,97.002,111.874,41.756,6.934,-7.081,0.7543,0.2307,0.4727,49.782,47.405,49.775,19.082,5.619,10.688,0.14,0.1025,0.2124,43.624,9.244,0.04427,-0.01328,18.255,0.4308,0.4291,0.4022,-2.649,-1.201,-1.199,0.01539,1.289,2.377,0.784,0.7789,0.0002819,91.852,4.375,4.376,0.0001845,2.07e-05,
C:\Users\sblee\Downloads\Aesthetics-Toolbox-main\split_1\29755815_6385_4b6f_a02a_ab5f5b28dd63.jpg,1024,1.0,14.662,7.009,3.462,34.219,7.126,82.051,90.003,119.182,38.956,6.819,-16.6355,0.6749,0.4526,0.4969,41.775,39.954,38.829,14.662,13.199,16.803,0.1581,0.1723,0.1578,68.626,3.338,-0.005859,0.01562,6.381,0.4712,0.4292,0.4098,-2.853,-1.337,-1.329,0.03318,1.229,2.255,0.7267,0.7643,0.000394,86.204,4.408,4.289,0.0002652,1.783e-05,
C:\Users\sblee\Downloads\Aesthetics-Toolbox-main\split_1\2978de11_dc93_4326_a8db_ff43f3253271.jpg,1216,1.375,25.364,7.48,5.092,68.683,5.236,121.193,99.244,86.511,42.592,7.071,9.97,0.03168,0.2822,0.4753,68.846,63.835,48.858,25.364,3.833,9.588,0.05261,0.0846,0.27,65.618,12.375,0.01989,0.05859,16.874,0.3768,0.3549,0.3425,-2.894,-1.421,-1.379,0.003758,1.175,2.368,0.6692,0.7918,0.000688,86.644,3.961,4.272,0.0002322,2.404e-05,
C:\Users\sblee\Downloads\Aesthetics-Toolbox-main\split_1\29795514_8c36_4375_b7ea_ba2cde217a95.jpg,1024,1.0,24.079,7.514,5.579,59.938,6.378,126.312,124.0,127.869,51.487,2.587,-1.292,0.7795,0.206,0.5511,55.036,63.801,66.395,24.079,7.832,9.902,0.2709,0.1091,0.2494,33.725,13.811,0.06836,-0.009766,12.237,0.4157,0.321,0.2859,-2.819,-1.337,-1.329,0.01486,1.215,2.36,0.57,0.806,0.0003349,94.316,4.54,4.494,0.0002638,2.016e-05,
C:\Users\sblee\Downloads\Aesthetics-Toolbox-main\split_1\29798418_79c3_496b_8a53_031b0e37277f.png,1024,1.0,25.976,7.581,9.359,134.491,6.311,130.365,106.334,53.85,46.205,4.217,30.623,0.09634,0.6932,0.5509,74.777,67.099,50.879,25.976,18.153,28.114,0.1498,0.2489,0.2768,19.773,11.495,0.009766,0.05664,7.751,0.3834,0.4096,0.3586,-3.749,-2.098,-1.624,0.1311,1.393,2.473,0.6713,0.81,0.000509,98.758,4.52,4.47,0.0002434,2.518e-05,
C:\Users\sblee\Downloads\Aesthetics-Toolbox-main\split_1\29835a1f_1e14_4480_ab6d_9491453f2bf0.jpg,1280,1.0,17.421,7.469,9.301,60.347,6.627,80.712,114.231,128.057,46.078,-4.941,-11.6657,0.5565,0.4944,0.5503,45.6,46.407,38.553,17.421,10.593,22.446,0.1397,0.1547,0.1621,28.984,7.603,-0.0375,-0.00625,9.172,0.501,0.4827,0.4426,-1.874,-1.004,-0.9301,0.006851,1.488,2.637,0.6257,0.765,0.0003931,93.2,4.52,4.465,0.0002427,2.373e-05,
C:\Users\sblee\Downloads\Aesthetics-Toolbox-main\split_1\29876e3e_2931_44e5_8228_bf3f9fbddc1d.jpg,1344,1.625,19.383,5.287,6.396,52.703,1.721,109.441,106.275,107.812,44.488,1.554,-0.3978,0.9271,0.0576,0.4295,45.045,45.553,44.943,19.383,3.098,1.214,0.0712,0.1113,0.1763,16.726,3.972,-0.003606,-0.01953,13.416,0.471,0.427,0.3987,-2.29,-1.145,-1.083,0.005073,1.318,2.544,0.4613,0.736,0.000358,80.583,4.415,4.419,0.0002521,1.953e-05,
C:\Users\sblee\Downloads\Aesthetics-Toolbox-main\split_1\2990cfe0_4bdb_433d_88b6_0dd08f04c9f9.jpg,2048,1.0,11.811,7.044,0.7819,17.254,6.418,108.521,64.898,51.076,33.532,17.769,16.445,0.01639,0.5561,0.4592,66.346,17.437,15.344,11.811,21.834,22.891,0.2251,0.2488,0.2227,29.471,6.448,0.0009766,0.03223,5.968,0.4234,0.3586,0.3571,-3.162,-1.521,-1.422,0.006351,0.9228,2.036,0.6398,0.7365,0.0009557,95.278,4.399,3.46,0.0007801,6.062e-06,
C:\Users\sblee\Downloads\Aesthetics-Toolbox-main\split_1\2991f424_44ef_4d6e_9c8f_a6871e04f7c5.jpg,1024,1.0,33.46,7.516,41.685,240.447,3.317,101.364,101.473,102.878,41.143,0.2549,-0.7902,0.8006,0.07003,0.4047,82.878,83.109,83.304,33.46,0.7294,1.273,0.2371,0.185,0.3269,33.049,3.36,0.01367,-0.009766,6.376,0.5331,0.533,0.5155,-2.026,-1.047,-0.9234,0.04544,1.812,2.884,0.7855,0.8596,0.000457,99.286,4.459,4.514,0.0001648,1.471e-05,
C:\Users\sblee\Downloads\Aesthetics-Toolbox-main\split_1\299e88e6_6990_4826_96bc_f5983cbbd7d0.jpg,1600,0.7857,12.286,7.462,0.8448,27.343,5.211,104.137,93.599,76.683,39.967,1.438,11.407,0.1095,0.2858,0.4091,28.176,30.163,30.057,12.286,2.577,3.089,0.02943,0.1111,0.1114,33.511,6.262,-0.0142,0.0279,7.807,0.4264,0.4793,0.3631,-3.276,-1.642,-1.475,0.05529,0.8482,2.043,0.6185,0.7627,0.001164,95.82,3.45,3.038,0.0004457,1.245e-05,
C:\Users\sblee\Downloads\Aesthetics-Toolbox-main\split_1\29a23c50_2850_4e0f_83dd_fc5e0aab4cdf.jpg,1280,1.5,17.37,7.263,2.854,30.297,5.188,99.19,77.44,54.067,34.044,6.237,17.107,0.07569,0.4711,0.3892,38.513,44.969,26.959,17.37,7.397,8.44,0.04687,0.08634,0.1514,54.265,16.906,0.05469,0.06445,23.058,0.3766,0.3173,0.2672,-2.553,-1.296,-1.239,0.004753,1.332,2.378,0.5396,0.7061,0.0004656,84.027,4.471,4.387,0.0002577,2.497e-05,
C:\Users\sblee\Downloads\Aesthetics-Toolbox-main\split_1\29ae10a7_9e1e_4cd0_8139_7309f49f2d21.jpg,1408,1.75,19.547,7.453,6.656,55.176,6.908,88.151,104.773,89.122,41.993,-8.678,6.614,0.3695,0.2994,0.4294,46.522,50.626,37.144,19.547,10.102,9.261,0.1574,0.1452,0.1936,37.41,16.313,-0.02344,0.07812,23.214,0.4688,0.4322,0.3928,-2.327,-1.123,-1.187,0.007592,1.377,2.44,0.6493,0.7611,0.000603,88.753,3.889,4.258,0.0001633,2.412e-05,
C:\Users\sblee\Downloads\Aesthetics-Toolbox-main\split_1\29b78a2f_b221_4f19_a511_68ade15a8d9d.jpg,1600,0.7857,24.97,7.844,26.187,216.565,6.396,84.949,98.037,67.566,38.69,-9.905,15.617,0.2294,0.4024,0.4069,52.93,65.182,51.136,24.97,13.022,8.383,0.1175,0.1955,0.2486,41.977,2.557,-0.01278,0.0,8.796,0.676,0.6721,0.6613,-2.004,-1.241,-1.034,0.006203,1.768,2.784,0.8695,0.9044,0.0001584,99.284,4.55,4.557,9.611e-05,5.892e-06,
C:\Users\sblee\Downloads\Aesthetics-Toolbox-main\split_1\29be88c6_12d1_4dd7_bae4_82cfb74cebd8.jpg,1216,1.375,15.757,6.97,5.755,44.288,4.24,114.768,41.223,22.274,27.445,30.532,27.887,0.032,0.8266,0.4501,49.016,37.267,24.44,15.757,11.522,10.493,0.02361,0.1046,0.1922,71.179,4.334,-0.002841,-0.02148,15.719,0.3352,0.4216,0.3329,-2.07,-1.075,-0.9612,0.008813,1.417,2.566,0.3925,0.6715,0.0003242,83.279,4.443,4.461,0.0004333,1.758e-05,
C:\Users\sblee\Downloads\Aesthetics-Toolbox-main\split_1\29d2cf0d_6b79_4f7c_a979_94ff58c60273.jpg,1856,1.231,24.177,7.622,10.303,205.075,6.124,140.209,74.369,90.097,40.109,27.5,5.977,0.9916,0.5207,0.5559,79.02,56.345,71.122,24.177,21.626,11.24,0.1233,0.2117,0.3007,37.162,11.142,0.006836,-0.05529,7.444,0.6288,0.5693,0.5709,-2.771,-1.918,-1.591,0.0104,1.442,2.507,0.7397,0.8725,0.0002651,98.225,4.272,4.503,0.0001414,7.964e-06,
C:\Users\sblee\Downloads\Aesthetics-Toolbox-main\split_1\29d3de45_3bff_4801_9366_9bdaee9f53e9.jpg,1344,0.75,17.392,7.491,1.01,28.503,6.395,127.402,127.045,96.615,52.119,-5.27,16.873,0.1742,0.3094,0.5335,54.204,41.767,42.547,17.392,9.746,7.681,0.08597,0.1307,0.181,32.241,7.495,0.008681,0.03646,9.033,0.6653,0.3283,0.3204,-3.191,-1.656,-1.458,0.01268,0.7987,2.023,0.5069,0.6726,0.001321,92.948,3.66,2.581,0.0006354,1.655e-05,
C:\Users\sblee\Downloads\Aesthetics-Toolbox-main\split_1\29d5dde2_214c_40cb_a1f2_cb36260a8a16.jpg,1024,1.0,9.23,6.72,1.415,14.856,7.1,164.222,73.037,99.762,46.517,44.577,2.639,0.9394,0.7912,0.7481,44.889,37.941,76.253,9.23,22.427,52.926,0.1604,0.1259,0.09162,44.355,4.768,0.01953,-0.01367,3.698,0.3646,0.4376,0.3498,-3.046,-1.631,-1.461,0.002454,0.7642,2.014,0.5779,0.6929,0.001079,96.818,4.105,2.74,0.0009902,4.62e-06,
C:\Users\sblee\Downloads\Aesthetics-Toolbox-main\split_1\29e2bf9c_564a_422b_ad9e_82dca82d4683.jpg,1280,1.5,18.87,7.443,3.407,39.92,6.392,107.86,79.523,87.875,36.857,14.824,0.7436,0.9282,0.397,0.4636,48.141,48.015,51.244,18.87,10.673,13.591,0.1392,0.1345,0.214,46.173,19.891,-0.09375,0.0332,18.856,0.3988,0.4027,0.3533,-2.684,-1.424,-1.323,0.003333,1.244,2.406,0.6748,0.7363,0.0005065,86.36,4.452,4.38,0.000208,2.336e-05,
C:\Users\sblee\Downloads\Aesthetics-Toolbox-main\split_1\29ff4370_226e_4220_beaa_22c6cf6af7bc.jpg,1344,0.75,16.578,7.057,8.269,87.402,4.24,119.323,95.504,62.163,41.791,5.044,22.627,0.107,0.5057,0.4682,47.716,40.329,38.199,16.578,10.067,8.238,0.03109,0.1885,0.1869,66.523,5.032,0.02431,-0.00651,10.479,0.5107,0.4824,0.4442,-2.589,-1.255,-1.231,0.001881,1.555,2.567,0.7044,0.8439,0.0003281,89.075,4.546,4.54,0.0001667,1.866e-05,
C:\Users\sblee\Downloads\Aesthetics-Toolbox-main\split_1\2a07189b_8b2e_48ce_ae6f_bd45f1c1e21e.png,1408,1.75,19.771,7.58,9.771,89.156,5.987,105.396,115.133,124.798,47.735,0.6886,-5.511,0.5515,0.3355,0.5326,43.532,52.218,60.424,19.771,10.562,16.624,0.1978,0.2276,0.1866,23.381,7.088,0.004464,0.03516,19.144,0.6009,0.4372,0.4165,-2.384,-1.375,-1.139,0.00481,1.51,2.649,0.7089,0.7785,0.0005691,96.523,4.233,4.387,0.00015,1.639e-05,
C:\Users\sblee\Downloads\Aesthetics-Toolbox-main\split_1\2a1cf561_5f54_4fe9_9179_25f1d7692555.jpg,1024,1.0,16.715,7.199,4.703,57.608,5.951,140.566,139.627,119.502,57.866,-1.229,11.823,0.2456,0.3393,0.61,33.541,48.954,58.988,16.715,13.769,17.282,0.2078,0.2657,0.14,9.223,8.305,0.03125,0.02734,6.617,0.3688,0.2753,0.243,-2.893,-1.466,-1.318,0.04184,1.281,2.357,0.5671,0.7285,0.0005864,87.143,4.336,4.415,0.0003211,3.197e-05,
C:\Users\sblee\Downloads\Aesthetics-Toolbox-main\split_1\2a839041_ca0c_4395_8042_606711d9f0dd.png,1024,1.0,21.445,7.619,10.421,96.757,7.772,138.624,134.627,121.56,58.712,4.518,9.0,0.3182,0.586,0.7286,73.587,70.547,66.525,21.445,34.147,40.603,0.4157,0.2534,0.1948,34.287,2.376,-0.01172,-0.001953,6.958,0.5354,0.4493,0.422,-2.649,-1.256,-1.291,0.003497,1.515,2.592,0.6923,0.7104,0.0004531,96.564,4.526,4.429,0.0002069,2.014e-05,
C:\Users\sblee\Downloads\Aesthetics-Toolbox-main\split_1\2a9bfe67_6777_4417_a9dd_7f7df7d7f033.jpg,1024,1.0,37.447,7.175,18.216,258.618,5.292,146.866,131.63,116.864,53.958,3.678,9.652,0.07229,0.363,0.5824,99.896,93.203,89.058,37.447,4.959,12.79,0.1392,0.3313,0.3886,17.026,5.872,0.0293,-0.001953,7.116,0.5322,0.5336,0.5121,-3.052,-1.393,-1.501,0.008554,1.527,2.578,0.6331,0.7732,0.0004974,98.539,4.413,4.51,0.000223,1.204e-05,
C:\Users\sblee\Downloads\Aesthetics-Toolbox-main\split_1\2aba5c8f_c646_414b_8cfa_055fa7146931.jpg,1280,0.6667,31.381,7.533,11.221,131.204,6.126,160.731,134.177,116.434,56.641,8.92,11.92,0.02204,0.4122,0.6424,77.836,84.264,48.03,31.381,12.329,20.698,0.153,0.165,0.2883,22.364,17.347,-0.06836,-0.05339,18.678,0.3583,0.339,0.2871,-2.512,-1.515,-1.256,0.008002,1.407,2.569,0.5335,0.7759,0.0006384,94.226,4.46,4.393,0.0002594,3.218e-05,
C:\Users\sblee\Downloads\Aesthetics-Toolbox-main\split_1\2aeb673b_ad7c_4875_8c4c_291c59ade1b1.jpg,1024,1.0,25.313,7.638,4.276,69.556,5.01,135.038,82.313,36.031,39.411,17.848,32.795,0.06038,0.6936,0.5305,79.813,57.549,42.98,25.313,13.72,24.366,0.07691,0.2518,0.313,24.931,13.361,0.05273,0.04102,8.071,0.3305,0.3098,0.2577,-3.581,-1.683,-1.729,0.007284,1.187,2.322,0.4617,0.6073,0.0007584,95.432,4.259,4.213,0.0006442,2.796e-05,
C:\Users\sblee\Downloads\Aesthetics-Toolbox-main\split_1\2aef3297_1410_40ef_9bf9_d77a913adec7.jpg,1024,1.0,25.391,7.753,11.989,86.274,5.998,124.593,128.511,112.197,52.686,0.8281,5.566,0.6228,0.4328,0.6122,68.654,64.435,83.045,25.391,7.138,39.178,0.2852,0.3075,0.2975,17.411,13.666,-0.05859,-0.03516,11.212,0.313,0.3806,0.2413,-2.521,-1.285,-1.014,0.082,1.56,2.639,0.5678,0.744,0.0006468,92.093,3.898,4.09,0.0003579,3.246e-05,
C:\Users\sblee\Downloads\Aesthetics-Toolbox-main\split_1\2af5cf41_7f78_45a7_aee0_5e8a2786a6fe.jpg,1024,1.0,28.662,7.809,6.289,81.016,5.913,131.073,83.222,83.801,39.516,20.203,7.944,0.9823,0.5198,0.5142,75.642,72.056,57.017,28.662,11.02,12.426,0.06862,0.1842,0.2969,38.369,9.648,0.04102,0.02539,9.37,0.3495,0.3913,0.3369,-3.037,-1.471,-1.434,0.01725,1.212,2.378,0.6195,0.7251,0.0004582,93.664,4.387,4.43,0.0002278,1.998e-05,
C:\Users\sblee\Downloads\Aesthetics-Toolbox-main\split_1\2b232b20_84ea_4940_a819_1e0a233d68fb.png,1024,1.0,27.472,7.879,9.435,97.646,6.333,108.55,124.609,135.192,50.619,-0.2655,-7.397,0.5775,0.4548,0.5935,80.013,70.112,63.516,27.472,10.279,17.566,0.2424,0.2359,0.2673,31.386,21.399,-0.09961,-0.03906,13.552,0.4512,0.4356,0.4017,-2.781,-1.313,-1.317,0.006987,1.361,2.449,0.7474,0.7868,0.0003657,94.587,4.545,4.481,0.0001776,2.334e-05,
C:\Users\sblee\Downloads\Aesthetics-Toolbox-main\split_1\2b357eb7_368d_48cd_b435_a6d12854f3c7.png,1536,2.0,24.244,7.196,6.987,99.736,4.338,96.063,93.076,91.752,38.688,0.9393,1.119,0.0303,0.08376,0.377,60.251,60.287,58.226,24.244,1.577,1.501,0.08553,0.1455,0.2365,65.088,13.304,-0.04297,0.05078,25.524,0.317,0.3552,0.3349,-2.668,-1.423,-1.375,0.01151,1.339,2.5,0.4725,0.7349,0.0006837,85.002,4.307,4.36,0.0003287,2.786e-05,
C:\Users\sblee\Downloads\Aesthetics-Toolbox-main\split_1\2b7034d7_f74c_4c90_a3e0_87afa265cef5.jpg,1024,1.0,14.294,7.364,0.811,16.627,4.146,138.517,94.429,120.754,45.602,22.212,-6.921,0.8988,0.3299,0.5438,34.144,40.538,32.559,14.294,14.769,4.076,0.08282,0.2015,0.1342,50.049,6.102,-0.02344,0.01953,6.074,0.7359,0.739,0.6622,-2.989,-1.564,-1.433,0.006108,0.7481,2.015,0.4619,0.7276,0.001376,94.762,3.683,0.8709,0.000821,3.546e-06,
C:\Users\sblee\Downloads\Aesthetics-Toolbox-main\split_1\2bb8d40d_e79f_4b41_b574_e3cfdb177eea.jpg,1536,2.0,24.858,7.682,11.998,87.421,6.279,118.229,77.023,36.503,36.11,13.28,27.773,0.04137,0.6435,0.4714,76.351,59.083,33.389,24.858,16.56,25.069,0.1154,0.2441,0.2979,32.142,7.012,-0.03418,-0.007812,19.932,0.4651,0.3973,0.3721,-2.43,-0.9731,-1.003,0.034,1.475,2.588,0.617,0.7657,0.0003659,95.733,4.499,4.459,0.0001819,3.046e-05,
C:\Users\sblee\Downloads\Aesthetics-Toolbox-main\split_1\2bbc1df2_5353_47d8_bf80_7cf5f17012e9.png,1024,1.0,17.413,7.188,4.251,61.263,4.518,130.996,143.835,157.209,58.697,-1.326,-8.811,0.5956,0.2051,0.6191,51.176,44.513,38.608,17.413,1.885,6.51,0.1055,0.1543,0.1508,16.924,8.24,-0.003906,0.04102,6.383,0.4999,0.4588,0.4345,-3.261,-1.502,-1.6,0.005707,1.231,2.304,0.7181,0.8052,0.0003782,93.85,4.438,4.454,0.0002705,1.267e-05,
C:\Users\sblee\Downloads\Aesthetics-Toolbox-main\split_1\2bc652cf_b4bf_4616_b0f0_3bce971baadb.png,1024,1.0,25.159,7.77,9.13,103.293,6.444,114.795,92.924,81.162,40.758,8.982,10.878,0.9281,0.3968,0.4768,62.933,64.537,72.231,25.159,11.934,19.607,0.273,0.3062,0.2586,47.177,11.104,0.04297,0.03516,9.271,0.4097,0.3986,0.3641,-3.01,-1.503,-1.389,0.02813,1.459,2.516,0.578,0.7689,0.0004838,93.434,4.494,4.453,0.0002653,2.744e-05,
C:\Users\sblee\Downloads\Aesthetics-Toolbox-main\split_1\2bd0a356_7b86_4eca_965c_1c23a937fd5a.jpg,1024,1.0,12.277,5.701,3.985,34.315,4.648,114.427,122.068,112.121,50.295,-4.117,4.52,0.6049,0.2629,0.5195,33.309,30.266,47.772,12.277,10.935,19.098,0.2258,0.215,0.1286,21.036,3.847,-0.007812,-0.01758,5.112,0.2539,0.4934,0.2364,-2.3,-1.115,-1.098,0.01539,1.358,2.429,0.3557,0.7,0.001174,86.976,4.518,4.393,0.0006267,2.763e-05,
C:\Users\sblee\Downloads\Aesthetics-Toolbox-main\split_1\2bfb7158_2abb_4b6d_bc68_bd7f417820c6.jpg,1024,1.0,18.01,7.301,4.338,45.107,6.258,115.554,109.856,93.833,45.956,0.5584,9.502,0.02657,0.301,0.4704,41.681,43.694,56.009,18.01,4.413,17.833,0.2245,0.2601,0.1677,23.945,11.111,-0.009766,0.05469,9.421,0.4301,0.293,0.2849,-3.022,-1.477,-1.381,0.02973,1.263,2.416,0.582,0.75,0.0004632,96.029,4.41,4.4,0.0002718,2.339e-05,
C:\Users\sblee\Downloads\Aesthetics-Toolbox-main\split_1\2c01411f_2780_4b37_9bd3_12385e496fe4.jpg,1536,2.0,22.451,7.765,9.498,131.438,5.574,147.1,122.014,87.447,52.257,5.912,22.085,0.07321,0.438,0.5827,59.912,58.131,56.722,22.451,10.37,17.723,0.1292,0.2968,0.2308,20.903,5.876,-0.01074,0.02734,20.361,0.4665,0.4542,0.3941,-2.571,-1.618,-1.339,0.009463,1.491,2.57,0.7296,0.8394,0.0002866,97.858,4.391,4.505,0.0001504,1.817e-05,
C:\Users\sblee\Downloads\Aesthetics-Toolbox-main\split_1\2c0bc8e2_345d_404b_b2c2_effb827fba3a.png,1024,1.0,32.663,7.462,16.11,169.228,7.175,134.122,102.285,105.055,46.729,14.683,4.236,0.9248,0.5538,0.5821,90.596,86.121,83.45,32.663,23.043,31.728,0.227,0.3346,0.3481,24.702,10.186,-0.05078,-0.003906,7.788,0.4221,0.4629,0.3973,-2.821,-1.26,-1.36,0.008645,1.554,2.607,0.6694,0.7525,0.000582,97.953,4.515,4.42,0.0001651,3.037e-05,
C:\Users\sblee\Downloads\Aesthetics-Toolbox-main\split_1\2c2ad3e3_1713_4e43_a132_5bcaf16d9f54.jpg,1024,1.0,25.683,7.892,11.101,132.649,5.893,147.972,91.714,57.656,45.101,20.473,29.572,0.06626,0.6809,0.5971,72.835,68.868,75.432,25.683,23.12,22.1,0.1375,0.3472,0.2745,42.951,8.305,-0.03125,0.02734,8.226,0.4903,0.5519,0.4679,-2.982,-1.501,-1.352,0.04518,1.516,2.526,0.8153,0.8067,0.0004076,96.835,4.498,4.474,0.0001545,1.514e-05,
C:\Users\sblee\Downloads\Aesthetics-Toolbox-main\split_1\2c632cc6_3f01_41d6_bc16_422158a233a8.jpg,1024,1.0,30.153,7.898,12.802,184.528,6.879,111.95,112.528,109.201,45.976,0.4873,2.028,0.01809,0.3148,0.4948,75.669,75.957,78.22,30.153,8.104,14.473,0.3264,0.2714,0.3017,25.159,12.26,-0.05664,-0.02344,10.503,0.4169,0.4085,0.3575,-3.284,-1.671,-1.486,0.05542,1.442,2.548,0.5752,0.7942,0.0007594,98.264,3.778,4.215,0.0002363,2.5e-05,
C:\Users\sblee\Downloads\Aesthetics-Toolbox-main\split_1\2c7683bf_2e64_4022_9f82_9a14d5a33830.jpg,1408,1.75,22.787,7.747,10.717,140.127,6.111,99.344,86.334,82.652,37.293,6.11,4.151,0.9963,0.3074,0.4285,61.393,55.292,61.021,22.787,10.746,19.175,0.2349,0.2457,0.2544,38.516,11.712,-0.05804,0.007812,17.14,0.445,0.3883,0.3798,-2.566,-1.569,-1.359,0.006223,1.519,2.547,0.556,0.8198,0.0004023,96.876,4.285,4.403,0.0001645,1.896e-05,
C:\Users\sblee\Downloads\Aesthetics-Toolbox-main\split_1\2c77d08a_63db_4d29_a0e7_9523d18978c2.png,1024,1.0,18.987,6.46,6.204,80.981,4.4,141.558,120.432,99.344,51.65,5.842,14.978,0.09098,0.3279,0.5552,46.608,49.924,49.005,18.987,7.689,11.873,0.02844,0.2783,0.1828,12.25,1.105,-0.003906,-0.003906,1.882,0.6908,0.4017,0.401,-3.328,-1.616,-1.59,0.01051,1.261,2.425,0.577,0.734,0.0005137,86.216,4.345,4.326,0.0001929,3.036e-05,
C:\Users\sblee\Downloads\Aesthetics-Toolbox-main\split_1\2c9dd6fb_f84e_438e_a7f1_eb3492f8176d.png,1024,1.0,23.05,7.165,13.885,182.293,5.871,125.168,111.566,98.341,47.439,4.011,9.276,0.06689,0.3013,0.5084,60.368,59.167,56.702,23.05,8.256,15.09,0.1395,0.2725,0.2374,66.436,1.235,-0.001953,0.005859,2.728,0.4506,0.3994,0.3364,-2.984,-1.74,-1.301,0.1437,1.555,2.699,0.5159,0.7795,0.0005712,92.419,4.303,4.375,0.000202,2.13e-05,
C:\Users\sblee\Downloads\Aesthetics-Toolbox-main\split_1\2caf00f8_0710_4aab_8b8f_2548a9a46d0b.jpg,1024,1.0,21.816,7.661,8.684,110.376,6.528,107.465,88.031,76.923,44.176,13.669,15.319,0.9838,0.8434,0.6281,81.444,69.829,73.035,21.816,35.869,36.271,0.2861,0.1135,0.254,29.317,1.992,-0.009766,-0.001953,2.762,0.6835,0.3959,0.3908,-3.195,-1.522,-1.639,0.0127,1.396,2.426,0.6721,0.7468,0.0005109,99.316,4.459,4.323,0.0003121,2.492e-05,
C:\Users\sblee\Downloads\Aesthetics-Toolbox-main\split_1\2cda93c6_5ffd_40f2_9353_847900e5a139.png,1216,0.7273,22.919,7.192,3.65,58.986,4.498,138.115,120.863,104.146,51.433,5.533,11.815,0.9702,0.2866,0.5427,56.268,58.612,65.536,22.919,8.243,17.451,0.1617,0.3682,0.2206,15.013,1.953,-0.009766,0.0,11.87,0.3209,0.3574,0.2936,-3.31,-1.572,-1.588,0.01254,1.278,2.282,0.5623,0.6695,0.0005859,86.708,4.484,4.27,0.0004607,3.072e-05,
C:\Users\sblee\Downloads\Aesthetics-Toolbox-main\split_1\2cfdcfda_e8d3_4756_b107_6b3221ca46c1.png,1024,1.0,21.156,7.607,11.292,123.972,5.993,114.726,119.552,101.736,49.215,-1.037,9.21,0.1979,0.5289,0.5718,50.618,52.42,85.303,21.156,7.68,33.335,0.2558,0.2104,0.2648,12.064,6.721,0.02734,-0.01953,6.961,0.4784,0.391,0.3457,-2.824,-1.493,-1.249,0.06847,1.603,2.611,0.6911,0.8184,0.0003267,98.84,4.543,4.534,0.0003262,1.859e-05,
C:\Users\sblee\Downloads\Aesthetics-Toolbox-main\split_1\2da2ec0b_a349_4806_96c2_fc35c15809f2.jpg,1024,1.0,16.171,7.44,1.133,17.995,5.879,59.969,51.415,23.392,22.42,1.385,18.499,0.1033,0.6687,0.2916,29.958,45.294,17.613,16.171,23.018,14.999,0.1264,0.1644,0.1536,62.456,11.049,0.007812,-0.05469,18.324,0.7793,0.392,0.3874,-3.024,-1.497,-1.459,0.004719,0.8105,2.025,0.5367,0.6502,0.0009994,80.025,3.962,2.239,0.0007047,7.846e-06,
C:\Users\sblee\Downloads\Aesthetics-Toolbox-main\split_1\2dcf8df1_63ed_4da8_b52d_1a05f2bc0e41.jpg,1024,1.0,19.012,7.451,12.486,80.332,5.4,98.18,119.025,103.257,47.73,-8.818,5.268,0.4724,0.4231,0.5222,50.725,50.308,48.616,19.012,12.524,24.817,0.1962,0.1777,0.1886,65.073,2.817,-0.01172,0.007812,4.299,0.5445,0.5196,0.5049,-2.421,-1.145,-1.027,0.05184,1.703,2.589,0.8808,0.805,0.000257,95.035,4.539,4.264,0.0001192,1.536e-05,
C:\Users\sblee\Downloads\Aesthetics-Toolbox-main\split_1\2dd12c15_016b_45b1_a4d6_11ad288215d7.jpg,1024,1.0,35.61,6.744,8.905,125.299,5.317,118.831,103.536,103.583,43.407,6.53,2.922,0.9661,0.3796,0.4859,91.481,89.553,82.209,35.61,11.706,9.818,0.2334,0.3078,0.3372,31.658,5.441,0.02539,0.009766,13.849,0.4178,0.3392,0.3218,-3.212,-1.684,-1.436,0.06113,1.251,2.44,0.5952,0.7868,0.0009632,94.507,4.421,4.421,0.0002677,2.937e-05,
C:\Users\sblee\Downloads\Aesthetics-Toolbox-main\split_1\2dd3dd92_f6d5_48b6_b5a3_ef07eb7d5f6a.jpg,1024,1.0,25.705,7.879,15.38,141.062,6.654,101.942,111.245,82.97,44.533,-7.505,13.954,0.171,0.4203,0.4624,59.552,65.324,70.567,25.705,12.52,18.816,0.1988,0.2853,0.2586,37.323,4.972,0.01758,0.01758,7.975,0.6218,0.4826,0.4871,-2.71,-1.378,-1.182,0.05519,1.569,2.618,0.7711,0.8471,0.0004764,97.004,4.136,4.347,0.0001541,1.192e-05,
C:\Users\sblee\Downloads\Aesthetics-Toolbox-main\split_1\2e22b421_f099_4805_8e4a_18ba8df6ccda.png,1216,0.7273,16.025,7.283,3.926,46.84,4.472,126.549,111.63,104.211,47.868,5.111,6.654,0.00369,0.2049,0.4966,36.919,40.514,42.637,16.025,5.387,7.725,0.1021,0.2042,0.1448,17.682,1.621,0.003906,0.007102,10.666,0.3659,0.3479,0.3819,-3.135,-1.34,-1.525,0.008314,1.296,2.397,0.6666,0.7319,0.0004091,98.445,4.39,4.316,0.0003124,2.993e-05,
C:\Users\sblee\Downloads\Aesthetics-Toolbox-main\split_1\2e2a3639_7c35_4ce3_a720_5e25045e8500.jpg,1024,1.0,25.04,7.016,8.071,99.094,4.466,145.616,159.752,131.257,63.267,-9.376,12.568,0.4551,0.3017,0.6305,71.433,60.786,81.055,25.04,11.975,21.44,0.1778,0.3717,0.2406,17.528,4.367,-0.02148,0.003906,11.1,0.4111,0.4481,0.5238,-2.957,-1.448,-1.359,0.02801,1.334,2.539,0.5158,0.7362,0.001087,87.63,4.375,4.304,0.0006335,3.192e-05,
C:\Users\sblee\Downloads\Aesthetics-Toolbox-main\split_1\2e90d153_0c4e_43fb_a30b_9794668f6a87.jpg,1024,1.0,28.548,7.042,6.21,66.972,5.326,116.226,123.132,104.672,49.583,-5.919,9.925,0.2958,0.2803,0.5031,81.833,72.437,85.342,28.548,14.463,12.338,0.1434,0.3222,0.302,59.441,10.313,0.02148,0.04688,13.787,0.4475,0.2699,0.2399,-2.807,-1.358,-1.207,0.03357,1.363,2.346,0.5718,0.7102,0.0008855,83.143,4.052,4.078,0.0003453,5.134e-05,
C:\Users\sblee\Downloads\Aesthetics-Toolbox-main\split_1\2ee96749_94b3_4b3e_8139_e798b50c2fb6.jpg,1024,1.0,28.753,7.338,9.408,151.602,6.29,115.357,120.997,96.482,48.564,-5.78,12.669,0.2083,0.3357,0.4953,72.663,74.273,80.507,28.753,12.069,15.258,0.178,0.2777,0.2818,63.181,4.454,0.01367,-0.01758,8.044,0.4978,0.3559,0.3497,-3.352,-1.702,-1.547,0.05292,1.374,2.461,0.6172,0.7791,0.0006889,88.163,3.744,4.062,0.0002588,2.041e-05,
C:\Users\sblee\Downloads\Aesthetics-Toolbox-main\split_1\2f169922_d2a8_4d1d_a712_e4009ccf7ea3.jpg,1280,0.6667,27.666,7.032,8.318,122.792,3.848,102.745,106.487,114.909,43.506,0.6544,-5.475,0.624,0.1545,0.4509,71.877,70.516,67.304,27.666,0.8856,4.588,0.07179,0.134,0.2644,52.248,4.239,-0.01562,0.01432,10.743,0.4397,0.3461,0.3287,-2.73,-1.587,-1.266,0.006198,1.256,2.437,0.6061,0.7745,0.0007089,94.234,4.496,4.364,0.0002701,2.869e-05,
C:\Users\sblee\Downloads\Aesthetics-Toolbox-main\split_1\2f296013_f6d7_4b86_aa05_6b28d92bb6ce.jpg,1024,1.0,30.073,7.556,6.739,94.902,6.944,145.043,80.295,109.401,45.559,31.042,-1.271,0.9188,0.7272,0.6288,77.555,94.585,79.125,30.073,28.494,34.717,0.1825,0.3489,0.262,45.804,20.44,-0.04492,-0.0918,16.794,0.2403,0.2959,0.1858,-3.09,-1.504,-1.459,0.01379,1.2,2.404,0.4217,0.6932,0.0008219,90.377,4.502,4.333,0.0005196,3.868e-05,
C:\Users\sblee\Downloads\Aesthetics-Toolbox-main\split_1\2f311b99_3b64_4a0c_b559_c5f041acd4bb.jpg,1024,1.0,25.479,7.556,7.894,82.111,6.162,124.942,107.932,89.146,45.728,4.624,12.879,0.1103,0.3668,0.5037,66.662,63.534,56.514,25.479,7.873,13.531,0.1804,0.2644,0.2583,31.365,20.312,0.0,-0.1016,11.6,0.4934,0.2877,0.2828,-2.839,-1.449,-1.253,0.04754,1.327,2.521,0.4644,0.7602,0.0004832,90.899,4.522,4.479,0.0002099,2.388e-05,
C:\Users\sblee\Downloads\Aesthetics-Toolbox-main\split_1\2f3e30b2_d76a_4627_927d_f8ce1c41d708.jpg,1152,1.25,24.437,7.302,6.69,109.312,5.959,113.144,98.455,82.784,41.888,4.431,10.127,0.04565,0.3004,0.4604,71.43,61.068,53.768,24.437,8.273,19.784,0.2102,0.2365,0.264,56.682,2.948,-0.0125,0.007812,10.935,0.4101,0.3026,0.2775,-3.226,-1.544,-1.656,0.003602,1.33,2.376,0.5539,0.74,0.000744,94.762,4.24,4.266,0.0002076,2.548e-05,
C:\Users\sblee\Downloads\Aesthetics-Toolbox-main\split_1\2f5295d0_646b_4546_95de_78f0b932a1b4.jpg,1280,0.6667,21.704,7.597,7.251,69.755,6.645,99.614,96.9,71.895,40.042,-2.115,14.991,0.1755,0.3845,0.4244,45.899,57.268,48.62,21.704,11.533,10.679,0.1289,0.1855,0.2057,43.46,11.626,-0.01562,0.05599,14.024,0.4992,0.4146,0.412,-2.602,-1.295,-1.227,0.002641,1.394,2.528,0.7406,0.8136,0.0002601,89.97,4.467,4.445,0.0001283,1.633e-05,
C:\Users\sblee\Downloads\Aesthetics-Toolbox-main\split_1\2f9161b7_c313_4cf7_a768_b4a40f5c60c0.png,1216,1.375,13.342,6.42,4.478,57.391,4.828,130.103,95.932,97.144,43.86,14.193,4.74,0.9906,0.3063,0.5103,33.177,31.645,27.279,13.342,2.103,4.047,0.03543,0.1313,0.1301,3.772,1.953,0.0,0.009766,10.08,0.4916,0.3773,0.3741,-3.151,-1.835,-1.654,0.08136,1.36,2.459,0.6706,0.7616,0.0004438,99.362,4.329,4.414,0.0001849,9.105e-06,
C:\Users\sblee\Downloads\Aesthetics-Toolbox-main\split_1\2f9dfc5f_ea8f_4330_8e61_02511d00b459.jpg,1024,1.0,22.498,6.6,11.675,101.848,2.739,73.066,68.794,67.789,28.585,1.554,1.305,0.01221,0.129,0.2868,53.486,52.802,51.458,22.498,4.35,2.689,0.08677,0.1823,0.2097,44.334,13.694,-0.06836,0.003906,12.772,0.4186,0.4398,0.3686,-2.416,-1.185,-1.137,0.01644,1.53,2.52,0.6368,0.7754,0.0004508,92.722,4.31,4.366,0.000183,2.337e-05,
C:\Users\sblee\Downloads\Aesthetics-Toolbox-main\split_1\2faa85cb_5b89_453e_ae51_de0fc84ad61c.jpg,1024,1.0,23.5,7.75,3.542,49.699,4.768,119.788,110.186,101.238,46.136,2.881,6.751,0.076,0.3251,0.4988,56.736,57.345,63.804,23.5,2.274,12.348,0.175,0.1778,0.2418,24.654,8.673,0.04297,-0.005859,11.307,0.3398,0.3072,0.3004,-3.231,-1.491,-1.564,0.006008,0.9777,2.312,0.578,0.6587,0.0007176,97.624,3.992,4.015,0.0003421,2.902e-05,
C:\Users\sblee\Downloads\Aesthetics-Toolbox-main\split_1\2fb2d442_c939_43b9_bf31_06c20f7dcb8c.jpg,1280,0.6667,29.87,7.864,15.675,185.412,5.568,109.688,98.452,81.679,40.766,1.992,10.589,0.06057,0.3485,0.4315,75.949,73.844,68.204,29.87,5.744,13.47,0.08159,0.2481,0.2982,37.32,7.592,0.003906,0.03776,10.551,0.5282,0.4717,0.4741,-2.801,-1.303,-1.336,0.01279,1.509,2.572,0.6296,0.8228,0.0004369,98.166,4.473,4.465,0.0001693,2.016e-05,
C:\Users\sblee\Downloads\Aesthetics-Toolbox-main\split_1\2fc867ef_b149_4077_b3e4_99d3da2ad55a.jpg,1024,1.0,26.443,7.853,15.774,184.894,7.889,87.542,105.51,99.532,46.38,0.8822,3.44,0.8032,0.7097,0.6048,73.031,84.37,62.502,26.443,41.648,41.051,0.4639,0.2738,0.2635,39.957,1.747,0.003906,0.007812,5.007,0.6712,0.4945,0.4872,-2.824,-1.365,-1.393,0.01247,1.561,2.635,0.688,0.8007,0.0003749,95.92,4.499,4.445,0.0001671,1.835e-05,
C:\Users\sblee\Downloads\Aesthetics-Toolbox-main\split_1\3002ab0d_9533_419c_89a8_9dd4a13eee2e.jpg,1344,0.6154,17.442,7.245,6.128,71.443,6.188,129.078,61.961,72.657,35.345,30.278,7.662,0.9658,0.626,0.5145,48.253,45.885,44.409,17.442,13.209,18.765,0.08593,0.128,0.1902,75.674,3.287,-0.009766,-0.01322,15.026,0.5081,0.373,0.3499,-2.562,-1.36,-1.264,0.002082,1.318,2.439,0.526,0.7537,0.0009536,84.944,4.393,4.446,0.0006039,2.513e-05,
C:\Users\sblee\Downloads\Aesthetics-Toolbox-main\split_1\300603de_ceaf_4294_a00a_c7e3701eefa3.jpg,1280,1.5,19.968,7.476,3.033,32.808,4.449,119.733,92.85,101.602,41.614,12.607,-0.8553,0.9283,0.2434,0.4696,55.002,48.071,45.323,19.968,6.185,5.899,0.03938,0.09536,0.2157,40.324,19.254,0.01042,0.0957,19.529,0.4872,0.2853,0.2916,-2.642,-1.345,-1.262,0.005578,1.219,2.429,0.4731,0.7166,0.0007,86.128,4.208,4.229,0.0002854,2.29e-05,
C:\Users\sblee\Downloads\Aesthetics-Toolbox-main\split_1\3008f1ca_e85a_4296_a783_0027cce8fd7d.jpg,1280,0.6667,14.071,6.513,5.659,69.668,3.479,106.594,111.614,109.14,46.424,-1.68,0.875,0.9913,0.07912,0.4473,36.76,37.445,34.434,14.071,9.534,7.46,0.1785,0.1893,0.1472,82.364,1.302,0.003906,-0.005208,11.925,0.4893,0.3092,0.3315,-2.529,-1.306,-1.225,0.003436,1.413,2.379,0.5176,0.8056,0.00112,87.251,4.347,4.485,0.000426,2.443e-05,
C:\Users\sblee\Downloads\Aesthetics-Toolbox-main\split_1\301ffb68_ff1a_4f0d_8e5a_b4deb9b0c625.jpg,1024,1.0,24.909,7.859,15.482,163.541,1.618,123.288,122.722,123.329,50.391,0.3554,-0.2613,0.9471,0.01923,0.4847,61.442,61.885,61.612,24.909,0.5092,0.475,0.109,0.0571,0.2409,23.159,5.593,-0.01172,-0.02539,4.713,0.4669,0.4077,0.4237,-2.668,-1.333,-1.195,0.02683,1.562,2.611,0.6076,0.8146,0.0005098,99.497,4.424,4.454,0.0002181,1.842e-05,
C:\Users\sblee\Downloads\Aesthetics-Toolbox-main\split_1\30236a41_40ee_4ce5_914f_80647134493a.jpg,1536,2.0,12.983,6.844,7.37,58.488,5.092,126.216,97.08,62.327,44.073,7.378,24.472,0.09824,0.5021,0.5117,43.692,37.112,35.455,12.983,20.408,14.698,0.05313,0.2299,0.1627,64.111,2.657,-0.0127,0.003906,18.582,0.3655,0.2832,0.2114,-2.239,-1.111,-1.058,0.008224,1.476,2.593,0.4295,0.7338,0.0005661,95.095,4.22,4.44,0.0004598,2.821e-05,
C:\Users\sblee\Downloads\Aesthetics-Toolbox-main\split_1\3025ebd1_b8b4_4fae_8f2a_41151c4fcf85.jpg,1024,1.0,20.921,7.598,9.945,100.904,6.983,97.818,106.439,83.88,42.967,-6.929,11.66,0.2385,0.3364,0.4363,50.752,53.36,55.453,20.921,7.261,13.656,0.178,0.1945,0.2131,43.087,2.844,0.01367,-0.003906,4.944,0.4811,0.486,0.4446,-2.632,-1.259,-1.266,0.009838,1.455,2.52,0.7656,0.839,0.0003461,99.018,4.199,4.422,0.0001312,1.427e-05,
C:\Users\sblee\Downloads\Aesthetics-Toolbox-main\split_1\302602e9_f3e2_4381_a233_25a9adb899de.jpg,1280,1.5,27.972,7.832,14.274,91.202,6.8,82.941,106.459,100.746,42.005,-6.024,0.6769,0.4169,0.5079,0.4696,59.576,73.529,78.571,27.972,9.624,20.959,0.242,0.267,0.2765,47.532,20.978,-0.01693,0.1035,22.925,0.4792,0.4256,0.4036,-2.003,-1.052,-0.9027,0.01455,1.483,2.62,0.6652,0.7637,0.0005418,90.749,4.554,4.434,0.0001492,2.249e-05,
C:\Users\sblee\Downloads\Aesthetics-Toolbox-main\split_1\303f1eb1_1320_4cb0_9334_0e2708a93c48.png,1024,1.0,24.732,7.292,10.137,119.563,6.88,156.206,100.319,117.658,52.797,19.433,4.148,0.003391,0.4775,0.6456,78.67,81.972,65.018,24.732,39.401,26.828,0.1663,0.3876,0.2983,34.939,6.501,0.02734,0.01758,5.519,0.5404,0.419,0.431,-3.081,-1.594,-1.373,0.06651,1.42,2.489,0.6406,0.7288,0.0006997,97.445,4.308,4.382,0.0002027,3.275e-05,
C:\Users\sblee\Downloads\Aesthetics-Toolbox-main\split_1\304f1d1e_64bc_4767_8db9_c4a321c53e96.jpg,1024,1.0,16.489,7.306,7.37,75.473,7.07,136.862,94.271,110.814,45.268,21.878,-2.165,0.8827,0.4607,0.5941,53.197,43.763,38.651,16.489,13.645,24.848,0.1735,0.1475,0.1688,42.086,4.419,0.01562,-0.01562,5.393,0.5649,0.4348,0.4084,-3.056,-1.45,-1.458,0.01776,1.48,2.5,0.7245,0.7747,0.0003276,94.714,4.284,4.352,0.0001749,1.388e-05,
C:\Users\sblee\Downloads\Aesthetics-Toolbox-main\split_1\305fd207_63f1_43b3_93cb_efb814e759f1.png,1664,1.0,25.149,7.804,9.415,145.288,5.942,118.542,128.105,125.501,51.94,-2.334,0.7659,0.2243,0.3082,0.5685,62.925,63.453,74.632,25.149,7.093,19.073,0.3156,0.195,0.274,26.553,4.867,0.02284,-0.008413,2.956,0.4747,0.4383,0.4422,-2.928,-1.411,-1.449,0.004433,1.424,2.558,0.6623,0.821,0.0005499,98.878,4.35,4.453,0.0002493,1.96e-05,
C:\Users\sblee\Downloads\Aesthetics-Toolbox-main\split_1\30646c8d_0ea1_4acb_842a_52aec97e3ead.jpg,1280,1.5,17.401,7.135,6.825,66.785,5.17,98.318,60.329,60.676,29.87,17.263,8.002,0.9768,0.4623,0.3918,41.494,44.799,48.548,17.401,10.601,10.323,0.1,0.2124,0.1692,73.105,12.5,0.0,0.0625,20.112,0.5356,0.358,0.3461,-2.345,-1.257,-1.206,0.002357,1.52,2.431,0.5725,0.7931,0.0005576,83.735,4.378,4.372,0.0001934,2.4e-05,
C:\Users\sblee\Downloads\Aesthetics-Toolbox-main\split_1\306e6918_fc38_4637_8670_d7f8e981dde0.jpg,1024,1.0,20.035,7.272,18.406,114.648,5.153,107.502,106.064,106.756,44.227,0.7674,-0.1831,0.8792,0.06362,0.431,51.261,51.506,51.452,20.035,1.446,2.611,0.2713,0.05731,0.2001,77.53,1.747,-0.007812,-0.003906,1.761,0.5378,0.6345,0.4845,-2.345,-0.7925,-1.245,0.06051,1.801,2.717,0.7269,0.7356,0.0005529,91.962,2.231,1.614,0.0001752,3.122e-05,
C:\Users\sblee\Downloads\Aesthetics-Toolbox-main\split_1\3071d032_c04d_454b_977f_948fe5b12918.png,1088,0.8889,26.343,7.79,5.038,66.245,6.658,133.636,122.436,93.994,50.681,0.4375,16.857,0.1352,0.3391,0.5359,65.566,69.06,50.694,26.343,9.479,12.297,0.1401,0.1921,0.2542,45.372,14.463,-0.02539,0.06771,9.455,0.33,0.3378,0.3033,-2.89,-1.496,-1.394,0.009038,1.147,2.351,0.6607,0.7857,0.0005343,87.805,4.5,4.391,0.0002242,2.631e-05,
C:\Users\sblee\Downloads\Aesthetics-Toolbox-main\split_1\30878345_ce6b_4d42_ba7e_4d323f1b80de.jpg,1152,1.25,23.453,7.682,3.142,45.222,6.042,131.153,87.099,69.597,40.842,16.262,16.597,0.9843,0.4605,0.5312,83.555,51.92,24.972,23.453,16.268,21.4,0.1886,0.1943,0.3095,46.638,21.889,0.0625,0.08984,20.685,0.2657,0.3577,0.2163,-3.335,-1.462,-1.558,0.03593,1.17,2.289,0.3919,0.6091,0.000878,86.972,4.416,4.288,0.0005389,3.679e-05,
C:\Users\sblee\Downloads\Aesthetics-Toolbox-main\split_1\308b5d84_48a5_490e_bd72_f8a0a25fbbdc.jpg,1024,1.0,19.442,7.632,13.795,120.634,7.801,103.922,123.766,124.973,51.889,-3.082,-0.9175,0.4938,0.4952,0.606,54.94,61.859,44.149,19.442,33.029,25.463,0.2941,0.2359,0.1926,23.854,5.552,0.02148,0.01758,4.064,0.4618,0.4603,0.4287,-2.52,-1.219,-1.182,0.02244,1.628,2.612,0.713,0.8388,0.0004114,98.62,4.472,4.456,0.0001666,1.72e-05,
C:\Users\sblee\Downloads\Aesthetics-Toolbox-main\split_1\308c6a7d_d08a_448e_a702_be2d99d553b9.jpg,1024,1.0,17.557,7.485,4.663,55.506,7.557,149.259,120.618,162.856,55.749,21.157,-16.8089,0.7856,0.478,0.7341,57.381,51.383,63.879,17.557,26.506,31.301,0.2068,0.1662,0.2102,34.342,10.944,0.001953,-0.05469,6.756,0.5615,0.3102,0.3002,-3.053,-1.614,-1.39,0.04861,1.205,2.379,0.478,0.611,0.0005885,95.291,4.521,4.466,0.0003671,1.944e-05,
C:\Users\sblee\Downloads\Aesthetics-Toolbox-main\split_1\308c9d2c_4305_41c6_aceb_75c586c70316.jpg,1024,1.0,23.74,6.862,5.284,64.762,4.527,128.997,84.817,67.403,40.383,16.646,19.196,0.05144,0.5109,0.506,54.102,67.415,50.568,23.74,15.155,7.316,0.05288,0.2201,0.212,50.445,11.568,-0.01172,-0.05664,12.48,0.4607,0.3496,0.3431,-3.126,-1.595,-1.427,0.03303,1.263,2.464,0.5597,0.7189,0.0004293,84.756,4.512,4.38,0.0004165,2.194e-05,
C:\Users\sblee\Downloads\Aesthetics-Toolbox-main\split_1\308e7b1d_73ff_4625_bcb9_064e2cbaae57.jpg,1984,0.7222,17.513,7.417,11.288,80.814,6.714,117.452,96.56,95.858,43.09,11.451,3.411,0.9407,0.4496,0.5361,59.076,43.95,36.096,17.513,7.902,25.594,0.2197,0.188,0.1804,50.536,9.892,-0.03606,0.03385,10.648,0.5383,0.6049,0.5285,-2.249,-0.9824,-0.8925,0.008888,1.689,2.67,0.7953,0.8509,0.0001948,94.913,4.56,4.543,0.0001028,1.152e-05,
C:\Users\sblee\Downloads\Aesthetics-Toolbox-main\split_1\30974c49_256b_4376_8156_95b6df8d9868.jpg,1536,2.0,23.475,7.705,3.672,55.217,6.422,125.787,106.977,116.968,47.182,10.167,-1.089,0.7514,0.2874,0.5288,49.566,66.317,61.579,23.475,16.639,9.064,0.2141,0.2365,0.2114,34.26,18.775,0.004883,0.09375,24.217,0.4506,0.4036,0.354,-3.128,-1.429,-1.417,0.01787,1.174,2.352,0.8029,0.7615,0.0003624,93.171,4.438,4.345,0.0002548,1.748e-05,
C:\Users\sblee\Downloads\Aesthetics-Toolbox-main\split_1\30988b3f_564d_4e81_abd2_f959bdea0724.jpg,1024,1.0,4.594,4.423,4.196,27.866,3.868,121.057,60.146,109.463,34.922,33.492,-16.7552,0.863,0.5,0.4749,16.821,11.386,11.813,4.594,6.185,2.836,0.01525,0.07376,0.06573,96.062,0.3906,-0.001953,0.0,0.08518,0.5417,0.6086,0.5378,-1.721,-0.8633,-0.8341,0.04393,1.723,2.133,0.8791,0.8678,0.0001359,97.623,4.56,4.572,0.0001997,8.004e-06,
C:\Users\sblee\Downloads\Aesthetics-Toolbox-main\split_1\30ab2ec0_03dd_462b_9048_418cd6125405.jpg,1152,1.25,13.949,7.21,0.9341,20.303,6.265,105.235,92.948,79.782,40.2,4.381,9.794,0.07621,0.4091,0.449,28.21,37.488,45.213,13.949,6.489,16.788,0.2287,0.1787,0.1267,60.15,2.688,-0.01094,0.007812,10.103,0.5442,0.206,0.1978,-3.048,-1.596,-1.455,0.02609,0.8365,2.021,0.5435,0.6149,0.001126,79.371,3.617,2.896,0.0006878,9.37e-06,
C:\Users\sblee\Downloads\Aesthetics-Toolbox-main\split_1\30dbe304_ce78_42cb_8714_bc1fcf9a1bf0.jpg,1216,0.5833,17.945,7.397,12.202,129.577,6.629,116.889,132.093,98.482,53.521,-8.921,16.723,0.2095,0.4363,0.5835,59.201,47.591,54.951,17.945,19.954,22.601,0.1743,0.2466,0.2066,55.561,1.376,0.002232,0.00651,13.53,0.4896,0.4467,0.4407,-2.365,-1.247,-1.065,0.003716,1.684,2.522,0.7863,0.8281,0.0003467,97.889,4.496,4.528,0.000174,1.672e-05,
C:\Users\sblee\Downloads\Aesthetics-Toolbox-main\split_1\30df1e99_1b5a_4681_8d9d_20e1076c83a2.jpg,1024,1.0,19.285,7.321,10.939,75.861,6.537,59.491,60.184,22.397,24.056,-5.625,20.35,0.1678,0.6935,0.2692,49.122,46.899,23.273,19.285,11.308,17.711,0.132,0.2164,0.1937,45.847,4.078,-0.005859,-0.01953,5.744,0.4413,0.3845,0.3754,-2.283,-1.076,-1.057,0.01748,1.582,2.592,0.6524,0.808,0.0003892,97.901,4.213,4.358,0.0001245,2.221e-05,
C:\Users\sblee\Downloads\Aesthetics-Toolbox-main\split_1\30e82647_eea3_4ab9_a269_e0b9b57ada58.jpg,1280,1.5,20.967,7.397,9.082,88.717,3.672,112.603,87.295,65.529,38.384,7.25,16.42,0.07322,0.4827,0.4417,56.297,50.754,46.714,20.967,2.908,6.221,0.04109,0.1833,0.2205,41.758,5.475,0.001302,0.02734,15.455,0.4016,0.3956,0.4484,-2.826,-1.056,-1.211,0.04569,1.407,2.608,0.5089,0.8129,0.0008216,97.147,4.447,4.446,0.0005033,2.19e-05,
C:\Users\sblee\Downloads\Aesthetics-Toolbox-main\split_1\30f515a4_70c2_47f3_b0fe_ef3473ea2f73.jpg,1216,1.375,18.607,7.52,10.581,104.251,4.969,101.738,77.86,52.574,34.334,6.698,18.524,0.08642,0.5372,0.3994,46.472,45.447,36.581,18.607,6.269,6.503,0.03958,0.1743,0.1818,32.181,3.468,0.01278,-0.01172,10.875,0.5265,0.4482,0.4391,-2.503,-1.443,-1.141,0.00885,1.544,2.592,0.6432,0.8187,0.0004444,98.818,4.438,4.488,0.0001519,1.649e-05,
C:\Users\sblee\Downloads\Aesthetics-Toolbox-main\split_1\30fa26b0_aae5_4d19_bdef_bebebd349619.jpg,1088,1.125,23.519,7.754,6.363,81.755,6.081,103.346,89.114,78.071,37.989,4.672,8.741,0.08607,0.3481,0.4168,56.068,59.425,56.696,23.519,6.897,8.982,0.162,0.2234,0.226,37.762,17.018,0.05556,0.06445,15.247,0.4207,0.3183,0.3254,-2.996,-1.44,-1.437,0.005439,1.264,2.387,0.6507,0.7755,0.0004876,94.874,4.43,4.437,0.0002045,2.22e-05,
C:\Users\sblee\Downloads\Aesthetics-Toolbox-main\split_1\30fbb78f_dd47_47d0_837b_67ced8d8900c.png,1024,1.0,28.15,7.552,6.434,105.783,5.518,126.787,75.454,61.111,37.118,19.792,17.96,0.02851,0.5991,0.4999,75.213,71.221,57.312,28.15,13.942,11.435,0.05957,0.2856,0.2986,40.944,12.506,-0.06055,-0.01562,13.692,0.3431,0.4039,0.2992,-3.627,-1.912,-1.662,0.047,1.263,2.362,0.5909,0.6464,0.0009872,96.145,3.705,3.986,0.0003008,2.559e-05,
C:\Users\sblee\Downloads\Aesthetics-Toolbox-main\split_1\3102c421_b8e5_485d_9971_f5f621ffe468_1700154819395_39.png,1024,1.0,21.894,7.7,5.597,80.443,6.776,103.338,100.665,75.2,41.657,-2.686,15.365,0.1699,0.4138,0.4458,55.986,55.539,58.418,21.894,12.57,12.907,0.1405,0.1712,0.2356,54.063,8.414,0.03906,0.01562,7.254,0.1253,0.3618,0.1072,-3.107,-1.467,-1.469,0.007666,1.254,2.391,0.2922,0.5672,0.0007224,89.996,4.44,4.346,0.0003779,2.904e-05,
C:\Users\sblee\Downloads\Aesthetics-Toolbox-main\split_1\3102c547_1cc4_40e2_8411_719d7427922b.png,1024,1.0,19.952,7.116,4.156,49.195,6.205,117.97,107.752,98.015,45.508,2.835,6.728,0.004158,0.1887,0.4647,50.841,51.491,48.137,19.952,2.834,10.777,0.1531,0.1858,0.199,54.624,4.972,-0.01758,-0.01758,10.337,0.4588,0.3193,0.2965,-3.114,-1.489,-1.568,0.004358,1.321,2.397,0.5875,0.7382,0.0004068,86.204,4.556,4.35,0.0002067,2.416e-05,
C:\Users\sblee\Downloads\Aesthetics-Toolbox-main\split_1\31176c30_a261_4786_814a_439c865772e3.jpg,1024,1.0,35.189,7.514,17.996,177.015,7.004,151.362,126.658,118.708,54.729,9.619,9.898,0.984,0.4518,0.6316,90.245,96.76,95.347,35.189,22.452,20.807,0.4104,0.3618,0.332,40.025,1.992,-0.001953,0.009766,6.188,0.5954,0.5353,0.4962,-2.5,-1.299,-1.097,0.05402,1.509,2.676,0.7241,0.8599,0.0004101,96.614,4.551,4.544,0.0002809,1.783e-05,
C:\Users\sblee\Downloads\Aesthetics-Toolbox-main\split_1\31177a75_ca73_4306_a983_139ffa827f17.jpg,1024,1.0,21.67,7.438,7.334,117.839,6.473,98.523,97.493,90.908,40.915,0.9889,4.277,0.3592,0.3595,0.4516,54.417,55.88,62.263,21.67,12.135,17.454,0.2727,0.2431,0.2374,71.578,1.562,0.0,-0.007812,2.955,0.4632,0.3986,0.3657,-3.881,-2.108,-1.753,0.07301,1.427,2.389,0.6817,0.7907,0.0005307,89.859,4.493,4.492,0.0002126,1.833e-05,
C:\Users\sblee\Downloads\Aesthetics-Toolbox-main\split_1\311dfd88_ce3b_4c72_af90_b3686ca164b9.jpg,1280,1.5,28.146,7.282,10.258,142.679,5.515,126.252,110.93,98.741,47.097,3.976,9.413,0.08388,0.2687,0.4956,71.514,73.405,61.518,28.146,12.735,7.744,0.07657,0.2689,0.2803,40.406,6.432,-0.02995,0.01172,16.345,0.2956,0.3518,0.2933,-2.576,-1.557,-1.397,0.01834,1.393,2.501,0.5822,0.7775,0.0007465,94.844,3.51,4.101,0.0002491,2.807e-05,
C:\Users\sblee\Downloads\Aesthetics-Toolbox-main\split_1\3125ef1c_5e10_4871_b677_93ffd1a5e247.jpg,1024,1.0,24.234,7.722,7.003,75.32,5.591,104.518,97.564,67.181,40.2,-1.635,17.861,0.1355,0.4596,0.4192,54.154,62.117,51.343,24.234,7.896,8.156,0.05657,0.2241,0.2272,47.067,22.197,-0.05273,0.09766,17.473,0.3785,0.3118,0.2403,-2.695,-1.388,-1.219,0.06757,1.412,2.526,0.4994,0.7749,0.0004804,88.088,3.762,4.055,0.0001851,2.498e-05,
C:\Users\sblee\Downloads\Aesthetics-Toolbox-main\split_1\312b57ef_942f_4479_8cda_0d1499dadecd.jpg,2048,1.0,17.022,7.438,6.723,82.722,4.591,134.414,123.729,119.095,52.19,3.344,4.103,0.05358,0.1316,0.5272,42.029,43.144,43.508,17.022,2.54,2.079,0.04483,0.07929,0.1648,29.565,4.98,-0.004883,0.02441,3.683,0.4405,0.4487,0.4359,-2.807,-1.36,-1.204,0.02083,1.534,2.527,0.7039,0.8282,0.0002311,97.109,4.497,4.506,0.000197,1.884e-05,
C:\Users\sblee\Downloads\Aesthetics-Toolbox-main\split_1\3134a010_95ea_4952_87df_9105d3b1ab2d.jpg,1024,1.0,13.065,6.496,12.311,145.243,5.49,170.517,171.293,170.901,69.798,-0.3558,0.1499,0.3533,0.04328,0.6844,36.758,35.521,36.745,13.065,4.268,2.661,0.2529,0.03265,0.1408,61.366,1.562,0.0,-0.007812,1.73,0.5329,0.569,0.5099,-1.985,-1.108,-0.7459,0.1754,1.631,2.659,0.716,0.8968,0.0009458,99.791,3.076,3.51,0.0001997,5.784e-06,
C:\Users\sblee\Downloads\Aesthetics-Toolbox-main\split_1\3134cc62_7d2b_4627_b8d2_5ff6a5ae8f2f.jpg,1024,1.0,31.692,7.788,7.918,117.806,4.731,130.491,128.133,126.087,51.903,0.6216,1.074,0.05786,0.1106,0.5216,81.046,79.146,74.023,31.692,1.512,4.376,0.2256,0.09831,0.308,26.874,1.747,-0.003906,-0.007812,5.328,0.4654,0.3329,0.3163,-3.129,-1.673,-1.386,0.07495,1.24,2.38,0.6309,0.7816,0.0008273,98.635,4.419,4.35,0.0002999,2.71e-05,
C:\Users\sblee\Downloads\Aesthetics-Toolbox-main\split_1\31353bfe_6301_421e_a1e9_2e4bad3a0500.jpg,1280,0.6667,25.292,7.75,9.711,88.151,5.677,103.881,98.826,100.417,41.079,2.769,0.08217,0.9072,0.1548,0.4216,58.0,63.557,64.677,25.292,3.091,3.963,0.2317,0.1196,0.2378,38.705,25.698,0.1211,0.04297,15.537,0.4748,0.4778,0.4063,-2.337,-1.223,-1.132,0.001713,1.428,2.519,0.7266,0.8308,0.0002132,90.275,4.482,4.494,0.0001316,1.335e-05,
C:\Users\sblee\Downloads\Aesthetics-Toolbox-main\split_1\31429da7_7b91_4b20_a270_81ff434a2db9.jpg,1280,1.5,22.477,7.675,7.2,63.159,6.88,113.183,83.911,83.385,38.62,14.095,6.129,0.9343,0.479,0.4847,52.963,60.206,56.389,22.477,13.846,17.911,0.2057,0.2265,0.2196,32.333,11.015,0.00651,0.05469,21.297,0.3101,0.2666,0.3067,-2.209,-1.077,-1.074,0.004707,1.465,2.595,0.4803,0.7429,0.0004237,93.075,3.94,4.187,0.0002195,2.614e-05,
C:\Users\sblee\Downloads\Aesthetics-Toolbox-main\split_1\3149ba67_5352_47fc_8a5d_0a3076601918.jpg,1216,0.7273,19.15,7.558,13.287,98.432,4.852,123.07,81.131,41.776,37.894,14.071,28.048,0.06477,0.6928,0.4829,52.851,45.198,45.723,19.15,5.798,16.894,0.05799,0.2591,0.2066,24.45,3.176,-0.01562,0.002841,9.115,0.6517,0.479,0.471,-2.121,-1.078,-0.9966,0.008876,1.678,2.625,0.6866,0.8387,0.0003126,99.185,4.547,4.486,0.0001626,1.651e-05,
C:\Users\sblee\Downloads\Aesthetics-Toolbox-main\split_1\3151ac1d_56f6_4d90_a5b4_199d5101fd31.jpg,1152,0.8,14.74,7.513,1.403,31.986,6.441,128.329,90.875,95.773,42.696,16.877,3.659,0.9614,0.3784,0.5261,44.61,37.516,33.407,14.74,10.47,15.617,0.1335,0.16,0.1531,32.066,3.424,-0.009766,0.01406,7.718,0.5083,0.4105,0.4019,-3.103,-1.557,-1.446,0.07603,0.8356,2.038,0.5886,0.7139,0.001109,96.862,4.128,2.697,0.0006545,1.221e-05,
C:\Users\sblee\Downloads\Aesthetics-Toolbox-main\split_1\3155dbd0_8a1e_4057_9930_9a4799aba7d7.jpg,1216,0.7273,42.585,6.478,24.334,205.537,2.703,127.657,127.658,128.439,50.665,0.1426,-0.4156,0.9414,0.0951,0.5048,107.305,107.536,107.075,42.585,0.5365,1.021,0.1842,0.2278,0.4201,34.32,9.354,0.04297,-0.01847,14.808,0.6105,0.4859,0.4425,-2.445,-1.068,-1.212,0.03769,1.625,2.673,0.6417,0.7967,0.000606,98.878,4.325,4.31,0.0002185,2.776e-05,
C:\Users\sblee\Downloads\Aesthetics-Toolbox-main\split_1\31639d31_7b41_415e_b595_e0f3126c4598.jpg,1024,1.0,24.728,7.361,18.65,211.716,5.4,113.162,121.227,128.508,49.433,-1.263,-4.851,0.5858,0.2144,0.5092,57.785,60.585,62.707,24.728,2.196,4.482,0.1416,0.2289,0.2434,11.805,4.688,0.0,-0.02344,4.44,0.6768,0.6079,0.5956,-2.549,-1.333,-1.034,0.1466,1.518,2.565,0.645,0.8005,0.001162,96.205,2.493,3.178,0.000245,1.04e-05,
C:\Users\sblee\Downloads\Aesthetics-Toolbox-main\split_1\3164fbbd_8755_4488_a861_e836b0b5c53e.png,1024,1.0,29.236,7.488,13.508,190.935,6.169,119.057,105.552,51.519,43.842,-0.7484,28.836,0.09477,0.6165,0.4855,70.246,76.07,48.087,29.236,14.801,22.916,0.112,0.2658,0.2891,21.686,7.544,-0.01367,0.03516,7.705,0.5441,0.3942,0.3792,-3.325,-1.757,-1.505,0.05272,1.46,2.542,0.6231,0.8235,0.0003923,99.088,4.494,4.513,0.0001706,1.389e-05,
C:\Users\sblee\Downloads\Aesthetics-Toolbox-main\split_1\3165dd06_879a_4154_9d6f_d3b75267b293.jpg,1024,1.0,26.112,7.924,14.428,186.879,6.534,132.654,106.314,72.407,46.849,7.365,22.511,0.06624,0.566,0.5501,66.824,70.616,74.777,26.112,18.973,24.584,0.1971,0.3506,0.2684,33.988,7.861,0.01758,0.03516,4.68,0.563,0.4803,0.4617,-3.365,-1.864,-1.456,0.1031,1.503,2.558,0.6849,0.8586,0.0004132,99.046,4.503,4.5,0.0001514,1.715e-05,
C:\Users\sblee\Downloads\Aesthetics-Toolbox-main\split_1\317bcd01_2dd1_465e_a207_4b696c475c41.png,1216,0.7273,27.398,7.856,5.905,96.959,6.23,108.372,82.544,135.382,39.818,21.02,-23.3445,0.726,0.5564,0.5343,65.582,73.969,72.401,27.398,26.074,14.254,0.1223,0.2347,0.2852,42.686,9.002,0.04492,-0.002841,11.266,0.4542,0.3501,0.3264,-3.028,-1.668,-1.415,0.01487,1.256,2.338,0.4731,0.6436,0.0007861,97.607,4.451,4.319,0.0003445,2.433e-05,
C:\Users\sblee\Downloads\Aesthetics-Toolbox-main\split_1\318131c4_6230_4a03_adea_7c6944e9814c.jpg,1024,1.0,23.125,7.592,10.09,116.568,6.469,98.797,93.864,77.521,39.727,3.5,8.23,0.843,0.4387,0.4589,62.026,60.386,63.234,23.125,10.666,29.559,0.2857,0.344,0.2545,63.079,6.911,0.02539,-0.02344,8.638,0.2465,0.3135,0.2005,-2.845,-1.463,-1.291,0.05279,1.407,2.531,0.4374,0.7927,0.001016,90.049,4.415,4.465,0.0002942,3.137e-05,
C:\Users\sblee\Downloads\Aesthetics-Toolbox-main\split_1\31834785_3e16_41da_95a6_bad43774b1b6.jpg,1024,1.0,27.643,7.287,4.682,55.59,6.571,106.045,106.114,94.224,43.269,-1.62,6.266,0.3025,0.2715,0.4437,67.016,68.228,54.631,27.643,7.451,11.17,0.2722,0.2112,0.258,22.947,9.671,-0.0332,-0.03516,9.401,0.3204,0.3913,0.2818,-3.261,-1.687,-1.44,0.04592,1.119,2.396,0.5753,0.7185,0.0004959,90.086,4.416,4.338,0.0002522,2.448e-05,
C:\Users\sblee\Downloads\Aesthetics-Toolbox-main\split_1\3188d316_053b_4681_902d_8e10ae282054.jpg,1408,0.5714,22.026,6.229,6.474,87.363,5.312,158.332,114.529,108.96,54.199,18.759,13.334,0.04718,0.5636,0.7015,90.675,60.161,43.976,22.026,30.596,13.97,0.2186,0.2597,0.2481,72.318,2.521,-0.005859,-0.01116,14.89,0.4885,0.4055,0.3668,-2.831,-1.498,-1.335,0.01112,1.79,2.364,0.6826,0.7747,0.0007676,99.33,3.711,4.019,0.0003844,2.959e-05,
C:\Users\sblee\Downloads\Aesthetics-Toolbox-main\split_1\318bdb4f_abc5_45fc_8608_04d1f143932b.jpg,1024,1.0,18.977,7.047,5.66,62.125,6.062,132.599,97.547,76.884,44.338,12.424,16.442,0.0264,0.4855,0.529,35.172,57.004,15.699,18.977,16.895,19.94,0.096,0.06756,0.157,52.055,10.156,0.05078,0.0,6.288,0.364,0.3811,0.3356,-2.762,-1.376,-1.232,0.04774,1.344,2.44,0.4698,0.7032,0.0006015,93.136,4.472,4.449,0.0003528,2.848e-05,
C:\Users\sblee\Downloads\Aesthetics-Toolbox-main\split_1\3192670c_b578_4cfb_beba_0a5910b2cfa9.jpg,1536,2.0,24.566,7.782,6.976,93.509,5.924,115.798,100.672,70.911,42.355,1.658,18.764,0.1214,0.3982,0.4625,66.517,61.331,42.65,24.566,11.271,11.642,0.06943,0.135,0.2611,41.585,11.629,0.02832,-0.05078,21.921,0.3804,0.3727,0.3788,-2.631,-1.311,-1.319,0.003474,1.37,2.44,0.6795,0.8101,0.0004374,93.194,4.106,4.388,0.00016,1.946e-05,
C:\Users\sblee\Downloads\Aesthetics-Toolbox-main\split_1\319421e8_a594_405c_afd6_d2c1de88daea.png,1024,1.0,27.555,7.747,4.081,72.518,6.018,121.23,113.851,154.338,48.887,12.954,-21.1226,0.6987,0.3601,0.608,61.521,74.011,66.456,27.555,9.963,10.225,0.07984,0.1711,0.2602,42.624,9.504,-0.007812,0.04688,7.722,0.4669,0.4283,0.4025,-3.375,-1.688,-1.63,0.003281,1.063,2.282,0.5869,0.6612,0.0009727,91.923,4.477,4.247,0.0003777,2.39e-05,
C:\Users\sblee\Downloads\Aesthetics-Toolbox-main\split_1\31995d7a_ee4e_45cf_aca7_0bd49be6ebd6_1700156176342_43.png,1024,1.0,27.398,7.871,27.073,219.591,7.476,95.255,95.298,105.145,39.694,3.801,-5.29,0.7622,0.3517,0.4531,67.304,69.652,64.96,27.398,8.117,14.3,0.2375,0.2316,0.2689,40.583,7.91,0.01367,0.03711,3.84,0.576,0.5504,0.5354,-2.475,-1.366,-0.9661,0.1039,1.739,2.747,0.7627,0.847,0.0005139,98.93,3.796,4.271,0.0001317,1.042e-05,
C:\Users\sblee\Downloads\Aesthetics-Toolbox-main\split_1\319fba17_30c2_4807_839b_dbd65b1397d1.jpg,1216,0.7273,24.305,7.61,12.351,184.865,5.97,119.377,117.815,47.681,48.731,-7.053,35.874,0.2118,0.6709,0.5732,89.763,60.953,30.02,24.305,26.041,25.625,0.1535,0.166,0.2842,32.123,5.454,0.003906,-0.02699,13.929,0.4571,0.3939,0.3546,-2.538,-1.404,-1.444,0.07423,1.403,2.663,0.6217,0.7455,0.0009426,98.251,2.894,2.791,0.000233,3.222e-05,
C:\Users\sblee\Downloads\Aesthetics-Toolbox-main\split_1\31b35a54_328d_490c_be1d_82294db3a389.jpg,1600,0.7857,18.537,7.519,10.812,119.347,4.989,119.075,102.482,84.966,43.798,3.843,12.116,0.08394,0.2801,0.4685,49.685,44.565,36.969,18.537,3.215,7.284,0.07512,0.1126,0.1945,23.543,5.092,-0.009943,0.02344,7.907,0.462,0.4984,0.4548,-2.466,-1.429,-1.3,0.003843,1.531,2.586,0.8128,0.8349,0.000384,97.551,3.967,4.351,0.0001387,1.147e-05,
C:\Users\sblee\Downloads\Aesthetics-Toolbox-main\split_1\31c8b353_0bc7_4028_aab1_ea14aab2bc93.jpg,1024,1.0,24.424,7.701,6.808,110.008,6.298,123.52,120.382,83.011,50.11,-2.569,21.588,0.15,0.5636,0.5846,70.466,63.763,77.874,24.424,22.444,24.382,0.1896,0.2326,0.2685,42.819,1.611,-0.007812,-0.001953,4.124,0.3804,0.2766,0.2813,-3.461,-1.786,-1.606,0.04183,1.164,2.42,0.5141,0.728,0.0006766,96.411,4.49,4.316,0.0003003,2.428e-05,
C:\Users\sblee\Downloads\Aesthetics-Toolbox-main\split_1\31cece81_27f7_4fa6_a976_9c1b23105366.jpg,1280,0.6667,28.452,7.771,11.326,110.237,6.112,134.232,72.076,74.841,38.351,25.424,11.629,0.9648,0.5975,0.5285,77.787,74.704,65.195,28.452,19.204,18.847,0.08559,0.2743,0.3067,50.705,11.441,0.01172,-0.05599,23.202,0.5252,0.5286,0.4813,-2.739,-1.189,-1.422,0.03709,1.37,2.566,0.7728,0.7484,0.0004777,91.854,3.461,3.957,0.0002092,2.852e-05,
C:\Users\sblee\Downloads\Aesthetics-Toolbox-main\split_1\31de2f54_60ed_44f7_859d_20903745ce79.jpg,1024,1.0,25.09,7.651,8.16,92.241,6.323,113.865,95.255,83.909,41.631,8.222,10.131,0.03383,0.514,0.5042,63.342,64.055,66.006,25.09,12.472,21.315,0.2174,0.2664,0.2626,31.544,9.536,-0.03906,0.02734,10.858,0.4477,0.3596,0.3684,-2.745,-1.392,-1.264,0.0371,1.298,2.474,0.5592,0.771,0.0006177,95.124,4.311,4.452,0.0002485,2.93e-05,
C:\Users\sblee\Downloads\Aesthetics-Toolbox-main\split_1\31df75fe_699e_4e98_bea8_76d6f2946d26.png,1280,0.6667,19.167,7.614,7.271,48.173,6.656,104.71,110.814,101.092,45.285,-3.84,4.217,0.3605,0.1293,0.4443,43.272,50.236,36.48,19.167,5.727,7.734,0.2374,0.08796,0.1874,50.035,9.407,-0.003906,0.04688,11.975,0.6296,0.466,0.4549,-2.145,-1.034,-0.9813,0.008743,1.534,2.636,0.7006,0.7732,0.0002806,86.42,4.224,4.186,0.0001229,1.341e-05,
C:\Users\sblee\Downloads\Aesthetics-Toolbox-main\split_1\31e2cefb_8d29_4dc8_9654_a56ea9b00c98.jpg,1472,0.9167,21.197,7.713,13.034,125.53,6.107,117.105,90.892,83.411,40.278,9.823,8.237,0.02581,0.3519,0.4597,56.266,52.808,41.185,21.197,8.586,8.703,0.08183,0.1411,0.2208,38.481,6.994,0.01278,-0.03255,7.802,0.5532,0.5337,0.5267,-2.373,-1.297,-1.251,0.001044,1.564,2.559,0.7953,0.8585,0.0003794,96.345,4.45,4.484,0.000135,1.105e-05,
C:\Users\sblee\Downloads\Aesthetics-Toolbox-main\split_1\31e56d6b_ecb3_431a_9125_a9e04a964770.jpg,1536,1.0,20.334,7.668,7.969,58.91,6.698,97.638,82.35,88.165,36.049,8.313,-0.7381,0.8815,0.3462,0.4237,55.536,47.938,53.618,20.334,6.728,15.011,0.2016,0.1966,0.2244,40.312,10.397,-0.04818,0.01953,11.064,0.407,0.3921,0.4001,-2.231,-0.9814,-1.057,0.02164,1.411,2.573,0.6357,0.8254,0.0002953,92.849,4.426,4.455,0.0001946,1.872e-05,
C:\Users\sblee\Downloads\Aesthetics-Toolbox-main\split_1\31e96004_fcbd_40e5_922a_4a85ccb6abee.jpg,1408,1.75,23.442,7.788,6.193,68.096,6.087,114.808,129.735,133.601,52.241,-4.1,-4.281,0.5113,0.2186,0.5363,59.929,59.147,50.595,23.442,2.874,6.911,0.1188,0.1577,0.2122,28.819,3.125,0.0,-0.01562,15.768,0.5391,0.4873,0.4277,-2.532,-1.114,-1.153,0.005088,1.286,2.514,0.6382,0.7722,0.0004273,94.683,3.971,4.263,0.000196,1.627e-05,
C:\Users\sblee\Downloads\Aesthetics-Toolbox-main\split_1\32008c50_87df_425b_9a89_27fdb4826705.jpg,1216,0.7273,17.873,7.478,10.002,97.108,7.51,119.733,101.029,86.149,45.106,7.509,11.663,0.02919,0.4858,0.5559,72.133,44.573,34.056,17.873,23.508,25.683,0.3178,0.2096,0.229,37.312,1.473,0.001953,-0.007102,11.027,0.5196,0.4253,0.4275,-2.597,-1.129,-1.197,0.02335,1.526,2.452,0.6851,0.8236,0.0003721,98.183,4.476,4.502,0.0001647,2.215e-05,
C:\Users\sblee\Downloads\Aesthetics-Toolbox-main\split_1\3206330a_b76d_4cce_b993_bbcaf152f04b.jpg,1536,2.0,18.673,7.562,6.093,76.317,6.353,103.552,90.734,67.117,38.807,2.456,15.145,0.126,0.4048,0.4328,56.268,45.064,29.509,18.673,9.784,16.807,0.1785,0.1691,0.2121,48.379,4.555,-0.01172,-0.01953,19.37,0.511,0.4551,0.4266,-2.518,-1.255,-1.269,0.005446,1.411,2.503,0.6559,0.8259,0.0004285,90.017,3.877,4.274,0.0001387,1.515e-05,
C:\Users\sblee\Downloads\Aesthetics-Toolbox-main\split_1\3208723e_b3da_49b5_9bd1_4d7d81fade6b.png,1280,1.5,19.529,7.313,16.061,98.638,6.712,84.623,77.378,71.289,32.598,2.55,3.962,0.9489,0.2446,0.3424,45.7,49.246,32.188,19.529,5.958,11.495,0.1846,0.07897,0.1809,49.383,7.036,0.001302,0.03516,17.041,0.5028,0.4432,0.4217,-2.077,-1.005,-0.9348,0.009424,1.636,2.719,0.6989,0.8222,0.0004138,95.123,4.458,4.454,0.0001251,1.963e-05,
C:\Users\sblee\Downloads\Aesthetics-Toolbox-main\split_1\3209ce41_cfdb_47cf_93f1_3d9c3f01112e.jpg,1024,1.0,30.818,7.922,7.677,103.016,6.182,107.658,108.25,103.952,43.985,-0.3113,2.791,0.4365,0.3374,0.4672,73.298,77.696,84.219,30.818,7.4,10.674,0.2861,0.275,0.3076,36.883,16.016,0.0,0.08008,13.603,0.4104,0.319,0.3287,-3.225,-1.635,-1.46,0.04711,1.269,2.44,0.5317,0.7871,0.00049,94.428,4.47,4.461,0.0002517,2.024e-05,
C:\Users\sblee\Downloads\Aesthetics-Toolbox-main\split_1\320cbc5d_b4c1_4e9c_9a98_2d02961a3988.jpg,1024,1.0,20.721,7.627,15.773,112.109,6.52,108.081,107.822,83.298,44.312,-3.912,13.895,0.1528,0.3225,0.4502,53.371,52.133,54.808,20.721,10.575,12.775,0.1678,0.1821,0.2124,46.273,0.3906,-0.001953,0.0,6.285,0.6155,0.5119,0.5144,-2.487,-1.181,-1.078,0.03758,1.742,2.654,0.6936,0.7868,0.0002736,94.734,4.457,4.417,0.0001275,1.56e-05,
C:\Users\sblee\Downloads\Aesthetics-Toolbox-main\split_1\32179d42_dabb_4724_a0cb_bb59c712a590.jpg,1600,0.7857,15.205,7.342,8.145,87.548,5.366,116.375,89.294,71.468,39.95,8.474,14.853,0.08149,0.3848,0.458,46.319,34.744,33.821,15.205,10.141,7.231,0.0616,0.1602,0.181,20.875,8.136,-0.01136,-0.03906,12.431,0.5919,0.4585,0.4677,-2.547,-1.518,-1.288,0.003079,1.544,2.532,0.7129,0.8429,0.0002451,97.545,4.194,4.468,0.0001273,1.132e-05,
C:\Users\sblee\Downloads\Aesthetics-Toolbox-main\split_1\3217f1b4_2d50_4b4d_8353_3af34802a265.jpg,1024,1.0,44.075,5.688,24.028,306.999,2.665,133.495,133.173,133.675,52.791,0.2375,-0.2032,0.9603,0.05791,0.5272,111.839,111.977,111.729,44.075,2.366,1.419,0.1799,0.1884,0.439,26.651,5.859,-0.02344,0.01758,8.514,0.508,0.4839,0.5116,-2.798,-1.502,-1.208,0.07489,1.53,2.711,0.6943,0.83,0.0006218,97.548,4.455,4.502,0.0002525,1.632e-05,
C:\Users\sblee\Downloads\Aesthetics-Toolbox-main\split_1\32258722_4d9c_4f69_ae93_3c8164d1765f.jpg,1280,0.6667,18.344,5.307,2.741,50.359,4.192,132.516,120.53,112.336,51.132,4.253,7.049,0.2806,0.24,0.5336,36.948,49.129,53.281,18.344,8.471,8.928,0.2763,0.2328,0.1516,26.916,4.328,-0.005859,0.02083,12.254,0.6692,0.3569,0.3534,-3.255,-1.676,-1.55,0.003425,1.079,2.261,0.5535,0.7137,0.0009926,90.408,4.499,4.432,0.0006196,2.928e-05,
C:\Users\sblee\Downloads\Aesthetics-Toolbox-main\split_1\322ba167_21bf_46ba_884d_ed7825db409d.jpg,1024,1.0,24.34,7.691,3.621,59.877,6.431,100.779,101.157,59.352,41.794,-4.005,24.425,0.1797,0.632,0.4821,54.906,66.693,69.498,24.34,21.752,15.866,0.1488,0.2124,0.2563,60.309,17.205,0.05469,0.06641,13.923,0.3033,0.2667,0.2347,-3.468,-1.788,-1.638,0.004427,1.155,2.241,0.56,0.6919,0.000704,87.736,4.478,4.434,0.0004089,2.704e-05,
C:\Users\sblee\Downloads\Aesthetics-Toolbox-main\split_1\322df0d2_3613_4b41_8fd1_37293e3d5f12.jpg,1280,1.5,14.387,6.942,8.136,87.426,6.148,105.903,92.156,64.484,39.528,1.723,17.126,0.09882,0.3595,0.4209,45.933,35.115,19.537,14.387,7.201,17.325,0.09827,0.1907,0.1775,71.012,4.688,0.0,0.02344,14.12,0.5371,0.4403,0.4535,-2.639,-1.395,-1.329,0.002016,1.598,2.506,0.7035,0.8322,0.0003285,92.776,4.092,4.346,0.0001024,1.73e-05,
C:\Users\sblee\Downloads\Aesthetics-Toolbox-main\split_1\32329c3c_1718_443c_b051_92dac1258d32.jpg,1024,1.0,20.995,7.682,16.747,157.197,6.047,123.377,120.281,110.044,49.835,0.09866,6.467,0.0984,0.2593,0.5204,49.732,53.126,62.456,20.995,4.393,14.49,0.171,0.1523,0.2294,30.76,6.721,0.02734,0.01953,6.306,0.5401,0.5063,0.4704,-2.53,-1.29,-1.115,0.05909,1.673,2.667,0.7051,0.8352,0.0004287,98.252,4.143,4.435,0.0002022,1.366e-05,
C:\Users\sblee\Downloads\Aesthetics-Toolbox-main\split_1\3233fcc8_877b_4402_9e26_6e21eb392104.jpg,1344,1.625,25.088,4.608,9.959,73.295,3.691,121.654,125.774,137.674,51.825,1.297,-6.342,0.6203,0.2255,0.5559,55.455,63.271,64.741,25.088,11.076,3.146,0.1269,0.1656,0.253,24.547,1.721,-0.003606,0.007812,17.178,0.5537,0.5273,0.5129,-2.23,-1.073,-0.8858,0.0524,1.434,2.643,0.4136,0.6752,0.001247,85.259,4.208,4.254,0.0008107,3.1e-05,
C:\Users\sblee\Downloads\Aesthetics-Toolbox-main\split_1\3235c1f6_7ea8_4932_a5c1_9ab4b32acaf6.jpg,1152,0.8,23.662,7.764,5.654,77.961,4.904,153.279,105.158,81.654,48.711,16.842,22.087,0.06055,0.5229,0.6011,56.951,64.929,58.14,23.662,13.803,9.423,0.03079,0.2365,0.2233,34.967,12.205,-0.01953,0.05781,10.447,0.5524,0.4232,0.4177,-2.954,-1.513,-1.426,0.003955,1.203,2.403,0.7054,0.7846,0.0004413,96.035,4.503,4.439,0.0002235,1.784e-05,
C:\Users\sblee\Downloads\Aesthetics-Toolbox-main\split_1\3239f589_c6e5_42ed_9352_30d431739d49.jpg,1344,0.75,24.11,6.622,6.116,107.482,5.532,101.008,79.536,57.179,34.556,6.683,15.361,0.01845,0.3996,0.4014,68.132,60.865,34.681,24.11,7.701,19.557,0.1096,0.2748,0.2649,65.263,4.232,0.0191,-0.009115,13.106,0.3312,0.3446,0.3047,-3.016,-1.569,-1.515,0.00258,1.317,2.321,0.5863,0.7526,0.0008615,94.459,4.115,4.25,0.000274,3.746e-05,
C:\Users\sblee\Downloads\Aesthetics-Toolbox-main\split_1\323f3045_e063_430b_b662_38c009c1ceb2.jpg,1024,1.0,33.324,7.68,12.575,139.45,6.431,117.867,121.607,70.789,48.206,-7.948,24.867,0.1353,0.4962,0.5134,82.954,87.761,61.435,33.324,16.658,23.282,0.1263,0.3065,0.3372,34.137,8.414,0.01562,-0.03906,9.973,0.4809,0.4223,0.3911,-2.968,-1.538,-1.282,0.05808,1.41,2.529,0.6261,0.8035,0.0004788,95.507,4.455,4.306,0.0001542,1.677e-05,
C:\Users\sblee\Downloads\Aesthetics-Toolbox-main\split_1\32477f42_8cf2_462e_ad95_834b21f5ef69.jpg,1024,1.0,23.891,7.54,4.038,60.888,6.102,122.02,96.767,103.925,43.113,11.774,0.2261,0.8929,0.3761,0.5026,62.579,59.112,56.938,23.891,11.163,11.545,0.1902,0.2665,0.242,16.689,10.005,-0.03906,0.03125,9.682,0.3217,0.3331,0.2847,-3.257,-1.597,-1.527,0.01093,1.201,2.297,0.4931,0.6771,0.001073,97.107,4.396,4.292,0.00055,2.834e-05,
C:\Users\sblee\Downloads\Aesthetics-Toolbox-main\split_1\325bad57_b649_4615_8a0d_5f409b6f96d0.jpg,1280,0.6667,19.008,7.56,10.95,92.054,6.111,112.767,90.228,47.29,39.396,4.088,27.486,0.1164,0.636,0.458,56.339,46.702,41.369,19.008,13.807,12.77,0.07633,0.2063,0.208,52.702,7.297,0.009766,0.03516,11.432,0.6107,0.5158,0.5043,-2.417,-1.253,-1.153,0.003589,1.567,2.536,0.7891,0.8148,0.0003417,95.296,4.433,4.48,0.0001126,1.781e-05,
C:\Users\sblee\Downloads\Aesthetics-Toolbox-main\split_1\325da5d2_95de_4023_adac_733739bdfb27.jpg,1024,1.0,19.221,7.475,10.045,107.103,6.342,100.051,88.913,83.818,38.563,5.515,5.176,0.8781,0.4101,0.4418,48.308,47.248,62.584,19.221,10.605,19.322,0.3035,0.316,0.2013,20.306,2.471,-0.003906,0.01172,4.082,0.566,0.5041,0.4374,-2.73,-1.234,-1.202,0.08527,1.461,2.564,0.5704,0.6904,0.0008481,96.208,1.729,2.817,0.0002544,2.4e-05,
C:\Users\sblee\Downloads\Aesthetics-Toolbox-main\split_1\3262177f_1783_4cc1_b3dd_b6f648e819be.jpg,1280,0.6667,23.411,7.792,5.405,68.3,6.422,103.687,99.972,87.777,41.754,1.544,7.876,0.1547,0.4328,0.4579,47.417,61.526,69.313,23.411,9.773,16.032,0.2759,0.3159,0.2211,35.46,6.272,-0.03125,-0.002604,16.864,0.4907,0.3764,0.3589,-2.866,-1.413,-1.396,0.007039,1.267,2.387,0.6992,0.7913,0.0004993,93.329,4.085,4.348,0.0001986,2.252e-05,
C:\Users\sblee\Downloads\Aesthetics-Toolbox-main\split_1\3273dcb2_f0fc_4b69_bb5b_9603004bd943.jpg,1024,1.0,20.119,7.28,8.441,109.445,5.605,122.343,110.744,81.62,46.584,0.9991,18.478,0.1412,0.4147,0.5051,42.881,54.176,53.376,20.119,10.07,8.575,0.1077,0.2015,0.1832,43.939,3.36,-0.01367,0.009766,3.938,0.4407,0.4403,0.4124,-3.348,-1.84,-1.426,0.09434,1.363,2.469,0.6006,0.7746,0.0007127,95.754,4.256,4.305,0.0002118,2.207e-05,
C:\Users\sblee\Downloads\Aesthetics-Toolbox-main\split_1\3274967a_1751_41a8_ae42_264640b26f93.jpg,1024,1.0,21.793,7.536,9.784,69.482,4.127,89.329,97.904,106.577,40.276,-1.087,-5.811,0.5998,0.199,0.4184,49.887,53.762,56.863,21.793,2.979,4.338,0.07397,0.1889,0.2225,31.997,17.815,0.05469,0.07031,10.887,0.4097,0.331,0.2766,-2.42,-1.099,-1.117,0.0277,1.52,2.616,0.45,0.8037,0.000855,93.229,4.421,4.428,0.0004556,2.136e-05,
C:\Users\sblee\Downloads\Aesthetics-Toolbox-main\split_1\32773dcb_3e7c_4f68_8e4a_bffe55bc83dc.jpg,1024,1.0,19.292,7.569,10.089,94.108,7.521,134.083,65.631,91.01,43.265,30.763,6.433,0.9108,0.7954,0.6681,74.935,69.751,62.081,19.292,41.007,39.272,0.2303,0.2059,0.2192,52.839,5.483,0.001953,0.02734,5.956,0.485,0.4139,0.4182,-2.829,-1.283,-1.447,0.02271,1.533,2.562,0.7765,0.7832,0.0003427,95.717,3.957,4.251,0.000208,1.312e-05,
C:\Users\sblee\Downloads\Aesthetics-Toolbox-main\split_1\327d70bb_a600_4f38_8cfb_206d127a4d45.jpg,1280,0.6667,22.449,7.762,15.498,153.647,7.03,117.97,82.826,60.206,39.394,11.109,19.729,0.06953,0.4916,0.4862,71.966,58.325,43.708,22.449,24.711,23.281,0.1477,0.2598,0.278,39.619,9.433,-0.04688,0.005208,13.818,0.5442,0.5187,0.5184,-2.373,-1.39,-1.211,0.004764,1.649,2.641,0.8457,0.8522,0.000163,97.279,4.553,4.55,0.0001065,1.179e-05,
C:\Users\sblee\Downloads\Aesthetics-Toolbox-main\split_1\32812442_208c_4d3c_a81a_520b66b8c86d.jpg,1024,1.0,32.071,7.294,18.295,175.652,1.951,97.431,96.691,97.704,39.175,0.5003,-0.4594,0.8997,0.0362,0.3842,79.15,79.485,79.421,32.071,0.5495,0.5554,0.1344,0.0859,0.3109,38.091,13.975,0.03125,-0.0625,12.801,0.5302,0.3038,0.2704,-2.679,-1.379,-1.175,0.05306,1.595,2.719,0.5016,0.8651,0.0008615,94.726,4.261,4.483,0.000203,1.89e-05,
C:\Users\sblee\Downloads\Aesthetics-Toolbox-main\split_1\328c8171_5f5c_444d_af05_36999a146bc0.png,1024,1.0,24.377,7.587,6.793,100.332,6.696,126.843,123.784,117.406,51.221,-0.2528,4.132,0.2015,0.1655,0.5226,67.478,59.017,59.282,24.377,12.315,5.647,0.1742,0.1472,0.2613,13.984,8.212,-0.001953,-0.04102,6.692,0.5395,0.3665,0.3586,-3.257,-1.656,-1.479,0.04095,1.242,2.435,0.4678,0.7309,0.0006715,92.109,4.45,4.347,0.0003864,2.721e-05,
C:\Users\sblee\Downloads\Aesthetics-Toolbox-main\split_1\32bc8fa7_6c97_4fd6_a9ed_50e561f66790.jpg,1536,1.0,21.042,7.67,9.929,73.765,6.839,103.914,80.454,73.882,35.981,9.023,7.8,0.009841,0.436,0.4278,66.51,46.675,56.085,21.042,14.198,15.109,0.1875,0.2703,0.2598,42.116,13.263,0.04557,0.04818,8.802,0.4437,0.3356,0.3588,-2.444,-0.9715,-1.172,0.0421,1.47,2.567,0.6014,0.7872,0.0004473,95.173,4.109,4.218,0.0002183,2.18e-05,
C:\Users\sblee\Downloads\Aesthetics-Toolbox-main\split_1\32c4fa84_1b07_4fb1_88e8_d01af0f7c212.jpg,1024,1.0,22.289,7.647,1.27,27.259,5.069,94.216,71.924,72.564,31.885,9.69,3.217,0.9801,0.3318,0.3695,57.285,53.54,47.145,22.289,4.86,5.365,0.05194,0.1877,0.2246,46.53,14.256,-0.07031,-0.01172,14.009,0.4867,0.4157,0.4142,-3.041,-1.703,-1.458,0.001331,0.8131,2.027,0.458,0.6982,0.001232,90.445,3.309,1.892,0.0004758,6.115e-06,
C:\Users\sblee\Downloads\Aesthetics-Toolbox-main\split_1\32da7ae4_1150_4a85_b3d7_986781a1687d.jpg,1280,1.5,29.281,7.779,11.023,93.897,1.211,121.257,120.493,120.952,49.111,0.4021,-0.1524,0.963,0.0332,0.4758,71.936,72.606,72.271,29.281,0.52,0.3234,0.05992,0.0929,0.2821,25.573,6.675,-0.01172,-0.03125,12.575,0.4386,0.4137,0.321,-2.608,-1.032,-1.23,0.01313,1.429,2.617,0.5578,0.7847,0.0007671,94.555,4.123,4.341,0.0003786,2.686e-05,
C:\Users\sblee\Downloads\Aesthetics-Toolbox-main\split_1\32ea916d_c991_45cf_97ea_c4c95bf7047a.jpg,1024,1.0,13.689,7.226,5.256,45.166,5.699,132.976,132.018,137.003,56.024,5.638,-1.325,0.01297,0.4153,0.6815,59.474,32.902,52.188,13.689,9.118,28.234,0.3503,0.1873,0.1916,16.396,11.247,0.01953,-0.05273,8.454,0.4472,0.4042,0.4115,-2.617,-1.19,-1.276,0.01203,1.462,2.471,0.813,0.8128,0.0002472,90.496,4.413,4.526,0.0002272,1.712e-05,
C:\Users\sblee\Downloads\Aesthetics-Toolbox-main\split_1\32eb63ed_b5fa_4849_94dc_d4f84ab29633.jpg,1088,0.8889,21.191,7.614,7.783,95.021,6.954,86.637,95.535,90.802,39.752,-2.015,2.768,0.4888,0.3838,0.4439,51.338,57.289,51.819,21.191,17.216,16.889,0.2464,0.1984,0.2225,50.448,1.045,0.003906,0.003472,7.16,0.4517,0.4682,0.4412,-2.985,-1.67,-1.417,0.051,1.395,2.375,0.745,0.8014,0.0006069,95.057,4.353,4.448,0.0001645,2.237e-05,
C:\Users\sblee\Downloads\Aesthetics-Toolbox-main\split_1\32fb4f0e_da0f_42d5_8de8_e5434cc196a2.jpg,1152,1.25,32.669,7.7,16.14,161.893,5.508,143.454,92.839,53.122,43.184,16.882,29.338,0.06254,0.7351,0.5632,88.552,83.675,66.511,32.669,15.384,21.049,0.05521,0.2701,0.3475,31.64,6.648,-0.001563,0.0332,9.555,0.4731,0.4782,0.4687,-2.641,-1.209,-1.256,0.006469,1.47,2.617,0.748,0.8249,0.0005092,98.741,4.27,4.343,0.0001395,1.91e-05,
C:\Users\sblee\Downloads\Aesthetics-Toolbox-main\split_1\32fe0987_60d8_46c7_8794_08b617a09421.jpg,1024,1.0,24.956,7.339,5.962,68.961,6.811,101.267,125.548,81.613,49.813,-12.3002,21.592,0.2543,0.642,0.5419,69.036,67.728,67.593,24.956,20.413,17.083,0.1673,0.2725,0.2378,31.931,1.562,0.007812,0.0,8.195,0.4888,0.3926,0.3587,-2.951,-1.45,-1.325,0.0488,1.244,2.357,0.662,0.7673,0.0008712,95.532,3.587,3.977,0.0002825,3.075e-05,
C:\Users\sblee\Downloads\Aesthetics-Toolbox-main\split_1\3301e44b_d23f_4bf6_be00_4cf27fdfa20d.png,1216,0.7273,20.339,7.651,8.02,70.129,5.809,108.945,112.053,101.062,46.16,-2.372,5.877,0.4278,0.2572,0.4838,55.217,50.429,45.415,20.339,9.652,11.586,0.2073,0.1351,0.2189,24.762,8.703,0.03711,0.02273,12.279,0.3342,0.3583,0.297,-2.466,-1.235,-1.148,0.003074,1.407,2.519,0.6233,0.781,0.0004263,95.582,4.423,4.376,0.0002622,3.179e-05,
C:\Users\sblee\Downloads\Aesthetics-Toolbox-main\split_1\33076c94_933a_4488_9b4f_19cdeb495dc4.png,1024,1.0,19.735,7.641,10.455,108.243,7.163,137.696,135.949,99.155,57.741,-2.192,20.092,0.1515,0.6331,0.6592,72.818,57.702,87.415,19.735,29.655,30.277,0.1843,0.3418,0.2226,32.178,10.965,-0.003906,-0.05469,9.921,0.5267,0.4478,0.4132,-2.992,-1.404,-1.407,0.005648,1.5,2.534,0.8022,0.8003,0.000263,96.884,4.544,4.516,0.0001626,1.889e-05,
C:\Users\sblee\Downloads\Aesthetics-Toolbox-main\split_1\3313577b_8748_4c15_a81d_30f8cc1f2a57.jpg,1024,1.0,17.566,7.46,0.916,19.305,6.754,131.731,116.895,78.37,49.236,0.09215,23.227,0.1375,0.4026,0.5237,51.564,44.048,31.177,17.566,8.508,10.926,0.05117,0.1251,0.1983,52.551,13.096,-0.01953,0.0625,10.885,0.7321,0.3367,0.3174,-3.079,-1.59,-1.468,0.004901,0.8207,2.038,0.4578,0.6192,0.001456,87.655,1.156,0.9033,0.0007551,1.101e-05,
C:\Users\sblee\Downloads\Aesthetics-Toolbox-main\split_1\3315e577_c026_4423_9725_c9753c86ed17.png,1216,0.7273,26.828,7.712,5.914,96.985,5.938,97.602,79.599,114.83,35.907,14.982,-16.9305,0.7378,0.4507,0.4625,67.378,66.468,65.912,26.828,14.341,15.595,0.1201,0.2327,0.2728,44.909,19.05,0.003906,0.09517,7.705,0.6678,0.3623,0.3606,-2.917,-1.645,-1.468,0.008843,1.242,2.361,0.4953,0.7211,0.0008157,95.312,4.496,4.383,0.0002776,2.79e-05,
C:\Users\sblee\Downloads\Aesthetics-Toolbox-main\split_1\33299520_fab2_4db1_a66b_1987e5755790.jpg,1024,1.0,32.869,7.604,33.604,258.559,4.724,128.311,132.513,139.012,53.495,-0.1458,-4.027,0.6069,0.1935,0.5455,81.847,82.915,82.905,32.869,1.059,2.62,0.09035,0.2701,0.3248,20.83,0.0,0.0,0.0,2.672,0.6038,0.5999,0.6305,-2.322,-1.075,-0.9925,0.02547,1.77,2.827,0.7789,0.8574,0.0005423,99.179,3.93,4.233,0.0001451,7.523e-06,
C:\Users\sblee\Downloads\Aesthetics-Toolbox-main\split_1\33330033_8f43_45af_a6e6_1db98838191d.jpg,2176,2.091,18.918,7.238,6.345,44.33,6.357,94.833,87.734,101.352,37.839,7.01,-7.359,0.7654,0.2883,0.4422,55.383,47.078,32.927,18.918,3.094,14.537,0.1731,0.1277,0.1902,76.723,7.085,0.02717,0.02273,21.493,0.5292,0.4632,0.4259,-2.569,-1.004,-0.9701,0.00908,1.449,2.692,0.6857,0.7814,0.0002325,74.332,4.559,4.475,0.0001451,1.573e-05,
C:\Users\sblee\Downloads\Aesthetics-Toolbox-main\split_1\3333259e_2b93_468d_b893_cf5a4f3766fd.jpg,1024,1.0,25.513,7.478,4.696,77.333,0.7792,143.835,143.592,143.759,58.587,0.1313,-0.05898,0.9872,0.01405,0.5643,63.271,63.621,63.419,25.513,0.3615,0.237,0.05367,0.07662,0.2481,6.636,7.412,-0.03516,0.01172,6.648,0.3374,0.3786,0.2967,-3.325,-1.565,-1.631,0.005414,1.195,2.281,0.5455,0.728,0.0008455,89.168,4.364,4.189,0.0005041,2.077e-05,
C:\Users\sblee\Downloads\Aesthetics-Toolbox-main\split_1\333e544e_1a99_4b14_b321_bb8ec9629f4f.jpg,1024,1.0,24.325,7.432,12.01,90.881,0.9021,89.39,87.862,88.639,36.215,0.8275,-0.2424,0.933,0.03129,0.3508,59.854,60.584,60.238,24.325,0.4974,0.23,0.05713,0.03835,0.2351,61.466,1.235,-0.001953,0.005859,1.798,0.4305,0.4529,0.4413,-2.74,-1.16,-1.36,0.01925,1.565,2.512,0.8668,0.7953,0.0002399,95.314,4.572,4.075,0.0001539,1.885e-05,
C:\Users\sblee\Downloads\Aesthetics-Toolbox-main\split_1\3352bdfe_acf4_46c2_9ceb_e67de4b8c808.jpg,1024,1.0,17.438,7.414,4.424,43.265,4.252,103.366,114.487,127.318,47.139,-1.074,-8.56,0.5934,0.202,0.4993,40.357,44.165,43.153,17.438,1.963,1.816,0.02751,0.05608,0.1692,30.808,17.491,-0.03516,0.08008,10.979,0.6646,0.4222,0.4195,-2.768,-1.317,-1.285,0.01891,1.185,2.491,0.6531,0.8005,0.0005085,92.595,4.279,4.46,0.0002898,1.649e-05,
C:\Users\sblee\Downloads\Aesthetics-Toolbox-main\split_1\335972d4_4cf3_49fb_b64e_f41dabab4b87.jpg,1216,0.7273,28.384,6.467,10.41,126.008,4.829,139.454,110.934,80.47,47.783,7.039,20.38,0.08983,0.5043,0.5614,85.746,67.33,45.109,28.384,10.495,16.103,0.1611,0.1972,0.3182,22.057,0.9375,0.001953,-0.004261,10.231,0.4569,0.3466,0.3426,-2.602,-1.433,-1.298,0.01449,1.358,2.472,0.674,0.8078,0.0007121,96.506,4.244,4.427,0.00027,3.258e-05,
C:\Users\sblee\Downloads\Aesthetics-Toolbox-main\split_1\336006af_66ef_4d9e_b7a7_9062b3afb5e7.jpg,1152,0.8,20.576,7.65,16.373,145.096,5.564,98.382,84.864,61.472,35.943,2.11,15.299,0.09325,0.4189,0.3875,49.0,50.993,38.986,20.576,6.024,8.389,0.05012,0.1449,0.1937,41.553,12.798,-0.01953,0.06094,7.722,0.5641,0.5763,0.5515,-2.426,-1.278,-1.163,0.00638,1.662,2.671,0.8248,0.8635,0.0002572,96.68,4.532,4.524,0.0001216,7.646e-06,
C:\Users\sblee\Downloads\Aesthetics-Toolbox-main\split_1\336079c4_db69_4fb9_9301_faaddd3244e7.jpg,1024,1.0,18.466,7.563,10.702,91.707,6.355,87.684,94.22,102.272,40.138,1.421,-3.159,0.5508,0.4613,0.4813,45.584,49.206,64.372,18.466,16.149,18.232,0.2018,0.202,0.2107,40.415,7.91,0.01367,0.03711,7.035,0.5136,0.4024,0.3877,-2.517,-1.233,-1.104,0.04692,1.543,2.52,0.6787,0.7876,0.0004166,95.999,4.42,4.446,0.0002071,2.009e-05,
C:\Users\sblee\Downloads\Aesthetics-Toolbox-main\split_1\33649ed9_decb_4d46_9370_c4efea6f8c83.jpg,1024,1.0,25.832,7.786,6.775,117.379,5.218,120.241,124.884,127.758,51.674,0.5017,-0.8536,0.5807,0.3115,0.552,75.563,64.624,66.593,25.832,14.188,11.073,0.1619,0.303,0.2648,16.255,4.225,-0.01758,0.01172,4.937,0.2603,0.3507,0.2642,-3.471,-1.644,-1.666,0.01176,1.265,2.366,0.5091,0.6604,0.0009237,97.121,4.248,4.317,0.000344,2.948e-05,
C:\Users\sblee\Downloads\Aesthetics-Toolbox-main\split_1\3378a95c_ec71_4fcc_9b41_298e390e1eb4.jpg,1280,1.5,20.627,7.736,5.4,61.541,4.466,113.55,106.062,109.405,44.718,3.674,-0.8476,0.8985,0.09359,0.4474,50.896,50.198,49.638,20.627,1.126,2.541,0.09362,0.06308,0.1986,32.744,9.78,-0.002604,0.04883,18.671,0.582,0.4925,0.4866,-2.872,-1.411,-1.292,0.01346,1.26,2.459,0.6795,0.7883,0.0002509,96.658,4.294,4.303,0.0001814,1.07e-05,
C:\Users\sblee\Downloads\Aesthetics-Toolbox-main\split_1\3395c5aa_63ef_434e_82d8_6553ff991216.jpg,1600,2.125,29.553,7.011,23.713,197.202,4.407,116.421,111.457,96.832,45.449,-0.7,8.25,0.1278,0.208,0.4576,75.937,71.835,61.636,29.553,1.129,6.975,0.07422,0.2047,0.2973,26.922,2.372,0.001838,0.01172,21.499,0.6117,0.5977,0.6039,-2.282,-1.255,-0.9737,0.01204,1.631,2.729,0.8162,0.8708,0.0003066,98.988,4.523,4.506,0.0001502,7.732e-06,
C:\Users\sblee\Downloads\Aesthetics-Toolbox-main\split_1\33a05b08_15ce_442f_9e6a_792c4925e30c.jpg,1280,1.0,26.121,7.848,8.368,90.936,6.085,135.285,126.31,93.504,51.847,-1.057,18.084,0.135,0.3432,0.5493,71.932,66.818,41.851,26.121,5.839,18.024,0.1707,0.1599,0.2721,36.242,12.135,0.05938,0.0125,8.2,0.3675,0.2942,0.2366,-2.462,-1.41,-1.15,0.02912,1.335,2.571,0.4334,0.7668,0.0005049,95.0,4.508,4.411,0.0002175,2.6e-05,
C:\Users\sblee\Downloads\Aesthetics-Toolbox-main\split_1\33b7f7ae_b369_430a_acba_54b5aaa4bd31.jpg,1024,1.0,26.94,7.906,9.928,79.551,6.628,126.355,126.344,89.754,51.12,-4.143,19.999,0.1998,0.4896,0.5383,58.86,72.009,73.071,26.94,10.658,13.561,0.1324,0.3143,0.2544,31.72,18.558,-0.07031,0.06055,13.372,0.392,0.3299,0.3053,-2.447,-1.112,-1.182,0.00961,1.47,2.566,0.6384,0.8072,0.0004343,93.729,4.42,4.505,0.0002261,2.126e-05,
C:\Users\sblee\Downloads\Aesthetics-Toolbox-main\split_1\33d48d3d_153a_43f0_a2b7_d819dcf45a13.jpg,1536,2.0,26.685,7.881,7.376,83.598,6.35,129.412,116.912,82.915,48.468,0.5274,19.879,0.09864,0.3862,0.521,62.438,71.119,42.663,26.685,12.947,15.197,0.0994,0.1369,0.2569,31.554,16.869,0.05664,-0.0625,20.401,0.4418,0.4203,0.3697,-2.591,-1.212,-1.192,0.003382,1.356,2.528,0.6718,0.789,0.0004713,93.258,3.993,4.178,0.0001539,2.489e-05,
C:\Users\sblee\Downloads\Aesthetics-Toolbox-main\split_1\33d74872_72b8_4ef1_8b9c_a067b0b65ef4.png,1024,1.0,31.589,7.014,9.661,165.715,5.414,92.97,85.642,77.916,34.899,1.968,5.969,0.08503,0.3165,0.3664,76.979,80.265,82.901,31.589,2.45,4.124,0.1183,0.2298,0.3037,69.225,4.022,-0.01758,0.009766,8.065,0.5924,0.3271,0.3006,-3.304,-1.795,-1.471,0.09425,1.342,2.578,0.5491,0.7453,0.001004,89.649,3.565,3.951,0.0002779,2.479e-05,
C:\Users\sblee\Downloads\Aesthetics-Toolbox-main\split_1\33e0260f_0d9c_4309_a4ed_474ff83a4c80.jpg,1280,1.5,21.956,7.606,6.551,123.3,4.65,118.83,145.853,178.078,59.345,1.81,-20.2035,0.582,0.4127,0.7086,77.772,56.859,32.934,21.956,3.413,17.132,0.156,0.3179,0.1421,31.209,5.242,0.00651,0.02539,15.012,0.5828,0.5793,0.5859,-3.268,-1.747,-1.539,0.004014,1.35,2.388,0.8403,0.8746,0.0004184,99.285,3.831,4.249,0.000215,6.593e-06,
C:\Users\sblee\Downloads\Aesthetics-Toolbox-main\split_1\33e0ff7c_d708_4448_8e39_5e0083544a70.jpg,1024,1.0,33.701,7.577,10.017,108.431,1.546,131.663,131.193,131.556,52.968,0.2718,-0.1388,0.9706,0.03363,0.5172,83.922,84.569,84.168,33.701,0.8568,0.4123,0.1087,0.1188,0.3295,21.509,7.754,0.0293,0.02539,10.685,0.3605,0.3755,0.4073,-2.713,-1.327,-1.239,0.01916,1.331,2.467,0.6445,0.8094,0.0004954,96.082,4.463,4.429,0.0002634,1.65e-05,
C:\Users\sblee\Downloads\Aesthetics-Toolbox-main\split_1\33e48a95_4816_454d_b261_78562b6b49df.jpg,1152,0.8,23.396,7.622,10.422,104.183,5.873,96.386,85.767,69.453,36.31,2.85,9.946,0.06218,0.4344,0.4082,65.827,55.99,41.421,23.396,4.615,19.283,0.227,0.248,0.2397,35.384,16.728,-0.01172,-0.08281,17.748,0.6652,0.2806,0.2761,-2.621,-1.246,-1.254,0.006235,1.535,2.57,0.5454,0.7727,0.0004227,94.752,4.56,4.43,0.0001548,2.703e-05,
C:\Users\sblee\Downloads\Aesthetics-Toolbox-main\split_1\33e90aee_d5c2_41ee_bcf6_06fc38035156.jpg,1920,2.0,14.949,7.073,2.209,38.595,7.039,106.593,97.375,101.536,42.156,5.335,-0.7923,0.7555,0.2297,0.4572,39.79,39.659,32.294,14.949,10.248,10.475,0.2306,0.1325,0.1514,49.809,8.746,0.02891,0.03281,20.573,0.3957,0.3526,0.3215,-2.943,-1.36,-1.37,0.002143,1.124,2.263,0.6944,0.7486,0.0004088,92.913,4.419,4.473,0.0002287,2.522e-05,
C:\Users\sblee\Downloads\Aesthetics-Toolbox-main\split_1\340bb1d8_4a04_40ed_bd3a_1cb040572df6.jpg,1280,1.5,22.667,7.546,3.884,52.047,6.564,114.326,131.755,110.197,52.577,-8.968,9.897,0.2892,0.3398,0.5424,60.056,59.186,52.088,22.667,10.56,11.884,0.1863,0.1445,0.2323,40.74,9.537,0.02995,0.03711,19.077,0.4074,0.3901,0.3165,-2.942,-1.521,-1.414,0.002027,1.084,2.339,0.7048,0.7588,0.0004431,93.346,4.457,4.361,0.0002637,2.544e-05,
C:\Users\sblee\Downloads\Aesthetics-Toolbox-main\split_1\3410dd2d_96d8_48d7_8d98_4cd7ad669bd2.jpg,1344,1.625,25.758,7.718,17.044,146.612,5.488,96.568,87.363,94.147,36.773,5.406,-2.803,0.8712,0.183,0.3839,62.102,63.616,58.74,25.758,3.499,3.885,0.1144,0.1351,0.2411,41.613,7.421,0.03365,0.01562,19.407,0.5388,0.5287,0.4999,-2.323,-1.139,-1.131,0.006324,1.618,2.654,0.6971,0.8478,0.0003939,96.991,4.228,4.454,0.0001352,1.261e-05,
C:\Users\sblee\Downloads\Aesthetics-Toolbox-main\split_1\341816c4_247c_4385_8c4c_8ec76b7e21ca.jpg,1024,1.0,24.89,7.453,5.112,89.334,5.425,108.729,82.576,88.793,38.348,11.138,2.917,0.7926,0.3562,0.4502,68.632,64.755,62.334,24.89,19.379,12.276,0.2333,0.3314,0.2679,23.737,7.266,0.02148,-0.0293,8.408,0.2179,0.4952,0.2047,-3.621,-1.757,-1.753,0.008917,1.254,2.25,0.4653,0.6599,0.0007492,97.978,4.546,4.001,0.0003288,3.253e-05,
C:\Users\sblee\Downloads\Aesthetics-Toolbox-main\split_1\3418202a_fb08_4ec6_ab07_52840d3b2ea4.jpg,1088,1.125,20.998,7.602,13.734,138.43,6.32,118.259,67.922,93.002,35.65,25.99,-4.298,0.9434,0.5782,0.4986,53.876,54.876,61.403,20.998,15.93,27.211,0.1237,0.1968,0.2262,55.81,4.146,-0.006944,0.01953,7.398,0.4389,0.4335,0.3914,-2.484,-1.296,-1.197,0.0162,1.6,2.594,0.6596,0.7978,0.0006418,95.977,3.992,4.345,0.0001899,1.52e-05,
C:\Users\sblee\Downloads\Aesthetics-Toolbox-main\split_1\34303a60_fbfc_4161_b439_dcd295b98792.jpg,1408,1.75,26.338,7.832,11.762,115.237,6.485,94.737,103.75,98.923,41.707,-3.459,1.55,0.4579,0.2851,0.4314,61.6,66.276,66.441,26.338,3.943,11.347,0.2306,0.1947,0.2548,43.954,6.659,-0.03237,0.007812,21.359,0.5301,0.4824,0.4807,-2.435,-1.155,-1.145,0.003981,1.481,2.584,0.6692,0.8309,0.0003535,90.888,4.513,4.497,0.000133,1.751e-05,
C:\Users\sblee\Downloads\Aesthetics-Toolbox-main\split_1\343570aa_c5ec_428d_92ee_9cf3d184c5f0.jpg,1024,1.0,25.334,7.887,22.274,183.058,6.928,151.203,85.35,94.43,46.644,24.068,11.716,0.01194,0.6127,0.6174,79.709,75.414,75.678,25.334,31.645,19.312,0.1557,0.3239,0.2851,45.22,2.501,0.009766,0.007812,6.721,0.5837,0.576,0.5607,-2.304,-1.171,-0.9799,0.04171,1.68,2.726,0.7551,0.8648,0.0003427,96.485,4.517,4.531,0.0001388,1.198e-05,
C:\Users\sblee\Downloads\Aesthetics-Toolbox-main\split_1\343e398f_5c65_4257_a634_6a5e428726bd.jpg,1024,1.0,22.679,7.82,12.251,205.18,6.203,158.259,94.299,78.488,51.112,22.977,26.651,0.03981,0.6982,0.7196,88.838,74.744,52.397,22.679,44.139,16.506,0.1598,0.2187,0.265,34.999,0.3906,-0.001953,0.0,1.094,0.6241,0.6074,0.6069,-3.962,-1.974,-1.879,0.007988,1.362,2.379,0.8979,0.8826,0.0002382,99.875,3.944,4.311,0.0001449,4.04e-06,
C:\Users\sblee\Downloads\Aesthetics-Toolbox-main\split_1\343ebce8_35d8_4959_b86a_6947a59bb57c.jpg,1152,1.25,18.273,7.21,8.79,51.886,5.586,130.357,129.868,116.491,53.567,-1.166,6.878,0.8522,0.2632,0.5541,43.754,45.773,51.173,18.273,8.47,21.294,0.2962,0.1799,0.1825,7.429,9.536,0.03906,-0.02734,9.746,0.1733,0.3335,0.1527,-2.174,-0.9396,-1.052,0.1209,1.471,2.591,0.1913,0.614,0.0008477,85.422,4.332,4.239,0.000457,4.135e-05,
C:\Users\sblee\Downloads\Aesthetics-Toolbox-main\split_1\34583b68_0e49_4329_b82e_fff0ce166825.png,1536,2.0,20.705,7.499,13.408,101.287,6.834,103.537,110.439,91.532,44.787,-5.835,9.784,0.2433,0.2376,0.4453,50.566,51.947,52.117,20.705,6.851,10.541,0.1381,0.1468,0.2074,41.915,14.453,0.02344,0.06836,25.628,0.5638,0.5291,0.5043,-2.217,-0.9891,-1.033,0.006103,1.634,2.645,0.7688,0.8427,0.0002496,93.794,3.588,4.223,0.0001289,1.338e-05,
C:\Users\sblee\Downloads\Aesthetics-Toolbox-main\split_1\3459be4d_806e_47a0_b81a_84175b092710.jpg,1024,1.0,27.078,7.458,12.706,127.64,6.282,109.323,112.128,114.427,45.783,-0.2453,-1.601,0.7219,0.1054,0.462,67.103,69.925,69.08,27.078,5.357,5.595,0.2357,0.09501,0.2735,62.461,8.414,0.03906,0.01562,7.997,0.4818,0.4815,0.4449,-2.831,-1.36,-1.286,0.02355,1.556,2.539,0.5762,0.8234,0.0008223,94.247,4.384,3.954,0.0002314,2.842e-05,
C:\Users\sblee\Downloads\Aesthetics-Toolbox-main\split_1\34626947_c3ff_4c94_b6dc_9787e4444897.png,1216,0.7273,21.104,7.669,13.645,127.186,6.356,128.659,121.78,95.07,50.705,-0.8779,16.001,0.1867,0.3994,0.5504,57.791,53.149,60.671,21.104,12.85,16.104,0.209,0.2213,0.2268,23.297,4.37,-0.01367,0.01705,9.016,0.4383,0.4763,0.3755,-2.517,-1.455,-1.124,0.01533,1.63,2.631,0.6931,0.8284,0.0003917,98.62,4.526,4.484,0.0001943,1.797e-05,
C:\Users\sblee\Downloads\Aesthetics-Toolbox-main\split_1\347a2e0f_13f6_4b8d_913d_59c6eee0a1db.png,1024,1.0,18.012,7.397,11.41,74.665,7.322,98.668,102.672,98.971,42.715,-1.489,1.709,0.82,0.3062,0.4582,42.665,44.938,51.834,18.012,13.563,17.194,0.3658,0.1919,0.1813,27.983,8.567,-0.01758,-0.03906,8.507,0.5,0.3888,0.3797,-2.221,-1.041,-1.016,0.0198,1.637,2.646,0.5973,0.7854,0.0005657,97.696,4.034,4.327,0.0002966,3.071e-05,
C:\Users\sblee\Downloads\Aesthetics-Toolbox-main\split_1\347c1c8f_b574_4582_b588_ba959c80eff9.jpg,1024,1.0,1.541,4.792,0.3559,4.432,2.532,81.057,122.206,170.076,50.247,-0.2953,-29.8685,0.5896,0.523,0.667,4.009,4.036,6.154,1.541,1.239,2.293,0.00343,0.02472,0.02413,23.146,0.5524,-0.001953,0.001953,0.3868,0.9282,0.9013,0.8946,-3.047,-1.534,-1.453,0.01524,0.8984,2.018,0.795,0.9213,0.001095,97.746,3.892,4.12,0.001423,2.256e-07,
C:\Users\sblee\Downloads\Aesthetics-Toolbox-main\split_1\34a90953_cc3a_455f_ba08_64057c12a636.png,1216,0.7273,28.811,7.349,8.201,131.517,6.176,91.67,54.883,105.193,29.195,24.843,-21.17,0.7946,0.66,0.4483,80.428,71.422,73.447,28.811,19.875,24.406,0.1175,0.2762,0.313,63.831,24.006,-0.0957,0.07244,20.456,0.4489,0.4204,0.3447,-3.009,-1.778,-1.527,0.0355,1.408,2.457,0.524,0.7816,0.0007866,89.107,4.359,4.325,0.0002416,2.603e-05,
C:\Users\sblee\Downloads\Aesthetics-Toolbox-main\split_1\34abbec7_ed93_4d16_8f96_25ebf2bafe49.jpg,1216,0.7273,12.358,7.265,0.6316,14.209,4.986,73.801,71.562,67.144,30.101,0.1778,2.863,0.09972,0.1111,0.2927,28.887,29.589,24.104,12.358,2.193,3.881,0.1639,0.09238,0.1119,52.174,12.167,0.01758,-0.05824,18.96,0.6484,0.4708,0.4396,-3.073,-1.602,-1.45,0.02236,0.8668,2.009,0.5256,0.6628,0.001208,86.526,4.107,2.747,0.0003233,1.424e-05,
C:\Users\sblee\Downloads\Aesthetics-Toolbox-main\split_1\34b72d21_dc97_4a50_958d_c4e865e723ab.jpg,1280,0.6667,25.765,7.378,6.209,78.426,6.674,107.592,111.341,91.686,45.58,-1.738,10.06,0.2369,0.4257,0.51,77.559,63.946,51.908,25.765,10.846,22.347,0.2295,0.2369,0.2748,46.415,5.078,-0.009766,-0.02344,17.109,0.4817,0.3695,0.3477,-2.842,-1.405,-1.436,0.001578,1.221,2.377,0.6528,0.758,0.000547,95.235,4.506,4.399,0.0002111,3.537e-05,
C:\Users\sblee\Downloads\Aesthetics-Toolbox-main\split_1\34b99eca_0f44_42ae_afe3_d8c48ea9a136.jpg,1024,1.0,23.7,7.85,6.329,106.123,6.766,126.177,118.938,86.505,49.211,-1.672,18.209,0.1655,0.4292,0.5289,68.75,58.179,62.723,23.7,11.764,19.716,0.1812,0.2571,0.2579,26.412,11.389,0.005859,-0.05664,9.832,0.4042,0.3925,0.3605,-3.48,-1.718,-1.663,0.01188,1.265,2.364,0.7219,0.7455,0.000498,96.51,4.406,4.38,0.000209,2.707e-05,
C:\Users\sblee\Downloads\Aesthetics-Toolbox-main\split_1\34bc9a82_f378_46a5_933b_c95ba3df9d03.jpg,1024,1.0,29.921,7.86,9.985,91.878,4.135,113.853,122.534,126.623,49.159,-2.277,-3.26,0.5678,0.1149,0.4969,72.747,76.19,77.814,29.921,1.692,1.98,0.1176,0.0753,0.3048,37.359,14.495,0.07031,0.01758,11.433,0.4122,0.386,0.3337,-2.592,-1.192,-1.272,0.003669,1.403,2.502,0.6441,0.8286,0.0003589,93.787,4.528,4.445,0.0002123,1.868e-05,
C:\Users\sblee\Downloads\Aesthetics-Toolbox-main\split_1\34c5162e_ad39_42aa_9bcf_0b843c29952a.jpg,1280,0.6667,27.228,7.872,13.734,162.099,6.452,140.753,76.886,56.76,40.234,24.314,22.87,0.01163,0.6957,0.5548,74.24,72.956,57.977,27.228,17.398,24.288,0.08962,0.2858,0.2891,37.34,5.711,0.01172,0.02604,13.911,0.597,0.5467,0.52,-2.541,-1.411,-1.317,0.00268,1.507,2.501,0.8098,0.8423,0.000286,98.259,4.544,4.535,0.0001009,1.138e-05,
C:\Users\sblee\Downloads\Aesthetics-Toolbox-main\split_1\34c7d7c9_4a2d_45fa_b0ce_893087fd1df4.jpg,1024,1.0,17.735,7.412,9.272,83.249,6.051,93.983,48.618,95.405,28.602,26.429,-16.6683,0.8269,0.5924,0.4055,47.164,46.341,50.039,17.735,20.922,11.133,0.102,0.2252,0.2055,58.305,14.678,0.06641,0.03125,10.344,0.399,0.4499,0.3621,-2.454,-1.177,-1.188,0.01475,1.575,2.578,0.575,0.7331,0.0004836,90.896,4.528,4.504,0.0001925,1.999e-05,
C:\Users\sblee\Downloads\Aesthetics-Toolbox-main\split_1\34d2de7d_f99d_4cad_a707_3e7dc4c0a1ba.jpg,1216,0.7273,21.684,7.606,8.38,71.306,6.917,87.821,73.337,53.906,31.952,3.86,13.892,0.1171,0.5059,0.375,53.934,56.368,43.408,21.684,15.457,12.772,0.1715,0.2675,0.2087,55.96,11.456,0.05469,-0.01705,16.328,0.4382,0.362,0.3095,-2.444,-1.29,-1.247,0.004916,1.374,2.435,0.6191,0.7961,0.0003502,88.089,4.456,4.445,0.0001393,1.95e-05,
C:\Users\sblee\Downloads\Aesthetics-Toolbox-main\split_1\34d47075_d30a_4e2b_b936_09095d918401.jpg,1024,1.0,34.501,7.493,8.978,141.519,7.328,129.615,97.068,61.132,43.692,10.288,23.285,0.04035,0.7342,0.5566,92.799,92.115,69.643,34.501,26.301,31.295,0.2107,0.3047,0.3545,30.142,14.584,-0.02539,-0.06836,8.567,0.5275,0.4132,0.3879,-3.456,-1.856,-1.638,0.0161,1.328,2.341,0.6938,0.7942,0.0006694,97.201,4.139,4.311,0.0002084,3.086e-05,
C:\Users\sblee\Downloads\Aesthetics-Toolbox-main\split_1\34e0ff30_4d55_449c_ba04_6886d59a1fc9.jpg,1024,1.0,27.264,7.635,14.019,167.179,5.601,113.6,87.364,100.259,39.96,12.138,-1.352,0.8869,0.3263,0.4521,69.818,70.858,70.283,27.264,18.104,9.447,0.1182,0.3478,0.2753,27.767,13.361,0.06445,0.01758,8.819,0.2938,0.57,0.2806,-2.957,-1.58,-1.225,0.09074,1.552,2.586,0.5643,0.8577,0.000451,96.008,3.568,4.153,0.0001845,1.518e-05,
C:\Users\sblee\Downloads\Aesthetics-Toolbox-main\split_1\34e86aa6_214d_47e1_9da9_d147b4837475.jpg,1280,0.6667,21.083,7.51,4.564,44.914,5.883,118.415,120.597,118.329,49.596,-1.072,0.6941,0.4664,0.1034,0.49,55.104,53.219,46.037,21.083,1.625,6.0,0.282,0.05715,0.2075,43.025,12.72,-0.05859,0.02474,15.7,0.3599,0.2684,0.2818,-2.545,-1.26,-1.2,0.01082,1.201,2.346,0.5438,0.7948,0.0003839,90.132,4.5,4.459,0.0002856,2.738e-05,
C:\Users\sblee\Downloads\Aesthetics-Toolbox-main\split_1\34f2577a_a6e1_4ecd_add3_292d3f1b438f.jpg,1024,1.0,19.693,7.537,4.406,66.863,5.082,136.786,139.187,95.693,56.595,-5.331,18.725,0.9982,0.3428,0.5669,55.255,51.209,70.983,19.693,11.466,30.079,0.2878,0.438,0.2082,41.609,4.152,-0.01562,-0.01367,4.094,0.5355,0.2386,0.2206,-3.469,-1.827,-1.583,0.0515,1.198,2.312,0.5486,0.7065,0.001033,91.402,4.404,4.365,0.0004487,4.226e-05,
C:\Users\sblee\Downloads\Aesthetics-Toolbox-main\split_1\34fa5e6b_ee6b_4533_8c3e_b9fbb4627f37.jpg,1024,1.0,19.938,7.463,6.345,79.181,4.889,94.638,79.731,51.039,34.074,2.358,18.204,0.1175,0.5197,0.3718,51.808,47.736,40.531,19.938,9.001,12.527,0.04271,0.2838,0.2031,24.874,10.776,0.03906,0.03711,9.19,0.2501,0.3542,0.2246,-3.132,-1.549,-1.492,0.02043,1.285,2.392,0.5403,0.7874,0.0006967,96.567,4.366,4.363,0.000191,2.657e-05,
C:\Users\sblee\Downloads\Aesthetics-Toolbox-main\split_1\34fb1b1c_dce4_4069_9631_865567438de0.jpg,1984,1.067,17.037,7.257,5.532,91.511,3.169,105.154,87.813,70.934,37.97,4.502,12.566,0.08152,0.3605,0.4124,42.255,42.55,40.085,17.037,1.354,2.08,0.01194,0.09429,0.1657,56.036,4.035,-0.003906,0.01979,6.105,0.5036,0.4325,0.4261,-2.799,-1.434,-1.399,0.004088,1.407,2.463,0.7075,0.7967,0.0008448,90.472,3.718,4.09,0.00023,2.199e-05,
C:\Users\sblee\Downloads\Aesthetics-Toolbox-main\split_1\35171a62_66f0_4e0a_8916_9c435197ffc9.jpg,2048,0.6,15.39,7.185,4.637,42.239,6.461,76.892,76.999,86.976,32.718,2.901,-5.354,0.6805,0.2473,0.3596,29.942,39.447,41.728,15.39,7.98,6.688,0.1722,0.1327,0.1526,62.411,9.429,0.01302,0.04531,14.103,0.4534,0.4772,0.4228,-2.537,-1.248,-1.241,0.00819,1.399,2.372,0.7397,0.7976,0.0002325,93.946,4.489,4.501,0.0001431,1.435e-05,
C:\Users\sblee\Downloads\Aesthetics-Toolbox-main\split_1\351c6437_a480_4767_982a_abaa37f48dc0.jpg,1216,1.375,22.508,7.355,6.058,73.401,5.926,141.799,58.734,52.359,36.851,33.525,20.652,0.9787,0.7214,0.5574,63.353,64.164,25.502,22.508,19.676,26.514,0.07305,0.1582,0.2501,69.912,15.68,-0.07102,-0.0332,12.41,0.3667,0.3404,0.2991,-2.666,-1.411,-1.377,0.004451,1.35,2.426,0.6604,0.747,0.0006128,86.444,4.495,4.447,0.0003534,2.296e-05,
C:\Users\sblee\Downloads\Aesthetics-Toolbox-main\split_1\351f77ed_40a0_4853_b682_f4863225e146.png,1216,0.7273,25.827,7.78,7.526,117.445,5.979,121.046,69.631,133.83,37.547,32.431,-25.9814,0.799,0.5689,0.5381,71.778,64.581,69.053,25.827,17.175,14.852,0.07524,0.219,0.2668,58.854,14.082,0.01758,0.06818,9.502,0.6659,0.4045,0.3984,-2.848,-1.669,-1.351,0.02216,1.273,2.43,0.5497,0.7279,0.0007707,93.184,4.277,4.336,0.0003205,2.357e-05,
C:\Users\sblee\Downloads\Aesthetics-Toolbox-main\split_1\3522fa94_1925_40b7_955e_26726e23e89b.jpg,1984,0.7222,22.182,7.742,15.759,113.195,6.479,85.01,99.421,90.163,39.772,-6.763,3.611,0.3671,0.2501,0.4016,46.138,57.07,53.139,22.182,8.016,4.632,0.1659,0.135,0.2187,37.207,12.49,0.01442,0.06076,8.675,0.6088,0.6049,0.598,-2.136,-0.9997,-0.9378,0.006305,1.626,2.68,0.8548,0.8658,0.0001852,94.813,4.544,4.547,8.833e-05,7.938e-06,
C:\Users\sblee\Downloads\Aesthetics-Toolbox-main\split_1\352b816a_b25b_4817_93f1_678691133fc9.jpg,1728,2.375,27.929,7.429,6.321,83.758,6.739,103.856,119.842,123.984,47.953,-3.802,-4.447,0.5753,0.2561,0.5059,67.892,73.658,65.862,27.929,7.349,8.115,0.1823,0.1618,0.2724,47.191,17.972,-0.001645,-0.08984,21.279,0.485,0.3505,0.3529,-2.827,-1.324,-1.284,0.003711,1.275,2.479,0.6909,0.8031,0.0003061,93.293,4.543,4.465,0.000153,1.651e-05,
C:\Users\sblee\Downloads\Aesthetics-Toolbox-main\split_1\35329290_d11b_4c76_8ab8_e7b294092b39.jpg,1024,1.0,25.255,7.698,4.477,72.625,6.93,112.685,127.888,105.312,50.904,-8.461,10.542,0.2109,0.302,0.5292,50.502,69.071,56.171,25.255,15.537,10.48,0.2089,0.1179,0.2531,38.423,12.932,0.02734,0.05859,8.207,0.4504,0.3392,0.3159,-3.254,-1.55,-1.526,0.01347,1.117,2.257,0.6311,0.7064,0.0005751,94.816,4.503,4.433,0.0002815,2.932e-05,
C:\Users\sblee\Downloads\Aesthetics-Toolbox-main\split_1\35330798_de1e_4668_b033_37a61476a5cb.jpg,1216,0.7273,24.742,7.756,10.496,120.804,6.75,116.918,74.304,62.263,35.582,16.767,13.719,0.9687,0.4819,0.4653,77.086,59.243,38.37,24.742,16.193,21.551,0.1304,0.2195,0.2985,55.58,13.336,0.03711,0.0554,10.707,0.5493,0.4217,0.3864,-2.69,-1.378,-1.326,0.002361,1.423,2.51,0.6505,0.8046,0.0004357,93.527,4.351,4.403,0.0002109,2.137e-05,
C:\Users\sblee\Downloads\Aesthetics-Toolbox-main\split_1\3545d813_c722_44ec_b839_607f2873d1d5.jpg,1024,1.0,24.958,7.466,9.867,120.912,6.243,95.109,125.309,153.965,52.68,8.413,-21.0002,0.591,0.6978,0.7471,78.403,73.578,59.351,24.958,24.096,50.565,0.177,0.1766,0.1524,47.294,7.031,0.0,-0.03516,5.528,0.6073,0.4071,0.4065,-3.091,-1.542,-1.395,0.0371,1.378,2.387,0.6786,0.775,0.0006509,98.479,4.344,4.357,0.0002197,2.101e-05,
C:\Users\sblee\Downloads\Aesthetics-Toolbox-main\split_1\355c7204_a6e9_4de4_b5c5_add9e548c319.png,1024,1.0,18.339,7.454,9.394,76.284,7.284,111.256,100.81,118.45,43.958,9.248,-8.103,0.7876,0.3289,0.5165,49.55,47.543,45.117,18.339,9.764,15.94,0.1909,0.144,0.1829,43.332,5.859,0.01758,0.02344,6.99,0.4264,0.2869,0.2811,-2.316,-1.166,-1.036,0.04915,1.555,2.614,0.4225,0.708,0.0006209,90.947,4.261,4.446,0.000363,2.664e-05,
C:\Users\sblee\Downloads\Aesthetics-Toolbox-main\split_1\355ca133_a9d9_46e4_8a3b_449cf5317aea.png,1024,1.0,24.277,7.845,14.434,164.903,6.82,142.854,90.882,66.029,43.874,19.921,22.346,0.003351,0.614,0.5811,71.109,62.844,51.29,24.277,16.267,27.658,0.1664,0.262,0.2625,27.401,4.555,0.01953,-0.01172,2.968,0.5163,0.525,0.4945,-3.011,-1.528,-1.365,0.02912,1.55,2.583,0.7708,0.8171,0.0003508,99.135,4.539,4.512,0.0001385,1.507e-05,
C:\Users\sblee\Downloads\Aesthetics-Toolbox-main\split_1\3561deb8_788f_491a_b14c_f1c71f52e320.jpg,1344,1.625,18.724,7.512,10.96,119.61,5.389,105.902,74.71,61.113,34.329,11.554,13.495,0.04648,0.4183,0.4159,51.437,45.144,37.1,18.724,10.047,10.461,0.062,0.2003,0.2016,38.845,8.518,-0.02404,0.03516,16.163,0.5951,0.5718,0.5633,-2.529,-1.511,-1.212,0.005615,1.55,2.573,0.783,0.8592,0.0002345,97.939,4.52,4.552,0.0001248,9.041e-06,
C:\Users\sblee\Downloads\Aesthetics-Toolbox-main\split_1\3569cfe0_a2bd_4f4c_b05b_04f0af5e8c7c.jpg,1408,1.75,24.252,7.462,7.028,72.473,5.53,100.442,60.659,38.329,29.394,14.752,19.704,0.04066,0.5494,0.3944,71.847,58.543,38.032,24.252,15.883,20.052,0.06912,0.2681,0.2817,59.32,21.963,-0.05022,0.09766,22.881,0.362,0.436,0.3596,-2.547,-1.235,-1.265,0.006487,1.339,2.433,0.6692,0.7884,0.0004456,87.783,4.208,4.419,0.0001503,2.107e-05,
C:\Users\sblee\Downloads\Aesthetics-Toolbox-main\split_1\358812d4_d167_4ad8_bb29_e324fb237730.jpg,1024,1.0,23.931,7.829,4.465,51.292,7.421,118.621,117.109,99.564,48.685,0.2391,10.29,0.1272,0.3956,0.5353,58.222,64.796,61.351,23.931,16.617,19.992,0.2494,0.2344,0.2398,34.436,15.254,-0.05859,-0.04883,13.771,0.2455,0.3078,0.2016,-2.8,-1.288,-1.376,0.01894,1.283,2.323,0.4593,0.6926,0.0007267,95.378,4.209,4.062,0.0003488,3.382e-05,
C:\Users\sblee\Downloads\Aesthetics-Toolbox-main\split_1\35900119_883d_44de_ad8b_7fe5f71625c2.jpg,1600,2.125,29.009,7.876,10.428,130.565,6.01,122.839,119.053,112.669,48.836,1.187,4.203,0.07738,0.2363,0.5079,73.131,72.994,73.849,29.009,5.93,12.935,0.3151,0.2448,0.2801,32.44,7.034,0.0009191,-0.03516,19.106,0.5317,0.3696,0.3495,-2.722,-1.449,-1.3,0.00353,1.424,2.517,0.5717,0.8039,0.0003969,97.669,4.265,4.403,0.0002404,1.85e-05,
C:\Users\sblee\Downloads\Aesthetics-Toolbox-main\split_1\3599d604_58df_4c24_9c6d_e075fb8c767d.jpg,1024,1.0,21.377,7.61,10.373,113.009,6.638,134.639,80.762,101.16,41.367,27.475,-2.878,0.8882,0.5751,0.5568,57.332,57.069,61.814,21.377,14.215,32.041,0.1229,0.2438,0.2127,37.935,8.351,-0.007812,0.04102,7.118,0.5475,0.4019,0.3824,-2.716,-1.344,-1.219,0.02771,1.404,2.461,0.6649,0.7897,0.0007629,95.101,4.552,4.502,0.0003117,2.743e-05,
C:\Users\sblee\Downloads\Aesthetics-Toolbox-main\split_1\359bdca9_d18c_4016_b2df_60568800bd7c.jpg,1216,0.7273,14.392,7.142,5.708,57.715,5.053,107.707,123.681,149.709,51.135,0.7119,-16.0385,0.6032,0.2859,0.5877,32.53,37.455,35.133,14.392,3.605,6.271,0.04608,0.08182,0.1387,42.024,7.102,0.0,0.03551,7.888,0.4223,0.4531,0.3552,-2.439,-1.396,-1.13,0.01225,1.48,2.545,0.548,0.6856,0.0003067,91.441,4.423,4.422,0.0003037,1.169e-05,
C:\Users\sblee\Downloads\Aesthetics-Toolbox-main\split_1\35a39be9_2678_49a0_82cc_7ae551b8a6b4.jpg,1536,2.0,18.798,7.462,6.978,76.548,5.844,116.786,80.876,66.16,37.29,13.412,13.872,0.01933,0.4442,0.458,53.202,45.887,26.235,18.798,7.277,14.381,0.06774,0.1057,0.2086,36.292,3.221,0.003906,-0.01562,18.566,0.4386,0.4055,0.3969,-2.579,-1.219,-1.271,0.002857,1.447,2.507,0.6631,0.8187,0.0003883,96.536,3.932,4.233,0.000139,2.005e-05,
C:\Users\sblee\Downloads\Aesthetics-Toolbox-main\split_1\35d3986a_579c_48b8_b370_5238e2e3052a.jpg,1216,0.7273,24.173,7.755,17.778,123.933,7.227,98.667,93.066,91.373,39.418,3.424,2.489,0.9172,0.3984,0.4403,56.512,62.149,58.025,24.173,11.993,12.493,0.3836,0.2585,0.2208,31.722,10.511,0.0,-0.05256,17.051,0.6087,0.4867,0.4766,-2.113,-1.039,-0.9918,0.006111,1.65,2.69,0.6511,0.8405,0.0002709,97.272,4.544,4.53,0.0001059,1.627e-05,
C:\Users\sblee\Downloads\Aesthetics-Toolbox-main\split_1\35fbc45f_705e_4ff7_8e59_8e0f38d7bede.png,1280,0.6667,25.929,7.774,8.159,117.921,6.543,108.939,93.679,71.679,39.913,4.128,14.438,0.1707,0.4584,0.4367,61.748,66.772,65.6,25.929,10.27,17.573,0.1704,0.3783,0.243,39.945,5.938,0.007812,0.02865,9.529,0.3623,0.3566,0.3514,-2.807,-1.415,-1.331,0.001827,1.33,2.471,0.6013,0.7935,0.0006072,97.213,4.261,4.328,0.0002032,3.005e-05,
C:\Users\sblee\Downloads\Aesthetics-Toolbox-main\split_1\3604382f_a3ba_40da_a4e8_f05188f31147.jpg,1792,2.5,20.254,7.587,8.519,73.05,5.983,84.069,89.48,71.564,36.243,-4.926,9.37,0.2613,0.2821,0.3611,45.676,50.331,49.123,20.254,4.564,11.661,0.1296,0.2087,0.2018,42.726,18.409,-0.02734,0.08789,29.407,0.5303,0.4658,0.4098,-2.48,-1.166,-1.183,0.004734,1.408,2.543,0.8245,0.7806,0.0001786,88.583,4.259,4.444,0.0001287,1.583e-05,
C:\Users\sblee\Downloads\Aesthetics-Toolbox-main\split_1\360ac5dd_cfa4_4143_91ca_f7e11dbbfd3a.jpg,1280,0.6667,21.497,7.704,8.966,121.344,7.223,121.16,121.367,111.168,49.944,-1.405,5.319,0.1955,0.2392,0.5146,55.356,53.777,47.343,21.497,7.296,14.144,0.2654,0.1512,0.2041,16.948,5.029,0.02344,-0.009115,15.411,0.5178,0.551,0.4916,-2.859,-1.66,-1.393,0.01209,1.466,2.498,0.7864,0.8635,0.0002417,99.057,4.566,4.547,0.0001254,9.076e-06,
C:\Users\sblee\Downloads\Aesthetics-Toolbox-main\split_1\360ca60a_dcee_49d3_af8c_be5d1707c18d.jpg,1792,2.5,20.427,7.611,8.817,73.376,6.204,83.626,91.063,74.283,36.742,-5.57,8.51,0.2844,0.2697,0.3648,45.393,50.983,49.675,20.427,4.687,11.465,0.1406,0.1895,0.204,42.382,18.694,-0.02578,0.08984,29.55,0.5509,0.4467,0.406,-2.474,-1.156,-1.175,0.005417,1.425,2.554,0.7975,0.7867,0.0001759,88.529,4.311,4.455,0.0001252,1.552e-05,
C:\Users\sblee\Downloads\Aesthetics-Toolbox-main\split_1\363429f8_2fab_4f8b_a645_65decbce64de.jpg,1984,0.7222,17.757,7.36,13.66,109.744,7.124,77.96,78.443,61.865,32.498,-2.016,9.835,0.113,0.3623,0.3507,29.288,48.423,31.315,17.757,14.042,9.095,0.1686,0.1256,0.1624,47.583,4.867,-0.001202,0.02431,10.214,0.6225,0.5984,0.5989,-2.08,-1.202,-1.084,0.003532,1.649,2.66,0.8636,0.8699,0.0002089,97.042,4.551,4.539,8.801e-05,1.037e-05,
C:\Users\sblee\Downloads\Aesthetics-Toolbox-main\split_1\36528409_d04c_4bd3_8ad2_ad2d53f95887.jpg,1024,1.0,22.466,7.385,15.574,203.217,5.647,151.697,150.23,149.638,61.473,0.495,0.7355,0.04996,0.067,0.6076,56.821,59.256,64.103,22.466,1.965,3.956,0.2684,0.05883,0.2365,43.716,1.611,0.001953,0.007812,2.168,0.6148,0.5628,0.5226,-2.815,-1.229,-1.397,0.04049,1.49,2.625,0.8242,0.8826,0.0006124,99.682,2.427,2.562,0.0002163,3.281e-06,
C:\Users\sblee\Downloads\Aesthetics-Toolbox-main\split_1\36531ef1_cb68_44eb_93ed_df4bf0aee3b8.jpg,1728,0.6875,22.093,7.596,8.072,90.688,7.153,124.733,137.907,125.364,55.837,-5.4,6.285,0.2727,0.3422,0.5975,53.884,59.954,62.762,22.093,16.228,12.882,0.2164,0.1347,0.235,26.308,5.797,0.01562,0.02441,12.687,0.4812,0.4566,0.458,-2.464,-1.34,-1.164,0.002561,1.474,2.579,0.7778,0.8278,0.000289,94.086,4.562,4.535,0.000219,1.966e-05,
C:\Users\sblee\Downloads\Aesthetics-Toolbox-main\split_1\3671fd87_fc78_407a_92c7_6ca05a7a41b9.jpg,1024,1.0,23.836,7.772,4.357,56.012,6.032,96.263,106.157,111.694,43.957,0.6932,-2.706,0.9594,0.4249,0.5028,51.228,64.775,65.51,23.836,13.228,11.52,0.3134,0.2105,0.2224,47.163,21.658,0.08398,-0.06836,13.79,0.2332,0.4371,0.2199,-2.979,-1.456,-1.389,0.01028,1.217,2.401,0.5488,0.7301,0.0009206,85.19,4.244,4.261,0.0005315,3.306e-05,
C:\Users\sblee\Downloads\Aesthetics-Toolbox-main\split_1\368198b0_80cc_473d_983f_9fe5425f8f91.jpg,1216,0.7273,21.318,7.689,5.864,83.972,6.564,122.589,119.302,147.464,50.825,8.432,-14.6484,0.714,0.2953,0.5914,57.383,55.009,49.787,21.318,8.486,9.743,0.1148,0.1821,0.1938,41.227,0.6895,-0.001953,-0.002841,9.595,0.5257,0.4668,0.441,-2.924,-1.467,-1.407,0.0039,1.218,2.343,0.7137,0.8083,0.0004515,95.534,4.469,4.475,0.0002046,1.768e-05,
C:\Users\sblee\Downloads\Aesthetics-Toolbox-main\split_1\368b91fa_ded9_4611_af41_5a8fa1fbb16b.jpg,1024,1.0,22.082,7.775,8.161,74.835,6.151,120.632,121.148,81.089,49.181,-6.141,21.096,0.1588,0.3481,0.5089,53.756,58.55,32.117,22.082,12.483,16.264,0.1044,0.1286,0.2239,35.435,7.031,0.0,0.03516,6.791,0.487,0.4827,0.441,-2.754,-1.237,-1.385,0.01486,1.402,2.51,0.734,0.7489,0.0003167,94.353,4.415,4.43,0.0001464,1.834e-05,
C:\Users\sblee\Downloads\Aesthetics-Toolbox-main\split_1\36909101_e431_44bd_9784_91e4b3114a89.jpg,1216,0.7273,18.168,6.734,6.791,70.193,3.788,108.164,108.157,96.695,44.657,-2.202,6.296,0.1709,0.1218,0.4285,44.132,42.955,38.673,18.168,1.55,2.89,0.06621,0.05995,0.1706,17.168,2.403,-0.003906,0.01136,9.335,0.5281,0.4209,0.4286,-2.435,-1.377,-1.126,0.01345,1.327,2.536,0.5713,0.7813,0.00111,86.628,3.878,4.223,0.0002302,2.104e-05,
C:\Users\sblee\Downloads\Aesthetics-Toolbox-main\split_1\3697fd8a_461c_4db7_be82_a725ad05e872.jpg,1280,1.5,15.349,7.096,20.031,80.827,5.622,143.124,100.132,81.471,47.308,17.047,18.142,0.03966,0.5324,0.6087,59.816,39.624,39.042,15.349,19.599,21.313,0.1604,0.2065,0.1944,6.842,4.225,0.01172,-0.01758,11.875,0.5175,0.5235,0.4989,-1.588,-0.6816,-0.7301,0.02648,1.81,2.719,0.8228,0.8419,0.0003056,99.848,4.51,4.521,0.0001621,2.058e-05,
C:\Users\sblee\Downloads\Aesthetics-Toolbox-main\split_1\3699680a_99a0_4f55_bc80_07bc35ef47b6.jpg,1024,1.0,24.893,6.387,6.51,83.168,5.299,102.804,151.05,146.136,59.038,-12.1739,-4.013,0.5219,0.5265,0.6985,69.609,64.054,93.623,24.893,18.187,35.946,0.1649,0.2993,0.2654,15.816,7.031,0.03516,0.0,8.316,0.4034,0.3629,0.2657,-2.812,-1.436,-1.199,0.09699,1.357,2.349,0.5008,0.6461,0.001303,94.308,2.649,3.046,0.0006391,4.32e-05,
C:\Users\sblee\Downloads\Aesthetics-Toolbox-main\split_1\36c5b703_e326_4c03_b6a0_d330a842dad6.png,1024,1.0,23.162,7.428,10.148,80.467,4.172,142.006,114.716,96.069,49.714,8.689,14.87,0.07099,0.3699,0.5571,56.77,62.06,64.866,23.162,6.373,9.646,0.05432,0.2012,0.223,60.686,9.664,0.01172,0.04688,10.573,0.4544,0.4555,0.356,-2.68,-1.39,-1.031,0.0736,1.37,2.612,0.6038,0.7375,0.0004191,87.727,4.552,4.4,0.0001897,1.871e-05,
C:\Users\sblee\Downloads\Aesthetics-Toolbox-main\split_1\36cca3c7_6aba_49e7_bbfd_0054f8319df8.jpg,1280,1.5,10.143,6.915,7.948,61.947,5.726,113.976,96.358,76.468,41.991,4.056,13.888,0.1089,0.297,0.4497,35.985,22.635,15.997,10.143,7.547,10.089,0.08335,0.1642,0.139,30.74,7.203,-0.02734,0.02344,14.501,0.6202,0.6194,0.5888,-2.227,-1.241,-1.079,0.003421,1.612,2.611,0.864,0.8597,0.0001151,95.924,4.508,4.555,9.596e-05,7.336e-06,
C:\Users\sblee\Downloads\Aesthetics-Toolbox-main\split_1\36d02861_a6e7_4dcc_b703_15737c8f9fb3.png,1024,1.0,18.53,7.495,6.635,79.74,6.353,70.492,74.799,59.527,31.516,0.1109,9.687,0.1996,0.6117,0.374,46.168,48.714,52.888,18.53,15.197,18.413,0.2372,0.272,0.193,58.177,14.678,0.03125,0.06641,12.102,0.2991,0.3515,0.2625,-3.218,-1.634,-1.529,0.04143,1.467,2.435,0.6653,0.7714,0.0005872,93.496,3.91,4.163,0.0002198,2.596e-05,
C:\Users\sblee\Downloads\Aesthetics-Toolbox-main\split_1\36e075ff_babb_4440_a546_ab989dc595d6.jpg,1536,1.0,12.693,7.03,3.741,46.061,5.587,99.832,80.783,81.201,36.245,8.283,3.091,0.9054,0.2018,0.4003,42.194,28.543,27.446,12.693,10.732,10.313,0.1501,0.1774,0.167,19.957,8.598,0.001302,0.04297,5.705,0.4379,0.4056,0.3671,-2.732,-1.367,-1.294,0.004343,1.332,2.404,0.718,0.8225,0.0003022,95.922,4.503,4.533,0.0001759,1.705e-05,
C:\Users\sblee\Downloads\Aesthetics-Toolbox-main\split_1\36e1a39b_2aa7_4dc6_b273_d3d278200922.jpg,1280,0.6667,24.573,7.764,3.629,51.222,6.271,104.569,125.948,115.35,49.717,-9.588,2.725,0.4376,0.2276,0.4995,58.644,63.518,52.185,24.573,4.352,8.118,0.1028,0.08607,0.244,38.796,4.225,-0.01758,-0.01172,14.834,0.6432,0.4141,0.4089,-2.747,-1.397,-1.254,0.007135,1.193,2.348,0.545,0.7305,0.0005697,93.158,4.474,4.352,0.0002339,1.818e-05,
C:\Users\sblee\Downloads\Aesthetics-Toolbox-main\split_1\36f52af1_cc86_4779_8d37_fbfd69e87ed9.jpg,1536,1.0,21.969,7.625,7.009,75.949,7.006,103.27,76.529,69.892,34.931,11.796,8.388,0.9768,0.4814,0.4413,65.635,52.514,57.81,21.969,14.639,22.103,0.1983,0.2492,0.2673,54.6,10.728,-0.005208,0.05339,11.346,0.5182,0.3569,0.3509,-2.74,-1.141,-1.37,0.02606,1.407,2.448,0.5314,0.7712,0.0005418,90.089,4.028,4.216,0.0001829,2.315e-05,
C:\Users\sblee\Downloads\Aesthetics-Toolbox-main\split_1\370a1211_70a0_4336_9ef7_2a63c85a3a84.jpg,2048,0.6,19.845,7.57,5.14,53.711,2.99,101.414,89.184,90.722,38.243,5.337,0.9291,0.9761,0.1423,0.3977,49.959,48.404,47.745,19.845,2.09,1.333,0.02601,0.06466,0.1959,45.922,17.153,0.04557,0.07266,13.505,0.4203,0.3867,0.3651,-2.55,-1.131,-1.117,0.005278,1.315,2.443,0.6664,0.8185,0.0004723,93.843,3.62,4.193,0.0001781,1.743e-05,
C:\Users\sblee\Downloads\Aesthetics-Toolbox-main\split_1\370d03ff_d39f_4d2e_bd64_7e602c9bd41f.jpg,1280,1.5,22.424,7.746,7.348,111.087,7.274,121.815,101.715,130.459,48.634,17.899,-8.226,0.8169,0.6486,0.6474,69.092,71.77,51.173,22.424,30.526,23.14,0.2283,0.2182,0.2121,26.547,4.844,0.01432,0.01953,16.059,0.4461,0.4595,0.4235,-2.868,-1.57,-1.414,0.004369,1.381,2.5,0.6108,0.7554,0.0005402,99.007,4.448,4.483,0.0002749,2.118e-05,
C:\Users\sblee\Downloads\Aesthetics-Toolbox-main\split_1\370d1330_d66f_47ea_8d52_82f59a8d0c69.jpg,1088,1.125,23.533,6.233,8.636,84.363,3.481,115.701,111.247,102.064,45.981,0.1292,5.627,0.1102,0.1776,0.4541,55.165,56.825,53.557,23.533,2.244,2.73,0.05458,0.1674,0.2163,20.228,6.134,-0.01389,0.02734,10.797,0.4204,0.3475,0.3487,-2.574,-1.344,-1.209,0.01759,1.329,2.527,0.5245,0.8185,0.0004131,90.056,4.506,4.506,0.0002883,1.756e-05,
C:\Users\sblee\Downloads\Aesthetics-Toolbox-main\split_1\371002e7_8204_4ac3_8cc4_e1c7d5f3130f.jpg,1024,1.0,23.094,7.666,8.74,74.345,6.879,108.647,111.491,133.139,48.592,10.628,-8.362,0.9126,0.5127,0.632,62.894,65.131,83.975,23.094,19.7,28.852,0.2928,0.2618,0.2701,50.101,5.95,0.01172,0.02734,7.5,0.5459,0.1979,0.1663,-2.57,-1.145,-1.206,0.008118,1.319,2.562,0.5762,0.7572,0.0004679,88.488,3.544,3.97,0.0002229,2.547e-05,
C:\Users\sblee\Downloads\Aesthetics-Toolbox-main\split_1\37196d63_86ff_46d5_9eca_a9fb922f4880.png,1024,1.0,30.908,7.447,7.089,102.969,6.432,126.873,133.409,106.47,53.154,-6.388,13.57,0.2621,0.3781,0.5467,77.858,78.699,84.373,30.908,11.149,19.511,0.2621,0.2592,0.2964,51.578,4.704,0.02344,-0.001953,6.921,0.2549,0.3343,0.2369,-3.339,-1.671,-1.509,0.03317,1.299,2.394,0.527,0.7312,0.0006184,87.382,4.474,4.33,0.0003715,3.365e-05,
C:\Users\sblee\Downloads\Aesthetics-Toolbox-main\split_1\37279fdf_f5f6_457e_889a_796d6aecdaa0.jpg,1216,0.7273,26.591,7.716,5.918,98.177,6.338,124.758,99.131,68.081,43.607,9.343,21.196,0.08113,0.6294,0.5346,74.429,67.7,79.103,26.591,15.215,27.532,0.1469,0.3001,0.2997,48.734,5.347,0.007812,-0.02557,12.822,0.4149,0.3757,0.3294,-3.072,-1.599,-1.441,0.006231,1.261,2.35,0.6017,0.7513,0.0005487,95.885,4.524,4.447,0.0002734,3.591e-05,
C:\Users\sblee\Downloads\Aesthetics-Toolbox-main\split_1\373a3436_7e38_4e1f_91a7_3075aaa15452.jpg,2176,2.091,20.471,7.228,11.676,98.928,6.143,81.725,52.216,35.609,24.291,11.744,13.16,0.9736,0.5367,0.3225,64.473,44.618,24.877,20.471,8.047,23.105,0.1125,0.2557,0.2517,61.794,17.278,-0.07065,0.04972,25.687,0.5506,0.4755,0.4477,-2.444,-1.1,-1.135,0.00222,1.604,2.657,0.663,0.8021,0.0003255,91.477,4.526,4.524,0.0001789,2.006e-05,
C:\Users\sblee\Downloads\Aesthetics-Toolbox-main\split_1\373fab68_5944_4fc3_8a19_a271437e7d7c.jpg,1280,0.6667,19.215,7.589,12.673,97.709,7.32,86.776,77.687,52.946,33.667,1.951,16.021,0.1028,0.5712,0.3993,55.821,48.941,35.446,19.215,18.892,18.367,0.2017,0.2261,0.2011,41.504,9.968,0.02734,-0.04167,19.227,0.4831,0.5005,0.4226,-2.219,-1.131,-1.128,0.003644,1.65,2.574,0.6856,0.8489,0.0003864,95.626,4.388,4.514,0.0001063,1.65e-05,
C:\Users\sblee\Downloads\Aesthetics-Toolbox-main\split_1\373fea1e_c65f_4ebb_8b19_ff1e579418c9.jpg,1280,0.6667,26.987,7.817,17.08,132.768,4.824,111.884,96.473,85.853,40.746,4.414,8.041,0.05572,0.3357,0.4389,68.534,65.812,60.9,26.987,2.781,5.425,0.04616,0.2504,0.2687,34.97,3.149,0.001953,0.01562,13.829,0.5833,0.4966,0.4835,-2.336,-1.042,-1.043,0.01231,1.565,2.678,0.6202,0.8456,0.0003828,97.074,4.506,4.455,0.0001707,2.143e-05,
C:\Users\sblee\Downloads\Aesthetics-Toolbox-main\split_1\374341b4_be35_40b5_80a4_24a941d91776.jpg,1344,1.625,27.971,6.996,11.864,86.786,1.264,114.218,113.542,113.909,46.354,0.3488,-0.1126,0.9689,0.03502,0.4482,66.673,67.363,66.998,27.971,0.5003,0.3677,0.06184,0.09222,0.2614,21.471,8.458,0.03846,-0.01758,17.646,0.3636,0.3412,0.3558,-2.19,-1.024,-0.9719,0.004482,1.422,2.671,0.4914,0.7923,0.0005722,92.896,4.445,4.404,0.0003795,2.543e-05,
C:\Users\sblee\Downloads\Aesthetics-Toolbox-main\split_1\3753c414_0a76_4ad9_9a85_75d3c0d31b69.jpg,1024,1.0,18.285,7.401,8.382,80.824,5.772,117.788,119.274,93.483,48.894,-4.9,13.819,0.2281,0.2698,0.4957,53.842,45.671,38.729,18.285,6.425,11.081,0.1258,0.1493,0.1928,49.885,3.221,-0.003906,0.01562,5.855,0.5338,0.3488,0.3449,-2.769,-1.334,-1.341,0.02399,1.437,2.543,0.5714,0.743,0.0003464,92.688,4.465,4.292,0.000163,2.552e-05,
C:\Users\sblee\Downloads\Aesthetics-Toolbox-main\split_1\37551756_bde2_4098_9e4e_7af6491a8b17.jpg,1216,0.7273,13.565,7.205,1.14,27.772,5.938,125.184,101.415,83.538,44.752,6.985,13.761,0.109,0.3386,0.5045,49.656,31.73,21.075,13.565,10.988,10.594,0.1593,0.1443,0.1779,35.579,5.893,0.007812,-0.02841,11.208,0.4711,0.4196,0.4072,-3.111,-1.55,-1.455,0.03923,0.8469,2.052,0.6065,0.6935,0.001246,96.398,3.025,1.583,0.0006336,1.262e-05,
C:\Users\sblee\Downloads\Aesthetics-Toolbox-main\split_1\37701feb_3a16_4ac4_b589_bdbd7b47664e.jpg,1024,1.0,21.09,7.347,9.335,105.471,5.016,143.388,137.703,140.217,58.188,3.67,0.5173,0.6117,0.2942,0.6375,50.612,59.683,65.939,21.09,15.996,21.111,0.186,0.2683,0.2069,8.82,11.267,0.04688,-0.03125,7.52,0.4416,0.2891,0.2805,-2.968,-1.532,-1.34,0.06762,1.392,2.563,0.5699,0.7596,0.000377,91.577,4.405,4.46,0.0002483,1.98e-05,
C:\Users\sblee\Downloads\Aesthetics-Toolbox-main\split_1\3784209d_023a_4c0a_8b39_9d01d9ecb505.jpg,1216,0.7273,28.053,7.742,15.321,116.194,1.858,103.414,102.245,103.166,41.895,0.6521,-0.3536,0.9288,0.06706,0.4065,67.798,68.537,68.03,28.053,0.6398,0.5729,0.0901,0.1568,0.2656,30.81,15.361,-0.003906,0.0767,10.85,0.5411,0.3967,0.4097,-2.232,-1.028,-1.03,0.003346,1.47,2.633,0.613,0.8328,0.0003887,95.638,4.41,4.44,0.0001966,2.404e-05,
C:\Users\sblee\Downloads\Aesthetics-Toolbox-main\split_1\37919143_5226_4cc1_b522_b8257197b4ea.jpg,1216,0.7273,15.747,7.395,1.021,23.281,6.469,143.639,78.896,101.824,42.437,30.414,-0.8765,0.9119,0.5445,0.5915,54.578,42.443,18.91,15.747,14.891,21.303,0.1303,0.1422,0.1882,47.955,10.511,0.0,-0.05256,19.053,0.9263,0.4806,0.4799,-3.133,-1.624,-1.47,0.02942,0.8105,2.041,0.5457,0.6334,0.001461,90.828,2.678,1.69,0.0009395,9.056e-06,
C:\Users\sblee\Downloads\Aesthetics-Toolbox-main\split_1\37e16eba_2db5_4ab8_9e23_24136e081faf.png,1024,1.0,20.112,7.421,5.244,64.172,6.276,95.685,59.093,59.723,28.922,16.492,6.879,0.97,0.503,0.3792,50.411,50.87,41.089,20.112,9.661,12.467,0.08486,0.2135,0.1968,51.057,12.166,-0.04492,0.04102,11.6,0.4666,0.4111,0.3668,-3.076,-1.51,-1.419,0.01679,1.265,2.365,0.6348,0.7617,0.0005268,90.353,4.39,4.336,0.0001952,2.113e-05,
C:\Users\sblee\Downloads\Aesthetics-Toolbox-main\split_1\3800abca_7469_4b72_bef7_29cade354967.jpg,1344,0.75,27.936,7.667,8.921,99.752,4.995,117.375,90.777,63.693,39.168,7.7,18.044,0.05543,0.4453,0.4607,75.813,68.405,53.927,27.936,6.356,17.714,0.07102,0.2196,0.2969,44.609,10.069,0.03472,0.03646,11.17,0.3429,0.4211,0.3144,-2.861,-1.278,-1.391,0.01882,1.364,2.442,0.7389,0.73,0.0004954,96.051,4.192,4.116,0.0002105,3.52e-05,
C:\Users\sblee\Downloads\Aesthetics-Toolbox-main\split_1\380ab5c0_2c07_4c18_a4a4_41ea0456fcf5.png,1024,1.0,33.268,7.534,18.164,249.691,4.527,114.528,113.86,114.474,45.923,0.4422,-0.2675,0.9056,0.04106,0.4527,83.201,84.238,83.581,33.268,1.14,1.099,0.2355,0.05745,0.3281,41.443,10.776,0.03906,0.03711,7.023,0.5433,0.4726,0.4624,-3.237,-1.795,-1.348,0.1192,1.48,2.599,0.618,0.8441,0.0009102,97.507,3.308,3.835,0.0002435,1.029e-05,
C:\Users\sblee\Downloads\Aesthetics-Toolbox-main\split_1\380e393b_2357_4077_8c6c_59154ccaa670.jpg,1216,1.375,18.986,7.535,9.826,75.649,5.59,105.929,91.21,80.286,39.633,6.281,9.419,0.02951,0.434,0.4671,44.327,48.168,61.507,18.986,8.385,18.724,0.2311,0.2201,0.2122,44.887,10.156,0.0,0.05078,15.873,0.5039,0.4314,0.4098,-2.315,-1.087,-1.112,0.003511,1.588,2.64,0.7574,0.8241,0.0003929,93.602,4.417,4.496,0.0001838,1.617e-05,
C:\Users\sblee\Downloads\Aesthetics-Toolbox-main\split_1\38120f1b_de62_4c67_831e_d421066015d7.jpg,1024,1.0,18.597,7.54,14.011,93.255,7.157,96.208,123.588,80.098,49.391,-12.8621,18.995,0.359,0.6047,0.5511,75.162,46.584,40.759,18.597,17.47,31.022,0.1934,0.2139,0.2129,46.397,3.338,-0.005859,0.01562,6.182,0.5134,0.5115,0.4718,-2.457,-1.119,-1.105,0.03534,1.641,2.653,0.7523,0.8402,0.0002845,95.251,4.209,4.451,0.0001204,1.465e-05,
C:\Users\sblee\Downloads\Aesthetics-Toolbox-main\split_1\3816f8b2_555d_4080_8d1d_79b07bfb9372.png,1024,1.0,24.211,7.825,3.621,53.8,6.787,141.107,102.903,131.061,47.665,21.503,-9.513,0.8912,0.3877,0.6011,67.803,62.078,51.961,24.211,10.366,17.075,0.1229,0.1797,0.236,27.996,11.355,-0.003906,-0.05664,10.627,0.3412,0.3753,0.2987,-3.184,-1.553,-1.527,0.004858,1.112,2.288,0.5569,0.6951,0.0007156,93.397,4.446,4.31,0.000349,2.699e-05,
C:\Users\sblee\Downloads\Aesthetics-Toolbox-main\split_1\3819da88_c6de_4a85_bf31_fda3b0a1b670.jpg,1984,0.7222,34.919,7.264,33.629,202.821,2.278,90.175,89.299,90.872,36.048,0.6394,-0.7421,0.8278,0.1179,0.3571,86.566,86.865,86.876,34.919,0.6165,0.6516,0.1446,0.2462,0.3404,41.635,3.297,0.01202,-0.01128,16.147,0.6636,0.6656,0.658,-1.827,-0.9375,-0.7052,0.007334,1.745,2.944,0.7905,0.8993,0.0002195,96.259,4.565,4.535,0.0001174,4.899e-06,
C:\Users\sblee\Downloads\Aesthetics-Toolbox-main\split_1\381f53e8_a995_46c7_bab4_7317775a2f69.png,1024,1.0,28.333,7.599,12.177,144.109,6.152,120.886,117.901,113.11,48.506,0.6263,3.027,0.07978,0.2319,0.4942,72.625,70.189,69.682,28.333,3.437,8.617,0.2306,0.2692,0.28,16.029,8.629,-0.003906,0.04297,5.364,0.436,0.3321,0.328,-3.108,-1.68,-1.329,0.08635,1.578,2.562,0.6063,0.8136,0.0007198,96.499,4.516,4.485,0.0003454,2.092e-05,
C:\Users\sblee\Downloads\Aesthetics-Toolbox-main\split_1\38200583_12c8_4c84_9aaf_a5af899fa6e0.jpg,1536,1.0,16.945,7.364,8.898,72.441,6.448,94.369,75.089,71.024,33.413,8.227,5.483,0.9444,0.3333,0.3824,47.346,39.894,43.914,16.945,8.666,14.434,0.1638,0.2338,0.1896,52.204,9.317,-0.02083,0.04167,9.391,0.5598,0.3996,0.3966,-2.662,-1.004,-1.158,0.04518,1.516,2.577,0.7573,0.7962,0.000397,93.346,3.286,3.711,0.0001298,2.337e-05,
C:\Users\sblee\Downloads\Aesthetics-Toolbox-main\split_1\3839b91e_fff8_427b_a800_b02d29b06a69.jpg,1280,0.6667,22.288,7.392,11.891,92.122,6.431,101.655,66.187,61.829,31.474,15.605,9.262,0.0006449,0.5221,0.4003,53.383,57.77,51.606,22.288,10.23,13.394,0.08894,0.2398,0.2086,63.292,4.895,-0.02148,-0.01172,16.239,0.5561,0.5432,0.5208,-2.393,-1.292,-1.16,0.007842,1.538,2.529,0.7999,0.8089,0.0002904,84.605,4.5,4.429,0.0001014,1.482e-05,
C:\Users\sblee\Downloads\Aesthetics-Toolbox-main\split_1\3857f1f0_4b8c_4645_9df2_370f325f8710.jpg,1024,1.0,22.755,7.233,6.973,97.104,5.686,153.611,147.258,117.09,60.386,-1.264,15.857,0.01032,0.3196,0.6236,55.38,59.943,59.179,22.755,13.831,23.665,0.1466,0.3189,0.2243,5.905,6.822,-0.03125,-0.01367,4.122,0.3968,0.5423,0.3811,-3.309,-1.664,-1.531,0.02742,1.407,2.425,0.5851,0.7701,0.0004998,86.561,3.965,4.204,0.0001864,2.024e-05,
C:\Users\sblee\Downloads\Aesthetics-Toolbox-main\split_1\385adf43_3c9e_493f_816c_b75f211077e0.jpg,1344,1.625,23.716,7.434,11.398,120.306,5.134,97.822,79.427,67.826,34.18,6.253,9.633,0.06069,0.3485,0.3853,58.595,58.644,53.834,23.716,5.453,8.818,0.0646,0.1672,0.2326,58.666,16.251,0.0601,0.05469,22.529,0.4874,0.4858,0.4544,-2.463,-1.257,-1.254,0.002481,1.53,2.553,0.7259,0.8318,0.0005234,93.692,4.152,4.301,0.0001812,1.657e-05,
C:\Users\sblee\Downloads\Aesthetics-Toolbox-main\split_1\385f0d39_40f0_47f3_a654_93cf67aa9887.jpg,1024,1.0,30.141,6.91,7.316,101.253,5.605,108.367,142.118,169.958,57.833,2.731,-17.7232,0.5195,0.467,0.7247,93.163,80.401,85.904,30.141,17.823,35.684,0.2458,0.4041,0.2949,33.317,7.463,-0.02734,-0.02539,8.705,0.356,0.351,0.26,-2.706,-1.283,-1.223,0.04383,1.226,2.246,0.5311,0.6034,0.001561,95.14,2.947,3.505,0.000609,6.205e-05,
C:\Users\sblee\Downloads\Aesthetics-Toolbox-main\split_1\3860405c_2aa6_4082_ab90_4843445d7ff4.png,1024,1.0,27.007,7.844,14.376,142.326,5.553,111.683,113.799,119.832,46.599,0.5299,-3.513,0.6745,0.09756,0.4707,66.373,67.624,69.692,27.007,1.667,3.248,0.1291,0.1166,0.2731,38.569,4.022,-0.009766,0.01758,5.198,0.5469,0.442,0.432,-2.908,-1.455,-1.253,0.06374,1.421,2.592,0.7927,0.831,0.0005453,93.334,3.591,3.991,0.0001693,1.225e-05,
C:\Users\sblee\Downloads\Aesthetics-Toolbox-main\split_1\3862361e_7367_4db6_a8fe_650dd9b54455.jpg,2048,1.0,4.496,6.734,0.2887,6.999,5.286,65.925,65.396,63.767,27.669,-0.08622,1.132,0.1577,0.08872,0.2665,9.634,10.401,12.515,4.496,2.356,2.57,0.212,0.05331,0.04141,33.686,3.731,0.0127,-0.01367,3.689,0.6573,0.6826,0.6142,-3.074,-1.547,-1.415,0.009842,0.9429,2.058,0.7462,0.7969,0.001186,94.562,4.166,3.974,0.0003298,4.996e-06,
C:\Users\sblee\Downloads\Aesthetics-Toolbox-main\split_1\38782dce_6a20_46e7_99b4_b7ebfd7c206a.png,1024,1.0,24.894,7.616,13.414,118.626,6.231,112.326,73.675,58.317,37.467,17.95,16.453,0.0746,0.8153,0.5393,79.732,65.238,80.868,24.894,25.304,44.756,0.1646,0.2045,0.332,62.186,6.652,0.0332,0.001953,5.082,0.5084,0.3507,0.3348,-2.895,-1.379,-1.308,0.02344,1.612,2.53,0.6251,0.7278,0.000717,91.861,4.323,4.327,0.0001777,3.8e-05,
C:\Users\sblee\Downloads\Aesthetics-Toolbox-main\split_1\3884109c_d12b_4561_b183_67c82e527959.jpg,1280,0.6667,10.705,6.412,0.5222,11.721,5.822,120.022,96.123,61.778,42.231,5.27,23.397,0.1027,0.5007,0.4712,22.144,29.181,28.75,10.705,5.2,5.923,0.02836,0.1428,0.08781,73.363,3.646,0.0,-0.01823,14.968,0.7711,0.5812,0.5493,-3.077,-1.56,-1.452,0.01141,0.8958,2.026,0.4447,0.587,0.001455,79.063,4.304,2.55,0.0009462,9.484e-06,
C:\Users\sblee\Downloads\Aesthetics-Toolbox-main\split_1\388e9cd7_6c43_4ddc_858d_e222dc13537a.jpg,1024,1.0,30.029,7.873,9.266,129.032,6.279,117.532,106.382,94.573,45.946,7.506,8.781,0.532,0.5928,0.57,89.941,76.683,90.259,30.029,18.865,31.22,0.2936,0.3371,0.3221,44.675,10.576,0.003906,-0.05273,11.616,0.6359,0.4494,0.4303,-2.907,-1.429,-1.335,0.02466,1.356,2.543,0.5167,0.741,0.0009462,94.441,4.452,4.394,0.0004739,3.646e-05,
C:\Users\sblee\Downloads\Aesthetics-Toolbox-main\split_1\389f6020_7f78_4f56_b2e2_205be70a554d.jpg,1024,1.0,22.059,7.674,12.666,108.739,5.763,116.67,139.221,153.999,55.932,-3.944,-10.0163,0.5637,0.2794,0.6192,44.974,57.016,66.183,22.059,5.453,10.413,0.1393,0.1065,0.249,12.201,14.875,-0.03711,-0.06445,8.086,0.4634,0.466,0.384,-2.449,-1.144,-1.137,0.02334,1.59,2.603,0.5747,0.8145,0.0003958,90.514,4.413,4.446,0.0001999,1.77e-05,
C:\Users\sblee\Downloads\Aesthetics-Toolbox-main\split_1\38a198fa_3702_4787_b6f2_d072d99c0950.png,1024,1.0,23.923,7.863,14.573,142.235,6.93,122.83,114.961,108.784,48.738,3.901,5.739,0.03034,0.3629,0.5492,59.791,63.244,70.992,23.923,12.844,20.259,0.3975,0.2572,0.2479,25.514,1.992,-0.001953,0.009766,5.41,0.4569,0.4531,0.3669,-2.701,-1.3,-1.222,0.03734,1.563,2.578,0.6663,0.7977,0.0006147,98.679,3.713,4.255,0.0001585,2.214e-05,
C:\Users\sblee\Downloads\Aesthetics-Toolbox-main\split_1\38a62eee_f6b2_4ac2_b5a3_46e95769444a.jpg,1216,0.7273,25.165,7.766,8.244,104.676,6.384,118.868,118.965,104.465,49.714,2.226,9.802,0.1589,0.5601,0.5889,79.235,61.065,86.6,25.165,13.594,28.381,0.21,0.3098,0.2975,18.814,17.334,0.001953,-0.08665,20.875,0.331,0.3343,0.3026,-2.835,-1.385,-1.232,0.009253,1.381,2.497,0.6085,0.7183,0.0004209,95.868,4.541,4.505,0.0002844,2.79e-05,
C:\Users\sblee\Downloads\Aesthetics-Toolbox-main\split_1\38b72461_62da_40d0_9e7c_0bb70f24f49e.jpg,1024,1.0,26.268,7.475,6.459,84.329,5.685,90.161,69.189,60.034,29.96,7.851,8.592,0.0108,0.3919,0.3557,69.65,64.326,54.995,26.268,6.488,11.197,0.0993,0.1895,0.2717,61.617,7.704,0.0332,-0.01953,13.979,0.3758,0.3436,0.34,-3.082,-1.5,-1.434,0.02427,1.319,2.413,0.5449,0.7508,0.0008937,90.9,4.181,4.325,0.0002625,2.945e-05,
C:\Users\sblee\Downloads\Aesthetics-Toolbox-main\split_1\38c7945e_518a_41b2_befa_1283f998952a.jpg,1024,1.0,14.038,7.569,1.101,19.593,5.179,106.012,68.034,37.552,32.849,11.986,25.005,0.07819,0.6292,0.4157,46.244,33.446,12.54,14.038,16.15,11.645,0.04994,0.1085,0.1813,21.667,3.685,-0.01562,-0.009766,3.956,0.6454,0.4599,0.4393,-3.032,-1.632,-1.454,0.001933,0.8193,2.011,0.5822,0.6844,0.001166,98.237,3.855,2.535,0.0007452,9.52e-06,
C:\Users\sblee\Downloads\Aesthetics-Toolbox-main\split_1\38cf1734_f693_4807_94b7_6e590575f5a7.jpg,1024,1.0,22.254,7.76,16.7,138.55,6.593,99.594,99.97,88.079,41.804,-0.7222,7.953,0.2487,0.4209,0.4593,56.638,58.001,58.149,22.254,15.227,11.399,0.2474,0.212,0.2211,41.649,13.943,0.01367,0.06836,9.502,0.4883,0.5064,0.4738,-2.41,-1.251,-1.076,0.04885,1.621,2.652,0.7708,0.8484,0.0002325,95.793,4.548,4.541,0.0001139,1.341e-05,
C:\Users\sblee\Downloads\Aesthetics-Toolbox-main\split_1\38d3611b_d5c2_4d89_a772_6e3d51e243cf.jpg,1280,0.6667,21.55,7.621,10.674,94.415,5.991,111.504,103.743,104.595,43.984,4.58,1.178,0.003234,0.3151,0.4969,54.083,51.719,61.03,21.55,4.582,17.997,0.2303,0.1782,0.2361,14.655,6.51,-0.03125,-0.009115,14.866,0.4269,0.4207,0.4838,-2.365,-1.26,-1.108,0.002162,1.54,2.604,0.6526,0.8309,0.0002494,97.807,4.545,4.535,0.0001766,1.779e-05,
C:\Users\sblee\Downloads\Aesthetics-Toolbox-main\split_1\38d5bf22_ad15_4f1f_9efe_0d2c31d530d8.jpg,1536,1.0,23.46,7.844,9.513,119.517,5.876,105.572,118.772,133.517,48.428,-0.7476,-9.749,0.5872,0.2801,0.5343,58.611,59.637,58.735,23.46,5.21,9.659,0.1216,0.1628,0.2356,36.191,8.022,-0.009115,-0.03906,6.247,0.5613,0.5153,0.5147,-2.695,-1.195,-1.226,0.01701,1.43,2.601,0.583,0.8112,0.0005,96.931,3.834,4.216,0.0002215,1.923e-05,
C:\Users\sblee\Downloads\Aesthetics-Toolbox-main\split_1\38d7241a_9e7e_4411_8fe8_97ba54160109.jpg,1024,1.0,19.706,7.611,14.852,150.977,6.321,103.084,84.801,72.983,37.439,5.886,10.381,0.06889,0.3618,0.4112,50.429,50.466,50.758,19.706,12.026,12.469,0.1265,0.2901,0.1976,35.106,3.494,-0.01562,-0.007812,3.795,0.5409,0.4555,0.4349,-2.749,-1.394,-1.25,0.04856,1.635,2.634,0.6766,0.8324,0.0004533,96.747,3.713,4.17,0.0001293,1.278e-05,
C:\Users\sblee\Downloads\Aesthetics-Toolbox-main\split_1\38de6236_2b79_43ef_a2f0_86ba9c16ebb3.jpg,1024,1.0,26.792,7.069,8.497,108.117,5.855,80.516,65.639,40.34,27.831,4.928,16.032,0.09176,0.6849,0.3434,72.19,67.444,54.781,26.792,9.179,23.268,0.1556,0.2349,0.2728,68.307,7.463,0.02539,0.02734,9.12,0.378,0.3776,0.3336,-3.247,-1.734,-1.44,0.08177,1.26,2.445,0.6312,0.7537,0.0005243,85.861,4.3,4.405,0.0001852,2.772e-05,
C:\Users\sblee\Downloads\Aesthetics-Toolbox-main\split_1\38eb521a_ee38_4881_9a7a_8831b74b6b85.jpg,1536,1.0,21.088,7.79,6.546,64.309,6.97,121.979,96.828,120.319,43.645,15.04,-8.725,0.8493,0.3278,0.5307,61.578,48.976,60.88,21.088,9.955,14.081,0.1466,0.1395,0.2536,38.698,10.803,-0.01432,0.05208,9.687,0.5545,0.3143,0.2997,-2.362,-1.155,-1.118,0.005896,1.391,2.524,0.4867,0.7977,0.0005283,92.084,4.313,4.466,0.000247,1.642e-05,
C:\Users\sblee\Downloads\Aesthetics-Toolbox-main\split_1\38ee9597_d709_4b01_a1f5_1d0719446493.jpg,1152,0.8,22.726,7.692,4.322,63.424,5.099,151.249,110.606,90.233,50.22,13.75,19.167,0.06073,0.4679,0.5931,48.691,64.799,55.037,22.726,13.911,6.967,0.04491,0.2444,0.191,22.967,6.594,-0.01953,0.02656,10.033,0.424,0.4228,0.394,-2.961,-1.57,-1.441,0.007051,1.186,2.343,0.6593,0.725,0.0005314,92.214,4.5,4.368,0.0002343,2.112e-05,
C:\Users\sblee\Downloads\Aesthetics-Toolbox-main\split_1\38fe374d_66a4_41f7_8a26_5e4484d21d5f.jpg,1024,1.0,19.083,7.435,11.102,105.471,5.367,155.604,141.047,97.964,58.532,0.0003092,24.905,0.1156,0.4309,0.6153,48.603,49.078,65.046,19.083,4.533,17.417,0.1277,0.256,0.1861,62.026,7.675,0.009766,-0.03711,4.357,0.5799,0.4069,0.386,-2.578,-1.284,-1.099,0.04317,1.609,2.587,0.5233,0.8014,0.0002764,99.143,4.563,4.505,0.0001575,1.593e-05,
C:\Users\sblee\Downloads\Aesthetics-Toolbox-main\split_1\3902305f_c3b5_4359_9c93_f8b31b20d474.jpg,1216,0.7273,24.003,7.712,11.987,115.128,5.822,109.95,77.394,49.32,35.314,10.899,21.649,0.07686,0.6373,0.4354,62.356,60.727,60.53,24.003,12.931,14.626,0.07234,0.2862,0.2425,59.367,7.993,0.003906,0.03977,10.631,0.5911,0.5322,0.5083,-2.566,-1.349,-1.216,0.003493,1.529,2.54,0.7966,0.8276,0.0003069,87.956,4.495,4.479,0.0001126,1.435e-05,
C:\Users\sblee\Downloads\Aesthetics-Toolbox-main\split_1\39090a92_a4f4_4136_8c05_71dbdcef2855.jpg,1536,1.0,20.663,7.651,6.928,71.145,7.024,102.172,83.973,94.066,37.295,9.844,-2.377,0.9195,0.3258,0.4408,64.262,46.996,52.285,20.663,12.805,11.219,0.1893,0.1513,0.2525,43.571,8.177,0.00651,0.04036,8.551,0.4389,0.3362,0.3459,-2.604,-1.067,-1.321,0.02176,1.32,2.378,0.4875,0.7968,0.0004851,94.729,4.405,4.441,0.0002476,2.31e-05,
C:\Users\sblee\Downloads\Aesthetics-Toolbox-main\split_1\390cc9ab_22e2_4d45_9d39_5140e63e2527_1700154799971_36.png,1024,1.0,19.884,7.622,8.139,83.744,5.903,119.96,105.234,93.205,44.81,4.172,9.043,0.06448,0.2648,0.4721,47.467,50.158,47.655,19.884,4.336,6.875,0.06975,0.1563,0.1873,24.496,9.944,-0.03516,-0.03516,5.498,0.4445,0.4599,0.426,-2.73,-1.359,-1.238,0.03208,1.444,2.466,0.7681,0.8331,0.0003287,96.277,4.525,4.516,0.0001397,1.617e-05,
C:\Users\sblee\Downloads\Aesthetics-Toolbox-main\split_1\390ce72b_bd7f_4d49_ae81_29693d2f83e3.jpg,1024,1.0,39.496,5.794,15.568,351.731,1.869,89.163,88.563,88.698,35.143,0.3039,-0.005988,0.9868,0.07868,0.3501,99.621,99.995,99.695,39.496,0.6327,0.3947,0.09825,0.2222,0.3908,58.077,2.975,0.005859,-0.01367,2.142,0.7959,0.6034,0.563,-3.262,-1.704,-1.514,0.07415,1.243,2.553,0.7172,0.7545,0.001566,99.066,2.286,2.485,0.0003159,9.331e-06,
C:\Users\sblee\Downloads\Aesthetics-Toolbox-main\split_1\39184815_8293_4def_bea9_d9217b1e1826.jpg,1024,1.0,13.454,7.027,3.807,39.272,4.701,122.103,83.737,58.102,39.071,13.223,21.088,0.06306,0.5051,0.4857,47.413,30.464,20.923,13.454,9.118,14.906,0.088,0.1794,0.1807,56.359,9.44,-0.04297,0.01953,8.355,0.436,0.3089,0.3027,-2.785,-1.325,-1.333,0.01182,1.258,2.352,0.5594,0.7612,0.0003741,86.378,4.441,4.459,0.0003016,1.558e-05,
C:\Users\sblee\Downloads\Aesthetics-Toolbox-main\split_1\39258215_ded4_4c65_b2b4_d4d47149ff7f.jpg,1152,0.8,14.894,7.384,1.138,26.221,5.706,95.985,82.121,70.312,35.613,4.184,9.085,0.08907,0.321,0.3878,40.121,36.423,29.667,14.894,6.025,8.372,0.1545,0.1398,0.1474,48.908,10.156,0.01953,0.04688,7.486,0.4757,0.4378,0.3903,-3.098,-1.599,-1.453,0.02876,0.8551,2.035,0.5061,0.7078,0.001231,93.993,3.755,2.284,0.0004753,1.515e-05,
C:\Users\sblee\Downloads\Aesthetics-Toolbox-main\split_1\392a9e36_2918_4071_b60e_2b7b4ce04f3e.jpg,1216,1.375,16.092,7.283,8.006,63.796,5.997,92.181,85.461,74.761,36.332,1.156,7.074,0.1854,0.281,0.3855,53.383,36.421,28.506,16.092,7.349,11.203,0.2278,0.1744,0.1885,47.798,14.452,-0.03267,0.06445,14.99,0.4593,0.4316,0.458,-2.262,-1.138,-1.082,0.002292,1.537,2.55,0.688,0.8345,0.0003958,90.758,4.45,4.536,0.0001071,1.564e-05,
C:\Users\sblee\Downloads\Aesthetics-Toolbox-main\split_1\392d3ef6_9e46_450a_bb80_4feb09513b94.jpg,1280,1.5,17.347,7.402,2.265,50.527,4.816,116.235,127.031,193.737,54.524,13.656,-36.182,0.6467,0.4242,0.7602,44.941,46.51,43.763,17.347,9.147,9.04,0.03694,0.1068,0.1722,43.146,1.611,0.007812,0.001953,12.831,0.4659,0.4414,0.4647,-3.238,-1.786,-1.603,0.004855,1.04,2.181,0.625,0.7193,0.0007395,96.495,4.238,4.426,0.0005611,1.689e-05,
C:\Users\sblee\Downloads\Aesthetics-Toolbox-main\split_1\39318547_0108_406c_a509_135b65423560.jpg,1984,0.7222,24.755,5.928,13.185,121.582,4.035,108.219,102.393,97.885,42.558,1.66,3.495,0.06057,0.2138,0.4249,56.544,59.86,61.742,24.755,2.033,3.917,0.07969,0.2545,0.2221,24.125,4.367,-0.002404,-0.0217,11.163,0.5255,0.5364,0.4881,-2.303,-1.134,-1.093,0.002264,1.527,2.678,0.7429,0.8832,0.0003418,95.244,4.463,4.532,0.0003359,1.882e-05,
C:\Users\sblee\Downloads\Aesthetics-Toolbox-main\split_1\394096a4_ce20_4874_8582_c71063c3f369.jpg,1024,1.0,33.161,7.632,19.65,214.666,6.641,142.738,131.404,120.342,54.312,3.12,8.184,0.111,0.3467,0.5834,89.482,85.844,82.774,33.161,12.898,12.315,0.203,0.2958,0.3249,31.379,3.906,0.01953,0.0,2.93,0.4724,0.4598,0.4455,-2.727,-1.378,-1.189,0.04706,1.551,2.657,0.6727,0.8362,0.0005369,99.066,4.189,4.416,0.000205,1.85e-05,
C:\Users\sblee\Downloads\Aesthetics-Toolbox-main\split_1\3945c760_1acc_493d_a641_bb8c97b2c641.jpg,1024,1.0,20.608,7.713,7.794,87.211,6.203,129.091,109.567,115.34,48.286,12.254,0.8087,0.9075,0.4426,0.605,57.713,53.053,64.556,20.608,9.184,25.916,0.2341,0.1968,0.2174,31.727,8.015,-0.02734,-0.0293,6.886,0.4823,0.5673,0.4457,-2.955,-1.463,-1.331,0.04284,1.427,2.385,0.6903,0.8002,0.0004909,98.172,4.513,4.248,0.00018,1.74e-05,
C:\Users\sblee\Downloads\Aesthetics-Toolbox-main\split_1\394826a0_f056_4768_a3d3_c6b33ad4094c.jpg,1024,1.0,16.019,7.314,8.813,89.85,4.142,120.448,83.245,51.342,38.234,11.825,24.323,0.07268,0.5695,0.4725,46.438,38.123,25.81,16.019,5.208,10.878,0.02213,0.1147,0.1819,44.63,2.344,0.01172,0.0,4.709,0.5855,0.5527,0.4974,-2.616,-1.309,-1.083,0.1359,1.355,2.513,0.6225,0.7246,0.0008768,93.407,2.242,3.14,0.0002024,2.561e-05,
C:\Users\sblee\Downloads\Aesthetics-Toolbox-main\split_1\394a62b0_b6ae_4b33_bc40_a90bf18b943e.jpg,1024,1.0,15.722,7.062,6.334,72.096,4.31,115.652,109.187,96.804,46.821,1.423,8.382,0.08959,0.2543,0.483,48.127,43.098,40.414,15.722,16.871,16.425,0.103,0.334,0.1599,10.734,4.419,-0.01562,-0.01562,3.423,0.5689,0.3913,0.36,-2.725,-1.302,-1.287,0.05209,1.364,2.53,0.4179,0.6677,0.0008487,99.22,3.66,3.991,0.0002741,2.413e-05,
C:\Users\sblee\Downloads\Aesthetics-Toolbox-main\split_1\39582403_dcfa_4015_93a6_25d8b1d6b707.jpg,1280,1.5,26.53,7.864,4.562,75.422,6.84,98.041,106.57,86.947,42.899,-3.869,7.682,0.4267,0.3803,0.4598,61.15,69.53,67.099,26.53,8.723,25.839,0.289,0.2738,0.2714,45.852,14.791,0.03255,0.06641,20.082,0.2893,0.3066,0.2823,-2.946,-1.632,-1.48,0.004347,1.193,2.354,0.5281,0.7045,0.0007231,92.696,4.486,4.387,0.0003375,3.684e-05,
C:\Users\sblee\Downloads\Aesthetics-Toolbox-main\split_1\396c0f3f_903f_45f6_8215_841d4822846c.jpg,1344,0.75,17.559,7.198,8.786,84.059,4.663,117.669,88.463,54.86,39.467,7.63,23.828,0.1015,0.5595,0.4641,51.377,42.192,35.326,17.559,10.063,9.231,0.0546,0.1705,0.1982,66.318,5.903,0.02951,0.0,8.439,0.5376,0.5046,0.4858,-2.568,-1.196,-1.215,0.004612,1.56,2.578,0.6996,0.8337,0.0002432,87.634,4.546,4.529,0.0001775,1.725e-05,
C:\Users\sblee\Downloads\Aesthetics-Toolbox-main\split_1\397e5d2d_f0c4_4f29_bf42_7a3b13e4931b.jpg,1280,1.5,19.508,7.611,23.939,117.424,7.455,73.795,98.165,82.493,39.418,-7.52,4.687,0.4218,0.5725,0.4587,42.214,53.079,59.339,19.508,17.507,29.3,0.2548,0.2357,0.1974,48.321,1.105,-0.003906,-0.003906,12.586,0.5162,0.5983,0.4964,-1.77,-0.7676,-0.9921,0.01021,1.866,2.756,0.7638,0.828,0.0001343,98.744,4.571,4.482,0.0001177,1.707e-05,
C:\Users\sblee\Downloads\Aesthetics-Toolbox-main\split_1\398b9caf_bd4c_4593_95fb_606e8c54d5d3.png,1152,0.8,20.519,7.604,5.131,70.134,6.807,122.592,128.374,107.562,52.043,-5.841,10.639,0.2081,0.2231,0.5173,53.557,52.199,47.287,20.519,7.034,5.825,0.1227,0.1061,0.1979,53.188,9.361,-0.01172,-0.04531,13.888,0.6043,0.2248,0.2192,-2.874,-1.579,-1.41,0.01571,1.318,2.391,0.375,0.7401,0.0005472,88.62,4.539,4.397,0.0002785,2.511e-05,
C:\Users\sblee\Downloads\Aesthetics-Toolbox-main\split_1\39946226_ef2f_49e7_a5d3_c9f0d3ccacaf.jpg,1216,0.7273,22.093,7.644,11.314,86.228,6.467,129.402,103.943,80.377,45.754,8.283,18.024,0.1147,0.4633,0.5219,46.657,61.017,60.673,22.093,14.468,13.543,0.1289,0.3123,0.1913,35.141,6.262,0.001953,0.03125,13.193,0.5154,0.4846,0.464,-2.292,-1.093,-1.116,0.008241,1.43,2.518,0.7756,0.8317,0.0002303,94.499,4.553,4.525,0.0001272,1.832e-05,
C:\Users\sblee\Downloads\Aesthetics-Toolbox-main\split_1\39970bdc_108c_40eb_9fb6_beca33e47d63.jpg,1280,1.5,18.134,7.505,10.873,103.382,5.941,99.987,95.201,92.768,40.1,1.785,1.906,0.7982,0.147,0.409,46.623,44.24,39.42,18.134,2.853,7.978,0.2623,0.1005,0.1842,40.449,14.326,0.07031,-0.01367,15.19,0.5506,0.4272,0.389,-2.321,-1.304,-1.115,0.00237,1.593,2.601,0.6197,0.8422,0.0002459,94.93,4.315,4.463,0.0001291,1.033e-05,
C:\Users\sblee\Downloads\Aesthetics-Toolbox-main\split_1\399bb699_3859_45c7_91c5_19afe4f7e6ec.jpg,1280,0.6667,15.261,7.405,0.9598,22.046,6.089,105.431,105.383,82.735,43.91,-2.438,12.277,0.2296,0.3441,0.4619,54.181,36.375,21.198,15.261,5.997,18.806,0.2015,0.1812,0.1835,53.353,13.564,0.003906,0.06771,9.27,0.4814,0.3318,0.3261,-3.109,-1.597,-1.461,0.003251,0.8798,2.007,0.4996,0.6828,0.001255,88.194,4.17,2.392,0.0004891,1.014e-05,
C:\Users\sblee\Downloads\Aesthetics-Toolbox-main\split_1\39aa97ac_5f00_476f_8693_c3843e5191f2.png,1216,0.7273,27.791,7.897,5.601,98.605,6.04,139.753,84.873,95.076,41.847,25.431,2.907,0.9344,0.6047,0.5645,78.657,70.597,52.842,27.791,12.004,27.621,0.1308,0.2088,0.2968,39.372,17.211,0.01953,0.08381,10.046,0.4887,0.3907,0.3943,-3.173,-1.791,-1.546,0.01804,1.196,2.424,0.5294,0.6893,0.0008289,93.875,4.348,4.364,0.0004626,3.196e-05,
C:\Users\sblee\Downloads\Aesthetics-Toolbox-main\split_1\39c9b13f_614a_41e9_8249_08a0aeaab73c.jpg,2048,1.0,11.811,7.044,0.7819,17.254,6.418,108.521,64.898,51.076,33.532,17.769,16.445,0.01639,0.5561,0.4592,66.346,17.437,15.344,11.811,21.834,22.891,0.2251,0.2488,0.2227,29.471,6.448,0.0009766,0.03223,5.968,0.4234,0.3586,0.3571,-3.162,-1.521,-1.422,0.006351,0.9228,2.036,0.6398,0.7365,0.0009557,95.278,4.399,3.46,0.0007801,6.062e-06,
C:\Users\sblee\Downloads\Aesthetics-Toolbox-main\split_1\39d29860_f5a1_4913_8dff_8025d2d0d952.jpg,1216,0.7273,21.506,7.619,16.711,125.435,6.641,93.02,76.73,56.463,33.183,4.645,14.626,0.1069,0.5035,0.3797,49.92,54.402,51.494,21.506,11.071,11.417,0.1285,0.2684,0.205,54.061,8.64,0.03125,0.02983,11.64,0.5948,0.5592,0.5441,-2.076,-1.162,-1.018,0.005275,1.642,2.661,0.772,0.8573,0.0002908,93.268,4.565,4.539,8.751e-05,1.008e-05,
C:\Users\sblee\Downloads\Aesthetics-Toolbox-main\split_1\39d5b49a_c74a_452b_ae67_65f47bd1625a.png,2176,2.091,26.514,7.845,3.06,57.655,7.521,119.419,118.293,120.563,48.902,1.87,-1.039,0.6697,0.2345,0.5279,68.565,67.67,58.188,26.514,11.723,9.929,0.2577,0.1219,0.2672,25.583,16.004,0.05774,0.0554,27.311,0.4661,0.3745,0.3515,-2.971,-1.434,-1.412,0.00432,0.9742,2.247,0.5914,0.787,0.0004395,93.877,4.361,4.476,0.0002215,2.032e-05,
C:\Users\sblee\Downloads\Aesthetics-Toolbox-main\split_1\39f68b8b_2f63_4d7d_8327_de30e7270eec.jpg,1216,0.7273,20.67,7.628,17.831,118.341,6.637,116.068,81.517,53.137,37.782,12.806,21.457,0.06754,0.664,0.4837,61.04,52.378,49.646,20.67,14.069,23.0,0.153,0.2424,0.2198,61.161,7.131,0.01953,0.02983,12.05,0.5272,0.5154,0.4991,-1.999,-1.103,-1.003,0.004701,1.765,2.601,0.7496,0.8308,0.0002764,91.503,4.551,4.547,0.000101,1.491e-05,
C:\Users\sblee\Downloads\Aesthetics-Toolbox-main\split_1\3a2c4e27_5f85_468c_9f79_240acbb729f1.jpg,1024,1.0,21.952,7.229,4.293,48.429,6.872,123.242,131.55,133.163,54.782,-1.348,0.01994,0.5049,0.3387,0.617,65.737,58.971,52.518,21.952,24.668,12.49,0.2452,0.1701,0.2449,6.603,5.634,-0.02344,-0.01562,5.367,0.363,0.3485,0.2893,-2.873,-1.402,-1.345,0.03179,1.317,2.349,0.5852,0.6486,0.000744,79.717,4.17,3.489,0.0003897,2.777e-05,
C:\Users\sblee\Downloads\Aesthetics-Toolbox-main\split_1\3a52d729_2dab_4d04_8d56_2d932c85d41e.jpg,1600,2.125,16.928,7.469,10.646,97.392,4.308,98.393,88.138,79.347,37.611,2.8,6.487,0.07526,0.1885,0.3859,44.869,39.774,35.883,16.928,3.839,8.868,0.04382,0.1647,0.176,36.427,4.83,-0.01103,-0.02148,20.515,0.5075,0.4901,0.4829,-2.231,-1.216,-0.9612,0.00538,1.535,2.595,0.7287,0.8172,0.0003884,96.664,4.462,4.508,0.0001438,1.511e-05,
C:\Users\sblee\Downloads\Aesthetics-Toolbox-main\split_1\3a8aef26_e287_4252_b9c2_e04f17adfa64.png,1344,1.625,19.972,7.666,19.986,209.648,7.396,112.658,103.458,96.564,43.935,2.892,5.424,0.05525,0.2678,0.4674,56.424,48.017,53.363,19.972,10.789,13.763,0.2325,0.2252,0.2123,28.986,0.3906,0.0,0.001953,13.353,0.6714,0.6388,0.6397,-2.152,-1.389,-1.064,0.006894,1.724,2.735,0.6877,0.8711,0.0002961,99.644,4.031,4.446,0.000139,1.039e-05,
C:\Users\sblee\Downloads\Aesthetics-Toolbox-main\split_1\3aa0d32e_601c_41d5_a29f_5d049c229843.jpg,1216,0.7273,11.201,6.036,3.822,32.525,5.795,165.975,109.685,98.015,54.133,25.789,14.627,0.9607,0.7001,0.7513,74.671,30.314,56.564,11.201,24.404,44.203,0.2313,0.153,0.162,40.063,1.875,0.003906,-0.008523,10.456,0.3968,0.3359,0.3248,-2.532,-1.294,-1.194,0.006999,1.197,2.25,0.6046,0.7165,0.0007184,96.79,4.473,4.32,0.0005436,4.432e-05,
C:\Users\sblee\Downloads\Aesthetics-Toolbox-main\split_1\3ab1f79f_448d_4487_ab27_dccbe708c17a.jpg,1152,1.25,28.275,7.758,6.807,112.525,6.042,105.046,100.067,82.73,40.927,-0.9073,10.356,0.1486,0.2783,0.4205,72.211,70.871,64.369,28.275,5.514,8.188,0.09246,0.207,0.2841,50.141,4.141,-0.01094,0.01758,12.769,0.5553,0.2505,0.2496,-3.27,-1.536,-1.596,0.004863,1.178,2.368,0.4031,0.7386,0.0008659,92.676,3.879,3.909,0.0002737,1.889e-05,
C:\Users\sblee\Downloads\Aesthetics-Toolbox-main\split_1\3ac7ed8b_6ed7_4f28_be84_9ba85f98e01c.jpg,1024,1.0,27.383,7.595,4.78,54.003,5.841,98.976,83.879,58.334,35.303,3.034,16.558,0.08332,0.5131,0.3984,62.452,70.607,52.268,27.383,8.912,12.578,0.08307,0.203,0.2615,48.337,13.975,0.03125,0.0625,15.293,0.2931,0.2777,0.2368,-2.897,-1.354,-1.402,0.01502,1.124,2.323,0.5348,0.7394,0.000596,89.989,4.273,4.256,0.0002869,3.249e-05,
C:\Users\sblee\Downloads\Aesthetics-Toolbox-main\split_1\3b0b498e_317c_48ad_98a0_8369917d6761.jpg,2176,2.091,21.036,7.574,18.337,137.391,6.728,81.009,80.949,79.803,33.599,0.5727,0.7043,0.533,0.2842,0.3607,55.016,50.868,46.91,21.036,6.67,9.016,0.3143,0.1888,0.2064,52.798,12.871,-0.007473,0.06392,23.88,0.6767,0.562,0.5518,-1.945,-1.024,-0.9513,0.008964,1.74,2.742,0.7815,0.8941,0.0004083,95.237,3.994,4.412,0.0001063,8.902e-06,
C:\Users\sblee\Downloads\Aesthetics-Toolbox-main\split_1\3b1214c7_32a1_486c_89a9_be14bb19803d.jpg,1280,1.5,22.624,7.253,7.446,72.522,5.108,125.558,91.673,76.666,41.284,12.062,13.894,0.03731,0.3797,0.4927,62.728,58.102,43.409,22.624,9.202,10.768,0.04473,0.1395,0.246,63.701,20.802,-0.05859,0.08594,22.934,0.488,0.3052,0.2907,-2.425,-1.244,-1.201,0.00193,1.425,2.468,0.4956,0.7882,0.0005217,84.278,4.277,4.409,0.0001999,2.648e-05,
C:\Users\sblee\Downloads\Aesthetics-Toolbox-main\split_1\3b4aa5f2_51cd_43e5_9672_728dc2d0ed72.png,1024,1.0,22.999,7.78,7.95,71.648,5.783,82.738,106.229,104.448,42.01,-8.654,-2.103,0.4893,0.3172,0.4259,57.357,57.189,49.866,22.999,3.469,5.283,0.08481,0.1453,0.218,43.131,19.983,0.007812,0.09961,14.317,0.4769,0.3917,0.375,-2.497,-1.209,-1.154,0.02052,1.415,2.515,0.5259,0.7726,0.0005389,90.455,3.988,4.248,0.0002141,2.283e-05,
C:\Users\sblee\Downloads\Aesthetics-Toolbox-main\split_1\3b59f496_9513_493a_8534_8314067baf6e.jpg,1152,1.25,25.311,7.807,6.365,92.327,5.424,119.215,101.886,50.993,42.878,1.376,28.664,0.133,0.5724,0.4822,65.893,65.698,41.973,25.311,12.421,21.322,0.07069,0.219,0.2646,41.863,13.262,-0.0375,0.05469,16.791,0.5915,0.3414,0.3314,-3.028,-1.515,-1.496,0.004289,1.168,2.404,0.4514,0.7183,0.0009545,88.398,4.026,4.222,0.0002673,3.354e-05,
C:\Users\sblee\Downloads\Aesthetics-Toolbox-main\split_1\3bb1c50d_3b7d_4eef_8a4f_af766d0c725a.jpg,1024,1.0,23.339,7.434,10.23,103.426,6.687,121.742,133.587,124.91,53.875,-5.227,3.482,0.4366,0.2869,0.5567,59.022,58.08,60.283,23.339,8.71,12.656,0.21,0.2057,0.2319,4.849,12.059,0.02539,-0.05469,7.793,0.4474,0.2333,0.1942,-2.639,-1.283,-1.228,0.01728,1.547,2.641,0.4556,0.7927,0.0004276,84.825,4.4,4.493,0.0002644,1.158e-05,
C:\Users\sblee\Downloads\Aesthetics-Toolbox-main\split_1\3bd0875c_c764_40c9_a7f3_b7db459d0404.png,1024,1.0,29.161,7.515,11.178,77.819,3.836,113.0,111.82,112.838,45.565,0.7472,-0.4458,0.8846,0.03435,0.4449,71.518,72.547,71.754,29.161,0.9486,0.8003,0.1844,0.03846,0.2812,38.143,24.335,0.1152,0.03906,20.224,0.3909,0.6066,0.3822,-2.457,-1.066,-1.179,0.01302,1.526,2.676,0.6756,0.7863,0.0003186,86.772,2.987,3.471,0.0002428,1.285e-05,
C:\Users\sblee\Downloads\Aesthetics-Toolbox-main\split_1\3bf461d7_3e6f_45e1_8c64_6fa8b81e2683.png,1024,1.0,26.673,7.63,7.54,67.197,7.199,109.814,105.443,90.309,43.451,-0.1577,9.272,0.1849,0.3425,0.4516,60.498,67.778,65.884,26.673,7.301,10.343,0.1821,0.2944,0.2422,31.886,23.985,-0.01367,0.1191,12.931,0.5475,0.3404,0.3447,-2.835,-1.231,-1.417,0.01585,1.322,2.506,0.6875,0.7735,0.0003007,92.054,4.527,4.376,0.0001539,1.952e-05,
C:\Users\sblee\Downloads\Aesthetics-Toolbox-main\split_1\3c0a9a6f_3f4e_45b6_9730_22bfffbe5271.jpg,1408,1.0,29.575,7.82,10.438,110.069,6.824,129.966,120.476,110.883,50.411,4.008,7.56,0.08845,0.4107,0.5731,70.195,77.718,73.215,29.575,14.53,15.977,0.2446,0.2341,0.2889,23.539,3.638,0.0142,-0.01136,6.788,0.4381,0.4597,0.4071,-2.416,-1.214,-1.029,0.005858,1.342,2.554,0.7018,0.8021,0.0003981,93.405,4.474,4.373,0.0001549,2.117e-05,
C:\Users\sblee\Downloads\Aesthetics-Toolbox-main\split_1\3c116770_a190_4fd6_b67e_f646dadef21c.jpg,1216,0.7273,26.141,7.663,15.351,144.373,5.296,100.563,91.753,90.122,38.33,3.475,2.218,0.9966,0.1706,0.3952,63.916,65.283,63.276,26.141,2.357,3.8,0.1013,0.1314,0.2502,62.601,16.703,-0.01367,0.08239,10.827,0.6787,0.5042,0.4961,-2.467,-1.214,-1.224,0.0017,1.621,2.641,0.7132,0.8486,0.0004246,91.929,4.274,4.246,0.0001737,1.204e-05,
C:\Users\sblee\Downloads\Aesthetics-Toolbox-main\split_1\3c25199f_daa7_4bd8_af44_8ef4e78d8210.jpg,1024,1.0,23.639,7.78,10.236,123.632,6.479,112.125,77.722,34.066,36.66,9.943,29.265,0.09148,0.7151,0.4751,63.36,64.685,35.071,23.639,26.596,23.322,0.09866,0.2567,0.2691,41.022,2.344,0.0,-0.01172,2.675,0.4733,0.444,0.4383,-2.991,-1.295,-1.574,0.01506,1.461,2.451,0.8391,0.8128,0.0002955,98.474,4.547,4.459,0.0001621,1.586e-05,
C:\Users\sblee\Downloads\Aesthetics-Toolbox-main\split_1\3c3e9857_33a9_49d1_8736_9ca641e1a55d.png,1216,1.375,23.612,7.662,6.712,77.778,4.978,133.725,41.595,19.895,31.964,34.18,33.041,0.02136,0.8595,0.5247,76.709,59.876,29.849,23.612,21.836,21.569,0.04229,0.1742,0.3012,68.054,1.379,-0.005682,0.003906,16.051,0.5758,0.4603,0.4464,-3.062,-1.476,-1.447,0.006638,1.245,2.355,0.5976,0.762,0.0006858,87.462,4.327,4.373,0.0003389,2.259e-05,
C:\Users\sblee\Downloads\Aesthetics-Toolbox-main\split_1\3c40b9b5_b3a3_428f_a67b_e525bce3e6aa.jpg,1536,2.0,20.004,7.601,7.916,81.201,6.251,105.736,141.704,130.993,55.406,-14.2799,1.52,0.4515,0.2687,0.5624,42.675,54.608,45.724,20.004,7.958,6.409,0.08357,0.09754,0.208,38.655,6.551,0.01465,0.0293,22.667,0.5806,0.5586,0.548,-2.471,-1.306,-1.171,0.005552,1.447,2.525,0.7691,0.8364,0.0002436,92.795,4.539,4.507,0.0001363,1.086e-05,
C:\Users\sblee\Downloads\Aesthetics-Toolbox-main\split_1\3c5593a2_4072_4213_92d2_9e8fe0439a0e.jpg,1024,1.0,24.078,7.32,8.754,127.674,6.779,153.482,119.932,165.653,55.9,21.909,-18.4076,0.7674,0.4443,0.6989,45.168,80.229,33.119,24.078,25.743,22.421,0.1876,0.2504,0.1781,43.42,4.367,-0.003906,0.02148,4.04,0.5063,0.4162,0.4113,-3.011,-1.604,-1.373,0.06781,1.304,2.436,0.5989,0.8142,0.0006627,97.826,4.523,4.471,0.0002331,2.193e-05,
C:\Users\sblee\Downloads\Aesthetics-Toolbox-main\split_1\3c762060_4cae_4317_9047_a1056fee736e.jpg,1280,1.0,23.005,7.545,13.823,157.011,5.758,72.153,71.349,85.135,29.803,4.263,-8.339,0.6993,0.3116,0.3465,57.442,56.274,52.278,23.005,3.047,9.94,0.1352,0.2103,0.2132,60.949,6.156,-0.02812,0.0125,10.174,0.509,0.4998,0.4475,-2.474,-1.456,-1.194,0.03098,1.5,2.647,0.6271,0.7633,0.0004639,93.083,4.521,4.477,0.0002126,1.839e-05,
C:\Users\sblee\Downloads\Aesthetics-Toolbox-main\split_1\3c93a2d8_e699_48dc_ae92_d34c910b39c1.jpg,1152,0.8,22.851,7.413,4.4,45.178,5.723,87.618,73.467,65.175,32.568,7.648,8.927,0.9825,0.4773,0.4084,42.129,63.191,55.498,22.851,21.222,13.869,0.171,0.1928,0.2377,65.283,18.877,0.03125,0.08906,11.479,0.4634,0.345,0.3207,-3.076,-1.439,-1.618,0.01673,1.374,2.444,0.6814,0.7162,0.0004141,84.358,4.199,4.244,0.0002794,2.339e-05,
C:\Users\sblee\Downloads\Aesthetics-Toolbox-main\split_1\3c96a8b8_8f7e_49d5_917b_b37f9568304c.jpg,1024,1.0,28.956,7.637,9.453,127.075,5.785,106.07,122.103,140.565,49.388,-0.304,-11.9763,0.5994,0.3836,0.563,71.565,75.505,68.9,28.956,8.894,8.993,0.1555,0.229,0.2723,39.452,5.524,0.003906,-0.02734,4.903,0.5055,0.4137,0.4214,-2.951,-1.401,-1.36,0.02224,1.312,2.43,0.5302,0.7405,0.001134,98.028,4.026,4.098,0.0003856,3.434e-05,
C:\Users\sblee\Downloads\Aesthetics-Toolbox-main\split_1\3c9918c7_59ec_49e2_8fbc_2c2e7e02b3ca.png,1024,1.0,25.045,7.05,4.355,75.587,6.073,140.561,131.378,148.991,55.95,7.818,-6.717,0.7346,0.2942,0.628,61.079,69.456,67.587,25.045,13.201,10.799,0.1617,0.2435,0.2254,47.679,3.338,-0.005859,0.01562,6.616,0.7134,0.2482,0.2477,-3.551,-1.714,-1.686,0.008984,1.202,2.265,0.5278,0.6883,0.0008541,88.866,4.426,4.332,0.0006346,3.882e-05,
C:\Users\sblee\Downloads\Aesthetics-Toolbox-main\split_1\3ca6c8b1_b25a_471f_af52_f827b74ed41f.png,1024,1.0,22.969,7.467,5.626,42.795,7.298,153.263,113.244,97.455,52.256,14.017,16.269,0.0562,0.5261,0.6412,66.673,68.192,50.704,22.969,26.882,24.618,0.1799,0.1995,0.2372,41.655,21.385,-0.01758,0.1055,12.204,0.5378,0.3055,0.2948,-2.875,-1.271,-1.433,0.01261,1.345,2.562,0.6471,0.7287,0.0003481,87.545,4.451,4.426,0.0003403,1.989e-05,
C:\Users\sblee\Downloads\Aesthetics-Toolbox-main\split_1\3caeafde_0588_44f4_bcc1_3d9e4bd2acd8_1700154706551_95.png,1024,1.0,26.852,7.721,13.262,96.077,4.985,136.201,113.72,102.87,48.609,7.351,9.615,0.02137,0.3154,0.5371,69.339,66.909,67.135,26.852,4.699,8.355,0.1293,0.1685,0.2688,24.113,8.856,-0.0332,-0.0293,9.761,0.3357,0.4396,0.3374,-2.597,-1.181,-1.176,0.02891,1.697,2.623,0.618,0.7891,0.0004227,98.256,4.347,4.352,0.0001895,2.57e-05,
C:\Users\sblee\Downloads\Aesthetics-Toolbox-main\split_1\3d119a10_b989_4779_801b_ca0f8762755d.png,1024,1.0,23.998,7.566,10.244,152.803,6.104,141.432,149.945,152.065,60.507,-2.231,-2.368,0.5438,0.135,0.61,58.405,60.914,61.148,23.998,4.173,9.203,0.1222,0.142,0.2344,13.028,7.128,-0.03516,0.005859,7.865,0.5987,0.473,0.477,-3.365,-1.632,-1.642,0.0142,1.492,2.569,0.6104,0.7717,0.0003869,95.29,4.497,4.468,0.0002756,1.4e-05,
C:\Users\sblee\Downloads\Aesthetics-Toolbox-main\split_1\3d413f94_303d_4309_8033_a9f835a7f96e.png,1024,1.0,25.604,7.818,8.421,113.85,6.786,114.598,79.607,83.53,37.741,15.669,3.678,0.9697,0.5374,0.4713,69.134,64.751,73.181,25.604,17.739,27.031,0.1331,0.3336,0.2707,39.688,2.278,-0.005859,0.009766,6.944,0.5456,0.3865,0.365,-3.253,-1.589,-1.478,0.02181,1.409,2.411,0.6662,0.7146,0.0006701,97.568,4.415,4.287,0.0002256,3.112e-05,
C:\Users\sblee\Downloads\Aesthetics-Toolbox-main\split_1\3d4147a4_8cd2_496f_a680_b95b7c6ca400.jpg,2048,1.0,22.705,7.827,19.227,186.737,6.965,133.288,124.798,95.092,52.556,0.8469,18.19,0.1268,0.4878,0.6095,66.233,61.46,59.778,22.705,22.558,22.682,0.1804,0.2102,0.2349,30.313,2.471,0.003906,0.01172,2.872,0.5555,0.5641,0.5698,-2.208,-1.193,-1.026,0.002775,1.726,2.761,0.8384,0.8735,0.0002121,99.642,4.484,4.547,9.162e-05,9.19e-06,
C:\Users\sblee\Downloads\Aesthetics-Toolbox-main\split_1\3d515b65_61ac_4aad_a5e7_446b13acb350.jpg,1216,0.7273,34.664,7.009,7.083,102.072,5.726,114.659,113.054,109.539,45.658,0.6018,2.539,0.1832,0.2723,0.4753,85.658,88.204,87.671,34.664,7.609,5.646,0.2092,0.2578,0.3311,47.969,9.519,0.04102,0.02415,14.247,0.3399,0.3316,0.2948,-2.866,-1.518,-1.37,0.003721,1.259,2.36,0.5847,0.8034,0.0006117,91.637,4.398,4.34,0.0003201,2.613e-05,
C:\Users\sblee\Downloads\Aesthetics-Toolbox-main\split_1\3d77c0db_4861_4a5f_9ef4_9605d9205713.jpg,2048,1.0,18.649,7.54,14.816,150.167,6.687,144.854,141.493,141.8,58.624,1.774,0.2197,0.788,0.1464,0.6015,50.941,47.961,44.773,18.649,5.014,9.318,0.328,0.1264,0.1807,22.419,2.817,0.007812,-0.01172,2.467,0.6404,0.6302,0.6156,-2.026,-1.351,-1.112,0.01994,1.725,2.715,0.7921,0.8518,0.0002705,98.706,4.063,4.416,0.0001183,6.652e-06,
C:\Users\sblee\Downloads\Aesthetics-Toolbox-main\split_1\3d7df330_f37d_43ff_83a9_9cf28f9d51f1.png,1024,1.0,25.317,7.644,20.812,178.489,6.881,115.069,111.44,114.224,46.57,2.891,-0.6462,0.9608,0.2316,0.4945,62.014,64.114,65.063,25.317,6.114,9.613,0.2222,0.2208,0.2555,23.252,10.156,0.0,0.05078,8.672,0.5719,0.5262,0.5242,-2.414,-1.243,-1.05,0.04579,1.717,2.699,0.7079,0.8541,0.0004103,98.958,4.423,4.479,0.0001382,1.051e-05,
C:\Users\sblee\Downloads\Aesthetics-Toolbox-main\split_1\3d808df5_05ea_4e34_97b4_9bb0af8e1302.jpg,1024,1.0,30.565,7.885,15.678,194.116,6.752,134.499,101.162,71.398,45.602,10.868,22.065,0.06285,0.5827,0.5578,82.355,81.727,76.777,30.565,21.832,24.968,0.2243,0.3411,0.321,37.071,10.164,0.05078,-0.001953,4.646,0.567,0.6052,0.5511,-3.038,-1.481,-1.408,0.03387,1.514,2.577,0.8132,0.8363,0.0005686,97.608,3.574,4.194,0.0001538,1.429e-05,
C:\Users\sblee\Downloads\Aesthetics-Toolbox-main\split_1\3d848575_3f6b_490f_aed9_d4ce75053d1c.jpg,1024,1.0,17.509,7.501,6.782,69.949,5.141,95.226,83.262,75.351,35.736,3.943,6.505,0.05342,0.2666,0.377,42.606,42.037,40.927,17.509,4.258,6.866,0.1354,0.227,0.1645,30.594,11.389,-0.0293,0.04883,7.375,0.3496,0.3276,0.2933,-2.637,-1.267,-1.255,0.01425,1.378,2.475,0.5904,0.8271,0.0006247,97.361,4.12,4.397,0.0001974,2.263e-05,
C:\Users\sblee\Downloads\Aesthetics-Toolbox-main\split_1\3d9a9479_aef7_44c4_b283_26302fe1be4a.jpg,1536,0.5,23.503,7.71,13.894,174.553,6.867,98.118,82.035,95.203,37.444,12.032,-4.239,0.7889,0.5351,0.4998,59.456,64.221,58.615,23.503,25.612,30.773,0.2322,0.2055,0.242,57.565,2.278,-0.005859,-0.009766,18.862,0.5559,0.5079,0.5218,-2.409,-1.671,-1.27,0.004888,1.582,2.516,0.7501,0.8444,0.0004338,98.096,4.385,4.481,0.0001377,1.801e-05,
C:\Users\sblee\Downloads\Aesthetics-Toolbox-main\split_1\3db3a386_af52_4438_93dc_819f859b003a.jpg,1152,1.25,28.929,7.802,5.846,76.865,6.754,118.343,91.376,110.058,41.843,15.608,-3.929,0.8703,0.485,0.5392,82.886,73.289,75.934,28.929,18.335,14.5,0.1966,0.2384,0.3099,39.78,24.518,-0.08125,0.0918,18.196,0.4171,0.3549,0.3317,-2.881,-1.419,-1.356,0.01376,1.227,2.407,0.577,0.6844,0.0005877,92.211,4.44,4.364,0.0002854,2.934e-05,
C:\Users\sblee\Downloads\Aesthetics-Toolbox-main\split_1\3de76940_b5a5_48ce_a0dc_46d0a53851bc.png,1024,1.0,27.207,7.861,6.23,89.041,6.115,124.769,108.628,99.15,46.167,6.55,8.996,0.04181,0.4,0.5176,59.658,71.994,78.166,27.207,10.224,11.232,0.1636,0.2642,0.25,42.351,7.585,0.02148,0.03125,8.465,0.577,0.3829,0.3854,-3.259,-1.642,-1.493,0.01979,1.181,2.372,0.6753,0.7297,0.0006176,91.397,4.495,4.316,0.0002437,2.411e-05,
C:\Users\sblee\Downloads\Aesthetics-Toolbox-main\split_1\3e0d6543_4953_4760_a605_e6754f974227.png,1024,1.0,35.802,6.988,17.193,185.341,4.279,107.515,106.902,107.622,43.264,0.3906,-0.3139,0.9365,0.08153,0.4252,89.137,89.751,89.308,35.802,1.244,1.274,0.2096,0.1993,0.351,29.222,11.389,0.005859,0.05664,9.72,0.6533,0.5222,0.517,-2.767,-1.329,-1.246,0.02749,1.491,2.599,0.602,0.8303,0.0005652,98.412,4.544,4.481,0.0002639,1.946e-05,
C:\Users\sblee\Downloads\Aesthetics-Toolbox-main\split_1\3e18ee08_43c8_4e06_9db6_f5beba78e4e3.jpg,1024,1.0,25.085,7.681,8.529,121.672,5.678,103.494,129.405,123.584,51.65,-6.941,-1.641,0.5622,0.4474,0.6021,59.383,68.021,64.649,25.085,20.251,30.593,0.168,0.2404,0.2544,35.973,0.8735,-0.001953,-0.003906,4.928,0.3682,0.2842,0.2316,-3.393,-1.829,-1.536,0.07529,1.318,2.477,0.4483,0.6973,0.0007031,95.181,4.418,4.405,0.0003668,2.765e-05,
C:\Users\sblee\Downloads\Aesthetics-Toolbox-main\split_1\3e29cfa7_ec2e_43b7_b2d9_c0090fb4a77b.jpg,1152,1.25,25.125,7.813,6.209,85.12,7.008,113.627,108.895,117.512,46.418,6.756,-3.722,0.7728,0.4886,0.5523,50.505,68.816,72.344,25.125,14.892,23.524,0.2737,0.2809,0.2325,23.563,10.217,0.02031,0.04688,11.192,0.3882,0.3737,0.3564,-3.035,-1.588,-1.443,0.007166,1.288,2.376,0.6405,0.7717,0.0005015,97.879,4.501,4.44,0.0003147,2.143e-05,
C:\Users\sblee\Downloads\Aesthetics-Toolbox-main\split_1\3e41006f_21fe_4ba5_801d_b36c3792efc4_1700154708262_7.png,1280,1.5,22.878,7.385,10.639,118.315,6.628,126.843,104.236,123.476,46.857,13.66,-6.174,0.8134,0.4274,0.5778,59.729,59.999,61.839,22.878,13.507,19.079,0.1971,0.2809,0.2259,4.725,2.104,0.003906,0.009766,13.328,0.4853,0.2665,0.2732,-2.233,-1.372,-1.116,0.01589,1.448,2.549,0.4309,0.7141,0.0007254,99.231,3.591,3.965,0.0003244,2.741e-05,
C:\Users\sblee\Downloads\Aesthetics-Toolbox-main\split_1\3e52a91c_aabf_4974_beca_ab01cf25e465.jpg,1024,1.0,23.932,7.679,12.779,113.391,6.934,124.759,107.953,91.533,46.138,5.491,11.514,0.0679,0.3927,0.5049,58.264,60.875,60.301,23.932,10.395,17.688,0.1597,0.3061,0.2222,19.2,4.752,0.02344,0.003906,7.145,0.4462,0.4485,0.4132,-2.523,-1.258,-1.135,0.03363,1.492,2.587,0.6303,0.8109,0.000348,96.884,4.483,4.458,0.0001168,2.149e-05,
C:\Users\sblee\Downloads\Aesthetics-Toolbox-main\split_1\3e70c67c_7b24_42c6_b2bc_a726a7e6f48c.jpg,1024,1.0,27.26,7.607,16.664,175.425,5.629,142.279,126.772,109.855,52.798,3.531,11.072,0.05747,0.2579,0.5604,71.132,68.931,59.751,27.26,4.769,10.988,0.118,0.165,0.278,29.432,4.454,0.01367,0.01758,6.48,0.5555,0.5234,0.5337,-2.604,-1.301,-1.224,0.02272,1.537,2.661,0.7123,0.8649,0.0004668,97.84,4.313,4.488,0.0001541,1.421e-05,
C:\Users\sblee\Downloads\Aesthetics-Toolbox-main\split_1\3e728fbd_d513_425f_8eef_3b59092a70bd.png,1024,1.0,22.46,7.59,3.72,47.008,6.445,108.226,123.745,111.048,49.832,-5.93,6.06,0.3366,0.3685,0.5306,42.809,60.256,68.26,22.46,11.46,15.552,0.2278,0.1771,0.2284,29.959,13.469,-0.06445,-0.01953,10.554,0.3409,0.3512,0.2961,-3.141,-1.526,-1.492,0.007606,1.18,2.337,0.6078,0.7384,0.000543,92.35,4.502,4.369,0.0003525,3.256e-05,
C:\Users\sblee\Downloads\Aesthetics-Toolbox-main\split_1\3e940cf7_f9b6_4604_9ec6_c680ec20d8b9.png,1024,1.0,22.514,7.492,11.997,88.201,6.262,86.797,57.726,62.617,27.78,13.043,1.669,0.8219,0.3235,0.3562,75.786,48.42,50.347,22.514,19.888,23.699,0.1407,0.2869,0.302,53.505,15.453,0.02148,0.07422,15.278,0.356,0.3702,0.3699,-2.369,-1.106,-1.115,0.006177,1.561,2.596,0.6804,0.7206,0.0004649,92.547,4.471,4.442,0.0002133,3.417e-05,
C:\Users\sblee\Downloads\Aesthetics-Toolbox-main\split_1\3ea563ae_bd6d_4465_98bb_65585f4a3675.png,1600,1.778,18.631,7.407,11.796,112.03,6.199,138.183,117.549,90.969,51.284,5.151,18.483,0.124,0.4411,0.5904,56.273,52.936,51.638,18.631,18.689,23.15,0.1939,0.2013,0.1986,65.717,4.454,-0.02051,0.008681,16.254,0.4809,0.4572,0.4373,-2.035,-1.325,-0.9651,0.01659,1.638,2.668,0.7128,0.8333,0.0004707,92.076,4.189,4.35,0.000182,2.561e-05,
C:\Users\sblee\Downloads\Aesthetics-Toolbox-main\split_1\3ee04f06_10e3_40f3_bb65_f418c113de19.jpg,1408,1.75,21.004,7.324,21.036,128.07,4.728,77.959,53.682,28.323,23.809,7.532,18.079,0.07291,0.7134,0.3057,55.874,49.675,34.378,21.004,3.791,12.229,0.03089,0.1949,0.2191,57.106,16.313,0.07812,0.02344,19.836,0.4621,0.4912,0.4645,-1.86,-1.09,-0.987,0.008379,1.725,2.622,0.66,0.8101,0.0005923,95.725,4.463,4.485,0.0001594,1.416e-05,
C:\Users\sblee\Downloads\Aesthetics-Toolbox-main\split_1\3ef78745_c9e4_49fa_995b_8c5679d734e5.jpg,1024,1.0,30.01,7.78,10.261,135.259,5.814,143.587,109.128,93.648,48.462,11.838,14.923,0.03523,0.3869,0.5695,79.678,77.126,75.128,30.01,14.782,16.359,0.1712,0.3019,0.3156,17.572,5.859,-0.01758,0.02344,5.696,0.3881,0.3887,0.3641,-3.034,-1.601,-1.327,0.06537,1.368,2.449,0.6445,0.7887,0.0006373,97.573,4.424,4.396,0.000221,3.056e-05,
C:\Users\sblee\Downloads\Aesthetics-Toolbox-main\split_1\3f1e8b19_2351_4f5f_94ab_0d20325a4312.png,1024,1.0,20.52,7.626,6.424,69.126,5.22,102.282,150.023,169.181,59.109,-9.811,-14.9116,0.5574,0.4486,0.6637,61.73,54.225,49.298,20.52,10.968,5.833,0.05097,0.2044,0.1935,47.503,4.022,0.009766,0.01758,7.263,0.6641,0.4349,0.4278,-2.803,-1.297,-1.396,0.002704,1.385,2.418,0.693,0.7591,0.0003398,98.456,4.542,4.449,0.0003125,1.557e-05,
C:\Users\sblee\Downloads\Aesthetics-Toolbox-main\split_1\3f554c11_6439_487e_9535_d434f1ad9615.jpg,1216,1.375,15.527,7.07,8.91,91.378,5.448,81.908,69.052,49.88,29.591,2.618,13.452,0.09456,0.4128,0.3241,37.463,38.294,28.624,15.527,5.456,7.123,0.0513,0.1173,0.1499,62.908,5.859,0.0,0.0293,13.216,0.5033,0.4631,0.4471,-2.45,-1.3,-1.21,0.005246,1.565,2.535,0.6653,0.8298,0.0003659,93.803,4.29,4.483,0.0001396,1.63e-05,
C:\Users\sblee\Downloads\Aesthetics-Toolbox-main\split_1\3f5bbe14_3acf_49d4_80e9_b4691c06d26f.jpg,1024,1.0,27.555,7.129,19.348,163.061,6.524,100.101,75.023,78.633,34.432,11.157,3.19,0.9472,0.4385,0.425,80.039,66.214,61.994,27.555,16.318,13.923,0.1969,0.2901,0.308,33.538,4.297,0.0,0.02148,6.432,0.501,0.4731,0.4526,-2.564,-1.33,-1.161,0.09501,1.636,2.642,0.6923,0.8009,0.00078,98.814,3.87,4.289,0.0002585,2.182e-05,
C:\Users\sblee\Downloads\Aesthetics-Toolbox-main\split_1\3f759158_ebe7_4381_845d_8a0bf3f83dec.png,1024,1.0,24.451,7.615,4.836,65.238,4.71,130.286,105.715,86.536,45.506,7.411,14.702,0.0732,0.3996,0.511,59.337,62.652,57.383,24.451,4.72,4.745,0.02752,0.1594,0.2327,51.043,16.429,-0.02539,0.07812,10.82,0.3019,0.2991,0.2838,-3.079,-1.463,-1.464,0.004865,1.349,2.33,0.5969,0.6989,0.0006475,89.006,4.51,4.362,0.0003187,3.355e-05,
C:\Users\sblee\Downloads\Aesthetics-Toolbox-main\split_1\3fb0507d_53c6_44f9_b272_f06f480426dc.jpg,1024,1.0,29.495,7.83,21.613,194.106,6.777,101.17,93.112,86.566,39.112,4.906,5.569,0.03663,0.5365,0.4641,72.595,75.342,83.846,29.495,9.692,20.724,0.3575,0.3044,0.291,47.287,11.594,-0.03125,0.04883,10.399,0.4576,0.4133,0.4485,-2.52,-1.243,-1.116,0.04456,1.596,2.677,0.5944,0.8409,0.0006225,97.833,4.079,4.317,0.0001626,2.032e-05,
C:\Users\sblee\Downloads\Aesthetics-Toolbox-main\split_1\3fdd957e_ddb7_44f3_8e9d_fa425b35a352.png,1024,1.0,26.053,7.477,8.207,76.23,5.836,111.621,91.563,77.038,39.265,6.614,10.649,0.9689,0.3413,0.4463,73.11,63.123,51.73,26.053,5.295,16.793,0.1877,0.2178,0.28,44.549,7.812,0.03906,0.0,7.786,0.4633,0.3831,0.3193,-2.993,-1.33,-1.437,0.03268,1.418,2.448,0.6444,0.7457,0.0007418,98.116,4.123,3.933,0.0002106,2.964e-05,
C:\Users\sblee\Downloads\Aesthetics-Toolbox-main\split_1\3fdfdb20_873f_4d69_affa_0aa19b2a1ed5.jpg,1024,1.0,26.242,7.789,17.828,211.076,6.929,149.942,143.691,152.218,60.131,7.013,-2.898,0.8113,0.3463,0.7035,73.31,69.327,70.734,26.242,13.783,25.551,0.3149,0.2433,0.2656,17.932,10.423,-0.01172,-0.05078,5.671,0.5225,0.5485,0.4647,-2.667,-1.424,-1.186,0.07353,1.582,2.683,0.6707,0.8297,0.0004215,98.404,4.053,4.419,0.0002,1.366e-05,
C:\Users\sblee\Downloads\Aesthetics-Toolbox-main\split_1\3fe464e8_2565_47e5_99d4_783fa0557a01.jpg,1024,1.0,28.378,7.593,13.927,168.412,6.253,90.99,77.582,72.116,33.891,7.239,6.838,0.7562,0.5921,0.4136,65.102,73.998,80.709,28.378,14.187,18.391,0.3374,0.3353,0.2799,55.358,11.0,0.01562,-0.05273,9.863,0.6736,0.4609,0.4575,-3.158,-1.534,-1.454,0.04242,1.463,2.605,0.6602,0.7636,0.0004657,93.246,4.494,4.396,0.0001759,2.527e-05,
C:\Users\sblee\Downloads\Aesthetics-Toolbox-main\split_1\3fee96e2_b8ee_4ed7_bbe2_411deb7501f6.jpg,1216,1.375,17.732,7.19,4.259,36.279,5.356,88.302,52.563,32.899,25.149,13.833,17.777,0.03473,0.6164,0.3463,51.958,39.693,15.725,17.732,4.36,14.799,0.04704,0.08697,0.2038,58.088,27.699,-0.1193,0.07031,22.733,0.4877,0.4315,0.429,-2.58,-1.302,-1.274,0.004697,1.415,2.483,0.6908,0.7552,0.0002479,78.542,4.487,4.413,0.000208,1.143e-05,
C:\Users\sblee\Downloads\Aesthetics-Toolbox-main\split_1\401fa76d_69ab_47b5_9e83_746fe70ff444.jpg,1536,1.0,23.449,7.764,7.012,92.395,6.357,118.778,83.573,72.865,38.188,13.453,11.397,0.9957,0.419,0.4753,74.658,52.29,46.593,23.449,11.768,17.762,0.1373,0.2138,0.2891,31.097,2.147,0.01042,0.002604,4.903,0.4754,0.4133,0.4217,-2.771,-1.252,-1.335,0.01355,1.322,2.418,0.6682,0.7872,0.0004093,96.516,4.32,4.421,0.0001981,1.974e-05,
C:\Users\sblee\Downloads\Aesthetics-Toolbox-main\split_1\4023647b_5225_4815_bb7f_faa32c54b567.png,1216,1.375,23.904,7.791,6.998,123.432,6.261,122.87,128.225,128.422,52.587,-0.61,-0.3466,0.5253,0.2106,0.5483,54.93,63.189,68.648,23.904,8.813,13.914,0.235,0.2312,0.2475,28.933,7.728,0.02273,-0.03125,11.096,0.3097,0.4331,0.2979,-2.97,-1.927,-1.62,0.03963,1.336,2.425,0.516,0.7519,0.0007863,96.462,4.494,4.319,0.0002715,2.645e-05,
C:\Users\sblee\Downloads\Aesthetics-Toolbox-main\split_1\4025b81d_d0a1_42ec_810a_e472857432bf.jpg,1216,0.7273,8.185,6.811,0.7471,16.608,5.808,121.272,110.93,97.673,47.382,2.064,8.921,0.1087,0.2496,0.4939,27.134,20.18,18.13,8.185,5.489,8.337,0.1651,0.09602,0.09107,26.871,2.069,0.005859,0.008523,10.054,0.5361,0.3817,0.352,-3.195,-1.502,-1.43,0.05513,0.9287,2.017,0.5719,0.7298,0.0009751,97.004,4.346,3.209,0.0005926,1.534e-05,
C:\Users\sblee\Downloads\Aesthetics-Toolbox-main\split_1\40272d32_1ba9_41dc_aef8_daf9c7bf1905.jpg,1344,1.625,21.308,7.687,9.252,115.351,7.504,142.455,135.798,128.524,57.154,3.135,5.474,0.1594,0.362,0.6324,66.899,58.205,48.503,21.308,17.46,20.195,0.3505,0.2246,0.2014,25.659,11.134,-0.03966,-0.03906,13.858,0.534,0.3836,0.373,-2.652,-1.375,-1.28,0.003145,1.433,2.54,0.5184,0.8021,0.0004724,96.698,4.228,4.455,0.0001645,1.853e-05,
C:\Users\sblee\Downloads\Aesthetics-Toolbox-main\split_1\402dd2b3_6cd5_4260_9dc4_e66546c7684d.jpg,1536,2.0,23.046,7.618,5.339,62.925,4.519,112.629,77.234,54.794,35.236,12.358,19.017,0.0613,0.56,0.4417,61.629,57.347,45.658,23.046,7.512,8.936,0.02524,0.1465,0.2417,58.445,23.761,0.1055,0.05469,28.592,0.4089,0.4502,0.3923,-2.589,-1.364,-1.3,0.003773,1.336,2.467,0.7168,0.7896,0.0003912,82.845,4.303,4.453,0.0001642,1.714e-05,
C:\Users\sblee\Downloads\Aesthetics-Toolbox-main\split_1\40373565_8415_4e01_a327_1bb4feeacca9.jpg,1024,1.0,14.796,7.007,1.069,22.061,6.387,128.069,127.395,93.598,52.964,-3.479,18.484,0.2193,0.439,0.5766,50.917,39.995,32.235,14.796,17.507,18.974,0.2,0.1781,0.1599,44.125,7.075,0.03516,0.003906,6.954,0.5348,0.3774,0.3156,-3.039,-1.63,-1.451,0.001916,0.8052,2.038,0.4748,0.6152,0.001489,93.833,3.51,2.304,0.0007935,1.204e-05,
C:\Users\sblee\Downloads\Aesthetics-Toolbox-main\split_1\403c09e1_c019_4d13_8f56_33c209261280.jpg,1024,1.0,20.249,7.46,4.979,78.532,6.579,146.367,100.521,123.22,48.035,22.888,-4.287,0.8864,0.42,0.5986,44.554,58.183,49.462,20.249,11.842,14.093,0.1227,0.2074,0.1849,31.105,4.152,0.01367,0.01562,7.466,0.4589,0.3439,0.3398,-3.189,-1.576,-1.519,0.01887,1.153,2.341,0.5412,0.7356,0.0006468,94.795,4.35,4.363,0.0003232,2.213e-05,
C:\Users\sblee\Downloads\Aesthetics-Toolbox-main\split_1\403f37d8_c421_4628_9b71_caf2a3f8d251.jpg,1216,0.7273,15.444,7.524,0.7048,14.765,5.455,71.408,67.819,56.755,28.215,-0.5105,6.958,0.1607,0.1975,0.2864,40.932,35.676,26.517,15.444,3.16,6.877,0.1352,0.1191,0.1579,49.122,23.275,-0.1016,0.05682,16.179,0.4607,0.4633,0.3753,-3.058,-1.66,-1.458,0.02051,0.8118,2.012,0.5796,0.6461,0.001161,84.082,4.019,3.24,0.0003572,1.218e-05,
C:\Users\sblee\Downloads\Aesthetics-Toolbox-main\split_1\406825f6_627e_4397_92e3_3e2cb6af4701.jpg,2048,1.667,25.865,7.583,4.987,73.2,5.348,92.893,106.202,100.735,42.76,-3.987,2.315,0.4001,0.3116,0.4584,49.37,69.258,75.498,25.865,11.508,14.258,0.2373,0.1828,0.275,47.399,11.255,-0.01328,0.05469,19.619,0.4784,0.3831,0.3647,-2.849,-1.416,-1.339,0.00554,1.197,2.405,0.7717,0.7799,0.000358,92.084,4.427,4.409,0.000192,2.341e-05,
C:\Users\sblee\Downloads\Aesthetics-Toolbox-main\split_1\407638e8_4f6e_44b7_a47e_69f61b415fa9.jpg,1408,1.75,28.674,7.633,9.337,123.2,6.449,88.749,117.41,124.911,46.083,-6.515,-8.092,0.5327,0.3962,0.5112,66.369,74.264,61.763,28.674,8.885,11.088,0.1096,0.2067,0.2619,28.277,4.653,-0.008929,0.02148,18.222,0.4479,0.4201,0.4402,-2.706,-1.374,-1.358,0.003447,1.307,2.405,0.7063,0.794,0.0005953,98.087,3.771,4.119,0.000164,1.646e-05,
C:\Users\sblee\Downloads\Aesthetics-Toolbox-main\split_1\4080db33_7b4c_4581_ad5b_36a343ad5579.jpg,1024,1.0,24.906,7.748,6.075,75.191,5.198,115.687,147.439,99.573,57.286,-16.0583,19.07,0.4118,0.5437,0.5936,80.731,63.806,53.72,24.906,5.24,34.082,0.1645,0.1586,0.2605,29.238,15.199,0.06836,-0.0332,8.857,0.3755,0.3839,0.3377,-3.305,-1.679,-1.494,0.02008,1.172,2.381,0.6888,0.7426,0.0005084,95.3,4.433,4.274,0.0002406,2.423e-05,
C:\Users\sblee\Downloads\Aesthetics-Toolbox-main\split_1\40a3ca12_07c8_4521_bf07_ee848512e353.jpg,1536,2.0,26.349,7.837,9.876,104.966,6.947,86.756,109.297,117.554,44.141,-3.438,-6.345,0.535,0.4595,0.5055,58.336,70.869,70.683,26.349,15.23,17.605,0.2108,0.2271,0.259,46.999,13.959,0.02148,0.06641,25.425,0.5157,0.4291,0.4096,-2.666,-1.153,-1.211,0.004094,1.406,2.485,0.6402,0.7917,0.0003689,90.778,4.445,4.466,0.0001857,1.94e-05,
C:\Users\sblee\Downloads\Aesthetics-Toolbox-main\split_1\40a6e59c_c316_4427_84f3_1c96eba2a9b3.jpg,1280,0.6667,12.23,7.34,0.867,18.638,6.433,89.604,108.401,120.826,44.575,-2.967,-9.404,0.5565,0.3049,0.4841,32.52,31.535,18.464,12.23,7.259,9.618,0.119,0.168,0.07839,22.292,1.747,-0.007812,-0.003906,13.283,0.6652,0.5753,0.5618,-3.063,-1.545,-1.439,0.06132,0.8806,2.029,0.6299,0.7938,0.0008504,95.952,4.082,2.434,0.0007233,5.158e-06,
C:\Users\sblee\Downloads\Aesthetics-Toolbox-main\split_1\40bb594c_9bac_442a_8b86_3d1a956dc718.jpg,1536,2.0,25.282,7.768,22.489,191.366,6.502,117.753,110.957,89.182,45.883,-0.4958,13.024,0.09973,0.3919,0.4846,65.215,62.886,71.331,25.282,9.996,14.002,0.1577,0.2888,0.2561,43.291,11.328,-0.04102,0.03906,21.708,0.546,0.5709,0.5381,-2.07,-1.186,-1.041,0.003381,1.766,2.762,0.7344,0.8706,0.0004613,96.481,4.156,4.465,0.0001607,1.109e-05,
C:\Users\sblee\Downloads\Aesthetics-Toolbox-main\split_1\40d09ebd_da42_47ec_a0e6_1124c67a0ebd.jpg,1024,1.0,19.405,7.577,6.793,78.7,4.329,145.411,133.356,126.505,55.966,3.655,5.606,0.0787,0.1644,0.571,46.028,50.547,51.555,19.405,4.91,4.696,0.07573,0.1683,0.1815,28.189,2.501,-0.009766,-0.007812,4.484,0.3322,0.4599,0.3187,-2.954,-1.446,-1.361,0.02064,1.389,2.431,0.6039,0.8034,0.0004758,96.644,4.505,4.356,0.000204,1.958e-05,
C:\Users\sblee\Downloads\Aesthetics-Toolbox-main\split_1\40d1001a_2feb_4e09_bcb3_35d6dc9ebe56.jpg,1024,1.0,16.201,7.298,10.014,62.262,4.068,119.208,115.725,111.647,48.38,0.5943,2.7,0.0666,0.07993,0.4681,38.996,39.329,37.994,16.201,0.9944,2.559,0.09535,0.05942,0.1518,14.872,7.203,-0.02344,0.02734,7.64,0.5489,0.5466,0.4893,-2.147,-1.114,-0.872,0.07935,1.51,2.663,0.5555,0.8237,0.0007454,98.832,4.517,4.491,0.0003126,2.674e-05,
C:\Users\sblee\Downloads\Aesthetics-Toolbox-main\split_1\40f62f67_f967_46c8_8ca8_245a5a3c079f.jpg,1216,0.7273,16.912,7.405,11.193,83.729,5.995,124.311,76.748,39.215,37.454,16.985,29.049,0.06318,0.6995,0.4908,43.524,45.517,37.618,16.912,13.227,16.93,0.0726,0.2218,0.169,44.967,5.535,0.02734,-0.004261,10.257,0.5686,0.521,0.5028,-2.282,-1.115,-1.064,0.005575,1.658,2.605,0.7269,0.8003,0.000371,97.131,4.325,4.49,0.0001229,2.06e-05,
C:\Users\sblee\Downloads\Aesthetics-Toolbox-main\split_1\40f90d32_eddb_49b8_913b_42e690be3111.jpg,1024,1.0,29.962,7.495,3.79,70.317,6.049,136.012,138.624,112.905,55.401,-5.13,13.113,0.1959,0.3097,0.5564,74.79,74.828,67.019,29.962,6.002,9.322,0.1081,0.2306,0.2895,15.357,11.328,0.0,-0.05664,11.125,0.4446,0.3103,0.2582,-3.615,-1.928,-1.739,0.001379,1.094,2.222,0.5651,0.7098,0.0007678,94.443,4.287,4.15,0.0003849,2.399e-05,
C:\Users\sblee\Downloads\Aesthetics-Toolbox-main\split_1\40f99876_5200_4bae_a537_e1bfed624776.png,1216,0.7273,16.301,6.895,6.867,69.627,5.029,128.412,67.014,47.351,36.045,24.541,23.624,0.006252,0.6277,0.5209,61.713,34.854,29.483,16.301,16.534,20.035,0.1669,0.2153,0.2253,12.749,2.813,-0.005859,-0.01278,11.207,0.4929,0.4247,0.4018,-2.819,-1.552,-1.411,0.003717,1.555,2.517,0.6568,0.7101,0.0003211,98.871,4.486,4.498,0.0004648,2.373e-05,
C:\Users\sblee\Downloads\Aesthetics-Toolbox-main\split_1\411257b6_3be6_4afd_8f7c_9b3578f04e6c.jpg,1280,0.6667,24.704,7.747,6.114,70.341,6.912,102.071,82.006,56.588,35.842,5.886,17.831,0.08259,0.5538,0.4288,63.559,63.883,41.986,24.704,15.879,16.952,0.1481,0.2126,0.2487,43.168,20.876,0.0332,0.09896,16.03,0.405,0.3419,0.3301,-2.697,-1.288,-1.363,0.002891,1.288,2.401,0.6094,0.8009,0.000356,90.302,4.537,4.537,0.0001607,2.022e-05,
C:\Users\sblee\Downloads\Aesthetics-Toolbox-main\split_1\411b9f87_25c4_4a71_bcc7_7cbbb52f742d.png,1024,1.0,28.556,7.585,9.664,114.919,5.625,114.519,101.124,88.096,42.404,3.48,9.09,0.06839,0.2983,0.4514,73.976,69.572,64.4,28.556,4.919,10.88,0.1042,0.2367,0.2892,27.428,7.339,-0.01562,0.0332,8.095,0.3527,0.3627,0.3043,-3.043,-1.455,-1.424,0.01459,1.371,2.504,0.5635,0.7635,0.0006495,97.967,4.314,4.363,0.0002564,2.911e-05,
C:\Users\sblee\Downloads\Aesthetics-Toolbox-main\split_1\41224925_24bb_4c63_9d58_fc4319c3607c.jpg,1536,1.0,27.242,7.891,9.45,73.988,5.757,112.173,98.948,82.4,41.75,4.241,11.563,0.09369,0.4786,0.473,68.434,68.094,75.062,27.242,8.953,17.052,0.1738,0.2976,0.2832,43.574,7.075,0.03516,0.003906,9.41,0.3447,0.3078,0.2542,-2.627,-1.013,-1.283,0.04129,1.466,2.51,0.5345,0.7383,0.0004958,94.213,4.22,4.37,0.0002833,2.991e-05,
C:\Users\sblee\Downloads\Aesthetics-Toolbox-main\split_1\41273fe1_6718_44f1_91ad_073b8b91c2b8.jpg,1024,1.0,24.724,7.51,8.916,94.448,5.934,118.538,119.728,118.368,50.073,2.242,2.746,0.01651,0.3502,0.5675,45.769,71.338,77.182,24.724,17.852,14.353,0.3976,0.1857,0.2534,45.055,7.704,0.0332,0.01953,6.803,0.4323,0.3968,0.3854,-2.651,-1.33,-1.286,0.02299,1.323,2.477,0.6679,0.8016,0.0004003,94.51,4.515,4.495,0.0002144,2.089e-05,
C:\Users\sblee\Downloads\Aesthetics-Toolbox-main\split_1\41314aa0_4129_4f79_9170_4463e283c003.png,1024,1.0,27.485,7.853,8.196,96.758,6.413,98.172,145.568,164.713,58.366,-2.345,-13.6038,0.5518,0.5933,0.7166,86.95,75.723,72.775,27.485,20.056,28.817,0.1553,0.3513,0.24,24.97,6.922,0.009766,0.0332,6.748,0.4651,0.4221,0.3675,-3.013,-1.39,-1.442,0.01024,1.287,2.418,0.6915,0.7244,0.0004539,98.307,4.502,4.16,0.0002786,2.967e-05,
C:\Users\sblee\Downloads\Aesthetics-Toolbox-main\split_1\41582c86_5de4_4360_ac67_dec2e7d5de2c.jpg,1280,1.5,15.165,7.248,5.748,72.277,5.612,99.237,44.769,33.708,25.869,22.493,18.516,0.01979,0.7154,0.3892,44.206,36.967,18.252,15.165,12.943,12.583,0.05522,0.1162,0.1733,44.797,1.953,0.007812,0.005859,14.905,0.4719,0.3348,0.3372,-2.66,-1.389,-1.404,0.003505,1.382,2.526,0.4688,0.7932,0.0006445,98.498,4.362,4.363,0.0003604,2.058e-05,
C:\Users\sblee\Downloads\Aesthetics-Toolbox-main\split_1\4158d7db_5009_4dec_88a3_f7ea1b83a1df.jpg,1280,0.6667,21.976,7.653,4.47,76.732,5.268,103.058,120.268,121.416,48.35,-5.666,-2.404,0.4602,0.1879,0.4853,45.02,56.181,60.932,21.976,3.751,4.804,0.1592,0.1262,0.2295,23.827,7.84,0.0293,-0.02604,15.909,0.5546,0.3792,0.3681,-2.961,-1.526,-1.463,0.003533,1.142,2.268,0.5518,0.7751,0.001038,96.55,4.212,4.36,0.0005196,2.74e-05,
C:\Users\sblee\Downloads\Aesthetics-Toolbox-main\split_1\417cb43f_6aaf_46a4_8ddc_103a7194cf5b.jpg,1024,1.0,26.729,7.02,7.084,87.707,5.53,125.265,120.444,100.757,49.32,-1.056,10.719,0.1247,0.2865,0.5128,71.153,65.899,50.908,26.729,2.935,14.547,0.2505,0.1615,0.2671,25.149,4.315,-0.001953,-0.02148,6.445,0.6845,0.38,0.3749,-3.069,-1.573,-1.378,0.04802,1.225,2.425,0.5216,0.7317,0.0006499,94.306,4.44,4.365,0.0002699,3.061e-05,
C:\Users\sblee\Downloads\Aesthetics-Toolbox-main\split_1\418fb044_f9cb_4876_8b2f_d43d7b1b8008.jpg,1216,1.375,19.688,4.451,5.961,66.196,3.126,158.073,77.968,108.485,45.088,34.772,0.1172,0.9482,0.5769,0.6493,77.699,45.256,47.301,19.688,30.658,13.399,0.1583,0.2007,0.2775,7.062,7.235,0.008523,0.03516,15.441,0.308,0.4869,0.2996,-2.593,-1.373,-1.305,0.004965,1.406,2.552,0.3117,0.5769,0.0005557,99.122,4.511,4.326,0.000823,2.117e-05,
C:\Users\sblee\Downloads\Aesthetics-Toolbox-main\split_1\41900fdb_d938_4ad3_b9b0_dcabee11ae54.jpg,1216,0.7273,18.282,7.253,6.234,51.342,6.22,89.981,88.717,89.559,37.751,2.665,1.204,0.9888,0.3365,0.4214,25.4,52.108,54.635,18.282,12.779,8.331,0.3266,0.1592,0.1689,63.798,10.572,0.02148,0.0483,13.593,0.4221,0.3601,0.3392,-2.451,-1.263,-1.177,0.004572,1.443,2.518,0.6198,0.719,0.0002976,87.153,4.378,4.431,0.0001955,1.984e-05,
C:\Users\sblee\Downloads\Aesthetics-Toolbox-main\split_1\4197187c_bc50_4fda_ac07_66c031e75d31.jpg,1024,1.0,20.117,7.201,6.78,69.933,5.073,103.799,80.715,49.775,35.617,5.265,21.696,0.0979,0.5202,0.4072,56.087,51.51,39.047,20.117,12.863,12.588,0.03707,0.1633,0.22,70.64,10.134,0.02344,-0.04492,11.384,0.4908,0.3287,0.3106,-2.909,-1.471,-1.322,0.04159,1.331,2.449,0.7027,0.7808,0.0004778,83.303,4.309,4.344,0.0001498,2.681e-05,
C:\Users\sblee\Downloads\Aesthetics-Toolbox-main\split_1\419a7462_99a1_4eb0_92bb_cd594ad1a7eb.png,1152,2.0,34.663,7.674,12.035,166.86,4.049,132.639,132.205,132.644,53.17,0.2643,-0.1724,0.8922,0.04103,0.5231,86.396,87.361,86.869,34.663,0.8595,0.7602,0.2511,0.081,0.3408,26.66,7.694,-0.03516,0.01562,19.425,0.4558,0.4034,0.3509,-2.798,-1.815,-1.443,0.0299,1.298,2.382,0.6122,0.8418,0.0005625,97.689,4.181,4.315,0.0002722,1.65e-05,
C:\Users\sblee\Downloads\Aesthetics-Toolbox-main\split_1\419c9c77_1bc3_4670_be06_7496c00b8bc6.jpg,1024,1.0,18.208,6.867,5.632,58.171,4.663,106.671,106.15,64.926,43.51,-5.853,22.844,0.165,0.4828,0.4267,45.99,46.52,63.161,18.208,5.029,13.899,0.09003,0.2786,0.181,75.599,12.579,0.05078,-0.03711,9.037,0.3695,0.2376,0.2001,-2.686,-1.313,-1.227,0.01615,1.544,2.53,0.3871,0.7193,0.0004594,75.127,4.461,4.327,0.0003449,2.236e-05,
C:\Users\sblee\Downloads\Aesthetics-Toolbox-main\split_1\41a7c4cf_1a79_4437_84c1_f9b4ae93a0a7.jpg,1536,1.0,23.396,7.787,7.063,82.768,7.124,103.628,90.453,100.769,39.621,8.623,-3.045,0.7301,0.4131,0.4873,71.653,55.776,60.298,23.396,14.783,16.566,0.2691,0.1835,0.271,44.338,10.475,0.04297,0.02995,10.447,0.4866,0.3932,0.3921,-2.691,-1.148,-1.313,0.02155,1.267,2.386,0.6107,0.7709,0.0003848,93.785,4.316,4.451,0.0002153,2.017e-05,
C:\Users\sblee\Downloads\Aesthetics-Toolbox-main\split_1\41b16c82_6a6c_4bba_b2e8_da3f98f066d1.jpg,1024,1.0,16.609,7.658,1.518,27.902,6.664,115.58,89.192,96.028,44.107,16.902,6.518,0.01027,0.6376,0.6117,56.646,55.499,75.674,16.609,24.982,31.846,0.2362,0.2439,0.2036,34.104,2.104,-0.009766,-0.003906,6.554,0.4354,0.3133,0.2767,-3.053,-1.628,-1.469,0.002434,0.825,2.03,0.6229,0.6045,0.001084,94.073,3.212,2.236,0.0009518,1.057e-05,
C:\Users\sblee\Downloads\Aesthetics-Toolbox-main\split_1\41b33bb3_1b1a_42f1_81c4_35ebaee72520.jpg,1216,0.7273,28.648,7.577,14.019,137.657,6.092,99.018,74.598,46.34,32.618,6.762,19.453,0.06948,0.6568,0.3911,71.096,72.625,52.453,28.648,12.005,14.865,0.08222,0.2555,0.2791,45.538,14.397,-0.01172,0.07102,12.142,0.6006,0.4546,0.4509,-2.549,-1.273,-1.275,0.003808,1.467,2.503,0.6365,0.8438,0.000363,94.151,4.549,4.494,0.0001222,1.48e-05,
C:\Users\sblee\Downloads\Aesthetics-Toolbox-main\split_1\41b423b2_3995_46ff_b2cf_99310a9c8381.jpg,1024,1.0,12.26,4.648,0.5032,10.937,2.581,123.707,88.395,71.73,40.584,12.088,15.468,0.05649,0.4253,0.4851,40.97,27.374,27.93,12.26,6.091,3.709,0.01525,0.05333,0.1607,61.481,3.706,0.005859,-0.01758,8.182,0.5714,0.4709,0.4297,-2.208,-1.281,-1.043,0.04036,0.712,1.985,0.3134,0.658,0.001438,80.653,4.137,2.383,0.001224,5.378e-06,
C:\Users\sblee\Downloads\Aesthetics-Toolbox-main\split_1\41ebeeb7_8ec3_4d29_a3dd_c85c21d86ef5.jpg,1024,1.0,15.951,7.326,18.339,121.28,6.113,127.2,148.846,105.822,59.713,-9.07,19.612,0.305,0.6284,0.6696,54.342,43.632,75.089,15.951,11.613,34.121,0.2228,0.2004,0.1645,22.155,2.62,0.005859,-0.01172,2.945,0.6538,0.5174,0.5068,-1.943,-0.9689,-0.8458,0.03014,1.837,2.74,0.8152,0.8466,0.0003014,98.073,4.254,4.476,8.98e-05,1.134e-05,
C:\Users\sblee\Downloads\Aesthetics-Toolbox-main\split_1\420694c5_4224_4ed2_a0b8_0457bd30b831.jpg,1024,1.0,30.358,7.381,10.635,114.119,7.26,101.356,126.787,115.71,51.507,-6.861,5.639,0.4621,0.5626,0.5938,69.68,88.333,65.453,30.358,30.893,15.75,0.2817,0.2628,0.276,23.267,11.983,-0.01953,-0.05664,7.927,0.571,0.4486,0.4029,-2.937,-1.3,-1.336,0.05732,1.213,2.455,0.6015,0.7726,0.0006482,94.943,2.547,3.66,0.0002544,2.536e-05,
C:\Users\sblee\Downloads\Aesthetics-Toolbox-main\split_1\421c6304_c4c5_4e07_b485_8ad032004137.png,1024,1.0,21.591,7.651,8.415,89.794,6.274,89.583,105.496,116.598,43.219,-0.613,-7.674,0.5653,0.4267,0.5109,52.19,55.654,66.373,21.591,6.333,20.505,0.2723,0.1846,0.2302,50.441,7.9,-0.005859,-0.03906,5.277,0.4079,0.3831,0.3846,-2.847,-1.416,-1.304,0.03105,1.384,2.436,0.6063,0.7475,0.0005019,89.962,4.486,4.474,0.0003663,3.163e-05,
C:\Users\sblee\Downloads\Aesthetics-Toolbox-main\split_1\423985a9_e09c_4635_a428_1cd9e9128d75.jpg,1280,1.5,21.793,7.528,6.498,80.14,6.776,102.099,110.736,143.093,46.85,5.946,-18.2418,0.6577,0.3777,0.5713,39.162,62.745,53.566,21.793,16.698,10.85,0.1146,0.1213,0.2106,52.276,9.751,0.04036,-0.02734,15.726,0.4302,0.5041,0.4118,-2.683,-1.44,-1.333,0.002164,1.382,2.467,0.6726,0.8143,0.0003783,91.417,4.494,4.509,0.0001673,1.355e-05,
C:\Users\sblee\Downloads\Aesthetics-Toolbox-main\split_1\42413ece_0cc6_4f44_88f9_a440b823dc20.jpg,1216,0.7273,6.919,6.579,0.6677,10.812,6.157,121.536,88.283,104.662,41.576,17.066,-3.616,0.8835,0.3438,0.4967,28.502,12.786,33.094,6.919,8.362,16.424,0.1401,0.1149,0.09316,28.095,7.557,0.03711,0.007102,9.197,0.4667,0.6504,0.4414,-3.067,-1.538,-1.448,0.07226,0.9302,2.024,0.6229,0.7722,0.0009232,92.955,4.163,3.617,0.0006959,3.96e-06,
C:\Users\sblee\Downloads\Aesthetics-Toolbox-main\split_1\42478cf8_ea79_4ea4_84ba_a8f87c75e737.png,1024,1.0,24.934,7.609,8.049,86.318,5.039,155.191,121.044,98.217,52.759,11.038,17.797,0.05676,0.4545,0.6155,61.488,63.527,63.286,24.934,7.597,12.792,0.1006,0.256,0.2462,17.412,8.156,-0.03906,-0.01172,9.098,0.3546,0.3047,0.2957,-2.865,-1.404,-1.323,0.03764,1.288,2.491,0.5478,0.7536,0.0005013,91.609,4.359,4.419,0.0003977,2.525e-05,
C:\Users\sblee\Downloads\Aesthetics-Toolbox-main\split_1\424a562c_a132_4453_993a_e5675aafbaae.jpg,1280,1.5,21.567,7.415,2.81,34.4,6.725,82.966,80.123,71.572,33.287,0.8583,5.732,0.1319,0.3293,0.3618,47.523,55.006,49.815,21.567,8.139,10.563,0.2548,0.1662,0.2045,48.046,9.842,0.04427,-0.02148,15.448,0.2848,0.3589,0.3243,-2.936,-1.426,-1.396,0.01257,1.117,2.312,0.6213,0.7115,0.0005002,94.013,4.375,4.287,0.0002484,2.374e-05,
C:\Users\sblee\Downloads\Aesthetics-Toolbox-main\split_1\424a5854_f2a5_40be_bdcb_8f617a23752a.png,1280,0.6667,21.564,7.744,9.073,93.624,7.458,81.979,116.039,90.231,45.388,-14.8536,10.168,0.3575,0.4687,0.4905,44.748,58.362,61.022,21.564,18.478,23.602,0.1877,0.2053,0.2336,31.199,16.538,0.07422,0.03646,12.351,0.4757,0.483,0.4522,-2.638,-1.417,-1.316,0.002124,1.444,2.518,0.7789,0.8075,0.000304,94.894,4.544,4.532,0.000133,1.5e-05,
C:\Users\sblee\Downloads\Aesthetics-Toolbox-main\split_1\425b9e23_2e22_4182_b53e_0a57b7ba083d.jpg,1024,1.0,13.242,3.427,2.37,30.291,2.912,127.181,110.85,111.483,48.361,6.739,2.615,0.7899,0.1198,0.5036,44.659,34.561,33.811,13.242,11.804,7.174,0.1851,0.2003,0.173,77.055,2.817,0.01172,0.007812,3.637,0.3274,0.3479,0.4023,-3.355,-1.675,-1.486,0.04404,1.138,2.344,0.2887,0.5176,0.001294,78.192,4.25,4.262,0.0008634,2.145e-05,
C:\Users\sblee\Downloads\Aesthetics-Toolbox-main\split_1\425d9ee4_8c56_499b_9fad_edd012ba46f4.jpg,1536,2.0,22.956,7.709,7.907,81.733,5.803,103.618,104.238,91.005,42.677,-2.281,7.674,0.2059,0.2427,0.4255,54.912,57.674,61.941,22.956,2.206,10.03,0.1689,0.1764,0.2266,39.799,14.972,0.01953,0.07227,26.76,0.5087,0.473,0.457,-2.455,-1.253,-1.246,0.001864,1.354,2.494,0.7044,0.826,0.0002777,92.669,4.319,4.462,0.0001347,1.224e-05,
C:\Users\sblee\Downloads\Aesthetics-Toolbox-main\split_1\426b0115_6ec5_4438_8bbe_2c92ff8363c5.png,1280,1.5,24.399,7.785,8.296,70.832,6.686,137.509,127.017,92.166,52.501,-0.5289,19.399,0.103,0.3837,0.5613,66.156,63.506,41.037,24.399,11.898,19.456,0.1337,0.1701,0.2418,25.633,18.016,-0.00651,-0.08984,11.116,0.4596,0.3454,0.2932,-2.378,-1.154,-1.109,0.005406,1.326,2.548,0.5193,0.7745,0.0004385,94.307,4.175,4.401,0.0001833,2.43e-05,
C:\Users\sblee\Downloads\Aesthetics-Toolbox-main\split_1\4276054a_ec9d_424a_b957_509c8a12bd1b.jpg,1536,1.0,17.879,7.517,5.604,67.993,6.104,119.57,88.574,80.465,40.528,12.473,9.342,0.9509,0.3554,0.4886,61.25,40.899,38.003,17.879,12.241,19.438,0.1839,0.2286,0.2267,35.791,8.692,-0.04297,-0.00651,7.839,0.4987,0.441,0.3695,-2.718,-1.277,-1.308,0.01488,1.355,2.504,0.7187,0.7858,0.0004184,95.179,3.326,3.842,0.0001789,1.621e-05,
C:\Users\sblee\Downloads\Aesthetics-Toolbox-main\split_1\427f392f_c7cf_4fc5_b9b5_0450a34cd0b4.jpg,1216,0.7273,21.341,7.726,1.025,25.227,4.944,122.124,108.127,86.391,45.511,2.229,13.631,0.08545,0.2811,0.4794,56.494,52.488,37.021,21.341,2.947,11.068,0.0683,0.1152,0.221,24.259,11.456,0.05664,-0.008523,14.39,0.2913,0.4019,0.2288,-3.066,-1.669,-1.456,0.003344,0.8402,2.013,0.479,0.6715,0.001274,96.242,4.045,2.476,0.0004973,1.969e-05,
C:\Users\sblee\Downloads\Aesthetics-Toolbox-main\split_1\428a9ad7_28a8_4dbe_a2be_30bdcbceca7a.jpg,1728,2.375,22.786,7.781,4.85,67.27,6.762,135.159,127.005,148.739,53.842,8.455,-11.0426,0.7385,0.2761,0.6192,68.084,57.419,44.11,22.786,6.327,11.5,0.1662,0.1359,0.2148,36.467,10.64,-0.04441,0.0293,25.099,0.514,0.4752,0.4357,-2.832,-1.385,-1.338,0.003672,1.314,2.438,0.6767,0.7933,0.000417,93.494,4.416,4.378,0.0001988,1.5e-05,
C:\Users\sblee\Downloads\Aesthetics-Toolbox-main\split_1\4290b796_e700_4ead_a1c9_1c8f02aea368.jpg,1280,1.5,21.164,7.692,2.498,34.672,7.047,158.62,130.053,120.148,56.755,10.388,10.194,0.05024,0.2858,0.6429,55.852,59.974,46.905,21.164,17.943,14.318,0.211,0.1981,0.2245,30.142,8.073,0.04036,0.0,16.808,0.3696,0.2378,0.2207,-2.914,-1.492,-1.406,0.006901,1.131,2.319,0.5708,0.5682,0.0005785,94.15,3.787,3.471,0.000407,2.03e-05,
C:\Users\sblee\Downloads\Aesthetics-Toolbox-main\split_1\429340e3_2599_469d_a738_74a361626420.jpg,1344,1.625,25.114,7.72,11.756,96.191,5.156,92.994,83.023,49.596,34.217,-0.5418,20.019,0.1216,0.5994,0.3653,59.311,62.894,53.617,25.114,5.663,8.992,0.0404,0.246,0.2331,49.912,20.792,0.009615,0.1035,23.507,0.4698,0.4457,0.4408,-2.546,-1.042,-1.146,0.008574,1.531,2.598,0.7492,0.8349,0.0002601,89.324,4.391,4.4,0.0001281,1.386e-05,
C:\Users\sblee\Downloads\Aesthetics-Toolbox-main\split_1\429380dd_4261_410b_b498_aaa6885a6d78.jpg,1024,1.0,26.406,7.684,7.956,72.452,6.56,77.606,83.407,41.665,32.929,-8.205,21.82,0.2189,0.6026,0.3483,73.779,65.054,43.689,26.406,9.167,17.788,0.1202,0.2325,0.2728,65.832,21.126,-0.005859,0.1055,18.54,0.4038,0.3434,0.314,-2.523,-1.25,-1.158,0.03077,1.437,2.494,0.6089,0.7662,0.0004615,81.551,4.4,4.444,0.0001932,2.209e-05,
C:\Users\sblee\Downloads\Aesthetics-Toolbox-main\split_1\4295ce7e_05ac_4415_b59a_387c0249f232.jpg,1216,0.7273,18.048,7.684,1.285,32.548,6.876,104.5,117.192,106.542,47.469,-6.318,4.164,0.3296,0.2012,0.4708,45.067,46.144,37.284,18.048,5.894,7.671,0.1864,0.1005,0.1775,32.857,7.408,-0.03125,0.01989,10.786,0.4332,0.416,0.3661,-3.108,-1.63,-1.457,0.00481,0.8783,2.019,0.5605,0.7276,0.00115,97.012,3.882,2.675,0.0005065,1.441e-05,
C:\Users\sblee\Downloads\Aesthetics-Toolbox-main\split_1\42a4b489_78d0_4e28_b60d_24f3089cbadd.jpg,1216,0.7273,23.098,7.633,13.821,113.01,5.726,101.493,70.053,55.626,32.253,11.815,13.627,0.03947,0.5151,0.3987,60.78,56.083,53.381,23.098,10.568,14.193,0.06502,0.284,0.2381,43.504,5.682,0.0,0.02841,8.607,0.5923,0.4909,0.4869,-2.328,-1.139,-1.176,0.003277,1.557,2.543,0.7137,0.8234,0.0003099,95.483,4.512,4.504,0.0001082,1.742e-05,
C:\Users\sblee\Downloads\Aesthetics-Toolbox-main\split_1\42a4f345_fe61_45e6_8fa3_b74a92129d43.png,1344,0.6154,21.566,7.682,3.194,49.707,5.411,117.268,116.488,110.94,48.077,-0.4962,3.335,0.1343,0.1197,0.4728,50.342,55.033,55.682,21.566,2.795,4.483,0.1389,0.1068,0.2132,36.446,2.776,-0.01367,0.002404,13.554,0.2505,0.2896,0.1882,-2.996,-1.472,-1.482,0.00522,1.131,2.344,0.5192,0.6591,0.000669,94.812,4.286,4.231,0.0003461,3.478e-05,
C:\Users\sblee\Downloads\Aesthetics-Toolbox-main\split_1\42a90817_db70_473e_8436_44020096b755.png,1024,1.0,29.275,7.831,19.16,202.439,6.957,103.204,101.497,105.071,41.797,2.213,-1.534,0.7181,0.227,0.4475,74.136,73.415,73.044,29.275,6.858,11.346,0.3446,0.2089,0.2897,46.046,12.652,-0.0625,-0.009766,9.403,0.5284,0.5005,0.4941,-2.704,-1.363,-1.203,0.03523,1.62,2.653,0.738,0.8299,0.0005347,97.175,4.151,4.397,0.0001802,1.548e-05,
C:\Users\sblee\Downloads\Aesthetics-Toolbox-main\split_1\42abe92d_2b16_48f9_a4f8_5ae284b1ebd2.jpg,1024,1.0,23.406,7.848,13.569,142.976,6.839,104.598,108.702,95.797,44.439,-2.442,6.721,0.2069,0.3356,0.469,59.471,58.622,63.776,23.406,6.264,18.377,0.282,0.2287,0.2436,39.521,0.0,0.0,0.0,2.041,0.5232,0.4837,0.4766,-2.758,-1.322,-1.287,0.01708,1.558,2.559,0.7279,0.8277,0.0004026,98.589,3.969,4.365,0.0001393,1.799e-05,
C:\Users\sblee\Downloads\Aesthetics-Toolbox-main\split_1\42b47818_326b_4ca4_ab4f_f77de918197f.jpg,1024,1.0,25.695,7.812,28.75,140.211,7.336,84.046,88.334,50.537,36.772,-4.24,18.364,0.1447,0.5868,0.4358,63.172,70.993,44.511,25.695,29.045,27.147,0.263,0.3256,0.2717,44.03,2.844,0.01367,-0.003906,7.798,0.6616,0.6116,0.615,-1.56,-0.7652,-0.6639,0.03863,1.854,2.836,0.6976,0.8414,0.0004987,96.449,4.302,4.37,0.0001216,1.668e-05,
C:\Users\sblee\Downloads\Aesthetics-Toolbox-main\split_1\42c6c8ca_f4bd_46e5_8e4f_68a79d216f05.png,1984,1.583,17.087,6.269,7.99,93.768,4.57,131.027,123.978,156.929,53.446,10.123,-16.67,0.6679,0.2786,0.6154,35.612,47.168,35.468,17.087,13.121,9.818,0.07855,0.186,0.1391,9.527,0.8391,-0.003289,0.002604,12.887,0.4767,0.4023,0.3563,-2.601,-1.418,-1.341,0.001455,1.416,2.568,0.6542,0.7978,0.0002927,93.576,4.546,4.513,0.0003271,1.381e-05,
C:\Users\sblee\Downloads\Aesthetics-Toolbox-main\split_1\42e140ad_e95d_40a2_b395_dd32e9106646.png,1792,2.5,30.842,6.958,20.129,290.279,6.24,85.585,66.056,52.322,29.613,7.466,11.35,0.03225,0.5438,0.37,84.715,77.505,67.946,30.842,17.037,21.943,0.1743,0.3627,0.3381,49.809,13.935,0.06016,0.03516,27.647,0.598,0.6541,0.5919,-1.928,-1.764,-1.295,0.04564,1.699,2.725,0.7709,0.8808,0.0002574,96.983,4.553,4.56,0.0001156,8.062e-06,
C:\Users\sblee\Downloads\Aesthetics-Toolbox-main\split_1\42e6d0cf_39d2_4703_9d65_1af3a286f492.png,1024,1.0,24.848,7.865,12.052,128.492,5.972,147.948,116.98,77.999,50.567,7.811,25.62,0.07932,0.5101,0.5844,64.1,64.392,54.075,24.848,11.052,16.869,0.08812,0.1813,0.2532,24.74,4.152,-0.01562,0.01367,3.607,0.6225,0.4351,0.4207,-3.001,-1.4,-1.449,0.0102,1.47,2.537,0.7267,0.7804,0.0004819,98.451,4.537,4.418,0.0001564,2.196e-05,
C:\Users\sblee\Downloads\Aesthetics-Toolbox-main\split_1\42f378dd_2b1f_4ca5_830b_95c84a3880f8.jpg,1600,0.7857,16.245,7.401,11.879,115.878,4.578,129.809,92.895,77.6,42.567,13.343,15.118,0.04979,0.4142,0.5094,42.126,41.599,37.819,16.245,7.106,6.033,0.04221,0.1649,0.1649,41.373,7.453,0.005682,-0.03683,10.505,0.6358,0.6066,0.5974,-2.475,-1.263,-1.26,0.002429,1.596,2.612,0.8839,0.8694,0.0001742,96.77,4.176,4.449,0.0001237,5.654e-06,
C:\Users\sblee\Downloads\Aesthetics-Toolbox-main\split_1\4301aed4_ca5a_4b88_9cc1_41f8a64ba9cd.jpg,1024,1.0,12.784,7.079,1.015,16.196,6.459,161.715,99.088,71.072,49.401,23.182,27.536,0.0444,0.6123,0.6534,30.883,44.253,49.26,12.784,20.105,21.281,0.1108,0.2274,0.1097,52.016,0.8735,-0.003906,-0.001953,4.823,0.5167,0.3505,0.3341,-2.935,-1.531,-1.384,0.01096,0.7643,2.009,0.5583,0.5336,0.001017,84.931,3.815,2.755,0.001216,7.861e-06,
C:\Users\sblee\Downloads\Aesthetics-Toolbox-main\split_1\430f7981_6608_43ed_92e0_7eec8e7025c0.jpg,1024,1.0,23.685,7.692,5.445,61.886,5.879,122.092,112.41,91.228,46.701,0.6471,12.778,0.1152,0.2653,0.4842,60.456,59.697,45.331,23.685,5.781,10.405,0.1087,0.1364,0.2348,20.201,20.451,0.08984,0.04883,14.649,0.2349,0.2237,0.2174,-2.71,-1.391,-1.256,0.03618,1.309,2.501,0.443,0.7533,0.0009019,95.168,3.714,4.082,0.0002708,3.432e-05,
C:\Users\sblee\Downloads\Aesthetics-Toolbox-main\split_1\4310b171_0ed9_4e95_91dc_79f8f1c283cc.png,1536,1.0,17.24,6.727,5.736,49.467,6.121,76.972,97.836,89.694,39.056,-9.407,1.761,0.4459,0.2545,0.387,44.186,45.347,34.564,17.24,3.854,6.742,0.08874,0.06389,0.1755,80.503,6.639,0.02214,-0.02474,7.106,0.4754,0.4415,0.3919,-2.471,-1.086,-1.134,0.008823,1.467,2.521,0.756,0.7765,0.0002907,80.36,4.254,4.267,0.000154,1.371e-05,
C:\Users\sblee\Downloads\Aesthetics-Toolbox-main\split_1\43129b8b_62e5_4129_897e_2256bb12b905.jpg,1152,1.25,25.406,7.865,5.679,93.662,4.955,109.474,97.482,64.309,40.442,-0.05182,20.047,0.1172,0.4745,0.4298,64.324,63.262,49.209,25.406,6.358,10.265,0.04648,0.1583,0.2522,39.292,7.454,-0.02031,0.03125,15.719,0.5727,0.3386,0.3388,-3.289,-1.671,-1.652,0.007151,1.21,2.339,0.536,0.722,0.000871,92.346,3.627,3.791,0.0002495,2.22e-05,
C:\Users\sblee\Downloads\Aesthetics-Toolbox-main\split_1\43155f0b_053c_42ca_8c5e_55333f26b781.jpg,1024,1.0,20.899,7.163,5.99,85.28,5.708,139.418,115.185,103.408,50.91,11.054,10.39,0.9654,0.5143,0.6322,67.078,55.767,52.738,20.899,12.453,31.732,0.2466,0.2111,0.2137,43.747,4.022,0.009766,0.01758,5.395,0.5745,0.3053,0.2773,-3.211,-1.853,-1.279,0.1605,1.145,2.287,0.5774,0.7419,0.0008749,95.129,4.482,4.372,0.0004938,4.338e-05,
C:\Users\sblee\Downloads\Aesthetics-Toolbox-main\split_1\43175256_d08e_481d_a3ee_7d1f355dcf91.jpg,1280,1.5,22.818,7.779,16.922,173.053,5.889,96.773,113.681,120.493,47.244,2.282,-4.073,0.6015,0.5259,0.5721,67.118,58.975,77.042,22.818,9.143,27.936,0.2136,0.3357,0.2486,28.222,3.474,-0.01693,-0.003906,13.002,0.5511,0.3681,0.3408,-2.214,-1.253,-1.062,0.0174,1.644,2.685,0.6245,0.7865,0.0005111,98.368,3.958,4.289,0.0001636,2.305e-05,
C:\Users\sblee\Downloads\Aesthetics-Toolbox-main\split_1\43255a8f_642d_4fd8_a0f3_24bb050f6857.png,1280,1.5,26.31,7.727,6.418,52.917,4.827,121.42,116.126,95.144,47.45,-1.534,12.401,0.1316,0.2746,0.477,65.731,65.786,61.032,26.31,2.33,3.899,0.02951,0.1296,0.2578,30.538,22.344,-0.06641,0.08984,23.186,0.4358,0.3413,0.2988,-2.637,-1.187,-1.258,0.008566,1.213,2.549,0.6461,0.812,0.0002766,91.365,4.383,4.461,0.0001974,1.524e-05,
C:\Users\sblee\Downloads\Aesthetics-Toolbox-main\split_1\4332fe17_359e_4ea1_bc38_d88ff0f81987.png,1024,1.0,21.627,7.64,17.26,115.233,6.931,88.286,124.23,147.717,52.336,4.686,-12.8108,0.8334,0.6045,0.68,80.757,59.567,79.543,21.627,21.214,33.303,0.2885,0.3417,0.269,12.103,7.851,0.003906,0.03906,6.011,0.5551,0.4241,0.4083,-2.223,-1.015,-1.033,0.01688,1.726,2.667,0.6336,0.6954,0.0004747,99.005,4.431,4.448,0.000249,4.299e-05,
C:\Users\sblee\Downloads\Aesthetics-Toolbox-main\split_1\43362ab5_1abd_4972_91c9_04ce691a3440.jpg,1024,1.0,27.283,7.656,5.216,87.527,5.294,131.655,116.858,104.013,49.168,4.202,9.479,0.09245,0.3456,0.5318,66.818,69.394,68.509,27.283,9.684,9.757,0.118,0.2696,0.2743,39.124,7.861,-0.01758,0.03516,6.467,0.2071,0.3328,0.1782,-3.413,-1.638,-1.636,0.01101,1.133,2.3,0.496,0.7304,0.0006713,96.422,4.282,4.253,0.0003594,2.589e-05,
C:\Users\sblee\Downloads\Aesthetics-Toolbox-main\split_1\4342d423_89ae_47f7_8d96_d4cd6beaa560.jpg,1280,0.6667,33.872,7.82,22.874,211.461,6.974,118.315,125.075,141.585,50.655,2.345,-9.452,0.6642,0.3364,0.571,76.476,87.963,85.3,33.872,9.179,10.672,0.1763,0.2535,0.3331,26.594,10.677,-0.01172,-0.05208,19.808,0.6141,0.5319,0.5105,-2.243,-1.253,-1.039,0.009101,1.573,2.733,0.7416,0.8447,0.0004508,96.176,4.357,4.475,0.0001382,1.173e-05,
C:\Users\sblee\Downloads\Aesthetics-Toolbox-main\split_1\4349df81_3d2b_446c_85ce_a176998afc9c.jpg,1216,0.7273,14.963,6.993,2.733,43.929,5.518,139.658,140.238,148.877,58.845,4.188,-3.501,0.8412,0.265,0.6551,54.332,38.81,48.307,14.963,7.908,15.613,0.3024,0.2247,0.172,5.352,5.305,-0.01367,0.02273,9.013,0.2614,0.2298,0.1125,-2.98,-1.613,-1.476,0.007635,1.118,2.382,0.3802,0.5768,0.0009223,91.347,4.458,4.208,0.0005337,2.52e-05,
C:\Users\sblee\Downloads\Aesthetics-Toolbox-main\split_1\434ba0ec_7671_40c4_86a5_9c3d529fcbc3.jpg,1280,1.5,14.525,7.08,6.154,65.772,6.593,117.904,65.596,76.358,34.559,24.714,3.371,0.9243,0.5148,0.4778,47.236,35.883,22.81,14.525,10.774,18.197,0.1108,0.1276,0.1812,65.997,10.186,0.05078,0.003906,13.63,0.5028,0.4919,0.4528,-2.457,-1.241,-1.216,0.00326,1.46,2.468,0.6959,0.7842,0.0004129,90.816,4.429,4.478,0.0001543,1.796e-05,
C:\Users\sblee\Downloads\Aesthetics-Toolbox-main\split_1\435676a4_0a51_464a_aba1_ad5995aed88c.jpg,1024,1.0,31.817,7.616,10.294,101.173,6.389,105.929,127.365,154.298,51.419,1.237,-16.0899,0.5943,0.4185,0.621,85.161,79.216,89.347,31.817,5.131,19.745,0.2271,0.3045,0.3495,21.341,16.073,0.03516,-0.07227,13.365,0.512,0.3132,0.2779,-2.845,-1.387,-1.249,0.05955,1.488,2.581,0.4309,0.7618,0.0009374,94.245,3.154,3.636,0.0003744,1.875e-05,
C:\Users\sblee\Downloads\Aesthetics-Toolbox-main\split_1\43596657_2969_4551_8ff1_9100117eb8a5.png,1216,1.375,32.041,7.751,9.142,162.197,7.14,123.042,119.799,111.687,49.308,2.422,5.171,0.3473,0.4254,0.5414,81.786,83.276,81.572,32.041,9.822,19.745,0.2783,0.3737,0.2957,32.667,9.221,0.02983,-0.03516,10.989,0.3939,0.347,0.3373,-3.228,-1.829,-1.594,0.01924,1.33,2.457,0.6181,0.7828,0.0007384,98.74,4.479,4.406,0.0002584,3.062e-05,
C:\Users\sblee\Downloads\Aesthetics-Toolbox-main\split_1\4362938a_c8b2_4772_9df1_4658c4c230b6.jpg,1152,0.8,22.194,7.645,7.532,81.748,6.118,148.695,99.009,143.752,48.035,27.868,-16.2624,0.8467,0.4215,0.6113,60.62,55.532,55.993,22.194,10.107,13.436,0.08478,0.1704,0.2331,23.574,10.313,0.04102,-0.03125,14.869,0.4374,0.3443,0.3229,-2.589,-1.314,-1.251,0.005675,1.322,2.466,0.523,0.7413,0.0007377,97.25,4.484,4.447,0.000387,2.43e-05,
C:\Users\sblee\Downloads\Aesthetics-Toolbox-main\split_1\43718b0c_fb42_49ef_a023_90bbc9084b84.jpg,1536,0.5,11.257,6.869,7.545,57.914,6.695,105.292,73.142,69.317,36.535,12.531,10.877,0.04561,0.4839,0.4739,59.199,30.23,20.814,11.257,30.586,11.462,0.2315,0.2077,0.1916,23.087,2.62,-0.005859,0.01172,16.81,0.6524,0.445,0.4469,-2.306,-1.082,-1.185,0.01406,1.635,2.569,0.7089,0.8257,0.0002868,98.293,4.033,4.343,0.0002384,1.093e-05,
C:\Users\sblee\Downloads\Aesthetics-Toolbox-main\split_1\4371d46c_b518_4d48_a37b_2b3193019b29.jpg,1024,1.0,28.738,7.834,6.984,121.063,6.123,119.502,131.01,123.385,52.361,-4.401,1.91,0.5298,0.2774,0.5456,70.768,72.617,79.795,28.738,7.076,18.966,0.1517,0.2472,0.2916,20.646,16.61,-0.05469,0.0625,10.894,0.3542,0.3638,0.2885,-3.457,-1.775,-1.672,0.02779,1.196,2.377,0.5422,0.7089,0.001112,96.034,3.874,4.168,0.0003384,3.682e-05,
C:\Users\sblee\Downloads\Aesthetics-Toolbox-main\split_1\437c47a2_8d65_4942_801c_1faa40a736bc.jpg,1024,1.0,23.745,7.688,7.55,84.995,6.024,117.937,81.356,58.249,37.209,12.918,18.928,0.04783,0.5685,0.4629,65.773,58.27,53.84,23.745,11.011,17.552,0.06943,0.2112,0.2577,51.609,20.703,0.1035,0.0,13.524,0.4298,0.4558,0.3935,-2.975,-1.433,-1.397,0.01593,1.335,2.441,0.7137,0.8144,0.0003359,91.64,4.516,4.494,0.0001556,1.883e-05,
C:\Users\sblee\Downloads\Aesthetics-Toolbox-main\split_1\4389b271_f326_4b38_b1ac_bffd3e3ef7f6.jpg,1024,1.0,25.921,7.608,7.555,97.134,5.018,129.475,138.468,152.53,57.737,0.4595,-6.755,0.5796,0.365,0.6583,75.892,72.202,71.603,25.921,18.438,17.915,0.1563,0.2369,0.2668,20.076,19.547,0.003906,0.09766,12.481,0.5863,0.3242,0.3153,-2.899,-1.504,-1.332,0.03896,1.191,2.44,0.5953,0.7335,0.0005467,89.347,4.504,4.539,0.0003299,1.88e-05,
C:\Users\sblee\Downloads\Aesthetics-Toolbox-main\split_1\439010fb_fad4_44c1_9162_201877518b9d.jpg,1024,1.0,30.722,7.613,9.245,133.181,5.856,137.269,91.317,37.176,41.837,13.715,34.358,0.06333,0.7716,0.539,83.511,77.607,49.188,30.722,14.776,24.779,0.0721,0.231,0.3273,26.668,7.812,0.03906,0.0,5.823,0.4548,0.4467,0.4638,-3.264,-1.596,-1.54,0.02237,1.234,2.342,0.7532,0.8203,0.000625,99.109,4.054,4.164,0.0001691,1.996e-05,
C:\Users\sblee\Downloads\Aesthetics-Toolbox-main\split_1\439b8082_c14c_43e7_b88d_0e1e97716352.jpg,1344,1.625,22.115,7.719,5.959,108.766,6.679,146.386,109.274,118.757,49.731,17.102,0.0844,0.9436,0.378,0.5883,56.229,61.391,33.049,22.115,10.611,17.842,0.1207,0.2037,0.2062,39.54,6.37,-0.01923,-0.02539,15.105,0.3254,0.3197,0.2764,-2.846,-1.586,-1.415,0.00369,1.256,2.309,0.5614,0.7856,0.0008922,96.544,4.118,4.385,0.0003043,2.545e-05,
C:\Users\sblee\Downloads\Aesthetics-Toolbox-main\split_1\43a0f99e_6792_40cc_bfb0_8b32b4d9aa3f.jpg,1216,1.375,16.173,7.405,14.378,94.736,4.521,121.219,98.857,83.244,43.165,6.599,12.054,0.05738,0.3018,0.476,47.267,38.201,31.115,16.173,3.816,7.942,0.06394,0.1239,0.1844,37.807,11.679,-0.0142,0.05664,15.199,0.6147,0.5639,0.5406,-1.982,-0.9675,-0.9246,0.002252,1.724,2.67,0.8007,0.8876,0.0001378,95.72,4.485,4.55,0.0001003,8.14e-06,
C:\Users\sblee\Downloads\Aesthetics-Toolbox-main\split_1\43a90733_67ad_4586_ad17_76d80e092859.jpg,1152,0.8,18.969,7.602,6.605,75.317,5.728,154.512,88.38,69.975,44.538,25.444,21.91,0.01747,0.5601,0.6133,65.553,43.19,26.471,18.969,12.4,18.394,0.08933,0.1476,0.2456,31.177,1.683,0.007812,0.003125,9.304,0.5383,0.4318,0.4198,-2.699,-1.35,-1.276,0.004254,1.326,2.462,0.6286,0.765,0.000492,96.017,4.558,4.468,0.0003377,2.616e-05,
C:\Users\sblee\Downloads\Aesthetics-Toolbox-main\split_1\43b833b7_46bf_4edc_9ee1_5d6a5df72884.jpg,1152,1.25,21.263,7.541,7.669,77.538,6.695,114.82,67.264,79.149,34.073,22.65,0.8875,0.9055,0.5126,0.4645,66.845,50.131,35.4,21.263,13.539,21.243,0.1159,0.1427,0.2516,46.805,14.926,0.05469,0.05078,16.581,0.4883,0.3049,0.2918,-2.609,-1.343,-1.3,0.004187,1.362,2.485,0.4259,0.7384,0.0004789,91.525,4.374,4.389,0.0002136,2.506e-05,
C:\Users\sblee\Downloads\Aesthetics-Toolbox-main\split_1\43c4c6e2_f0c8_469c_81f4_f268acd8315e.jpg,1024,1.0,19.528,7.311,6.688,61.238,3.745,130.545,106.088,63.343,45.764,4.442,27.144,0.1006,0.549,0.5242,46.784,52.039,31.582,19.528,11.449,10.668,0.04494,0.1241,0.1951,77.073,7.585,-0.007812,0.03711,5.939,0.3582,0.4571,0.2983,-2.812,-1.43,-1.187,0.06419,1.551,2.468,0.627,0.7514,0.0005036,76.164,4.479,3.863,0.000221,2.063e-05,
C:\Users\sblee\Downloads\Aesthetics-Toolbox-main\split_1\43c9ee9e_357b_4c31_8fc8_ba5b6a929d67.jpg,1536,1.0,25.441,7.819,10.41,104.399,6.843,114.841,92.18,114.524,41.616,14.189,-7.686,0.8326,0.4031,0.5165,65.983,63.596,69.484,25.441,15.547,12.518,0.1675,0.221,0.2747,29.856,8.75,-0.03516,0.02604,8.422,0.3939,0.3957,0.2955,-2.503,-1.08,-1.113,0.0162,1.425,2.598,0.4728,0.8027,0.000648,95.335,3.903,4.297,0.0003366,2.738e-05,
C:\Users\sblee\Downloads\Aesthetics-Toolbox-main\split_1\43cd6bf0_4cd7_47f9_aa4e_5fd52eec9f04.jpg,1280,1.5,16.115,7.213,11.915,105.85,5.842,122.58,100.42,118.108,45.514,12.322,-5.317,0.8363,0.2737,0.5236,45.907,43.753,40.904,16.115,12.533,10.746,0.1358,0.2123,0.1629,10.991,6.442,0.007812,0.03125,13.918,0.4356,0.3978,0.3564,-2.182,-1.098,-1.051,0.004781,1.63,2.59,0.6044,0.7578,0.0006017,98.764,3.424,3.899,0.0001561,2.187e-05,
C:\Users\sblee\Downloads\Aesthetics-Toolbox-main\split_1\43dc753e_8aad_4654_830b_30ecb0043579.jpg,1216,0.7273,10.757,6.645,8.754,82.669,6.123,78.316,96.68,78.349,38.898,-10.027,7.802,0.3437,0.3218,0.4003,24.203,27.608,22.84,10.757,7.436,15.407,0.1397,0.1187,0.1016,16.494,1.663,-0.007812,-0.002841,9.248,0.6414,0.6508,0.6384,-2.579,-1.409,-1.345,0.002323,1.727,2.61,0.8839,0.8263,0.0001439,99.494,4.487,4.503,0.0001316,6.284e-06,
C:\Users\sblee\Downloads\Aesthetics-Toolbox-main\split_1\43ea3d0b_3754_4a4f_8901_8f72010971db.jpg,1024,1.0,20.867,6.808,5.271,47.043,3.469,159.167,156.647,164.198,64.537,2.573,-3.264,0.6481,0.1305,0.657,46.545,55.316,53.477,20.867,7.332,5.637,0.09587,0.2349,0.1917,2.874,17.258,-0.08594,0.007812,13.133,0.3474,0.6046,0.3456,-3.14,-1.482,-1.534,0.01809,1.547,2.522,0.7553,0.6691,0.0003543,67.878,4.542,3.539,0.0002082,1.971e-05,
C:\Users\sblee\Downloads\Aesthetics-Toolbox-main\split_1\43f8ddf0_a491_47c2_9fbc_9c04c24bf794.png,1344,1.625,15.803,7.366,5.047,44.625,5.613,125.841,118.284,85.805,49.625,-0.545,19.134,0.1457,0.4582,0.5258,36.301,41.759,57.762,15.803,9.187,18.754,0.14,0.2574,0.1523,23.105,11.751,-0.01562,-0.05664,14.027,0.512,0.3474,0.327,-2.751,-1.361,-1.31,0.004497,1.295,2.515,0.7334,0.7619,0.0002899,87.832,4.339,4.423,0.0001805,2.157e-05,
C:\Users\sblee\Downloads\Aesthetics-Toolbox-main\split_1\43f9c64d_d2c0_4373_a16a_664b3bd87ac8.jpg,1024,1.0,10.317,6.25,0.7232,12.595,4.315,125.576,111.901,92.636,48.059,3.418,11.496,0.06548,0.2075,0.4931,34.492,26.82,31.251,10.317,6.803,20.124,0.08656,0.2785,0.1345,54.096,4.367,0.003906,-0.02148,3.767,0.3351,0.4787,0.2805,-3.007,-1.555,-1.44,0.003642,0.8054,1.997,0.445,0.5713,0.00124,85.62,4.254,2.561,0.0006412,1.632e-05,
C:\Users\sblee\Downloads\Aesthetics-Toolbox-main\split_1\43fbbab3_29ab_4eed_9e65_23eec0658345.jpg,1280,0.6667,28.01,7.809,16.242,174.997,6.459,94.752,95.48,96.117,39.021,0.5275,-0.2781,0.64,0.2111,0.4147,67.6,69.256,66.975,28.01,7.693,7.529,0.2768,0.1612,0.2848,43.237,3.83,0.005859,0.01823,12.325,0.6851,0.4901,0.4857,-2.498,-1.529,-1.278,0.01417,1.52,2.613,0.5309,0.7935,0.0005576,96.798,4.328,4.372,0.0001649,1.933e-05,
C:\Users\sblee\Downloads\Aesthetics-Toolbox-main\split_1\4407500d_5791_46f6_a72c_25634d622db4.jpg,1024,1.0,25.35,7.708,10.779,140.069,5.006,133.279,103.937,57.752,45.306,6.434,29.929,0.1025,0.6286,0.5247,66.364,65.824,57.331,25.35,10.655,15.962,0.1,0.2394,0.2576,22.557,8.24,-0.02148,0.03516,6.971,0.5301,0.4637,0.4351,-3.078,-1.638,-1.298,0.1181,1.413,2.504,0.5828,0.7645,0.001031,96.719,3.429,3.932,0.0002758,2.795e-05,
C:\Users\sblee\Downloads\Aesthetics-Toolbox-main\split_1\4416e57c_271a_4f17_8859_f4f1a4ba7a8c.png,1024,1.0,22.024,7.775,8.418,123.789,5.458,102.419,85.2,75.681,36.705,5.718,8.318,0.05724,0.3379,0.4061,56.143,53.025,52.688,22.024,5.664,6.198,0.09669,0.1921,0.2187,39.012,1.611,0.001953,0.007812,2.786,0.4707,0.3947,0.3813,-3.475,-1.744,-1.662,0.00893,1.368,2.444,0.7438,0.8154,0.0003831,97.443,4.472,4.488,0.0002001,1.529e-05,
C:\Users\sblee\Downloads\Aesthetics-Toolbox-main\split_1\4421d3b7_3a3c_4912_ae49_c15830ea30a0.jpg,1856,0.8125,13.407,6.71,5.598,52.905,4.893,70.492,36.713,31.32,19.258,15.166,10.939,0.01055,0.5715,0.2839,38.955,31.722,30.936,13.407,12.783,11.726,0.1002,0.2579,0.1614,82.113,10.183,0.01442,-0.04883,13.495,0.3622,0.4494,0.3428,-2.287,-1.104,-1.036,0.003537,1.508,2.459,0.5956,0.7547,0.0004591,88.361,4.456,4.316,0.0002218,2.609e-05,
C:\Users\sblee\Downloads\Aesthetics-Toolbox-main\split_1\4422558d_d068_41c0_a578_06510dd06f5d.jpg,2176,2.091,24.393,7.856,6.383,75.527,5.244,97.688,106.967,66.685,42.311,-10.3292,20.498,0.2026,0.4149,0.4225,58.282,61.558,43.767,24.393,5.887,11.824,0.05884,0.1785,0.2397,35.906,8.499,0.02717,0.03267,24.894,0.5367,0.427,0.4142,-2.601,-1.236,-1.264,0.004738,1.374,2.54,0.5871,0.7853,0.0002802,92.63,3.876,4.249,0.0001546,1.236e-05,
C:\Users\sblee\Downloads\Aesthetics-Toolbox-main\split_1\44267561_43d8_494a_a5e4_ba43f6e5139e.jpg,1024,1.0,18.633,7.028,7.029,96.611,6.434,149.444,112.851,96.234,51.688,14.641,16.725,0.03497,0.5328,0.6501,38.558,57.989,71.553,18.633,20.548,24.929,0.1923,0.2044,0.1897,42.436,0.8735,0.003906,-0.001953,3.122,0.4644,0.521,0.4286,-3.152,-1.602,-1.471,0.0434,1.396,2.438,0.7176,0.8136,0.0007683,97.223,4.032,4.321,0.0003016,2.42e-05,
C:\Users\sblee\Downloads\Aesthetics-Toolbox-main\split_1\44297d4b_1da2_413b_bf30_b8f37755f5ff.jpg,2048,1.0,13.419,7.133,2.462,31.994,5.723,99.328,73.982,98.001,34.67,15.599,-9.572,0.8236,0.3186,0.4085,29.899,33.788,34.728,13.419,5.909,5.284,0.06617,0.1331,0.1285,38.287,6.563,0.02637,0.01953,6.648,0.483,0.3686,0.362,-2.56,-1.145,-1.18,0.007219,1.289,2.252,0.7111,0.6744,0.0005645,90.654,3.494,4.031,0.0002618,2.327e-05,
C:\Users\sblee\Downloads\Aesthetics-Toolbox-main\split_1\4435e210_b29c_4ce4_a90f_c6c5ae3e4fa1.jpg,1536,1.0,19.724,7.557,6.611,67.609,5.474,114.62,78.28,52.481,36.267,12.945,19.819,0.04465,0.4915,0.4554,63.911,44.75,37.119,19.724,11.22,21.462,0.1118,0.2697,0.2481,45.633,10.781,0.04297,0.03255,6.953,0.4902,0.2857,0.2648,-2.696,-1.077,-1.289,0.02206,1.422,2.489,0.5011,0.7573,0.0005298,95.909,3.672,4.019,0.000262,2.673e-05,
C:\Users\sblee\Downloads\Aesthetics-Toolbox-main\split_1\4438a781_470b_44cd_ba8c_185276620a2a.jpg,1536,1.4,20.402,7.508,9.667,81.313,4.983,117.745,93.921,58.685,40.886,6.173,23.682,0.1077,0.5833,0.4722,47.721,52.716,52.167,20.402,7.916,12.965,0.08485,0.2419,0.1966,56.099,16.913,-0.02344,0.08125,15.88,0.445,0.3834,0.3414,-2.416,-1.142,-1.154,0.005242,1.563,2.638,0.6405,0.8003,0.0001759,84.072,4.552,4.531,0.0001271,1.61e-05,
C:\Users\sblee\Downloads\Aesthetics-Toolbox-main\split_1\444363aa_b220_4262_8bb3_ac9caa67a8a6.png,1024,1.0,19.857,7.002,5.317,50.451,6.255,147.55,108.905,88.63,50.395,14.415,17.459,0.9724,0.425,0.6047,65.183,52.39,70.771,19.857,22.397,28.546,0.2755,0.383,0.2556,13.505,10.186,-0.04297,-0.02734,8.795,0.4812,0.4205,0.4057,-3.063,-1.456,-1.515,0.01945,1.165,2.526,0.7068,0.6014,0.0006919,86.972,4.32,4.206,0.000285,4.913e-05,
C:\Users\sblee\Downloads\Aesthetics-Toolbox-main\split_1\4448f968_358c_414a_8f38_0b62eeda0dba.jpg,1024,1.0,16.195,7.319,7.701,102.543,7.003,107.885,140.2,156.264,58.086,-0.2162,-10.4646,0.553,0.594,0.7364,72.485,49.163,38.529,16.195,23.819,32.208,0.2085,0.1824,0.1231,40.532,1.105,-0.003906,0.003906,1.448,0.6617,0.4897,0.4875,-3.307,-1.808,-1.42,0.09389,1.343,2.402,0.6764,0.7809,0.0005144,98.251,4.495,4.48,0.0001966,1.438e-05,
C:\Users\sblee\Downloads\Aesthetics-Toolbox-main\split_1\445d75b2_4368_4fb3_8ac6_4326d5e5e7a9.jpg,1024,1.0,23.846,7.071,24.247,186.098,6.69,56.005,52.44,129.926,29.317,29.268,-39.0367,0.6827,0.823,0.5535,61.885,71.277,53.054,23.846,24.204,31.247,0.1262,0.231,0.208,66.803,5.859,0.0,-0.0293,6.403,0.7463,0.5575,0.5521,-1.937,-1.097,-0.7571,0.08572,1.701,2.743,0.5908,0.8096,0.0005326,94.828,4.461,4.283,9.534e-05,1.705e-05,
C:\Users\sblee\Downloads\Aesthetics-Toolbox-main\split_1\44711555_56a1_4576_a7c6_c42e34ddd0e7.jpg,1280,1.5,17.331,7.152,1.882,22.746,3.571,123.569,96.289,105.057,43.283,12.699,-0.7046,0.9312,0.2333,0.4846,47.77,42.328,40.48,17.331,6.065,5.574,0.03144,0.09374,0.1873,42.1,15.552,0.01562,0.07617,17.346,0.4216,0.3036,0.3196,-2.771,-1.386,-1.317,0.007734,1.171,2.332,0.5408,0.7063,0.0007249,85.808,4.262,4.222,0.0003238,2.248e-05,
C:\Users\sblee\Downloads\Aesthetics-Toolbox-main\split_1\44831334_7f5b_49b9_92f7_e62c97e6bea6.jpg,1024,1.0,29.413,7.919,8.388,117.109,5.85,134.151,108.91,71.524,46.449,5.819,23.87,0.08817,0.5872,0.5365,75.852,75.5,67.466,29.413,11.59,14.336,0.07102,0.2734,0.2883,36.568,7.861,-0.01758,0.03516,10.492,0.3887,0.3973,0.3972,-3.267,-1.731,-1.502,0.04096,1.326,2.422,0.6192,0.7457,0.0007886,97.366,4.564,4.053,0.0002255,3.02e-05,
C:\Users\sblee\Downloads\Aesthetics-Toolbox-main\split_1\44a23f54_9717_4d88_a52a_95622344b32c.jpg,1024,1.0,38.83,6.887,17.237,170.333,6.101,131.179,115.725,101.913,48.179,5.655,10.081,0.2707,0.4529,0.5442,101.904,99.756,101.722,38.83,13.449,21.909,0.385,0.3876,0.3942,35.475,18.766,0.09375,0.003906,11.393,0.4237,0.4275,0.3757,-2.757,-1.211,-1.38,0.01746,1.587,2.611,0.6815,0.7945,0.0005946,97.573,4.523,4.461,0.0003024,2.659e-05,
C:\Users\sblee\Downloads\Aesthetics-Toolbox-main\split_1\44a386ff_e1b6_49fa_937c_07e55a6f2352.png,1024,1.0,19.972,7.602,7.35,78.09,5.947,110.521,94.714,77.514,40.808,3.676,12.608,0.09197,0.3671,0.4569,58.169,48.299,49.006,19.972,12.95,9.517,0.1591,0.172,0.2179,43.937,1.611,0.007812,0.001953,3.798,0.4601,0.356,0.3228,-2.969,-1.483,-1.379,0.01627,1.458,2.468,0.6657,0.7932,0.0004837,95.07,4.423,4.325,0.0001918,2.013e-05,
C:\Users\sblee\Downloads\Aesthetics-Toolbox-main\split_1\44bc6fe3_ff32_41b7_bfff_0ed418af52c3.jpg,1024,1.0,17.539,7.481,15.66,122.42,5.664,112.16,82.724,16.547,37.506,5.119,39.529,0.1281,0.8592,0.4599,58.304,43.428,17.694,17.539,21.902,15.797,0.05631,0.1398,0.2272,38.127,7.075,0.03516,-0.003906,4.815,0.6129,0.485,0.4817,-2.296,-1.118,-1.115,0.02185,1.68,2.686,0.7995,0.7983,0.0002388,97.109,4.008,4.361,0.0001069,1.559e-05,
C:\Users\sblee\Downloads\Aesthetics-Toolbox-main\split_1\44bfe574_383d_4ab4_927d_f43161bd8186.jpg,1024,1.0,22.535,7.515,2.694,31.512,1.038,128.121,127.342,127.752,52.556,0.3967,-0.1216,0.9667,0.01428,0.5025,56.236,56.815,56.527,22.535,0.4977,0.2111,0.04534,0.05994,0.2205,23.829,11.614,0.05469,0.01953,10.136,0.2964,0.3263,0.2895,-3.098,-1.578,-1.49,0.004757,1.014,2.142,0.593,0.6749,0.0007484,94.05,3.514,3.606,0.000316,3.453e-05,
C:\Users\sblee\Downloads\Aesthetics-Toolbox-main\split_1\44d13025_6876_4769_84a9_b59467bab315.jpg,1408,1.0,21.311,7.594,8.673,79.55,6.044,100.892,87.409,61.881,37.408,3.354,17.191,0.1495,0.5023,0.4195,44.482,56.673,58.855,21.311,11.754,12.664,0.1281,0.3051,0.1985,53.817,14.139,-0.02699,0.06534,11.492,0.4658,0.3881,0.3902,-2.392,-1.224,-1.168,0.002971,1.431,2.562,0.6837,0.8065,0.0002672,89.777,4.526,4.463,0.0001433,1.91e-05,
C:\Users\sblee\Downloads\Aesthetics-Toolbox-main\split_1\44ed6904_f1a0_4c76_a177_d7e70c1c5fc7.jpg,1536,1.0,20.776,7.651,4.88,62.843,5.066,119.223,83.836,65.865,38.272,12.462,15.957,0.04673,0.4483,0.4676,63.652,47.767,41.46,20.776,9.631,14.101,0.0434,0.1992,0.2496,44.716,5.61,0.01042,0.02604,7.323,0.3732,0.4078,0.3066,-2.627,-1.233,-1.175,0.01317,1.284,2.497,0.5071,0.7804,0.0007102,91.09,4.483,4.502,0.0002973,2.19e-05,
C:\Users\sblee\Downloads\Aesthetics-Toolbox-main\split_1\4503a430_df25_40bb_bb81_75b0fdcd5913.jpg,1152,1.25,29.888,7.629,8.165,116.287,7.126,116.532,101.946,101.553,44.24,7.918,3.706,0.05888,0.4739,0.5209,75.576,79.661,71.425,29.888,15.35,21.617,0.2229,0.3416,0.2779,30.896,1.0,-0.003125,0.003906,12.366,0.3724,0.3705,0.3593,-3.174,-1.634,-1.519,0.00498,1.302,2.456,0.678,0.7731,0.0004722,95.839,4.394,4.413,0.0001986,2.433e-05,
C:\Users\sblee\Downloads\Aesthetics-Toolbox-main\split_1\4504082b_9eae_46ef_bd6d_33e58176b902.jpg,1984,0.8235,24.249,7.689,5.193,83.479,5.28,91.652,129.155,135.761,50.701,-9.752,-7.019,0.5471,0.3097,0.544,36.806,66.465,69.964,24.249,10.844,7.055,0.1873,0.1543,0.2652,32.059,3.862,0.01786,0.007353,10.398,0.4799,0.4975,0.4634,-3.044,-1.237,-1.303,0.02208,1.34,2.407,0.7805,0.8261,0.0002536,97.537,4.551,4.471,0.0002452,1.603e-05,
C:\Users\sblee\Downloads\Aesthetics-Toolbox-main\split_1\450ce514_430c_42f1_9980_df11e259dd14.jpg,1216,0.7273,22.348,7.456,25.037,150.197,7.663,69.746,62.181,61.584,27.324,6.045,2.356,0.93,0.5504,0.3479,56.525,57.58,51.979,22.348,18.799,21.762,0.2584,0.2506,0.2409,57.484,1.302,0.005859,-0.002841,10.016,0.5305,0.5397,0.5233,-1.958,-0.8951,-0.9355,0.006661,1.767,2.733,0.8071,0.8411,0.0003582,98.751,4.462,4.513,8.006e-05,1.528e-05,
C:\Users\sblee\Downloads\Aesthetics-Toolbox-main\split_1\451f0edd_c9c9_4481_9057_e6755411d31b.jpg,1216,1.375,28.037,7.764,4.47,60.271,6.913,90.745,97.033,90.74,38.929,-2.677,2.298,0.6297,0.2458,0.4061,57.825,72.972,55.697,28.037,10.382,8.628,0.3557,0.155,0.2669,35.59,22.267,-0.00142,0.1113,21.267,0.3866,0.2824,0.286,-2.921,-1.473,-1.395,0.003893,1.192,2.365,0.5971,0.6938,0.0005324,90.748,4.261,4.308,0.0002119,2.545e-05,
C:\Users\sblee\Downloads\Aesthetics-Toolbox-main\split_1\4525ff70_35ae_4a6c_8f88_3425627df4b7.jpg,1280,1.5,19.611,7.498,8.235,110.251,5.393,96.783,62.324,18.386,29.118,11.032,29.578,0.07887,0.8257,0.381,51.917,48.425,24.505,19.611,10.517,17.283,0.07304,0.1669,0.2013,54.372,16.485,-0.01953,0.08008,17.557,0.4879,0.4469,0.3802,-2.846,-1.739,-1.533,0.02112,1.439,2.459,0.7071,0.8105,0.0004658,91.37,3.877,4.247,0.0001576,1.566e-05,
C:\Users\sblee\Downloads\Aesthetics-Toolbox-main\split_1\452dc4b7_457b_4200_a93d_2d7c3fa94f29.jpg,1280,1.5,25.296,7.613,6.666,72.675,5.328,115.785,93.251,67.684,39.911,5.937,17.496,0.07165,0.4459,0.4542,64.558,63.442,46.363,25.296,4.587,11.638,0.04442,0.1351,0.2533,38.596,19.924,0.001302,0.09961,22.45,0.4431,0.3863,0.3594,-2.573,-1.228,-1.258,0.004008,1.285,2.472,0.6342,0.7856,0.0003158,92.498,4.467,4.479,0.0001681,2.345e-05,
C:\Users\sblee\Downloads\Aesthetics-Toolbox-main\split_1\454a60fb_4e68_4435_abfc_24b6b7c0fd24.jpg,1216,0.7273,11.844,6.231,4.419,63.722,3.682,133.025,111.654,88.823,48.734,6.413,15.713,0.02694,0.2956,0.5227,35.801,31.205,37.998,11.844,8.636,20.288,0.1033,0.3434,0.14,1.997,0.7812,0.003906,0.0,9.037,0.3107,0.3451,0.3,-2.947,-1.695,-1.509,0.02223,1.349,2.441,0.5842,0.7838,0.0009116,99.753,4.508,4.406,0.00048,3.11e-05,
C:\Users\sblee\Downloads\Aesthetics-Toolbox-main\split_1\4554b5a9_af79_4238_90d0_479bfbf6f471.jpg,1024,1.0,18.856,7.53,5.553,94.582,6.9,111.786,117.059,105.134,48.357,-1.898,5.419,0.291,0.3659,0.5164,54.012,48.819,49.006,18.856,8.635,20.075,0.3354,0.2508,0.184,37.911,7.042,0.03516,0.001953,6.883,0.3486,0.3989,0.2721,-3.549,-1.827,-1.663,0.04281,1.21,2.386,0.5161,0.7219,0.000801,96.216,4.28,4.422,0.0002662,2.863e-05,
C:\Users\sblee\Downloads\Aesthetics-Toolbox-main\split_1\45600034_f720_4c11_929d_3e11c79591a5.jpg,1024,1.0,25.982,7.685,8.262,72.27,5.877,101.441,98.333,70.3,40.135,-2.999,15.868,0.1621,0.4254,0.4069,61.966,65.303,61.77,25.982,5.824,13.862,0.08559,0.2747,0.2447,34.986,3.537,0.001953,0.01758,4.962,0.5633,0.3384,0.3268,-2.754,-1.284,-1.241,0.03414,1.32,2.492,0.4736,0.7334,0.0008328,96.82,4.508,4.419,0.0003323,3.344e-05,
C:\Users\sblee\Downloads\Aesthetics-Toolbox-main\split_1\456c3dea_d2d4_4e9e_9e6d_94b9863ae161.jpg,1024,1.0,6.479,6.472,0.5852,7.361,6.19,104.466,67.365,46.973,32.604,13.306,19.067,0.07188,0.5013,0.4097,32.992,11.132,7.826,6.479,12.098,9.952,0.02619,0.1761,0.1294,50.466,5.95,0.02734,-0.01172,3.933,0.5148,0.5054,0.4775,-2.981,-1.558,-1.425,0.005981,0.8213,2.006,0.4809,0.7588,0.00115,86.303,3.336,2.181,0.0009938,7.632e-06,
C:\Users\sblee\Downloads\Aesthetics-Toolbox-main\split_1\45704b8b_6de4_4869_8ced_33bc8a95463c.jpg,1152,0.8,12.417,7.389,0.9365,20.615,5.594,122.661,85.13,70.443,39.777,13.787,14.876,0.04312,0.4521,0.481,26.713,34.463,17.926,12.417,8.958,7.255,0.05179,0.09273,0.1048,29.604,4.477,0.01953,0.01094,9.322,0.6925,0.4377,0.41,-3.056,-1.561,-1.444,0.007802,0.7618,2.012,0.616,0.7364,0.001081,96.858,3.909,2.609,0.0007872,8.848e-06,
C:\Users\sblee\Downloads\Aesthetics-Toolbox-main\split_1\4586584a_46f1_4087_be3a_f21c5ba53efe.jpg,1216,0.7273,20.512,7.608,7.815,93.19,6.823,138.821,103.87,118.412,48.997,21.67,-1.327,0.8722,0.4898,0.6511,68.018,57.956,64.665,20.512,15.112,34.317,0.1959,0.2906,0.1834,38.635,6.942,-0.01172,-0.03267,12.742,0.4728,0.2687,0.2536,-2.579,-1.373,-1.181,0.00555,1.406,2.577,0.3883,0.7415,0.0006471,97.224,4.533,4.217,0.000412,3.599e-05,
C:\Users\sblee\Downloads\Aesthetics-Toolbox-main\split_1\45934b42_874f_4b6f_8032_57faec055141.jpg,1216,0.7273,30.42,7.84,9.505,128.855,6.566,152.105,107.037,86.491,49.109,16.143,18.314,0.03621,0.6131,0.6131,83.817,80.859,66.018,30.42,19.273,27.599,0.1284,0.2601,0.3111,35.862,6.051,0.01367,-0.02699,14.46,0.4643,0.4349,0.4319,-2.769,-1.492,-1.384,0.003886,1.353,2.388,0.7631,0.8158,0.0003872,96.685,4.549,4.468,0.0001543,1.85e-05,
C:\Users\sblee\Downloads\Aesthetics-Toolbox-main\split_1\45954ad5_7673_41b0_9190_611d262a8a9b.png,1280,1.0,22.673,7.014,8.995,84.163,5.479,113.729,125.242,121.226,50.948,-2.757,1.614,0.4229,0.412,0.5666,50.812,58.139,81.775,22.673,4.545,23.194,0.3119,0.2034,0.2578,54.202,14.46,-0.007812,0.07188,9.259,0.4594,0.3126,0.3047,-2.712,-1.397,-1.338,0.006784,1.592,2.51,0.6611,0.7804,0.0004169,86.505,4.544,4.433,0.0003811,2.355e-05,
C:\Users\sblee\Downloads\Aesthetics-Toolbox-main\split_1\45979394_0bbc_4e35_a894_d92df6e3dc48.jpg,1600,4.0,19.826,7.452,12.728,125.832,7.061,111.139,67.763,115.956,36.744,27.901,-17.2514,0.807,0.599,0.5346,53.825,56.954,50.406,19.826,19.45,18.611,0.1336,0.2036,0.2077,50.758,9.926,-0.02344,0.04375,33.403,0.5332,0.5041,0.477,-1.987,-1.261,-1.091,0.003468,1.511,2.652,0.6707,0.8334,0.0004856,91.264,4.158,4.309,0.0001381,1.307e-05,
C:\Users\sblee\Downloads\Aesthetics-Toolbox-main\split_1\45984a2f_e4ab_45ac_afa5_f1a0bed5bc3a.jpg,1024,1.0,12.504,6.554,3.486,44.754,2.775,131.762,162.607,191.459,65.456,-2.908,-18.1468,0.5822,0.3352,0.7523,39.458,32.304,28.158,12.504,3.669,6.572,0.02698,0.1808,0.104,2.48,2.844,0.003906,-0.01367,4.203,0.5725,0.431,0.3957,-2.988,-1.471,-1.313,0.04089,1.246,2.422,0.4537,0.6769,0.0006465,65.443,4.148,4.174,0.0006189,1.193e-05,
C:\Users\sblee\Downloads\Aesthetics-Toolbox-main\split_1\459930e2_c466_4d6e_9b4b_88e19ef13962.jpg,1280,0.6667,14.121,7.158,0.8076,22.209,3.77,135.989,133.154,129.069,55.355,0.2896,2.493,0.08955,0.04507,0.5336,37.252,34.958,31.836,14.121,0.8282,2.633,0.08479,0.04032,0.1454,22.821,4.118,0.01953,0.00651,13.066,0.5277,0.5261,0.4783,-3.046,-1.559,-1.454,0.1305,0.8783,2.023,0.5062,0.7274,0.001427,92.151,4.149,2.674,0.0006117,8.997e-06,
C:\Users\sblee\Downloads\Aesthetics-Toolbox-main\split_1\459e4da8_e69a_4d0c_82b4_badef22a8e9e.jpg,1792,2.5,18.22,7.538,7.135,67.327,4.612,104.002,98.455,57.376,40.685,-3.742,22.792,0.1527,0.4124,0.4105,48.779,44.974,28.095,18.22,3.397,16.548,0.0275,0.1911,0.1913,44.278,2.239,-0.005469,0.009766,23.738,0.4753,0.4932,0.3967,-2.554,-1.168,-1.182,0.004563,1.458,2.552,0.7553,0.7942,0.0002655,92.529,4.158,4.399,0.0001409,1.271e-05,
C:\Users\sblee\Downloads\Aesthetics-Toolbox-main\split_1\45aa33b6_15ec_48e9_9a5b_3f6fdb67c65b.jpg,1280,0.6667,26.746,7.749,20.534,192.831,7.168,100.427,107.245,133.077,45.302,7.488,-14.3107,0.6645,0.4486,0.563,70.581,71.393,66.966,26.746,14.39,20.975,0.1759,0.269,0.2566,45.401,5.951,0.0293,-0.005208,15.328,0.4645,0.5375,0.4458,-2.203,-1.225,-1.075,0.002228,1.689,2.633,0.6685,0.841,0.0005684,95.944,4.539,4.515,0.0001328,1.522e-05,
C:\Users\sblee\Downloads\Aesthetics-Toolbox-main\split_1\45aecb93_7ea7_4929_8865_da069410a0f1.jpg,1024,1.0,27.56,5.749,22.786,232.545,1.386,121.2,121.059,120.855,49.684,0.008668,0.1285,0.01404,0.02282,0.4757,66.589,66.586,66.395,27.56,0.2655,0.5059,0.08601,0.1229,0.2611,9.771,1.953,0.005859,-0.007812,4.642,0.6439,0.5434,0.5386,-2.197,-1.156,-0.954,0.05841,1.596,2.794,0.6199,0.8647,0.0006371,95.342,4.553,4.485,0.0002787,2.173e-05,
C:\Users\sblee\Downloads\Aesthetics-Toolbox-main\split_1\45c2efaf_dd22_48ad_8477_aed81d81a780.jpg,1024,1.0,26.634,7.6,5.486,58.774,5.549,72.109,130.124,132.839,50.021,-15.2146,-5.811,0.5035,0.5473,0.557,48.315,71.644,76.642,26.634,15.956,10.55,0.1544,0.2149,0.2722,18.54,22.0,-0.01172,0.1094,12.732,0.4319,0.3228,0.2921,-2.951,-1.514,-1.424,0.03226,1.291,2.404,0.4824,0.7364,0.0005674,96.237,4.244,4.354,0.0005209,2.283e-05,
C:\Users\sblee\Downloads\Aesthetics-Toolbox-main\split_1\45f635ce_aa5f_4855_8c4c_18a3cd85159c.jpg,1536,2.0,26.246,7.773,17.896,173.766,6.042,116.903,115.823,104.506,47.294,-1.422,6.638,0.2161,0.1879,0.4723,65.604,66.892,68.486,26.246,2.763,7.648,0.1669,0.1495,0.2611,46.605,5.374,0.008789,0.02539,22.121,0.5998,0.5259,0.5217,-2.362,-1.156,-1.135,0.001808,1.631,2.671,0.7894,0.8748,0.0003871,96.185,4.283,4.508,0.0001338,7.225e-06,
C:\Users\sblee\Downloads\Aesthetics-Toolbox-main\split_1\460aa5e1_3293_415d_86c4_cfbc9031d642.jpg,1024,1.0,20.773,7.354,3.173,50.661,4.963,98.464,105.714,98.692,44.069,-3.288,3.326,0.5537,0.2672,0.4656,56.328,57.39,58.135,20.773,18.531,18.267,0.1342,0.2732,0.2195,73.71,13.304,0.003906,-0.06641,7.584,0.3087,0.2158,0.2707,-3.205,-1.682,-1.5,0.004082,1.12,2.245,0.395,0.5702,0.001006,78.77,4.405,4.331,0.0004304,3.228e-05,
C:\Users\sblee\Downloads\Aesthetics-Toolbox-main\split_1\460d5ea1_7a4d_4b74_942d_276fea27e700.png,1024,1.0,24.469,7.837,13.537,179.315,4.852,130.769,144.434,172.095,58.819,1.933,-16.4308,0.6107,0.2833,0.6751,64.083,63.205,60.004,24.469,3.274,7.281,0.04563,0.1519,0.2353,27.452,14.406,-0.01562,0.07031,9.416,0.5543,0.5408,0.5135,-3.025,-1.541,-1.417,0.03432,1.46,2.619,0.6811,0.8187,0.0003742,96.741,4.484,4.521,0.0001803,8.183e-06,
C:\Users\sblee\Downloads\Aesthetics-Toolbox-main\split_1\460f2fad_aec7_4268_a86d_b0a9b13155ee.jpg,1024,1.0,23.649,7.677,9.545,133.579,5.598,113.732,115.297,134.374,48.314,5.124,-10.3267,0.6702,0.3034,0.5583,59.593,60.564,64.9,23.649,5.41,17.46,0.2103,0.2362,0.2297,55.698,5.768,0.01367,-0.02539,3.325,0.3599,0.3928,0.2702,-3.569,-2.021,-1.54,0.1009,1.444,2.53,0.5299,0.7984,0.0005033,92.105,4.447,4.385,0.0003111,1.481e-05,
C:\Users\sblee\Downloads\Aesthetics-Toolbox-main\split_1\462a7424_1bac_482a_b0d5_a25a9f4628a2.png,1024,1.0,26.069,7.781,8.984,113.683,7.557,111.385,115.619,103.465,47.218,-1.987,5.774,0.5507,0.3914,0.5009,57.13,68.199,70.146,26.069,10.801,20.35,0.3405,0.2759,0.2473,24.105,5.768,0.01367,-0.02539,7.964,0.5598,0.3332,0.3247,-3.157,-1.453,-1.534,0.003843,1.449,2.477,0.6296,0.7888,0.0004063,98.28,4.518,4.405,0.0001625,1.928e-05,
C:\Users\sblee\Downloads\Aesthetics-Toolbox-main\split_1\462b17f7_c5a3_4981_88e5_c158ea286280.jpg,1216,1.375,19.93,7.657,7.875,79.179,5.371,146.632,111.808,93.601,49.68,12.391,15.808,0.03179,0.4354,0.5906,53.726,50.173,52.943,19.93,6.505,16.695,0.1354,0.1991,0.2069,24.93,13.2,-0.0142,0.06445,14.849,0.5284,0.3058,0.2942,-2.391,-1.251,-1.137,0.00332,1.44,2.546,0.5608,0.7828,0.0004804,95.169,4.032,4.337,0.0001986,2.233e-05,
C:\Users\sblee\Downloads\Aesthetics-Toolbox-main\split_1\46425b21_74ab_4fa4_b492_414723f53049.jpg,1216,0.7273,31.019,7.664,11.373,145.286,5.946,114.695,103.407,100.037,43.2,4.286,3.598,0.9948,0.3205,0.4665,79.478,76.574,73.421,31.019,6.267,9.077,0.1974,0.287,0.3094,27.871,18.13,0.02148,0.08807,10.485,0.4808,0.3811,0.3899,-2.589,-1.396,-1.277,0.004107,1.433,2.546,0.6256,0.837,0.0007077,97.387,4.537,4.506,0.0003578,2.281e-05,
C:\Users\sblee\Downloads\Aesthetics-Toolbox-main\split_1\464f038a_0e9a_4820_9402_735372fe3879.jpg,1024,1.0,24.134,7.624,4.326,62.645,6.275,118.42,80.194,87.345,38.272,17.679,3.713,0.9231,0.4612,0.4762,60.185,63.278,58.863,24.134,12.209,15.033,0.1139,0.3208,0.2326,31.761,7.339,-0.0332,-0.01562,7.789,0.3321,0.3641,0.2712,-3.156,-1.579,-1.426,0.03048,1.159,2.292,0.4741,0.707,0.000913,96.52,4.276,4.218,0.0003727,3.353e-05,
C:\Users\sblee\Downloads\Aesthetics-Toolbox-main\split_1\46517acd_e79a_409c_bd9b_565f96d78b1f.jpg,1216,1.375,18.266,7.471,8.705,96.105,6.579,174.59,81.423,98.74,48.584,38.038,10.635,0.9173,0.5854,0.713,67.225,54.708,35.671,18.266,26.24,24.229,0.1352,0.2138,0.2409,61.406,3.875,0.01847,-0.005859,9.724,0.3905,0.3635,0.4575,-2.448,-1.307,-1.178,0.006105,1.491,2.507,0.5809,0.7711,0.0007314,95.473,4.064,4.405,0.0004607,2.757e-05,
C:\Users\sblee\Downloads\Aesthetics-Toolbox-main\split_1\46688054_8cfd_463d_b307_1cd9871147ec.jpg,1024,1.0,9.067,7.114,0.9276,14.342,7.074,100.76,111.212,94.543,45.596,-6.544,7.959,0.3135,0.2327,0.4497,19.997,24.318,25.631,9.067,6.713,11.876,0.1925,0.1387,0.09349,10.596,2.278,0.009766,-0.005859,3.056,0.384,0.4929,0.4071,-3.022,-1.536,-1.442,0.003231,0.8266,2.017,0.673,0.7685,0.0008229,98.839,4.28,3.18,0.0005469,6.61e-06,
C:\Users\sblee\Downloads\Aesthetics-Toolbox-main\split_1\466e70d4_876b_42d9_9c62_5e06af251d13.jpg,1024,1.0,15.888,7.171,8.56,106.782,7.733,134.703,173.057,153.224,72.137,-8.843,8.568,0.4755,0.6512,0.8926,70.135,76.655,78.939,15.888,50.255,46.666,0.2449,0.2514,0.09776,14.722,14.844,0.07422,0.0,8.855,0.4704,0.6172,0.4599,-2.986,-1.573,-1.306,0.06414,1.43,2.503,0.7711,0.8101,0.0003196,91.617,4.515,4.528,0.0001767,1.246e-05,
C:\Users\sblee\Downloads\Aesthetics-Toolbox-main\split_1\467c3fe3_ddd5_475f_b475_8e43f2808759.jpg,1024,1.0,24.343,7.774,8.469,99.196,5.872,114.889,90.094,68.417,39.437,7.318,16.136,0.07847,0.4481,0.4531,65.343,60.326,51.851,24.343,9.465,12.666,0.09672,0.2576,0.2555,28.445,5.483,-0.02734,0.001953,6.276,0.4628,0.3847,0.3651,-3.199,-1.609,-1.473,0.03289,1.408,2.486,0.6442,0.7425,0.0004407,96.319,4.36,4.351,0.0001622,2.322e-05,
C:\Users\sblee\Downloads\Aesthetics-Toolbox-main\split_1\46826114_10d7_47f5_b843_0e19c67655b0.jpg,1600,0.5625,25.035,7.622,18.462,116.262,5.138,127.268,95.732,58.955,42.07,8.954,24.054,0.06908,0.5652,0.5015,69.202,59.716,54.278,25.035,7.005,18.588,0.09596,0.2842,0.2689,21.367,12.327,0.02431,-0.05664,26.132,0.4612,0.3921,0.4011,-1.919,-1.118,-1.055,0.005953,1.79,2.606,0.6672,0.8492,0.0002384,98.271,4.47,4.518,0.0001592,1.788e-05,
C:\Users\sblee\Downloads\Aesthetics-Toolbox-main\split_1\4690f26b_32fc_4e17_bb7c_a8bd24615690.jpg,1024,1.0,18.238,4.362,3.763,55.045,3.479,96.709,86.22,74.991,36.979,2.949,7.246,0.7146,0.1764,0.3865,59.927,42.556,24.476,18.238,6.326,17.984,0.1989,0.2596,0.2321,76.209,3.926,-0.001953,-0.01953,4.08,0.6561,0.428,0.4082,-3.261,-1.717,-1.514,0.04733,1.161,2.34,0.3684,0.5686,0.001606,75.774,4.34,3.922,0.0004889,4.472e-05,
C:\Users\sblee\Downloads\Aesthetics-Toolbox-main\split_1\46af410c_d6e6_43a2_8f3c_c843d3343a39.jpg,1024,1.0,15.029,6.893,5.744,52.14,2.412,142.79,133.52,125.235,56.156,2.295,6.047,0.1023,0.1405,0.5603,38.611,39.167,39.654,15.029,8.921,8.417,0.03786,0.2111,0.1507,2.081,7.967,-0.007812,-0.03906,5.455,0.1616,0.4535,0.1533,-3.167,-1.568,-1.445,0.04388,1.572,2.632,0.5336,0.6586,0.0002796,69.462,4.53,3.943,0.0001558,1.595e-05,
C:\Users\sblee\Downloads\Aesthetics-Toolbox-main\split_1\46baa96a_8cfe_463d_90f0_1208e675ad1a.jpg,1216,0.7273,29.756,7.546,27.856,276.018,6.248,107.92,89.242,88.05,41.643,5.665,5.897,0.2043,0.6494,0.507,77.577,84.633,66.613,29.756,40.025,32.19,0.271,0.2644,0.3298,22.027,0.966,0.003906,0.002841,9.758,0.5932,0.5761,0.5783,-2.074,-1.552,-1.071,0.07871,1.779,2.845,0.7525,0.8593,0.0004315,99.731,4.53,4.542,0.0001239,1.075e-05,
C:\Users\sblee\Downloads\Aesthetics-Toolbox-main\split_1\46bf534d_fe67_43e2_83dc_bb5c74b361ee.jpg,1344,1.625,25.428,7.844,19.261,168.003,5.551,74.95,122.01,130.829,47.735,-10.079,-8.982,0.5384,0.4463,0.5153,66.033,66.496,63.871,25.428,11.569,6.497,0.07364,0.3409,0.2521,36.201,14.188,0.07091,0.001953,16.115,0.5293,0.5631,0.5032,-2.301,-1.086,-1.124,0.001589,1.625,2.693,0.7613,0.831,0.0003504,97.361,4.474,4.488,0.0001347,1.148e-05,
C:\Users\sblee\Downloads\Aesthetics-Toolbox-main\split_1\46c7f63e_f595_490a_972e_3bff3cf587a4.png,1024,1.0,29.628,7.068,7.965,105.082,6.385,140.273,95.862,86.51,45.861,20.343,12.324,0.8599,0.6257,0.6319,95.776,77.562,68.114,29.628,22.247,36.781,0.2741,0.2643,0.3142,37.113,8.305,-0.03125,-0.02734,8.458,0.3575,0.3059,0.2985,-3.189,-1.595,-1.406,0.04407,1.316,2.405,0.5496,0.7095,0.0008957,96.978,4.488,4.21,0.0003718,3.646e-05,
C:\Users\sblee\Downloads\Aesthetics-Toolbox-main\split_1\46ca622c_67d1_4664_8ebc_d69658729d9b.jpg,1024,1.0,16.675,7.27,13.627,121.614,6.869,90.582,74.555,93.694,33.911,10.854,-7.834,0.7931,0.3039,0.4009,47.049,41.15,45.04,16.675,14.464,12.304,0.1406,0.1963,0.1901,49.968,1.408,-0.005859,0.003906,4.352,0.549,0.5342,0.5006,-2.569,-1.45,-1.022,0.1429,1.638,2.561,0.7677,0.813,0.0003718,97.999,4.54,4.514,0.0001117,1.403e-05,
C:\Users\sblee\Downloads\Aesthetics-Toolbox-main\split_1\46dc8e70_84c3_4e0e_ad74_0700d9295568.jpg,1984,0.7222,44.389,5.776,28.775,302.549,3.125,122.4,121.003,120.825,48.014,0.4562,0.2527,0.006348,0.1101,0.4805,112.599,112.061,111.725,44.389,0.7933,0.822,0.1026,0.2693,0.4415,29.443,5.476,-0.02043,-0.01823,12.89,0.5905,0.6037,0.5825,-2.23,-1.217,-1.205,0.002166,1.633,2.704,0.7799,0.8549,0.0004246,99.305,4.55,4.482,0.0001736,8.352e-06,
C:\Users\sblee\Downloads\Aesthetics-Toolbox-main\split_1\46f5a5da_eebc_41b2_847a_1c5f20b031e4.jpg,1024,1.0,19.593,7.405,17.484,144.428,6.118,102.307,74.759,55.622,34.186,9.394,15.286,0.1273,0.3902,0.4107,67.907,44.775,35.317,19.593,15.152,19.706,0.2097,0.3251,0.2603,55.536,4.72,-0.02148,0.009766,4.365,0.5006,0.455,0.4777,-2.279,-1.154,-1.057,0.04145,1.647,2.649,0.677,0.8529,0.0003995,96.979,4.347,4.464,0.0001135,1.699e-05,
C:\Users\sblee\Downloads\Aesthetics-Toolbox-main\split_1\46f803a5_35ea_4ecf_9bb5_7d3b72380e82.jpg,1024,1.0,27.042,7.924,10.57,142.782,6.205,123.703,114.137,64.83,47.552,-2.435,27.364,0.1475,0.5841,0.547,77.259,69.861,64.198,27.042,24.283,18.558,0.124,0.2935,0.2992,34.524,5.241,-0.01172,0.02344,6.108,0.4899,0.4687,0.4424,-3.31,-1.702,-1.473,0.04652,1.34,2.447,0.6858,0.8076,0.0005769,96.435,4.551,4.489,0.0001776,2.3e-05,
C:\Users\sblee\Downloads\Aesthetics-Toolbox-main\split_1\46fa5d93_8f7f_4875_a07d_b5665d8a19ba.jpg,1024,1.0,28.08,7.51,8.12,92.936,6.885,121.334,117.662,97.151,48.072,-0.7475,12.144,0.136,0.3134,0.5146,60.595,74.577,64.656,28.08,11.897,10.213,0.1592,0.1695,0.2712,36.603,5.427,-0.01367,0.02344,9.004,0.6207,0.4026,0.4009,-3.075,-1.407,-1.608,0.01025,1.235,2.491,0.6708,0.7598,0.0004318,94.38,4.522,4.322,0.000189,2.127e-05,
C:\Users\sblee\Downloads\Aesthetics-Toolbox-main\split_1\470895f8_024a_464a_a75a_11faf6c2c275.jpg,1024,1.0,20.451,7.501,14.53,158.858,5.375,107.606,101.633,74.282,42.144,-1.998,16.607,0.1499,0.3744,0.4256,50.955,51.84,55.796,20.451,3.964,7.582,0.06494,0.1843,0.2023,65.189,6.822,0.007812,-0.0332,7.068,0.6312,0.4424,0.4446,-2.975,-1.636,-1.261,0.1175,1.639,2.639,0.6038,0.8665,0.0002974,91.981,4.525,4.492,0.0001545,7.234e-06,
C:\Users\sblee\Downloads\Aesthetics-Toolbox-main\split_1\470e9940_cfa5_4e1c_ac1d_216c309cd605.jpg,1024,1.0,15.313,7.276,9.087,79.283,2.311,132.684,131.628,131.642,54.654,0.4168,0.1055,0.9919,0.01859,0.521,37.855,38.146,37.167,15.313,0.6173,0.8985,0.1189,0.02759,0.1472,16.213,4.367,-0.009766,-0.01953,4.179,0.6968,0.6004,0.5755,-2.76,-1.214,-1.231,0.02386,1.614,2.603,0.6417,0.7523,0.0008244,95.022,3.171,3.539,0.000234,2.794e-05,
C:\Users\sblee\Downloads\Aesthetics-Toolbox-main\split_1\471077d4_3d97_4e7c_b7d9_3a9f0e97e706.jpg,1280,1.5,19.849,7.419,3.467,34.633,6.019,104.115,77.725,67.595,34.709,9.97,9.542,0.0009634,0.3607,0.41,54.909,47.347,30.255,19.849,4.281,11.907,0.09238,0.09702,0.2133,47.97,15.905,0.07943,-0.003906,21.817,0.4659,0.4938,0.4222,-2.616,-1.288,-1.208,0.009302,1.233,2.465,0.6496,0.7486,0.0004351,82.682,4.266,4.316,0.0002109,1.869e-05,
C:\Users\sblee\Downloads\Aesthetics-Toolbox-main\split_1\47147e1d_2e4f_47b3_9632_1906ba934be4.jpg,1024,1.0,26.254,7.382,4.655,89.921,5.271,131.994,126.218,117.599,52.607,3.265,6.414,0.1227,0.4402,0.603,66.136,66.884,73.35,26.254,10.202,18.648,0.2508,0.256,0.2786,11.45,6.064,0.0293,0.007812,5.25,0.3565,0.3436,0.3009,-3.694,-1.961,-1.776,0.008528,1.079,2.211,0.6218,0.7269,0.001048,93.588,4.313,4.199,0.0004704,4.341e-05,
C:\Users\sblee\Downloads\Aesthetics-Toolbox-main\split_1\4715b55d_d567_44c9_b6f2_45c905fef7c6.jpg,1280,1.5,15.656,7.185,9.356,80.556,5.695,97.688,64.496,45.809,30.46,12.954,17.038,0.04623,0.574,0.3901,39.568,39.358,36.038,15.656,9.297,14.046,0.08081,0.223,0.1614,51.45,4.495,0.02214,0.003906,14.732,0.5315,0.5242,0.4932,-2.342,-1.131,-1.152,0.003472,1.546,2.562,0.7322,0.8166,0.0003034,92.914,4.411,4.497,0.0001024,1.644e-05,
C:\Users\sblee\Downloads\Aesthetics-Toolbox-main\split_1\471d5cbe_a832_404c_af8b_88e18fe767dc.jpg,1024,1.0,27.371,7.451,16.025,76.125,6.876,85.491,84.766,101.125,37.265,10.991,-8.918,0.7267,0.6094,0.5067,76.18,73.085,63.793,27.371,17.916,32.916,0.1901,0.2248,0.2867,64.926,15.703,-0.007812,-0.07812,14.04,0.6026,0.3353,0.335,-2.146,-0.9782,-1.019,0.012,1.652,2.608,0.6831,0.7237,0.0003684,86.638,4.44,4.351,0.0001394,3.79e-05,
C:\Users\sblee\Downloads\Aesthetics-Toolbox-main\split_1\4724cef9_763c_4d0a_9a80_96081e71e8da.jpg,1472,0.5333,23.913,7.659,6.262,65.691,5.725,79.746,94.8,81.847,37.401,-8.118,5.6,0.3197,0.221,0.3749,49.225,61.396,56.786,23.913,5.961,2.244,0.1038,0.09858,0.2381,52.428,7.548,0.01953,0.03229,18.422,0.5085,0.456,0.4313,-2.68,-1.319,-1.271,0.01158,1.269,2.402,0.7433,0.8017,0.000269,95.898,4.483,4.442,0.0001466,1.423e-05,
C:\Users\sblee\Downloads\Aesthetics-Toolbox-main\split_1\47328d64_0540_4796_8a37_c7d36295432a.jpg,1152,0.8,25.827,7.902,7.905,121.612,5.991,111.941,106.34,89.79,44.229,1.92,9.098,0.1226,0.4277,0.5069,77.376,63.196,48.42,25.827,6.309,25.16,0.4095,0.2187,0.2777,39.618,20.328,0.003906,0.1016,8.256,0.6234,0.3294,0.3175,-3.037,-1.74,-1.574,0.03402,1.433,2.519,0.4988,0.7337,0.0005745,91.151,4.503,4.495,0.0003198,2.289e-05,
C:\Users\sblee\Downloads\Aesthetics-Toolbox-main\split_1\4737592c_9f8a_4d34_8f06_e9bdacd0dda5.jpg,1024,1.0,32.195,7.51,10.242,126.767,6.106,108.425,88.322,79.506,38.798,8.906,9.581,0.007287,0.596,0.4704,78.529,83.577,91.22,32.195,15.119,19.143,0.2355,0.3492,0.3297,43.812,15.906,0.0332,0.07227,18.779,0.5192,0.3831,0.3331,-3.027,-1.517,-1.351,0.04478,1.416,2.509,0.5434,0.7233,0.001107,91.015,3.909,4.227,0.0002176,3.001e-05,
C:\Users\sblee\Downloads\Aesthetics-Toolbox-main\split_1\473c3e29_e977_4570_b852_409291332b47.jpg,1408,0.8333,17.56,7.344,6.769,62.861,5.587,91.785,66.072,48.417,30.079,8.787,14.69,0.08207,0.4744,0.3615,48.88,41.532,29.668,17.56,10.321,12.225,0.07282,0.259,0.1908,41.005,15.564,-0.06875,-0.03646,13.478,0.3495,0.3792,0.3287,-2.345,-1.227,-1.237,0.002823,1.467,2.52,0.5658,0.7769,0.0005222,92.914,3.942,4.152,0.000225,2.262e-05,
C:\Users\sblee\Downloads\Aesthetics-Toolbox-main\split_1\4743050d_9d5f_486e_8290_99c9257081ce.jpg,1024,1.0,18.581,7.514,14.622,118.715,7.536,108.654,79.384,103.583,40.818,18.992,-3.919,0.9071,0.6878,0.5786,79.623,48.462,73.918,18.581,37.398,36.071,0.3027,0.1844,0.2547,38.473,4.297,0.0,-0.02148,4.439,0.7108,0.4132,0.411,-2.359,-1.203,-1.118,0.04509,1.664,2.616,0.591,0.7761,0.0006594,97.838,4.501,4.456,0.0001936,2.737e-05,
C:\Users\sblee\Downloads\Aesthetics-Toolbox-main\split_1\47445fc3_884d_42f8_a0a2_87469854a2e5.jpg,2048,1.0,17.005,6.874,15.491,77.246,6.113,102.945,75.763,202.071,47.908,37.386,-52.4082,0.6983,0.8326,0.8167,48.749,80.396,23.944,17.005,46.558,28.904,0.1129,0.17,0.1007,49.125,3.326,-0.0009766,-0.0166,3.25,0.608,0.5894,0.593,-2.094,-0.978,-0.8026,0.0931,1.794,2.771,0.8091,0.8694,0.0005948,97.593,4.117,4.455,0.0002699,4.42e-06,
C:\Users\sblee\Downloads\Aesthetics-Toolbox-main\split_1\4744de65_2452_41fc_abf0_b91a70251ae8.jpg,1280,0.6667,25.655,7.89,8.323,80.07,6.49,119.917,124.387,122.123,51.133,1.406,0.4815,0.5865,0.4242,0.5853,60.01,67.441,80.162,25.655,8.404,25.386,0.2274,0.2715,0.2534,28.535,14.149,-0.007812,0.07031,12.027,0.526,0.347,0.3523,-2.588,-1.168,-1.224,0.006456,1.379,2.525,0.5232,0.7518,0.0004004,95.655,4.446,4.475,0.000191,1.887e-05,
C:\Users\sblee\Downloads\Aesthetics-Toolbox-main\split_1\4748838f_b7db_4b09_aa3b_c043ecd1a105.jpg,1024,1.0,21.506,7.729,7.619,84.559,5.449,152.146,85.962,54.415,43.472,24.453,29.757,0.04737,0.6905,0.6003,60.89,55.416,45.247,21.506,15.515,14.573,0.05147,0.1789,0.2374,34.439,15.819,-0.07422,0.02734,9.545,0.4265,0.4598,0.4018,-2.796,-1.382,-1.301,0.02743,1.358,2.465,0.6599,0.7868,0.0004977,93.64,4.436,4.39,0.0002627,2.417e-05,
C:\Users\sblee\Downloads\Aesthetics-Toolbox-main\split_1\474a0e1b_618d_4545_a200_a51c076f6966.jpg,1024,1.0,28.635,7.695,7.703,76.885,6.303,138.73,123.962,107.039,52.965,8.057,9.503,0.9489,0.5665,0.6528,75.008,75.843,87.189,28.635,16.094,34.524,0.2808,0.2677,0.3056,15.487,11.9,-0.02344,-0.05469,8.607,0.3822,0.3116,0.2699,-2.633,-1.348,-1.115,0.07487,1.254,2.42,0.5542,0.6963,0.0009637,92.693,4.378,4.355,0.0004927,3.936e-05,
C:\Users\sblee\Downloads\Aesthetics-Toolbox-main\split_1\475cbbd3_d3f3_4eb8_88b5_e9bd724e8d33.jpg,1280,0.6667,22.626,7.601,14.484,154.152,6.934,143.116,116.523,114.501,50.909,10.233,4.991,0.01087,0.3181,0.5658,59.27,57.395,45.982,22.626,12.657,12.639,0.145,0.1896,0.2276,10.874,4.375,0.01758,-0.01302,13.924,0.5836,0.524,0.5174,-2.516,-1.424,-1.207,0.004539,1.607,2.65,0.7767,0.8812,0.0001934,97.323,4.555,4.547,0.0001154,8.645e-06,
C:\Users\sblee\Downloads\Aesthetics-Toolbox-main\split_1\475fffcb_c9ed_4870_93d9_fe0a71817be4.jpg,1280,0.8182,25.032,7.118,7.206,66.842,5.209,137.492,98.533,87.293,44.517,13.883,12.238,0.002374,0.4105,0.5394,71.721,58.405,45.222,25.032,10.518,11.438,0.08538,0.153,0.2809,19.612,4.24,-0.01042,-0.01847,9.844,0.3615,0.3796,0.3329,-2.548,-1.343,-1.169,0.00583,1.283,2.516,0.6701,0.7684,0.0003617,91.061,4.5,4.371,0.000215,2.793e-05,
C:\Users\sblee\Downloads\Aesthetics-Toolbox-main\split_1\4779c9ee_d86e_4ea5_8bad_321b75d5882b.jpg,1408,0.5714,27.868,7.734,11.182,88.736,5.838,112.711,106.754,118.637,44.87,6.701,-4.262,0.8049,0.4069,0.5369,58.125,70.823,90.455,27.868,5.515,18.15,0.2659,0.2422,0.2979,31.486,8.706,0.03516,0.02567,21.445,0.4221,0.3968,0.397,-2.432,-1.051,-1.072,0.01362,1.423,2.555,0.6473,0.8205,0.0002636,94.692,4.427,4.473,0.0001829,1.613e-05,
C:\Users\sblee\Downloads\Aesthetics-Toolbox-main\split_1\4785c2ee_a2dc_4371_b6eb_41e7f5686750.png,1024,1.0,19.937,7.481,4.754,47.38,6.482,123.022,130.881,106.154,53.016,-5.905,12.331,0.233,0.3502,0.5485,51.897,49.912,65.991,19.937,7.339,20.634,0.2179,0.2321,0.2099,34.178,3.706,-0.005859,0.01758,7.49,0.3917,0.324,0.292,-3.069,-1.431,-1.521,0.002406,1.288,2.511,0.6868,0.6785,0.0005321,95.436,4.161,4.053,0.0002378,2.83e-05,
C:\Users\sblee\Downloads\Aesthetics-Toolbox-main\split_1\47aa0581_3dbb_440d_8f24_1fa0ab6973cb.jpg,1024,1.0,20.529,7.618,8.517,100.162,6.329,111.024,139.116,153.517,57.214,-0.408,-9.103,0.5453,0.5058,0.6967,66.762,57.812,74.161,20.529,18.789,31.424,0.1907,0.2819,0.2179,30.6,5.524,-0.01953,-0.01953,3.591,0.5662,0.4236,0.4135,-2.847,-1.364,-1.301,0.02432,1.349,2.504,0.6308,0.758,0.0005725,93.653,3.658,4.196,0.0002888,1.951e-05,
C:\Users\sblee\Downloads\Aesthetics-Toolbox-main\split_1\47eb3258_95f5_4dff_8a0a_2df35f3bd703.jpg,1344,1.625,19.158,7.567,13.487,139.598,6.779,87.863,85.09,80.525,35.894,1.326,3.42,0.9971,0.2332,0.3844,49.561,46.693,44.613,19.158,11.682,12.397,0.3468,0.2022,0.2092,28.308,2.634,-0.00601,-0.01172,13.35,0.5614,0.5418,0.5277,-2.537,-1.22,-1.257,0.001451,1.623,2.584,0.7971,0.8475,0.0002875,99.467,4.203,4.486,0.0001127,1.182e-05,
C:\Users\sblee\Downloads\Aesthetics-Toolbox-main\split_1\48090ec9_b847_4b71_a276_d145a2e2aa5a.jpg,1024,1.0,22.205,7.383,21.191,174.747,3.601,63.42,61.859,65.604,25.414,1.446,-1.981,0.7457,0.1676,0.2598,52.625,53.013,50.716,22.205,1.128,2.0,0.1271,0.1904,0.2033,53.764,7.544,-0.01367,0.03516,6.635,0.6821,0.5814,0.5777,-2.409,-1.088,-1.139,0.005748,1.726,2.686,0.771,0.8645,0.000345,98.703,4.429,4.482,0.0001444,7.22e-06,
C:\Users\sblee\Downloads\Aesthetics-Toolbox-main\split_1\480d5de9_d6dc_4810_9417_d5b5c7806117.jpg,2048,1.0,17.186,7.605,7.22,87.94,6.435,113.927,76.257,84.649,36.788,17.645,2.063,0.8823,0.3798,0.4733,61.105,36.99,35.333,17.186,14.087,14.928,0.1492,0.1741,0.2259,32.114,5.863,0.0009766,0.0293,4.929,0.5623,0.4523,0.4449,-2.67,-1.174,-1.145,0.01859,1.512,2.558,0.6275,0.8624,0.0004052,97.559,4.048,4.374,0.0001858,1.112e-05,
C:\Users\sblee\Downloads\Aesthetics-Toolbox-main\split_1\482de6c6_69c6_46ff_8253_eb2ecf6a93fd.jpg,1024,1.0,17.076,7.585,1.187,24.923,5.582,113.619,109.695,73.305,45.431,-3.683,20.421,0.1431,0.4517,0.4644,44.412,41.271,55.576,17.076,8.626,16.363,0.1502,0.2739,0.1786,38.259,7.9,0.03906,-0.005859,8.294,0.3383,0.3458,0.295,-3.048,-1.682,-1.46,0.001406,0.8367,2.022,0.5062,0.6994,0.001082,94.504,4.102,2.491,0.0006227,9.845e-06,
C:\Users\sblee\Downloads\Aesthetics-Toolbox-main\split_1\4832a2b3_105e_45a9_9a7c_eeee07e87755.jpg,2176,2.091,22.731,7.786,5.378,82.751,6.059,110.381,97.048,82.019,41.293,4.325,10.606,0.09182,0.4166,0.4579,56.456,56.743,54.772,22.731,7.617,14.222,0.1741,0.2706,0.2133,30.983,12.334,0.01562,0.05966,24.789,0.4827,0.4548,0.3943,-2.817,-1.372,-1.232,0.00543,1.257,2.447,0.6708,0.8174,0.000265,94.988,4.425,4.512,0.0001564,1.579e-05,
C:\Users\sblee\Downloads\Aesthetics-Toolbox-main\split_1\48334358_8a6f_4ac8_8599_fe3b8594a6a6.jpg,1984,0.7222,24.305,7.862,19.61,172.082,6.288,105.356,106.413,99.838,43.529,-1.488,3.55,0.18,0.1186,0.4275,57.368,61.381,58.595,24.305,3.423,2.994,0.1566,0.09753,0.2368,38.715,5.793,-0.02885,0.002604,11.773,0.6267,0.6068,0.5901,-2.05,-1.244,-1.074,0.001828,1.667,2.709,0.8228,0.8864,0.0002056,97.17,4.438,4.543,0.0001134,6.047e-06,
C:\Users\sblee\Downloads\Aesthetics-Toolbox-main\split_1\48478f57_9c69_4c69_8259_41a707344056.png,1280,1.5,23.375,7.579,10.146,91.987,6.771,122.044,86.942,69.653,39.686,13.232,14.636,0.9956,0.4501,0.488,63.589,61.756,26.554,23.375,14.394,21.767,0.1217,0.1454,0.2471,59.663,9.101,-0.03776,-0.02539,13.377,0.4297,0.424,0.3624,-2.677,-1.151,-1.277,0.005605,1.481,2.585,0.7687,0.7862,0.0002752,92.632,4.289,4.439,0.0001306,2.723e-05,
C:\Users\sblee\Downloads\Aesthetics-Toolbox-main\split_1\485c0f71_b998_4d59_b3ca_a3b71fb6d625.jpg,1280,0.6667,20.805,7.453,6.027,85.363,6.386,121.719,67.489,88.002,36.094,26.028,-1.465,0.9111,0.5469,0.483,55.49,57.631,34.155,20.805,14.284,19.39,0.09771,0.2508,0.2175,50.737,3.967,-0.007812,-0.01823,14.992,0.5059,0.3448,0.3173,-2.551,-1.521,-1.262,0.01074,1.324,2.416,0.5691,0.7421,0.0009103,91.259,4.114,4.333,0.0003015,3.78e-05,
C:\Users\sblee\Downloads\Aesthetics-Toolbox-main\split_1\485cb3c2_a737_4535_8c12_152b2eab9350.jpg,1024,1.0,21.934,7.533,8.738,81.255,5.046,116.69,96.016,70.506,41.298,4.591,17.616,0.09739,0.4218,0.4587,61.589,53.864,46.652,21.934,6.942,8.563,0.06328,0.1668,0.2416,52.79,15.239,-0.001953,-0.07617,11.066,0.3452,0.2943,0.2905,-2.542,-1.213,-1.221,0.0282,1.476,2.539,0.478,0.7403,0.0007466,86.622,3.764,4.059,0.0001921,2.648e-05,
C:\Users\sblee\Downloads\Aesthetics-Toolbox-main\split_1\48652f27_039f_40cd_b335_fa5f157e8875.jpg,1024,1.0,31.391,7.688,21.098,108.06,5.327,110.759,85.746,90.862,37.785,11.023,1.545,0.9593,0.4119,0.4363,78.502,79.018,79.422,31.391,8.851,6.301,0.0684,0.3397,0.3089,50.01,8.351,-0.007812,0.04102,9.944,0.656,0.4407,0.4428,-2.081,-0.9933,-0.8428,0.04489,1.619,2.682,0.6203,0.7707,0.0005488,98.184,4.408,4.046,0.0001451,2.647e-05,
C:\Users\sblee\Downloads\Aesthetics-Toolbox-main\split_1\48748576_124c_4c63_b956_8d772e85c876.jpg,1024,1.0,22.983,7.586,7.645,72.942,6.433,87.558,107.551,79.033,42.28,-11.9018,13.66,0.2878,0.4435,0.4296,47.752,60.236,63.324,22.983,7.411,12.63,0.1496,0.2087,0.2305,60.675,19.176,0.05273,0.08008,13.481,0.4806,0.4354,0.4014,-2.623,-1.274,-1.177,0.0198,1.469,2.548,0.6165,0.7619,0.0004046,83.265,4.469,4.447,0.0002111,2.11e-05,
C:\Users\sblee\Downloads\Aesthetics-Toolbox-main\split_1\48815f69_c904_4842_9c5d_4be012dd7cb1.jpg,1024,1.0,22.303,7.713,14.598,116.04,6.488,129.186,129.973,117.804,53.126,-2.128,6.694,0.1485,0.2033,0.5352,53.831,56.307,59.584,22.303,5.388,10.298,0.2061,0.1385,0.2226,19.234,12.724,-0.01953,-0.06055,7.631,0.5752,0.3982,0.3894,-2.292,-1.043,-1.092,0.009734,1.669,2.648,0.5825,0.8337,0.0003584,93.247,4.484,4.534,0.0001601,1.768e-05,
C:\Users\sblee\Downloads\Aesthetics-Toolbox-main\split_1\4882cdd4_0b18_43fe_b85f_04a843b14545.png,1280,1.5,21.359,7.688,8.656,88.695,5.3,100.172,90.667,54.364,37.66,-1.236,21.736,0.1301,0.5057,0.395,51.029,52.911,44.491,21.359,5.727,11.336,0.04071,0.1775,0.2023,38.478,17.134,0.0625,0.05859,22.879,0.4696,0.4791,0.4163,-2.591,-1.237,-1.251,0.001854,1.496,2.548,0.7509,0.834,0.000248,92.617,4.52,4.526,0.0001318,1.39e-05,
C:\Users\sblee\Downloads\Aesthetics-Toolbox-main\split_1\4883bb37_3bfd_411a_bd23_1d0f66c6646a.jpg,2048,1.0,22.377,7.751,17.668,163.899,5.818,88.031,104.39,70.947,41.169,-11.5237,15.727,0.3122,0.3795,0.4182,51.552,56.163,56.608,22.377,11.757,19.303,0.1644,0.2631,0.2232,29.341,3.088,-0.0127,-0.008789,3.624,0.6248,0.6136,0.6089,-2.337,-1.24,-1.128,0.00153,1.753,2.744,0.8855,0.8698,0.0001359,99.332,4.382,4.539,0.0001071,6.919e-06,
C:\Users\sblee\Downloads\Aesthetics-Toolbox-main\split_1\489fcbe7_6935_4107_9004_8a714a48d1a9.jpg,1536,2.0,23.615,7.81,11.658,149.158,7.289,120.524,137.738,144.113,56.121,-1.532,-4.587,0.5078,0.3709,0.6438,72.531,61.202,71.869,23.615,16.071,24.268,0.3245,0.262,0.2571,34.564,6.563,0.02637,0.01953,21.593,0.5785,0.4951,0.4776,-2.564,-1.353,-1.279,0.001549,1.527,2.559,0.7768,0.8367,0.0002673,98.04,4.344,4.503,0.0001547,1.297e-05,
C:\Users\sblee\Downloads\Aesthetics-Toolbox-main\split_1\48b8788b_01d0_4116_b7de_31aa109c9c6e.jpg,1280,1.0,28.461,7.916,12.68,158.085,6.558,103.373,104.68,101.449,43.094,1.764,1.647,0.5354,0.4205,0.4937,73.396,72.716,72.628,28.461,8.794,20.748,0.3128,0.2574,0.2811,44.974,2.519,0.00625,0.01094,8.102,0.3831,0.4543,0.344,-2.696,-1.469,-1.393,0.01794,1.459,2.652,0.5761,0.7709,0.0003911,92.555,4.499,4.403,0.000201,2.516e-05,
C:\Users\sblee\Downloads\Aesthetics-Toolbox-main\split_1\48df3c58_11af_4ffe_a628_57ad471af2ed.jpg,1280,0.6667,25.36,7.567,4.44,67.081,3.176,112.943,103.412,101.707,43.675,3.876,2.841,0.9412,0.1205,0.446,64.024,61.806,61.975,25.36,10.973,10.732,0.1722,0.2305,0.2505,16.967,1.302,0.003906,0.005208,11.353,0.2742,0.288,0.2721,-2.84,-1.475,-1.348,0.001695,1.143,2.327,0.4799,0.7183,0.0008238,98.948,4.512,4.442,0.0003838,3.044e-05,
C:\Users\sblee\Downloads\Aesthetics-Toolbox-main\split_1\48e931ee_9982_4772_a8f3_b490d37bf032.jpg,1024,1.0,18.13,7.556,3.493,47.823,5.284,128.371,103.641,116.278,46.863,13.714,-1.574,0.8874,0.3934,0.5802,47.59,49.218,54.186,18.13,14.483,13.225,0.212,0.1396,0.1981,23.45,11.535,0.05078,0.02734,7.81,0.3266,0.3272,0.3459,-3.129,-1.565,-1.401,0.03583,1.133,2.284,0.6073,0.6696,0.0007043,97.3,4.389,4.199,0.0004563,3.218e-05,
C:\Users\sblee\Downloads\Aesthetics-Toolbox-main\split_1\48ece961_7ca6_4681_8721_879a980b133c.jpg,1216,1.375,27.869,7.84,6.473,81.457,7.328,118.498,122.895,105.635,49.731,-3.011,8.713,0.2242,0.2926,0.5279,70.198,73.595,55.99,27.869,13.269,14.294,0.2495,0.1981,0.2873,49.264,7.599,0.01847,0.0332,16.728,0.346,0.3486,0.2755,-2.764,-1.354,-1.326,0.001938,1.337,2.417,0.5534,0.7808,0.0007934,90.849,4.44,4.443,0.0002499,2.813e-05,
C:\Users\sblee\Downloads\Aesthetics-Toolbox-main\split_1\48f5324c_501f_4769_ab27_e67e5340d551.jpg,1216,0.7273,16.03,7.072,4.848,67.015,5.038,115.615,65.745,56.622,34.635,19.107,16.742,0.04648,0.5171,0.4547,49.986,42.369,36.078,16.03,20.554,11.297,0.0605,0.2581,0.1964,20.043,5.209,-0.02344,0.01136,11.511,0.5002,0.4329,0.3894,-2.72,-1.561,-1.429,0.01413,1.338,2.39,0.5521,0.7307,0.001188,97.688,4.37,4.347,0.0002833,3.249e-05,
C:\Users\sblee\Downloads\Aesthetics-Toolbox-main\split_1\48f81d01_c1ba_4702_bef3_08307ca3a5d4.jpg,1536,2.0,20.578,7.564,5.53,70.601,5.601,99.676,89.103,54.976,37.362,-0.4818,20.711,0.126,0.5046,0.3984,47.535,51.825,35.327,20.578,9.858,10.758,0.05315,0.178,0.1924,30.637,1.105,-0.003906,-0.003906,21.149,0.41,0.3512,0.3172,-2.592,-1.479,-1.351,0.007195,1.313,2.444,0.6178,0.77,0.0005148,93.036,4.085,4.336,0.0001646,2.471e-05,
C:\Users\sblee\Downloads\Aesthetics-Toolbox-main\split_1\4907146f_6821_49c3_868f_46d2af242345.jpg,1024,1.0,27.76,7.896,12.172,89.63,6.826,98.418,136.197,119.292,52.793,-13.1998,4.815,0.4138,0.4435,0.5679,60.341,74.75,72.851,27.76,12.221,22.313,0.1833,0.2087,0.2909,33.628,8.567,-0.03125,0.0293,11.418,0.4906,0.4596,0.4119,-2.137,-0.9936,-1.016,0.02044,1.506,2.59,0.6478,0.7934,0.0003133,93.511,4.503,4.485,0.0001858,2.298e-05,
C:\Users\sblee\Downloads\Aesthetics-Toolbox-main\split_1\4931d13a_2d1e_434b_ae46_e500a7e53f6b.jpg,2048,1.667,16.832,7.379,4.215,49.221,4.609,103.781,79.207,49.053,35.046,6.458,20.978,0.09201,0.5092,0.4078,49.004,39.922,24.041,16.832,7.161,13.49,0.03253,0.149,0.1927,45.656,6.382,0.01406,-0.02865,16.377,0.4594,0.4453,0.3974,-2.745,-1.304,-1.19,0.01299,1.281,2.429,0.7267,0.7879,0.0002908,94.078,4.394,4.404,0.0001575,1.635e-05,
C:\Users\sblee\Downloads\Aesthetics-Toolbox-main\split_1\493909f8_9b08_42a0_b100_9b80961e0459.jpg,1280,1.5,18.698,6.78,3.125,50.432,1.898,133.443,117.811,118.303,51.736,5.636,3.938,0.9906,0.1161,0.5251,50.108,55.54,54.848,18.698,17.654,13.353,0.09731,0.2924,0.1955,65.705,7.592,0.01432,-0.03516,13.045,0.2597,0.3035,0.1405,-2.705,-1.439,-1.375,0.02331,1.134,2.354,0.2475,0.4837,0.001675,76.826,3.528,3.813,0.0007664,1.462e-05,
C:\Users\sblee\Downloads\Aesthetics-Toolbox-main\split_1\494e2d2d_2cc4_42f9_b32c_cca48daf3149.jpg,1280,1.5,22.191,7.656,6.516,67.829,6.492,83.153,99.53,81.232,39.456,-9.539,8.163,0.3575,0.3206,0.3982,57.19,55.643,47.041,22.191,5.783,9.672,0.116,0.1772,0.2189,57.169,15.962,-0.04427,0.06641,20.062,0.4165,0.3928,0.3762,-2.655,-1.206,-1.213,0.006499,1.354,2.47,0.6808,0.7905,0.000328,85.94,4.388,4.359,0.0001478,1.733e-05,
C:\Users\sblee\Downloads\Aesthetics-Toolbox-main\split_1\4958f90d_2291_4328_a109_f2048d9b4751.png,1024,1.0,29.485,7.711,4.875,76.589,7.443,142.743,112.641,120.946,50.781,14.236,2.088,0.8915,0.4136,0.6123,74.433,83.765,70.502,29.485,22.764,15.959,0.2735,0.2546,0.2851,38.926,8.387,0.03711,0.01953,9.699,0.3336,0.3253,0.2584,-3.283,-1.713,-1.497,0.02468,1.109,2.269,0.499,0.7059,0.000836,95.108,4.444,4.276,0.0004677,4.565e-05,
C:\Users\sblee\Downloads\Aesthetics-Toolbox-main\split_1\495abe1c_ef18_4b58_b361_2cadde5f8ea8.png,1024,1.0,22.649,7.71,9.958,84.949,6.559,121.855,103.066,93.285,44.434,7.332,8.579,0.9979,0.3635,0.5045,58.193,56.883,58.332,22.649,6.702,17.255,0.1777,0.2258,0.2323,29.936,15.194,-0.05469,0.05273,11.905,0.3837,0.2495,0.2234,-2.428,-1.204,-1.078,0.04846,1.419,2.574,0.4802,0.7484,0.0006487,93.935,3.903,4.212,0.0002314,3.4e-05,
C:\Users\sblee\Downloads\Aesthetics-Toolbox-main\split_1\495e029f_b863_4879_a7ca_0aad4f6c0226.jpg,1024,1.0,24.048,7.721,25.476,202.26,7.078,83.094,80.305,108.665,36.982,15.148,-13.8483,0.6912,0.6719,0.551,76.599,63.61,56.095,24.048,22.096,33.896,0.1972,0.2202,0.2479,37.044,4.225,-0.01172,-0.01758,3.585,0.6431,0.6125,0.6011,-2.534,-1.538,-0.9344,0.2491,1.717,2.741,0.8541,0.8823,0.0002706,98.867,4.523,4.546,9.278e-05,7.645e-06,
C:\Users\sblee\Downloads\Aesthetics-Toolbox-main\split_1\496b9a96_ec66_4d92_8424_63c75e3fa179.jpg,2048,1.0,10.059,6.165,4.389,36.831,5.611,95.064,55.018,69.443,28.765,20.075,-0.6301,0.9114,0.4424,0.3768,28.122,27.871,20.178,10.059,10.838,11.676,0.08596,0.1971,0.1126,75.589,2.817,0.007812,0.01172,4.198,0.5272,0.4109,0.3785,-2.551,-1.022,-1.112,0.01354,1.613,2.39,0.8201,0.7783,0.0002853,90.295,4.11,4.356,0.0002191,2.15e-05,
C:\Users\sblee\Downloads\Aesthetics-Toolbox-main\split_1\497f2931_c632_4099_bc93_21aaea641e48.jpg,1024,1.0,28.238,7.777,5.572,86.967,2.142,138.139,137.901,138.643,56.14,0.257,-0.3835,0.9481,0.04866,0.5443,70.507,71.262,70.357,28.238,0.7934,0.9338,0.163,0.1619,0.276,23.553,4.704,-0.02344,0.001953,4.435,0.37,0.3702,0.488,-3.354,-1.661,-1.521,0.02969,1.142,2.386,0.4425,0.6399,0.0007583,94.336,3.912,3.873,0.0003548,1.542e-05,
C:\Users\sblee\Downloads\Aesthetics-Toolbox-main\split_1\49842222_6fc4_44da_be0c_0c30fb8f496e.jpg,1024,1.0,26.074,7.762,7.135,65.889,5.472,117.18,103.458,45.75,42.811,-1.604,32.371,0.1333,0.6722,0.4691,68.622,66.757,44.633,26.074,9.422,16.547,0.04661,0.1962,0.2692,53.077,21.173,0.05273,0.0918,14.125,0.4158,0.3491,0.3211,-2.651,-1.254,-1.272,0.007902,1.372,2.513,0.5419,0.7639,0.0004717,88.835,4.332,4.36,0.0002387,2.125e-05,
C:\Users\sblee\Downloads\Aesthetics-Toolbox-main\split_1\49967bb0_40a1_4e2e_971e_086aba7ac76a.jpg,1536,2.0,21.06,7.133,9.225,69.687,6.925,58.595,76.195,52.159,29.325,-11.5144,11.923,0.3022,0.4596,0.2995,45.412,52.98,52.821,21.06,4.754,9.11,0.09645,0.1959,0.2077,71.164,19.54,0.00293,0.09766,25.18,0.5279,0.4556,0.4427,-2.386,-0.997,-1.062,0.008492,1.508,2.579,0.7305,0.8261,0.0002769,82.209,4.361,4.502,0.0001345,1.508e-05,
C:\Users\sblee\Downloads\Aesthetics-Toolbox-main\split_1\49c607d6_bb4a_4d63_9cdb_e6d1be429886.jpg,1024,1.0,18.403,7.518,9.997,84.203,6.76,117.462,126.384,139.139,52.308,0.3297,-7.136,0.5856,0.2949,0.5918,44.562,46.927,61.72,18.403,10.836,14.395,0.2197,0.108,0.221,32.711,6.359,-0.02344,-0.02148,6.115,0.6455,0.3497,0.3289,-2.466,-1.211,-1.099,0.03361,1.556,2.608,0.5377,0.7739,0.0003795,95.29,4.355,4.442,0.0001869,1.372e-05,
C:\Users\sblee\Downloads\Aesthetics-Toolbox-main\split_1\49d2438f_5f1e_40e2_bfc6_d99ebdf8981c.jpg,1152,0.8,20.044,7.374,4.525,66.973,4.636,121.861,82.093,73.503,39.199,15.697,13.063,0.03592,0.4628,0.4779,45.917,55.588,53.017,20.044,12.425,9.066,0.02663,0.3215,0.18,21.823,2.53,0.001953,-0.0125,8.601,0.4817,0.4346,0.4197,-3.123,-1.619,-1.526,0.006547,1.313,2.332,0.652,0.7502,0.0004829,97.672,4.465,4.351,0.0002004,1.779e-05,
C:\Users\sblee\Downloads\Aesthetics-Toolbox-main\split_1\49df180f_aff9_4954_94cb_987d27e36042.jpg,1152,0.8,15.613,7.431,1.159,26.345,6.107,125.841,85.183,99.962,40.771,19.104,-1.264,0.9687,0.3614,0.5018,47.567,34.787,42.877,15.613,12.477,14.353,0.0975,0.1122,0.1895,14.031,7.329,-0.02148,-0.02969,10.585,0.5087,0.5286,0.4241,-3.123,-1.607,-1.468,0.006399,0.8913,2.017,0.5089,0.6948,0.001121,97.83,4.106,1.719,0.0006279,7.24e-06,
C:\Users\sblee\Downloads\Aesthetics-Toolbox-main\split_1\49e6b48e_f7a0_4c98_b614_982c87d97995.png,1344,0.6154,24.82,7.737,6.408,89.4,5.859,105.621,102.931,87.85,42.169,-1.28,8.857,0.1433,0.2759,0.426,54.174,62.391,56.14,24.82,5.007,2.703,0.08011,0.18,0.224,31.838,6.614,0.03125,0.01082,15.959,0.4087,0.3938,0.4048,-2.968,-1.512,-1.454,0.001865,1.23,2.422,0.6804,0.8121,0.0004189,96.417,4.452,4.392,0.0001916,1.601e-05,
C:\Users\sblee\Downloads\Aesthetics-Toolbox-main\split_1\49ee19b9_3251_45aa_97c7_1dbeab12bf23.jpg,1152,1.25,21.943,7.737,11.516,127.513,6.837,93.506,95.729,87.237,39.247,-2.15,4.53,0.2268,0.1847,0.3924,52.386,54.691,48.989,21.943,5.797,5.194,0.1771,0.1455,0.2102,39.874,12.125,-0.03594,-0.04883,9.734,0.4931,0.4539,0.42,-2.628,-1.408,-1.289,0.006849,1.455,2.539,0.6938,0.82,0.0004699,96.108,4.485,4.518,0.0001523,1.608e-05,
C:\Users\sblee\Downloads\Aesthetics-Toolbox-main\split_1\49ef1578_91cc_4f12_917d_1c85d6999dd4.jpg,1024,1.0,29.79,7.29,4.43,65.745,4.637,163.765,142.755,136.854,59.758,7.158,6.285,0.01947,0.2628,0.6426,74.862,74.817,73.251,29.79,6.644,6.181,0.06521,0.2678,0.2928,5.365,3.601,-0.01367,0.01172,11.786,0.2754,0.3009,0.2535,-3.32,-1.622,-1.594,0.003526,1.134,2.318,0.439,0.6854,0.0007411,93.34,4.451,4.217,0.0003399,2.706e-05,
C:\Users\sblee\Downloads\Aesthetics-Toolbox-main\split_1\49fd23f1_3574_4774_bf40_ca3f73dc3086.jpg,1280,1.5,16.968,7.078,2.094,24.852,5.009,102.203,87.146,94.623,38.121,7.718,-2.097,0.8906,0.1635,0.402,44.237,41.308,39.352,16.968,3.059,3.401,0.06123,0.07053,0.1728,58.053,18.389,0.005208,0.0918,17.786,0.377,0.323,0.3328,-2.796,-1.338,-1.376,0.01192,1.153,2.359,0.6125,0.7182,0.0006192,83.878,4.03,4.327,0.00025,2.189e-05,
C:\Users\sblee\Downloads\Aesthetics-Toolbox-main\split_1\4a0f2895_4098_4718_a4d9_a9a1a7810d08.jpg,1024,1.0,23.633,7.475,9.717,61.475,6.033,90.348,84.93,86.324,35.599,3.225,0.2461,0.8048,0.2908,0.392,56.972,57.057,60.469,23.633,3.474,12.66,0.2583,0.1855,0.2375,38.943,13.811,0.009766,0.06836,10.871,0.5453,0.3793,0.3629,-2.512,-1.107,-1.256,0.01125,1.545,2.554,0.6385,0.7628,0.0003652,93.23,4.423,4.381,0.0001638,2.62e-05,
C:\Users\sblee\Downloads\Aesthetics-Toolbox-main\split_1\4a37f8fd_8390_4dc2_9f09_c7df5e3cef1c.jpg,1024,1.0,12.864,6.696,3.862,55.047,4.65,139.601,135.66,120.457,56.504,0.5583,7.045,0.7045,0.1811,0.5679,37.179,34.132,47.705,12.864,3.265,23.315,0.2142,0.2935,0.1399,48.686,5.002,0.01562,-0.01953,2.728,0.3276,0.3991,0.2736,-3.404,-1.828,-1.484,0.1015,1.245,2.394,0.4869,0.7325,0.000491,88.756,4.437,4.452,0.000272,2.318e-05,
C:\Users\sblee\Downloads\Aesthetics-Toolbox-main\split_1\4a3ad3cd_5d46_4aef_a341_f696a3672e59.jpg,1536,0.5,16.506,7.402,4.487,50.767,6.975,110.353,97.406,85.557,41.88,3.68,8.419,0.04575,0.2949,0.4525,51.586,39.048,33.732,16.506,7.788,15.371,0.2219,0.1837,0.1927,35.087,16.411,-0.08203,-0.001953,22.317,0.3657,0.4352,0.3232,-2.535,-1.373,-1.229,0.004099,1.309,2.384,0.6214,0.8022,0.0003162,91.989,4.37,4.485,0.0001417,1.628e-05,
C:\Users\sblee\Downloads\Aesthetics-Toolbox-main\split_1\4a40f80d_d978_4d23_bc34_59c7653ed63c.jpg,1024,1.0,16.087,7.324,6.02,68.022,6.118,106.411,150.155,111.374,58.88,-17.8956,15.892,0.3913,0.5693,0.6337,56.234,46.643,54.095,16.087,18.986,22.563,0.1549,0.2166,0.1611,27.619,7.504,0.02344,0.0293,5.005,0.4387,0.278,0.2575,-2.932,-1.44,-1.346,0.03388,1.375,2.484,0.4181,0.7344,0.0007179,94.793,3.808,4.071,0.000461,2.482e-05,
C:\Users\sblee\Downloads\Aesthetics-Toolbox-main\split_1\4a49785b_00ac_4474_a797_c95aee13a79c.png,1024,1.0,26.798,7.723,9.218,123.741,6.92,120.612,94.895,81.136,41.523,9.91,11.76,0.03206,0.4639,0.4854,64.266,70.34,62.033,26.798,9.761,16.096,0.1464,0.2541,0.2545,48.965,4.225,-0.01758,-0.01172,4.209,0.3929,0.3736,0.3794,-3.18,-1.567,-1.461,0.02593,1.376,2.424,0.7044,0.7955,0.0006117,95.163,4.428,4.434,0.0002491,2.561e-05,
C:\Users\sblee\Downloads\Aesthetics-Toolbox-main\split_1\4a6fc8e7_43ed_4a9f_9ee5_969d9131b662.png,1024,1.0,13.798,6.47,11.149,80.819,4.61,85.146,105.89,62.557,41.778,-15.8463,21.651,0.2427,0.4256,0.4155,32.311,34.43,28.817,13.798,7.069,7.719,0.03943,0.1291,0.135,11.728,1.408,0.005859,0.003906,2.43,0.7477,0.4722,0.4693,-2.259,-1.07,-1.076,0.009971,1.683,2.641,0.6673,0.8331,0.0005087,99.065,4.489,4.481,0.0004217,1.839e-05,
C:\Users\sblee\Downloads\Aesthetics-Toolbox-main\split_1\4a70a591_3f7f_48b3_ab14_6eb06daed58d.jpg,1024,1.0,24.837,6.965,6.853,76.583,6.869,145.968,79.14,105.912,45.136,35.788,1.722,0.9284,0.7291,0.7195,95.807,62.539,75.779,24.837,31.063,39.328,0.1685,0.1481,0.3325,22.577,3.494,0.007812,0.01562,6.525,0.721,0.3048,0.3003,-2.987,-1.498,-1.425,0.04576,1.377,2.411,0.6191,0.748,0.0007846,97.919,4.549,4.375,0.0006226,5.055e-05,
C:\Users\sblee\Downloads\Aesthetics-Toolbox-main\split_1\4a9572e1_e506_450c_bd23_2b013b7c2a83.jpg,1216,1.375,26.221,7.887,11.787,156.536,6.581,122.112,113.435,97.453,47.207,1.726,10.12,0.1278,0.3253,0.5104,73.954,65.398,63.276,26.221,9.282,16.515,0.1626,0.2255,0.2738,46.175,9.944,-0.02131,-0.04492,11.228,0.4675,0.4779,0.4428,-2.828,-1.627,-1.362,0.01395,1.475,2.527,0.7376,0.8161,0.0004538,97.071,4.317,4.409,0.0001842,1.461e-05,
C:\Users\sblee\Downloads\Aesthetics-Toolbox-main\split_1\4a9c9971_d38b_4a2d_90e3_4cc8b0e528f5.jpg,1408,1.75,25.001,7.832,10.869,79.091,7.382,108.633,87.691,105.287,39.214,12.54,-6.326,0.8193,0.3555,0.4705,65.444,62.31,59.032,25.001,14.31,13.386,0.186,0.2049,0.2595,36.462,5.641,0.01228,-0.02539,17.112,0.5084,0.5026,0.4718,-2.671,-1.093,-1.284,0.01659,1.436,2.481,0.8574,0.8009,0.0002336,95.087,4.471,4.366,0.0001199,1.797e-05,
C:\Users\sblee\Downloads\Aesthetics-Toolbox-main\split_1\4ac4446d_9e56_471e_ab43_5275fc4cc357.png,1024,1.0,28.243,7.754,13.659,123.391,7.272,133.357,103.919,116.485,47.535,16.04,-1.223,0.8619,0.4561,0.6055,79.336,74.404,76.386,28.243,21.608,31.446,0.2061,0.2662,0.3067,25.086,8.629,-0.04297,0.003906,6.827,0.3956,0.4214,0.3542,-2.653,-1.141,-1.29,0.01199,1.577,2.594,0.6317,0.7245,0.0006203,97.989,4.436,4.356,0.0001755,3.854e-05,
C:\Users\sblee\Downloads\Aesthetics-Toolbox-main\split_1\4b050285_94d4_47df_92c8_ab58a02688ef.jpg,1024,1.0,25.286,7.27,7.544,86.8,5.626,128.065,126.193,95.328,51.335,-3.834,16.599,0.1409,0.3474,0.5245,61.609,62.713,56.086,25.286,4.357,16.492,0.1751,0.186,0.2585,13.363,2.62,0.005859,0.01172,7.768,0.4595,0.359,0.3462,-2.887,-1.315,-1.425,0.008101,1.289,2.485,0.5551,0.7638,0.0004718,86.512,4.486,4.3,0.000208,2.614e-05,
C:\Users\sblee\Downloads\Aesthetics-Toolbox-main\split_1\4b233908_870a_4853_9d0b_72979a808664.png,1024,1.0,21.143,7.691,11.658,124.119,6.047,131.043,111.698,75.154,47.867,5.073,22.567,0.1344,0.5751,0.5468,50.366,54.01,70.209,21.143,8.246,24.394,0.1981,0.3199,0.2103,21.401,4.572,0.007812,0.02148,5.938,0.6143,0.48,0.466,-2.76,-1.44,-1.225,0.09787,1.518,2.61,0.6048,0.7505,0.001003,97.64,3.114,3.68,0.0002212,3.5e-05,
C:\Users\sblee\Downloads\Aesthetics-Toolbox-main\split_1\4b43ad60_2130_42b7_b7ed_6027d2d11bb9.png,1024,1.0,24.486,7.561,6.825,97.635,6.963,124.06,115.777,111.187,48.779,3.52,4.257,0.9804,0.2615,0.5226,62.464,62.721,64.592,24.486,10.612,12.469,0.2344,0.2711,0.2597,48.121,9.671,-0.03516,0.0332,6.537,0.3796,0.2265,0.2327,-3.527,-1.947,-1.575,0.06441,1.384,2.478,0.5147,0.7952,0.0004992,93.174,4.422,4.439,0.0002514,2.27e-05,
C:\Users\sblee\Downloads\Aesthetics-Toolbox-main\split_1\4b5cd643_aa2a_4b57_a24e_6adcaf90f2f0.jpg,1536,2.0,33.645,7.641,21.884,271.357,5.534,115.168,107.326,107.473,43.944,3.413,1.184,0.9882,0.1874,0.4559,82.074,85.644,85.364,33.645,3.737,3.039,0.1476,0.1847,0.3243,47.426,15.175,-0.04004,0.06445,22.483,0.6056,0.5874,0.5767,-2.161,-1.396,-1.168,0.01732,1.668,2.792,0.7111,0.8539,0.0006214,95.755,4.242,4.484,0.0002326,9.406e-06,
C:\Users\sblee\Downloads\Aesthetics-Toolbox-main\split_1\4b6d143f_fc16_437a_b705_4b9f9efc5f92.jpg,1280,0.6667,20.626,7.661,20.153,142.454,5.498,116.504,76.908,30.315,35.785,12.022,31.308,0.08255,0.7358,0.4571,62.106,48.957,28.769,20.626,12.306,18.858,0.04937,0.2062,0.2434,39.639,10.253,-0.0332,0.03906,11.847,0.6417,0.6242,0.6093,-1.992,-1.068,-1.029,0.001979,1.742,2.719,0.8053,0.877,0.0002372,96.51,4.536,4.551,8.31e-05,1.04e-05,
C:\Users\sblee\Downloads\Aesthetics-Toolbox-main\split_1\4b72b39b_e559_4beb_b449_fc5cde5b4c12.jpg,1280,1.5,19.395,7.591,11.092,90.688,0.9864,134.18,133.728,134.016,55.173,0.2466,-0.1013,0.9786,0.007708,0.5264,48.322,48.822,48.509,19.395,0.4644,0.3375,0.05126,0.01954,0.1894,24.28,8.598,0.02474,-0.03516,13.761,0.448,0.4828,0.4941,-2.38,-1.152,-1.127,0.003112,1.519,2.671,0.674,0.8149,0.0005058,95.87,4.215,4.395,0.0002966,1.522e-05,
C:\Users\sblee\Downloads\Aesthetics-Toolbox-main\split_1\4b7b0fe5_8217_4832_9599_9dd5481015a8.png,1600,1.778,19.074,7.448,9.869,103.295,4.088,116.616,91.069,69.683,40.039,7.525,16.061,0.0704,0.4362,0.4575,51.131,46.637,41.129,19.074,3.586,8.514,0.02946,0.167,0.2005,59.756,6.839,-0.03125,-0.01389,16.27,0.4463,0.2964,0.2944,-2.434,-1.227,-1.212,0.001494,1.491,2.593,0.5922,0.8307,0.0003547,91.206,4.471,4.507,0.0003144,1.748e-05,
C:\Users\sblee\Downloads\Aesthetics-Toolbox-main\split_1\4b8cec7f_f59a_4232_beb8_12f789e3becc.jpg,1024,1.0,33.209,7.147,7.093,84.879,4.548,99.851,87.974,72.418,36.27,2.136,9.823,0.06511,0.3874,0.3918,86.138,81.417,68.569,33.209,2.605,9.257,0.06874,0.2584,0.3376,39.496,22.817,0.08984,0.07031,16.226,0.2109,0.3517,0.2189,-3.061,-1.402,-1.519,0.01165,1.357,2.494,0.4325,0.7279,0.0008703,91.339,4.408,4.159,0.0003662,3.19e-05,
C:\Users\sblee\Downloads\Aesthetics-Toolbox-main\split_1\4ba8fc9a_f42c_4739_97b0_ba5f6c9e4b75.jpg,1024,1.0,27.928,7.23,5.148,72.503,6.406,123.454,119.465,105.749,49.148,-0.1295,8.167,0.1347,0.3184,0.5168,69.511,69.311,65.025,27.928,7.945,11.31,0.1959,0.2447,0.2794,17.762,8.053,0.009766,0.03906,10.251,0.4279,0.2987,0.2932,-3.275,-1.667,-1.478,0.04617,1.089,2.352,0.5663,0.7326,0.0005906,96.038,4.467,4.314,0.0003088,3.299e-05,
C:\Users\sblee\Downloads\Aesthetics-Toolbox-main\split_1\4bcdb898_7790_4719_911a_9446c8764d4b.jpg,1216,1.375,33.803,7.586,7.717,90.402,6.253,120.959,102.961,88.812,43.303,5.351,10.508,0.06233,0.4566,0.4803,83.911,85.684,77.968,33.803,8.788,11.678,0.1153,0.3279,0.3297,29.347,33.828,0.152,0.07422,25.165,0.3073,0.32,0.273,-2.696,-1.422,-1.241,0.006284,1.362,2.544,0.4168,0.7519,0.0004486,92.742,4.513,4.443,0.0002283,2.721e-05,
C:\Users\sblee\Downloads\Aesthetics-Toolbox-main\split_1\4be9a697_8480_4aaa_a8a8_b8e684219543.png,1024,1.0,22.039,7.489,4.194,55.42,5.146,118.349,118.909,111.738,49.212,-0.3819,4.133,0.48,0.2736,0.5183,62.486,56.634,54.99,22.039,7.802,13.141,0.248,0.2022,0.2328,62.439,7.412,0.03516,0.01172,10.394,0.4878,0.2777,0.2681,-2.986,-1.508,-1.313,0.04723,1.178,2.34,0.4576,0.6393,0.0008078,82.72,4.445,4.247,0.0005544,3.997e-05,
C:\Users\sblee\Downloads\Aesthetics-Toolbox-main\split_1\4bedf2c9_6e39_4d31_a646_286fbcde6dd5.jpg,1664,1.6,23.742,7.72,20.159,175.258,6.159,100.523,74.447,63.829,33.529,9.86,10.252,0.01126,0.4204,0.4032,67.218,57.109,49.384,23.742,11.814,16.062,0.1344,0.2524,0.2603,44.509,5.989,-0.003906,0.02969,17.91,0.6254,0.5722,0.5806,-2.156,-1.146,-1.038,0.001499,1.698,2.723,0.8216,0.8395,0.000208,98.238,4.571,4.543,0.000121,1.066e-05,
C:\Users\sblee\Downloads\Aesthetics-Toolbox-main\split_1\4c157dbb_47d8_4d15_a350_4580ac04aed7.jpg,1024,1.0,16.859,7.271,8.098,92.013,6.946,74.058,67.864,31.796,30.36,-0.8961,20.015,0.1505,0.8355,0.3767,47.17,48.979,38.647,16.859,27.903,29.346,0.2011,0.1756,0.1725,47.816,3.221,-0.003906,0.01562,4.117,0.514,0.4196,0.4024,-3.189,-1.741,-1.444,0.08208,1.491,2.447,0.695,0.7638,0.0004819,95.235,4.488,4.383,0.0002003,2.661e-05,
C:\Users\sblee\Downloads\Aesthetics-Toolbox-main\split_1\4c1a4ed0_e0af_4047_bdf6_ffe92ce4ce5d.jpg,1024,1.0,22.419,7.667,14.717,169.75,6.949,145.541,136.466,138.996,57.348,5.563,0.3446,0.8797,0.2762,0.63,61.717,58.728,59.061,22.419,10.397,15.477,0.2651,0.2372,0.2048,23.497,4.367,-0.02148,-0.003906,6.096,0.5283,0.5231,0.4737,-2.88,-1.588,-1.164,0.1759,1.54,2.635,0.742,0.8303,0.0004429,96.37,4.129,4.431,0.0001745,1.205e-05,
C:\Users\sblee\Downloads\Aesthetics-Toolbox-main\split_1\4c2bb53d_9b13_4a12_9234_bc3f2a3a63d8.png,1024,1.0,22.974,7.774,12.971,127.685,7.167,119.562,130.828,87.519,54.894,-8.001,24.615,0.2536,0.5847,0.6395,74.043,72.039,62.22,22.974,36.349,24.34,0.2235,0.2541,0.2331,30.86,5.872,0.001953,-0.0293,6.426,0.4306,0.4122,0.382,-2.716,-1.294,-1.246,0.01504,1.579,2.579,0.7468,0.7994,0.0003961,97.072,4.547,4.48,0.0001925,2.193e-05,
C:\Users\sblee\Downloads\Aesthetics-Toolbox-main\split_1\4c654db1_578d_4e7b_aa6b_e71d3d977eb2.jpg,1024,1.0,13.545,7.477,0.8169,16.755,5.466,85.345,93.87,72.521,38.203,-7.523,11.111,0.2192,0.2528,0.3683,32.423,33.139,31.764,13.545,5.811,5.838,0.03736,0.1881,0.1302,30.845,10.669,-0.02148,0.04883,7.989,0.5344,0.3924,0.3535,-3.026,-1.599,-1.454,0.002701,0.7865,2.016,0.3911,0.7171,0.00147,91.424,2.999,2.117,0.0004268,8.998e-06,
C:\Users\sblee\Downloads\Aesthetics-Toolbox-main\split_1\4c67fb87_7c4d_49d8_896c_914ea1b5b04e.jpg,1536,2.0,17.393,7.288,8.073,84.224,4.771,92.516,65.488,43.868,29.783,8.821,17.416,0.07237,0.5324,0.3628,49.517,41.057,34.998,17.393,9.426,11.326,0.02867,0.1859,0.1942,67.374,13.42,0.02441,0.0625,23.111,0.4993,0.4663,0.4436,-2.464,-1.192,-1.271,0.002327,1.531,2.515,0.6749,0.8066,0.0004492,90.308,3.685,4.103,0.0001498,1.842e-05,
C:\Users\sblee\Downloads\Aesthetics-Toolbox-main\split_1\4c7c4621_9b78_4636_b58c_7ee96511894d.jpg,1024,1.0,24.3,7.436,11.405,131.566,6.903,113.987,147.227,132.755,57.758,-12.139,4.208,0.4111,0.4013,0.6047,59.154,63.763,62.584,24.3,12.015,16.494,0.1843,0.2362,0.2384,6.076,8.305,-0.03125,0.02734,6.251,0.3633,0.4102,0.3385,-2.872,-1.619,-1.18,0.1774,1.451,2.606,0.5292,0.7999,0.0004313,90.802,4.538,4.546,0.0002901,1.884e-05,
C:\Users\sblee\Downloads\Aesthetics-Toolbox-main\split_1\4c857903_d1e2_4368_8bd5_3acb16f870c5.png,1280,1.5,21.611,7.379,4.667,36.842,4.471,142.238,99.967,68.146,45.466,13.766,25.142,0.06845,0.5671,0.5578,51.537,57.211,42.118,21.611,8.272,6.423,0.02898,0.1567,0.2021,37.925,10.156,0.0,0.05078,17.762,0.4399,0.315,0.3043,-3.145,-1.163,-1.475,0.04596,1.108,2.508,0.6624,0.6162,0.0004291,92.611,4.408,3.857,0.0004774,3.186e-05,
C:\Users\sblee\Downloads\Aesthetics-Toolbox-main\split_1\4cf2d220_6155_49de_a0c2_d5580129114f.jpg,1024,1.0,24.208,7.683,6.365,75.431,4.659,67.832,86.451,98.647,34.467,-3.338,-9.407,0.5662,0.4108,0.3893,57.572,59.604,58.927,24.208,3.16,5.165,0.06847,0.2002,0.2323,51.482,20.659,0.09961,0.02734,12.886,0.3253,0.357,0.319,-2.943,-1.465,-1.364,0.02376,1.317,2.41,0.5345,0.7988,0.0006313,87.812,4.315,4.386,0.0003315,2.208e-05,
C:\Users\sblee\Downloads\Aesthetics-Toolbox-main\split_1\4cf53802_8377_4ea0_baea_3de5a653f866.jpg,1024,1.0,23.91,7.805,7.91,93.016,5.89,124.359,110.453,85.248,46.518,3.104,16.086,0.1143,0.447,0.5132,59.227,60.025,67.056,23.91,6.984,18.498,0.1738,0.2748,0.2413,28.557,6.311,0.01172,0.0293,6.699,0.3796,0.3158,0.3066,-2.875,-1.41,-1.328,0.01815,1.273,2.405,0.6344,0.7757,0.0007209,97.978,4.388,4.312,0.0002549,3.312e-05,
C:\Users\sblee\Downloads\Aesthetics-Toolbox-main\split_1\4d072a7a_e625_4ebc_b907_2264b4c32a59.jpg,1024,1.0,31.665,7.897,30.109,252.463,5.689,117.0,132.962,173.96,54.627,7.718,-24.2799,0.6039,0.4306,0.6837,82.976,84.721,62.68,31.665,13.598,17.357,0.0686,0.3156,0.2467,23.649,7.297,-0.03516,0.009766,7.258,0.6078,0.5883,0.5824,-2.446,-1.311,-0.9813,0.08713,1.676,2.813,0.7226,0.8699,0.0003731,98.67,4.472,4.478,0.0001326,7.712e-06,
C:\Users\sblee\Downloads\Aesthetics-Toolbox-main\split_1\4d6d75a1_aff7_4d47_8d62_1557f0ef22af.jpg,1024,1.0,17.818,6.19,8.966,77.432,4.089,159.434,139.042,115.126,58.727,4.789,15.008,0.06994,0.3117,0.6371,49.617,45.238,35.526,17.818,4.955,18.239,0.1344,0.1807,0.1808,1.584,6.359,-0.03125,-0.005859,5.633,0.3006,0.4035,0.3305,-2.718,-1.359,-1.27,0.0276,1.86,2.584,0.5405,0.6851,0.0004355,84.304,4.407,4.237,0.0001778,3.398e-05,
C:\Users\sblee\Downloads\Aesthetics-Toolbox-main\split_1\4d80bc3b_7077_45ae_a890_c684651d326b.jpg,1280,1.0,16.733,7.4,2.892,44.325,4.447,140.129,122.166,94.014,52.553,6.548,19.151,0.09741,0.5537,0.6305,50.703,43.2,67.423,16.733,6.155,28.15,0.1358,0.1488,0.2128,36.375,4.646,-0.007812,0.02187,4.995,0.3489,0.2969,0.258,-3.399,-1.793,-1.576,0.01326,1.089,2.295,0.6688,0.659,0.0006372,95.226,4.488,4.252,0.0004255,4.037e-05,
C:\Users\sblee\Downloads\Aesthetics-Toolbox-main\split_1\4dae46f8_f71c_48ba_914c_42a5a56af8e9.png,1024,1.0,22.552,7.631,7.817,92.935,6.674,115.676,137.157,93.802,55.393,-11.014,20.943,0.3,0.6501,0.6418,63.407,62.166,97.143,22.552,25.964,31.796,0.2089,0.2976,0.2526,24.508,16.448,-0.005859,-0.08203,9.148,0.4833,0.3985,0.3615,-3.051,-1.529,-1.396,0.01644,1.322,2.479,0.643,0.7718,0.0004161,92.74,4.55,4.5,0.0002579,2.354e-05,
C:\Users\sblee\Downloads\Aesthetics-Toolbox-main\split_1\4dba37c1_04cb_45e9_9078_3a2e75f90b11.jpg,1216,0.7273,25.585,7.62,4.247,77.211,4.115,110.976,123.642,146.134,50.576,0.9081,-13.5641,0.6198,0.305,0.5748,62.391,63.284,66.581,25.585,1.621,6.801,0.08357,0.1997,0.262,19.756,3.081,-0.01367,-0.007102,11.578,0.3971,0.3536,0.3085,-3.257,-1.72,-1.633,0.004481,1.173,2.339,0.5396,0.6835,0.0007259,94.004,4.187,4.214,0.0003711,1.916e-05,
C:\Users\sblee\Downloads\Aesthetics-Toolbox-main\split_1\4df8abe7_436b_427e_b824_83732481964f.jpg,1280,1.5,22.004,7.591,6.684,83.117,1.064,122.002,121.443,121.792,50.16,0.3015,-0.1187,0.9726,0.01946,0.4787,53.512,54.074,53.77,22.004,0.4835,0.2979,0.05592,0.07549,0.2098,14.158,6.721,-0.01953,-0.02734,13.958,0.3561,0.2676,0.1816,-2.659,-1.501,-1.136,0.0101,1.445,2.529,0.4537,0.7378,0.0006597,93.176,3.861,4.138,0.0002581,2.391e-05,
C:\Users\sblee\Downloads\Aesthetics-Toolbox-main\split_1\4e1be8b7_4e1d_41a3_bc4e_709ed2583d28.png,1536,2.0,24.345,7.861,16.18,175.028,6.83,145.191,135.776,119.599,56.309,2.054,9.822,0.06917,0.2701,0.6019,67.408,61.889,59.146,24.345,8.618,19.284,0.231,0.221,0.2578,17.655,5.201,0.01465,0.02148,20.793,0.5255,0.4101,0.3825,-2.451,-1.306,-1.209,0.004965,1.607,2.687,0.6629,0.8211,0.0003148,98.316,3.985,4.341,0.0001347,1.339e-05,
C:\Users\sblee\Downloads\Aesthetics-Toolbox-main\split_1\4e57ac34_67f9_41d9_b840_5ddcef942d9f.png,1280,0.6667,25.144,7.86,10.498,101.676,6.131,113.605,104.945,100.496,43.969,3.153,3.339,0.9336,0.1908,0.4555,64.921,61.769,58.315,25.144,4.442,12.49,0.2049,0.2096,0.2477,30.8,9.904,0.04492,-0.02083,19.846,0.5123,0.3028,0.2924,-2.397,-1.149,-1.066,0.009507,1.501,2.552,0.3592,0.6565,0.0006804,95.272,4.397,4.197,0.0002037,3.37e-05,
C:\Users\sblee\Downloads\Aesthetics-Toolbox-main\split_1\4e75aeb4_f88c_4f98_af67_28d24d663cd7.jpg,1024,1.0,26.739,7.659,6.643,91.828,6.113,144.612,118.907,76.695,51.908,6.642,28.552,0.1059,0.6388,0.6444,71.889,73.774,61.012,26.739,27.269,15.739,0.1659,0.1948,0.2827,22.553,2.21,0.007812,-0.007812,5.401,0.6148,0.316,0.3018,-3.193,-1.731,-1.431,0.04405,1.278,2.416,0.5353,0.6869,0.0008723,97.522,4.409,4.136,0.000337,3.121e-05,
C:\Users\sblee\Downloads\Aesthetics-Toolbox-main\split_1\4eb7255b_ff1d_49cb_b3e7_61a66e2cb493.jpg,1024,1.0,19.035,7.442,7.069,51.684,6.136,139.239,142.166,111.839,57.915,-3.796,13.069,0.3924,0.2837,0.583,51.107,49.578,62.184,19.035,6.613,26.935,0.2784,0.3526,0.199,25.795,0.3906,0.0,0.001953,2.809,0.4297,0.3085,0.2926,-2.785,-1.273,-1.572,0.09731,1.464,2.455,0.4816,0.6738,0.0006074,97.681,4.458,4.353,0.0003049,5.776e-05,
C:\Users\sblee\Downloads\Aesthetics-Toolbox-main\split_1\4eb7afb2_b8ed_42aa_a142_d0e7620db7db.jpg,1536,0.5,14.674,6.991,8.13,88.624,5.74,94.784,116.667,122.876,47.412,-5.511,-5.904,0.5204,0.319,0.5118,42.056,37.016,39.102,14.674,5.403,12.455,0.1513,0.1404,0.1573,46.739,2.844,-0.01367,0.003906,17.245,0.4709,0.5033,0.4003,-2.435,-1.315,-1.154,0.0187,1.638,2.567,0.7107,0.8413,0.0006963,95.279,3.998,4.378,0.0003332,2.107e-05,
C:\Users\sblee\Downloads\Aesthetics-Toolbox-main\split_1\4ebae421_5472_43a8_a575_3c99c79db67d.jpg,1024,1.0,22.924,6.907,10.946,87.014,4.078,103.974,89.215,65.694,38.091,2.699,15.262,0.09589,0.4334,0.408,56.988,56.15,46.214,22.924,7.296,11.1,0.06792,0.2798,0.2233,24.333,7.266,0.0293,0.02148,13.55,0.4339,0.3667,0.369,-2.708,-1.283,-1.335,0.02522,1.295,2.582,0.7119,0.7592,0.0003665,97.347,4.497,4.378,0.0001487,2.832e-05,
C:\Users\sblee\Downloads\Aesthetics-Toolbox-main\split_1\4ef86831_f738_4497_bf06_e38c6f6ba0cf.jpg,1024,1.0,23.637,7.754,6.276,89.417,6.503,114.735,103.926,87.861,44.688,2.942,11.852,0.1709,0.4434,0.498,62.59,62.871,64.892,23.637,14.812,18.738,0.252,0.291,0.2458,32.283,7.694,-0.01562,0.03516,7.543,0.3116,0.3014,0.2531,-3.28,-1.722,-1.472,0.04604,1.251,2.369,0.6618,0.763,0.0005322,94.27,4.554,4.477,0.0002272,2.969e-05,
C:\Users\sblee\Downloads\Aesthetics-Toolbox-main\split_1\4efef064_745e_444a_b8fc_72478dac276a.jpg,1536,2.0,22.471,7.668,14.745,136.158,6.808,122.226,113.08,82.993,47.417,0.145,18.548,0.1572,0.5115,0.5131,55.313,58.573,74.56,22.471,13.884,17.789,0.1738,0.3005,0.2293,41.224,16.807,0.00293,0.08398,22.713,0.5717,0.4964,0.4808,-2.392,-1.184,-1.173,0.001913,1.604,2.627,0.7218,0.8541,0.0001883,93.569,4.53,4.535,0.0001205,1.339e-05,
C:\Users\sblee\Downloads\Aesthetics-Toolbox-main\split_1\4f10c14f_0e9b_4729_9042_fec8230c29ff.png,1024,1.0,23.864,7.33,18.942,136.372,5.572,100.105,93.643,68.58,38.921,-1.188,14.487,0.09343,0.3716,0.4089,58.714,58.56,45.8,23.864,8.785,13.943,0.1163,0.2127,0.2362,14.845,3.926,0.001953,0.01953,7.943,0.4493,0.554,0.4284,-2.139,-1.012,-0.9852,0.01451,1.791,2.751,0.6942,0.8342,0.0003584,99.262,3.554,4.075,0.0001871,1.479e-05,
C:\Users\sblee\Downloads\Aesthetics-Toolbox-main\split_1\4f39bdbf_625c_48d5_9cc0_425c7383f3ec.jpg,1280,0.6667,25.941,7.903,22.609,135.676,7.021,123.802,101.554,89.12,44.319,9.333,10.596,0.9868,0.505,0.5204,63.002,67.839,73.943,25.941,11.679,23.218,0.2319,0.3059,0.2406,43.629,5.524,0.02734,-0.003906,17.301,0.6067,0.5981,0.5502,-2.162,-0.9594,-0.9873,0.008651,1.734,2.736,0.8464,0.8344,0.0002224,95.311,4.527,4.507,9.162e-05,1.338e-05,
C:\Users\sblee\Downloads\Aesthetics-Toolbox-main\split_1\4f3ef5f9_7b9b_4324_a659_da8856310611.jpg,1280,0.6667,19.777,7.627,7.556,109.148,5.985,118.915,123.216,110.311,51.256,-2.009,7.692,0.393,0.3018,0.549,49.198,55.605,60.87,19.777,18.631,17.15,0.1935,0.2386,0.2127,28.67,5.938,0.02344,0.01823,12.37,0.4702,0.4465,0.4517,-2.813,-1.443,-1.393,0.002327,1.435,2.476,0.7818,0.7782,0.0004636,98.144,4.132,4.326,0.000174,2.217e-05,
C:\Users\sblee\Downloads\Aesthetics-Toolbox-main\split_1\4f7155c9_c113_4eea_bf7a_69940bdbab07.png,1024,1.0,31.588,7.812,10.235,165.481,7.026,142.131,130.618,94.155,54.808,2.116,21.854,0.1435,0.5645,0.6497,76.447,89.307,75.119,31.588,27.425,25.585,0.221,0.2861,0.3008,27.298,2.501,0.007812,0.009766,5.716,0.4368,0.3461,0.3308,-3.541,-1.82,-1.656,0.03204,1.336,2.442,0.6671,0.7831,0.0007352,97.512,3.924,4.284,0.0002176,3.287e-05,
C:\Users\sblee\Downloads\Aesthetics-Toolbox-main\split_1\4f7e0da4_46ee_49fc_ac97_a8644e35d79a.png,1024,1.0,27.222,7.815,7.468,135.471,6.347,133.019,129.455,130.665,53.299,1.955,0.2893,0.6146,0.1435,0.5483,66.926,69.965,72.397,27.222,7.41,5.765,0.2782,0.1358,0.2702,30.294,8.432,-0.04102,-0.009766,10.163,0.4208,0.4181,0.3746,-3.691,-1.868,-1.756,0.006411,1.281,2.395,0.609,0.7144,0.0008838,98.277,3.964,4.269,0.0002823,2.022e-05,
C:\Users\sblee\Downloads\Aesthetics-Toolbox-main\split_1\4f822dc1_f56b_418e_896a_60ea322454bf.png,1024,1.0,21.225,7.278,7.882,100.252,7.335,120.111,83.077,76.601,39.346,15.265,9.896,0.9588,0.4593,0.4832,57.384,59.98,30.05,21.225,17.341,21.678,0.1703,0.211,0.2222,75.582,2.62,-0.005859,-0.01172,6.346,0.4733,0.2653,0.2743,-3.157,-1.702,-1.371,0.1156,1.438,2.517,0.5539,0.7871,0.0004888,91.091,4.297,4.439,0.000218,2.366e-05,
C:\Users\sblee\Downloads\Aesthetics-Toolbox-main\split_1\4fa6213c_d582_4f23_867f_15f7e409ba9c.jpg,1280,1.5,24.755,7.782,6.273,66.877,5.772,119.284,106.36,95.387,44.693,3.666,7.87,0.05999,0.2222,0.4686,61.331,62.707,54.783,24.755,4.856,7.75,0.09231,0.1388,0.2401,37.685,20.469,-0.0612,0.08203,21.207,0.4647,0.4147,0.3928,-2.582,-1.356,-1.211,0.00665,1.238,2.379,0.7656,0.8095,0.0002758,92.999,4.375,4.501,0.0001389,1.718e-05,
C:\Users\sblee\Downloads\Aesthetics-Toolbox-main\split_1\4fb630dd_a391_4089_93f1_15f769a7de14.png,1216,0.7273,13.582,6.403,3.551,51.848,4.526,120.152,106.243,98.562,45.851,4.83,6.414,0.8566,0.1729,0.4772,42.606,33.403,35.302,13.582,6.308,13.416,0.1687,0.2351,0.1695,62.367,1.841,0.005859,0.007102,8.579,0.4028,0.3052,0.306,-3.326,-1.459,-1.612,0.01006,1.254,2.379,0.6141,0.7295,0.0004522,92.424,4.497,4.338,0.0003557,2.277e-05,
C:\Users\sblee\Downloads\Aesthetics-Toolbox-main\split_1\4fc3a60b_eb44_4330_aee9_0d1faf6c92dd.jpg,1152,1.25,24.14,7.732,10.464,115.455,5.121,107.256,111.382,109.793,45.577,-1.629,0.9683,0.6014,0.2731,0.4706,59.642,58.957,74.628,24.14,5.635,12.783,0.212,0.2772,0.2484,30.282,9.586,0.04531,-0.01562,9.644,0.4852,0.4813,0.4094,-2.676,-1.434,-1.213,0.01381,1.522,2.591,0.5258,0.739,0.0006766,97.627,4.41,4.179,0.0002411,2.845e-05,
C:\Users\sblee\Downloads\Aesthetics-Toolbox-main\split_1\4fd170c1_8fc1_4773_9ccf_cc1fbcb921c8.jpg,1280,1.0,30.743,7.781,15.314,193.988,6.634,95.112,99.611,118.923,41.055,4.793,-11.3943,0.6892,0.3947,0.4948,76.461,78.183,76.238,30.743,5.764,17.765,0.189,0.2531,0.3091,44.046,13.568,0.06562,0.01719,11.68,0.4636,0.4643,0.4042,-2.649,-1.44,-1.326,0.01479,1.538,2.703,0.6395,0.787,0.0004914,96.112,4.554,4.469,0.0003061,2.591e-05,
C:\Users\sblee\Downloads\Aesthetics-Toolbox-main\split_1\4fe51514_ba50_44e1_add0_6b1dff1fc252.png,1024,1.0,25.328,7.782,14.63,146.329,7.179,94.41,76.497,138.539,39.451,21.96,-27.2457,0.6989,0.7014,0.5946,58.996,79.77,55.348,25.328,30.428,23.983,0.1463,0.2499,0.2301,53.147,6.652,0.02539,-0.02148,6.724,0.4945,0.4709,0.4375,-2.554,-1.252,-1.199,0.0214,1.566,2.556,0.6692,0.797,0.0005856,97.891,4.164,4.348,0.0001577,1.822e-05,
C:\Users\sblee\Downloads\Aesthetics-Toolbox-main\split_1\4fe8fe59_787f_425d_bf02_139006dd0781.jpg,1216,1.375,22.349,7.668,12.797,84.746,4.851,92.967,77.478,50.191,32.808,2.596,17.734,0.09715,0.5178,0.3646,55.667,55.028,40.607,22.349,4.303,9.626,0.03203,0.1743,0.2183,52.808,13.92,-0.0696,0.0,21.273,0.6037,0.4698,0.4605,-2.199,-1.002,-1.061,0.005798,1.534,2.619,0.7214,0.8158,0.0002241,88.172,4.379,4.492,0.0001076,1.19e-05,
C:\Users\sblee\Downloads\Aesthetics-Toolbox-main\split_1\5000abf1_5ddf_4c75_bbcd_793c56ae441a.jpg,1024,1.0,22.397,7.506,5.509,80.874,5.74,101.593,97.12,78.318,40.213,-1.447,11.782,0.1342,0.3075,0.4161,58.635,55.689,57.249,22.397,9.009,7.14,0.07969,0.1541,0.2254,62.688,10.164,-0.001953,-0.05078,7.399,0.6276,0.3964,0.3917,-3.379,-1.485,-1.617,0.02106,1.304,2.38,0.5712,0.7155,0.001145,93.757,3.264,3.587,0.0002602,3.888e-05,
C:\Users\sblee\Downloads\Aesthetics-Toolbox-main\split_1\50078a62_c9ab_40ef_80ee_d025fe471a01.jpg,1024,1.0,20.515,5.72,10.2,79.357,4.266,71.713,67.045,66.844,28.174,2.163,0.9455,0.9855,0.2091,0.2895,48.861,50.865,52.394,20.515,3.076,5.49,0.1146,0.2712,0.2005,83.13,8.647,-0.01367,0.04102,10.055,0.308,0.3236,0.2404,-2.454,-1.144,-1.219,0.00875,1.523,2.57,0.558,0.7401,0.0009741,87.686,4.469,4.314,0.0003274,3.713e-05,
C:\Users\sblee\Downloads\Aesthetics-Toolbox-main\split_1\5009bc88_a02c_46cb_bcff_8a0a9cfded18.jpg,1152,1.25,24.268,7.642,6.261,71.349,7.503,139.953,112.275,88.69,49.942,10.669,16.552,0.08377,0.6106,0.6274,85.609,63.123,54.759,24.268,23.474,34.201,0.2284,0.177,0.268,41.736,11.589,-0.05781,0.003906,12.288,0.3665,0.2966,0.2787,-2.845,-1.413,-1.376,0.005084,1.243,2.38,0.6822,0.7808,0.0006305,92.774,4.5,4.463,0.0003337,3.179e-05,
C:\Users\sblee\Downloads\Aesthetics-Toolbox-main\split_1\500e0d13_5be6_4b4e_9c49_36cdd3a49fa1.jpg,1280,0.6667,18.166,7.521,11.381,103.735,5.271,95.112,97.788,106.811,41.183,1.883,-5.226,0.6158,0.3336,0.4685,58.594,42.029,39.676,18.166,9.055,10.387,0.1845,0.1408,0.2013,36.015,7.801,0.02148,0.03255,9.664,0.4945,0.4029,0.3613,-2.394,-1.187,-1.127,0.001655,1.545,2.686,0.6243,0.8449,0.0006315,97.023,4.436,4.527,0.0002128,1.362e-05,
C:\Users\sblee\Downloads\Aesthetics-Toolbox-main\split_1\50133094_cbb4_4bb7_b584_c4fa0475f6b0.jpg,1024,1.0,16.48,7.245,4.867,47.52,6.506,124.929,97.973,123.3,44.748,16.049,-10.1165,0.8593,0.3071,0.5132,38.145,44.081,31.083,16.48,10.191,11.933,0.1154,0.1849,0.1366,17.923,10.313,-0.04688,0.02148,8.83,0.5455,0.3974,0.3692,-2.819,-1.488,-1.202,0.06277,1.256,2.462,0.5082,0.6907,0.0005606,96.49,3.591,3.775,0.0002162,1.779e-05,
C:\Users\sblee\Downloads\Aesthetics-Toolbox-main\split_1\501418a3_0d84_4bb7_9ee2_d6e03d7c995b.jpg,1024,1.0,27.528,7.43,8.387,123.593,6.052,73.053,100.389,54.138,38.81,-15.4259,20.749,0.2161,0.4719,0.4202,55.85,76.61,50.337,27.528,25.018,24.196,0.2894,0.3384,0.2896,54.42,10.804,-0.01172,0.05273,10.171,0.7425,0.3313,0.3232,-3.231,-1.703,-1.523,0.07639,1.321,2.441,0.5238,0.7393,0.0007813,92.46,4.431,4.194,0.0002072,2.656e-05,
C:\Users\sblee\Downloads\Aesthetics-Toolbox-main\split_1\50196a45_6986_49da_a5b6_be755d7ac1a6.jpg,1280,1.5,21.794,7.642,11.3,119.821,5.193,88.594,86.613,86.609,35.928,0.9059,0.2109,0.8052,0.1023,0.3576,52.561,52.455,51.152,21.794,1.312,4.074,0.2368,0.09624,0.2081,38.665,15.877,0.04036,0.06836,18.484,0.5547,0.5225,0.4719,-2.494,-1.244,-1.245,0.003899,1.447,2.563,0.7016,0.8232,0.0004552,93.966,3.876,4.219,0.0001563,1.215e-05,
C:\Users\sblee\Downloads\Aesthetics-Toolbox-main\split_1\50284220_61c1_4bb9_b31c_2c53ab40662e.jpg,1280,1.5,22.348,7.659,3.654,41.541,5.099,133.948,73.422,34.726,37.019,22.249,31.872,0.04733,0.7137,0.5253,68.019,52.459,17.05,22.348,9.995,20.154,0.03565,0.09178,0.2667,40.46,15.853,-0.05339,0.05859,24.58,0.3612,0.456,0.3411,-2.725,-1.348,-1.367,0.001818,1.236,2.434,0.6945,0.7264,0.0005475,89.374,4.203,4.388,0.0003449,2.148e-05,
C:\Users\sblee\Downloads\Aesthetics-Toolbox-main\split_1\502ba00b_3e5b_4194_bd64_9c5800c0c514.jpg,1216,0.7273,27.68,7.884,10.334,126.906,6.348,128.089,118.878,109.93,49.683,4.473,7.046,0.9865,0.4069,0.5481,68.914,70.454,84.295,27.68,7.4,18.233,0.2243,0.3504,0.2745,26.246,16.279,-0.03711,-0.07244,21.024,0.3411,0.3756,0.3334,-2.647,-1.522,-1.281,0.01225,1.462,2.518,0.561,0.7741,0.0007768,96.752,4.495,4.407,0.0001988,2.332e-05,
C:\Users\sblee\Downloads\Aesthetics-Toolbox-main\split_1\50442bbd_6532_4006_b51e_26ba116bf2b9.jpg,1024,1.0,32.274,7.759,13.887,115.424,6.568,105.435,127.974,141.209,50.92,-2.947,-9.857,0.5707,0.4343,0.5822,67.187,87.092,73.456,32.274,16.07,13.197,0.148,0.2466,0.2918,28.084,18.855,-0.06055,0.07227,13.514,0.4879,0.2371,0.2121,-2.554,-1.211,-1.116,0.03332,1.461,2.652,0.4335,0.7582,0.0004566,94.899,4.069,4.229,0.0002224,1.8e-05,
C:\Users\sblee\Downloads\Aesthetics-Toolbox-main\split_1\5047a105_58d1_43d3_9161_8c6521a8dd69.jpg,1280,1.5,20.895,7.462,5.403,56.187,6.042,92.273,81.649,83.035,34.92,5.163,0.9042,0.9321,0.2011,0.3745,50.77,52.2,50.285,20.895,5.135,6.699,0.1574,0.1215,0.2055,61.618,17.195,0.002604,0.08594,22.555,0.4643,0.4397,0.4248,-2.636,-1.36,-1.308,0.002957,1.354,2.439,0.7571,0.8002,0.0002954,82.504,4.338,4.451,0.0001281,1.454e-05,
C:\Users\sblee\Downloads\Aesthetics-Toolbox-main\split_1\5047e3c9_d24a_4fb4_95d1_8f37be05ef9a.jpg,1280,0.6667,25.294,7.652,6.687,61.446,6.252,128.834,69.984,52.268,36.346,23.083,21.613,0.01135,0.6219,0.5064,69.684,66.789,40.983,25.294,16.994,19.614,0.08358,0.1862,0.2727,60.069,18.826,0.0918,-0.02083,20.988,0.5019,0.4954,0.4311,-2.404,-1.1,-1.081,0.006646,1.374,2.514,0.6357,0.7829,0.0003411,89.536,4.423,4.482,0.0002191,2.231e-05,
C:\Users\sblee\Downloads\Aesthetics-Toolbox-main\split_1\504bbf95_ea8a_43a1_a2c5_fc3294e412ce.jpg,1344,0.75,25.187,6.579,6.179,110.145,5.288,135.197,119.295,102.64,50.407,5.255,11.276,0.008828,0.3421,0.55,64.494,64.584,60.566,25.187,7.812,20.649,0.1723,0.3083,0.2412,20.638,11.459,-0.03472,-0.04557,15.564,0.3673,0.3704,0.3316,-3.02,-1.569,-1.534,0.003185,1.263,2.367,0.5937,0.7855,0.0009185,92.555,4.187,4.36,0.0004886,3.478e-05,
C:\Users\sblee\Downloads\Aesthetics-Toolbox-main\split_1\5059eae1_2ff8_4014_8e7f_67635c928f49.png,1280,1.5,25.413,7.544,8.317,69.292,5.902,120.865,125.614,131.909,51.575,1.535,-2.886,0.637,0.3375,0.5827,53.563,65.535,83.278,25.413,6.767,18.184,0.2495,0.2069,0.2701,19.888,18.638,0.02474,-0.08984,14.438,0.3377,0.3652,0.2628,-2.492,-1.212,-1.214,0.0056,1.228,2.596,0.6,0.7831,0.000449,89.129,4.318,4.43,0.0003485,2.133e-05,
C:\Users\sblee\Downloads\Aesthetics-Toolbox-main\split_1\50651215_0616_4985_ab96_1e4a1c26df4a.jpg,1024,1.0,16.968,6.637,5.22,55.948,5.547,122.303,74.42,70.523,36.976,19.371,11.789,0.0396,0.4658,0.4819,60.631,36.489,50.074,16.968,16.048,13.402,0.1001,0.2054,0.2356,56.642,2.975,-0.005859,-0.01367,6.06,0.3694,0.3203,0.2997,-2.874,-1.357,-1.38,0.02348,1.358,2.421,0.5497,0.7365,0.0007749,92.657,4.27,4.27,0.0003088,2.791e-05,
C:\Users\sblee\Downloads\Aesthetics-Toolbox-main\split_1\50753370_d23d_4b78_9256_bdf4ce228b01.png,1024,1.0,20.269,7.59,15.612,106.721,6.636,120.293,117.547,124.267,50.496,5.297,-1.847,0.7627,0.3343,0.5778,67.008,53.979,53.936,20.269,15.597,20.698,0.2571,0.2851,0.2129,23.439,1.408,0.005859,0.003906,3.102,0.4481,0.3378,0.3476,-2.504,-1.141,-1.199,0.01589,1.669,2.681,0.6441,0.7448,0.0004191,98.765,4.534,4.3,0.0001461,2.677e-05,
C:\Users\sblee\Downloads\Aesthetics-Toolbox-main\split_1\50829455_36b0_4fa8_ad01_0d976462adc7.jpg,1024,1.0,29.871,5.815,3.424,31.893,4.944,124.535,92.353,83.579,42.759,13.874,9.503,0.9198,0.5604,0.5391,72.765,86.316,34.193,29.871,29.085,32.083,0.2059,0.1438,0.3026,50.226,12.506,0.001953,-0.0625,15.257,0.7938,0.2215,0.2186,-2.979,-1.502,-1.356,0.03615,0.9518,2.274,0.605,0.5736,0.0007667,82.645,4.038,3.542,0.0005395,4.95e-05,
C:\Users\sblee\Downloads\Aesthetics-Toolbox-main\split_1\508c10d8_9f0c_45bb_bc12_41a35fee0ce6.jpg,1024,1.0,29.833,7.799,18.247,226.35,6.535,118.467,117.274,112.196,48.658,3.639,4.544,0.1579,0.4375,0.5524,79.239,78.335,86.155,29.833,10.337,23.564,0.1689,0.3306,0.2923,46.873,4.768,-0.01367,0.01953,6.166,0.5513,0.4981,0.4644,-3.108,-1.72,-1.302,0.1351,1.424,2.63,0.7078,0.8149,0.0007329,94.421,3.267,3.761,0.0002209,1.713e-05,
C:\Users\sblee\Downloads\Aesthetics-Toolbox-main\split_1\50a41572_76ff_4cc0_b64f_da9b7abd22b7.jpg,1024,1.0,25.74,7.871,11.644,123.086,5.378,111.23,107.841,89.21,44.272,-0.8126,10.415,0.1549,0.3412,0.4721,69.321,64.041,55.506,25.74,3.252,18.187,0.1821,0.1845,0.2683,43.048,23.235,-0.05273,0.1035,13.945,0.4271,0.3796,0.393,-2.316,-1.262,-1.032,0.09785,1.576,2.688,0.3517,0.6638,0.0009105,87.705,4.36,4.22,0.0002894,3.143e-05,
C:\Users\sblee\Downloads\Aesthetics-Toolbox-main\split_1\50b5d170_6c99_4953_b3cc_a49338e2f129.jpg,2176,2.091,20.917,7.431,4.867,49.294,5.197,111.871,82.452,51.062,36.652,8.858,21.963,0.07131,0.5182,0.444,62.19,49.963,26.723,20.917,5.704,18.468,0.0686,0.1764,0.2427,49.788,4.819,0.01834,0.01562,19.641,0.3908,0.3837,0.3739,-2.742,-1.222,-1.246,0.005103,1.338,2.524,0.6278,0.7521,0.0003713,93.749,4.386,4.352,0.0002485,2.323e-05,
C:\Users\sblee\Downloads\Aesthetics-Toolbox-main\split_1\50bebdb5_0250_4e37_89b5_1785a8a0df55.png,1024,1.0,33.525,6.781,6.081,86.89,5.597,140.311,137.087,132.984,55.334,0.633,2.218,0.03012,0.1371,0.5558,83.75,83.935,75.578,33.525,2.899,5.348,0.1993,0.1642,0.3224,29.613,4.207,-0.01953,-0.007812,11.104,0.3883,0.3189,0.328,-3.366,-1.705,-1.532,0.03972,1.055,2.355,0.613,0.7481,0.0006587,91.822,4.503,4.231,0.0005163,2.592e-05,
C:\Users\sblee\Downloads\Aesthetics-Toolbox-main\split_1\50c62b16_0ec2_4a94_a7b5_10e187d24358.jpg,1024,1.0,25.56,7.833,4.522,52.896,5.071,120.058,95.014,74.6,41.084,7.289,15.396,0.07144,0.4589,0.4708,65.868,62.683,55.469,25.56,6.597,7.201,0.03643,0.1771,0.2583,34.246,26.017,0.09766,0.08594,19.229,0.3895,0.3695,0.3274,-3.038,-1.486,-1.457,0.006618,1.306,2.42,0.6194,0.795,0.0004064,90.939,4.469,4.447,0.0002323,1.766e-05,
C:\Users\sblee\Downloads\Aesthetics-Toolbox-main\split_1\50cb4f21_9b07_4052_a48b_1b596f4a8dd9.png,1024,1.0,22.884,7.727,12.965,132.312,7.443,100.064,106.268,131.443,47.588,11.667,-11.6712,0.6585,0.6385,0.6437,87.009,65.31,63.104,22.884,26.951,36.204,0.2479,0.326,0.2083,53.794,4.454,0.02148,-0.005859,6.226,0.4581,0.4427,0.3921,-2.951,-1.38,-1.452,0.001723,1.557,2.623,0.7165,0.7368,0.000429,91.193,4.531,4.473,0.0002222,2.194e-05,
C:\Users\sblee\Downloads\Aesthetics-Toolbox-main\split_1\50d02020_1c89_4b00_be14_e8c51c0f550e.jpg,1024,1.0,41.887,5.929,20.866,249.23,3.329,98.637,95.126,92.931,38.017,1.09,1.656,0.9927,0.198,0.389,107.121,105.405,104.388,41.887,4.001,8.022,0.1386,0.3455,0.4196,45.955,6.299,-0.01562,-0.02734,8.302,0.5964,0.477,0.4669,-2.698,-1.341,-1.207,0.0298,1.51,2.616,0.6549,0.8173,0.0006085,97.942,4.282,4.325,0.0002046,1.458e-05,
C:\Users\sblee\Downloads\Aesthetics-Toolbox-main\split_1\50f12e85_b0a4_4e49_a235_33a7d9baa83a.jpg,1408,0.6923,15.259,7.296,0.8331,22.806,5.639,120.156,96.117,100.181,42.835,10.734,1.46,0.9517,0.2317,0.4722,39.045,38.514,37.144,15.259,2.973,6.307,0.07178,0.1007,0.1529,52.816,5.461,-0.01042,0.02524,12.607,0.5342,0.4931,0.47,-3.132,-1.646,-1.463,0.007362,0.833,2.012,0.5296,0.6965,0.001291,90.194,3.887,2.283,0.0005198,6.486e-06,
C:\Users\sblee\Downloads\Aesthetics-Toolbox-main\split_1\51152280_0a9e_4534_b624_e8f2d3447a6f.jpg,1408,1.0,12.036,7.033,0.5879,17.238,1.398,106.256,104.959,102.186,44.134,-0.0523,1.753,0.1144,0.04174,0.4167,29.756,29.896,29.982,12.036,0.4125,0.5724,0.02072,0.01857,0.1167,37.657,7.017,-0.03267,0.01278,7.038,0.4837,0.5079,0.423,-3.116,-1.623,-1.454,0.003935,0.7839,2.018,0.5129,0.7278,0.00115,90.848,4.304,3.313,0.0004822,7.272e-06,
C:\Users\sblee\Downloads\Aesthetics-Toolbox-main\split_1\511987bb_8a92_4c09_bb00_3916017c6f61.jpg,1280,0.6667,17.269,7.441,4.001,50.396,5.61,93.584,113.897,114.018,46.224,-6.141,-2.023,0.5233,0.2707,0.4734,26.829,48.872,42.621,17.269,13.298,6.466,0.1969,0.1357,0.1668,30.392,10.417,0.0,0.05208,8.844,0.7903,0.2885,0.2851,-2.622,-1.325,-1.257,0.008595,1.2,2.344,0.4029,0.6012,0.001006,95.401,4.269,4.385,0.0005641,2.505e-05,
C:\Users\sblee\Downloads\Aesthetics-Toolbox-main\split_1\51240301_2603_4223_a7af_f968546f6180.jpg,1600,0.7857,25.652,7.906,24.482,214.305,5.75,99.767,112.518,77.214,44.567,-10.9041,18.13,0.2518,0.4061,0.4717,64.748,65.931,53.01,25.652,14.014,7.827,0.09517,0.1628,0.261,37.975,8.51,-0.02131,-0.03683,12.485,0.6376,0.6577,0.63,-2.049,-1.275,-1.085,0.00853,1.733,2.777,0.8647,0.8959,0.0001496,98.926,4.476,4.556,0.0001087,6.59e-06,
C:\Users\sblee\Downloads\Aesthetics-Toolbox-main\split_1\51335452_3d41_43f1_89d1_db51df61b8a8.jpg,2048,1.0,21.011,7.493,5.903,105.164,7.441,81.489,126.015,122.147,50.392,-10.1504,-1.991,0.5409,0.5561,0.5817,54.881,64.028,31.028,21.011,27.081,22.303,0.1904,0.1994,0.2014,40.925,4.12,0.01074,-0.01758,4.137,0.5597,0.5388,0.5477,-3.008,-1.414,-1.481,0.006799,1.393,2.379,0.8659,0.8787,0.0003875,98.426,3.424,4.134,0.0001429,7.827e-06,
C:\Users\sblee\Downloads\Aesthetics-Toolbox-main\split_1\5146c0d2_9c30_451e_ae5a_3d65d6b78f0e.jpg,1216,1.375,19.897,7.509,5.393,66.426,6.186,95.282,67.115,55.986,30.592,11.109,11.258,0.01868,0.4655,0.3774,50.688,48.769,39.478,19.897,6.706,12.159,0.1033,0.1812,0.1991,48.555,9.375,-0.04688,0.0,12.423,0.4173,0.403,0.3743,-2.78,-1.45,-1.381,0.003388,1.285,2.402,0.6562,0.7898,0.0004184,90.719,4.291,4.425,0.0001829,1.928e-05,
C:\Users\sblee\Downloads\Aesthetics-Toolbox-main\split_1\5147a312_8391_4715_b470_a42e35894417.jpg,1280,0.6667,39.297,6.815,16.37,153.351,5.159,116.665,107.285,100.882,43.465,3.098,5.196,0.05942,0.3456,0.4604,96.159,100.418,102.1,39.297,5.304,8.445,0.1777,0.3318,0.379,54.972,3.029,-0.01367,-0.00651,19.015,0.4904,0.4391,0.4151,-2.492,-1.325,-1.095,0.006081,1.468,2.632,0.6747,0.8261,0.0004305,92.882,4.433,4.362,0.0002573,2.004e-05,
C:\Users\sblee\Downloads\Aesthetics-Toolbox-main\split_1\51590257_29d4_4f1b_9029_0a952a2f168b.jpg,2048,1.0,20.334,7.711,9.368,104.909,5.982,109.122,93.19,106.676,41.343,10.638,-4.746,0.7206,0.3672,0.5098,62.973,48.75,48.944,20.334,12.204,18.783,0.1763,0.1754,0.2231,30.617,2.72,-0.004883,0.0127,5.482,0.5593,0.4816,0.4815,-2.644,-1.079,-1.209,0.006672,1.565,2.561,0.7313,0.8347,0.0002938,97.387,4.429,4.543,0.0001734,1.237e-05,
C:\Users\sblee\Downloads\Aesthetics-Toolbox-main\split_1\518994a1_8e7f_45bf_86a3_71de25132254.jpg,1280,1.5,20.14,7.484,8.392,91.682,7.456,112.841,98.071,107.704,43.343,10.442,-2.839,0.8136,0.411,0.5273,56.833,54.164,44.492,20.14,14.478,20.466,0.2108,0.1484,0.2148,46.764,11.205,-0.05599,0.001953,14.57,0.4599,0.4639,0.4437,-2.522,-1.379,-1.279,0.002558,1.465,2.525,0.6746,0.8169,0.0003531,94.484,4.274,4.429,0.0001258,1.637e-05,
C:\Users\sblee\Downloads\Aesthetics-Toolbox-main\split_1\518b293a_b402_450d_a3ec_b9cd49ea1fea.jpg,1024,1.0,8.877,5.656,7.363,77.703,3.028,146.151,76.419,124.928,42.443,35.943,-14.3614,0.8838,0.4859,0.5731,22.247,24.169,24.191,8.877,2.951,1.849,0.008522,0.06455,0.08726,86.537,0.0,0.0,0.0,0.354,0.6771,0.6744,0.6748,-2.607,-1.348,-1.31,0.01345,1.707,2.365,0.9397,0.9022,0.0001175,99.707,4.562,4.576,0.0001403,4.933e-06,
C:\Users\sblee\Downloads\Aesthetics-Toolbox-main\split_1\51921f18_e666_4328_a219_41a980f327ae.jpg,1216,0.7273,29.697,7.675,10.116,155.831,7.347,123.641,107.77,124.294,49.273,12.253,-3.343,0.7471,0.6211,0.6467,89.125,85.207,58.533,29.697,30.578,26.368,0.2647,0.2164,0.2973,33.655,1.588,0.007812,0.00142,11.904,0.6557,0.4487,0.4386,-2.874,-1.527,-1.444,0.01128,1.434,2.424,0.576,0.7651,0.0008182,99.287,4.232,3.936,0.0002243,2.978e-05,
C:\Users\sblee\Downloads\Aesthetics-Toolbox-main\split_1\51b4536e_018e_4d1a_8965_9d39f5f5fcb1.png,1024,1.0,28.409,7.855,14.385,140.368,4.244,109.222,108.431,109.611,44.31,0.5911,-0.5692,0.8236,0.04581,0.4319,69.425,70.328,69.781,28.409,0.9872,0.9719,0.2,0.09006,0.2738,31.181,17.404,0.01367,-0.08594,10.89,0.5124,0.4533,0.4336,-2.759,-1.363,-1.261,0.02576,1.343,2.6,0.718,0.8461,0.0003663,94.412,4.38,4.41,0.0001604,1.308e-05,
C:\Users\sblee\Downloads\Aesthetics-Toolbox-main\split_1\51b652e8_8c82_4557_86c1_6f8736c3169e.jpg,1024,1.0,19.561,7.432,10.716,107.02,4.769,84.48,81.716,34.417,33.279,-5.46,25.334,0.1561,0.5853,0.338,52.121,48.489,29.208,19.561,5.255,17.51,0.03978,0.2155,0.2039,72.429,11.88,-0.04102,-0.04297,7.84,0.495,0.4916,0.4097,-3.005,-1.55,-1.302,0.06339,1.601,2.562,0.7064,0.8036,0.000349,88.522,4.433,4.452,0.0001537,1.567e-05,
C:\Users\sblee\Downloads\Aesthetics-Toolbox-main\split_1\51b7cb1e_26ef_4b44_bd59_60792c9f1441.jpg,1280,0.6667,26.873,5.793,8.865,112.425,5.439,117.732,98.775,111.483,42.966,10.963,-5.136,0.8341,0.3256,0.4869,68.766,70.973,48.096,26.873,10.813,14.71,0.1656,0.1451,0.2539,66.372,1.518,0.003906,0.00651,13.253,0.6037,0.3893,0.3918,-2.611,-1.478,-1.261,0.008579,1.295,2.418,0.5584,0.7878,0.0008855,85.566,4.457,4.366,0.0004084,2.924e-05,
C:\Users\sblee\Downloads\Aesthetics-Toolbox-main\split_1\51ccda89_7a90_4392_84d4_34cd1d3a43bb.jpg,1024,1.0,31.415,7.547,7.202,113.374,5.623,151.79,134.598,115.463,55.786,4.226,12.941,0.114,0.3691,0.5986,75.258,80.172,80.41,31.415,8.261,11.075,0.125,0.3237,0.2975,13.269,6.641,-0.0293,0.01562,5.535,0.406,0.2843,0.249,-3.379,-1.777,-1.5,0.03627,1.229,2.35,0.4955,0.7233,0.0009404,97.089,4.414,4.367,0.0003526,3.051e-05,
C:\Users\sblee\Downloads\Aesthetics-Toolbox-main\split_1\51deedc3_cbd1_472b_93e6_83420bc8f82e.jpg,1536,1.0,17.728,7.629,6.665,62.06,5.666,101.479,58.372,56.899,29.546,18.359,9.202,0.9852,0.4806,0.4,60.177,36.667,36.163,17.728,13.85,13.609,0.07499,0.2038,0.2354,41.744,11.497,0.01302,0.05599,8.554,0.5302,0.4151,0.4109,-2.68,-0.9855,-1.252,0.04962,1.439,2.524,0.6955,0.8073,0.0004827,95.624,3.791,4.065,0.0001803,1.918e-05,
C:\Users\sblee\Downloads\Aesthetics-Toolbox-main\split_1\51f72922_c4f2_4ad5_8b51_6787833ef889.jpg,1408,0.6923,22.749,7.779,6.122,83.349,6.175,102.162,108.682,109.705,44.497,-1.482,-1.588,0.4423,0.2256,0.461,58.515,55.948,51.635,22.749,2.694,11.213,0.2357,0.1968,0.218,27.119,5.805,0.02778,-0.008413,13.096,0.4822,0.3805,0.341,-2.87,-1.375,-1.421,0.00433,1.324,2.45,0.614,0.7713,0.000469,96.432,4.533,4.419,0.0001903,1.457e-05,
C:\Users\sblee\Downloads\Aesthetics-Toolbox-main\split_1\5207762c_f2cb_48c3_994a_adaad2293468.jpg,1216,0.7273,21.411,7.669,9.077,102.848,6.227,116.743,105.64,93.029,45.37,4.682,9.615,0.1018,0.3831,0.5035,61.291,54.898,68.221,21.411,11.504,19.97,0.1825,0.3229,0.2313,42.401,10.423,-0.01562,-0.04972,16.354,0.3613,0.3908,0.2974,-2.552,-1.349,-1.149,0.008306,1.415,2.498,0.5772,0.7254,0.0008266,96.545,4.5,4.501,0.0002807,3.76e-05,
C:\Users\sblee\Downloads\Aesthetics-Toolbox-main\split_1\520c9d72_39d2_4c65_8013_3805b0bbf9ec.png,1024,1.0,19.503,7.48,6.551,74.025,6.049,116.167,100.982,93.642,43.593,5.971,6.052,0.0106,0.3245,0.4887,57.179,48.36,43.469,19.503,8.578,15.675,0.2305,0.169,0.2019,45.148,12.034,0.05859,-0.01367,10.69,0.4843,0.3099,0.2911,-2.92,-1.434,-1.411,0.008328,1.427,2.511,0.6367,0.7011,0.0003869,89.4,4.533,4.423,0.000213,2.722e-05,
C:\Users\sblee\Downloads\Aesthetics-Toolbox-main\split_1\520fad61_af56_42db_ad65_c2dfad4dc0c9.png,1024,1.0,32.708,7.529,31.472,230.234,7.117,142.048,100.042,74.496,47.952,14.931,19.584,0.9878,0.657,0.6206,90.465,94.911,68.311,32.708,29.962,39.127,0.2317,0.3198,0.3304,38.423,9.703,0.03711,0.03125,7.492,0.561,0.5203,0.4899,-2.384,-1.355,-0.8769,0.1749,1.672,2.789,0.5837,0.7982,0.0008165,98.069,3.966,4.291,0.0001742,2.807e-05,
C:\Users\sblee\Downloads\Aesthetics-Toolbox-main\split_1\522b415e_a8b6_4385_86a3_dfb058c89754.jpg,1024,1.0,32.59,7.765,10.855,170.7,6.279,116.625,102.987,89.309,42.935,3.641,9.762,0.08492,0.4262,0.4658,81.059,82.634,82.781,32.59,9.316,12.211,0.1282,0.3232,0.3219,45.967,7.514,-0.005859,0.03711,12.927,0.5323,0.3923,0.3492,-3.342,-1.626,-1.595,0.048,1.292,2.473,0.6287,0.7442,0.001063,93.136,2.936,3.688,0.0002727,2.266e-05,
C:\Users\sblee\Downloads\Aesthetics-Toolbox-main\split_1\523016ba_82d8_4318_8bcd_c79fc1399f15.jpg,1216,1.375,20.272,7.48,6.646,86.693,5.538,93.11,70.917,39.281,31.301,5.804,22.273,0.1033,0.6606,0.3748,48.836,51.84,42.786,20.272,11.914,9.53,0.0623,0.2006,0.2018,57.531,13.15,-0.04403,0.04883,14.996,0.4103,0.3643,0.3284,-2.822,-1.604,-1.36,0.01707,1.344,2.44,0.5858,0.7354,0.0006963,89.983,4.251,4.397,0.0002161,2.501e-05,
C:\Users\sblee\Downloads\Aesthetics-Toolbox-main\split_1\523681f6_0863_4234_8ec5_10e3900e3145.jpg,1024,1.0,20.668,6.317,4.022,63.456,3.544,119.876,128.171,141.735,52.605,-0.05268,-8.197,0.611,0.1659,0.5559,47.071,50.486,54.415,20.668,0.8686,3.225,0.0496,0.09348,0.2133,7.053,6.641,-0.0332,0.0,6.633,0.2803,0.2716,0.2899,-3.261,-1.595,-1.532,0.02793,1.228,2.358,0.416,0.6553,0.00142,89.158,3.708,3.944,0.0008075,2.225e-05,
C:\Users\sblee\Downloads\Aesthetics-Toolbox-main\split_1\523896d0_810d_4bf9_9465_0bef7e467f52.png,1024,1.0,17.269,7.391,7.547,65.075,5.798,86.246,69.223,33.531,30.454,3.298,23.402,0.1213,0.6537,0.3691,49.819,42.402,33.879,17.269,17.46,14.593,0.09971,0.2547,0.1919,41.809,4.367,-0.003906,0.02148,6.973,0.2711,0.33,0.2897,-2.642,-1.183,-1.254,0.01591,1.475,2.516,0.507,0.6904,0.0005693,94.075,4.404,4.319,0.0002732,4.086e-05,
C:\Users\sblee\Downloads\Aesthetics-Toolbox-main\split_1\524adb94_6585_4486_a75f_a17bfac0613a.jpg,1216,0.7273,25.383,5.565,6.77,106.679,3.203,100.218,102.481,107.91,42.209,0.3543,-3.439,0.6162,0.1214,0.4234,64.763,65.267,63.682,25.383,0.9313,1.743,0.06393,0.1559,0.25,65.607,10.818,0.04688,0.02699,9.47,0.1536,0.264,0.1673,-2.832,-1.543,-1.356,0.00787,1.302,2.451,0.4999,0.8051,0.0009753,90.565,4.488,4.451,0.0005259,2.321e-05,
C:\Users\sblee\Downloads\Aesthetics-Toolbox-main\split_1\52523b85_cdb7_41e1_91fb_3d37a71fe188.jpg,1216,0.7273,20.496,7.289,13.222,76.329,6.718,110.467,92.754,126.697,43.001,15.477,-14.4975,0.7209,0.4409,0.573,59.65,57.738,49.068,20.496,19.636,22.632,0.2091,0.2098,0.2013,77.133,5.347,-0.007812,0.02557,8.385,0.7375,0.3755,0.3714,-2.392,-1.226,-1.254,0.01722,1.743,2.659,0.5801,0.6313,0.0006988,78.007,4.488,4.22,0.0003594,5.01e-05,
C:\Users\sblee\Downloads\Aesthetics-Toolbox-main\split_1\5252b12b_f839_426a_8439_b5584e0f9461.png,1216,0.7273,26.891,7.77,6.297,98.496,6.076,97.507,99.399,135.086,42.312,8.948,-19.7415,0.6801,0.436,0.5308,55.372,71.84,65.576,26.891,15.456,8.928,0.09382,0.1763,0.2583,47.212,8.414,0.03906,0.01562,9.248,0.6291,0.4015,0.3908,-3.02,-1.723,-1.578,0.00782,1.269,2.352,0.5275,0.755,0.0007249,94.448,4.416,4.28,0.000341,2.513e-05,
C:\Users\sblee\Downloads\Aesthetics-Toolbox-main\split_1\525d401c_52d7_4b19_a35b_2b4b78bba46c.jpg,1344,1.625,18.34,7.496,10.164,107.65,6.831,106.196,114.241,94.305,46.787,-4.623,10.547,0.2262,0.4042,0.5002,42.999,48.781,50.056,18.34,12.048,17.696,0.1944,0.1352,0.1883,18.264,4.327,-0.02163,0.0,15.331,0.518,0.4096,0.3866,-2.402,-1.5,-1.18,0.005078,1.554,2.573,0.5755,0.8132,0.0006178,98.809,4.269,4.385,0.0002396,2.911e-05,
C:\Users\sblee\Downloads\Aesthetics-Toolbox-main\split_1\526663e0_83b5_49e1_9f19_8088bc4d0d18.jpg,1024,1.0,29.352,7.728,9.236,119.702,5.602,143.979,110.671,71.798,48.014,8.76,25.945,0.07363,0.5763,0.565,74.511,76.311,55.145,29.352,10.77,15.16,0.06833,0.2245,0.2919,39.26,5.688,0.007812,0.02734,5.605,0.4581,0.3227,0.3007,-2.857,-1.371,-1.341,0.01049,1.298,2.453,0.4912,0.7629,0.0006466,91.201,4.516,4.438,0.0002417,2.559e-05,
C:\Users\sblee\Downloads\Aesthetics-Toolbox-main\split_1\52667ed2_b756_4dc8_9d15_2b49ec16a62d.jpg,1152,1.25,18.804,7.413,7.882,65.947,5.498,91.797,100.156,86.961,40.645,-5.755,6.475,0.2705,0.1772,0.3943,41.69,46.314,46.177,18.804,3.997,5.917,0.1324,0.1384,0.18,37.054,12.964,0.01719,0.0625,16.144,0.5517,0.4232,0.4048,-2.485,-1.243,-1.189,0.006051,1.455,2.579,0.7541,0.8287,0.0003275,93.261,4.278,4.413,0.0001953,1.474e-05,
C:\Users\sblee\Downloads\Aesthetics-Toolbox-main\split_1\52686f86_6047_4ffb_974e_5c12ec7eaee8.jpg,1024,1.0,24.808,7.817,10.974,141.714,6.246,117.9,144.033,173.304,58.64,1.731,-17.6592,0.6498,0.4385,0.7056,82.664,63.981,57.154,24.808,10.824,15.608,0.1762,0.2906,0.2354,29.398,14.926,-0.05469,0.05078,9.768,0.4402,0.3867,0.336,-2.714,-1.436,-1.179,0.07515,1.444,2.509,0.5143,0.7775,0.0006936,96.386,4.416,4.424,0.0002947,3.15e-05,
C:\Users\sblee\Downloads\Aesthetics-Toolbox-main\split_1\52694874_52a1_4ec4_b399_3df51aa8f49f.jpg,1280,0.6667,23.485,7.832,14.302,127.908,7.256,121.293,93.748,87.926,42.093,11.871,7.845,0.975,0.4347,0.4961,57.437,61.659,60.049,23.485,13.367,19.671,0.1687,0.2774,0.2263,30.666,7.549,0.009766,0.03646,12.953,0.5266,0.4916,0.4672,-2.244,-1.213,-1.104,0.001302,1.57,2.572,0.7993,0.8569,0.0002368,97.408,4.534,4.545,9.466e-05,1.48e-05,
C:\Users\sblee\Downloads\Aesthetics-Toolbox-main\split_1\527a9d78_ba6c_4144_9735_c77e8226cf15.jpg,1216,1.375,16.933,7.361,9.054,93.803,5.67,82.075,65.89,55.689,28.787,5.184,8.747,0.0802,0.3641,0.3244,44.179,39.323,35.838,16.933,7.895,4.911,0.07514,0.17,0.1739,35.52,9.868,-0.007102,0.04883,15.137,0.4912,0.31,0.2876,-2.461,-1.385,-1.246,0.00753,1.529,2.582,0.5544,0.8247,0.0004674,95.741,4.228,4.391,0.0001966,2.15e-05,
C:\Users\sblee\Downloads\Aesthetics-Toolbox-main\split_1\52811b7f_494d_4fed_88fc_8bb3dc448991.jpg,2048,1.667,25.654,7.756,9.573,124.696,4.509,103.062,84.834,64.36,36.16,4.439,14.236,0.0812,0.4678,0.4047,66.462,62.494,55.002,25.654,4.312,8.865,0.04308,0.2221,0.2608,47.946,9.94,0.004688,0.04948,16.753,0.4222,0.4031,0.3676,-2.303,-1.267,-1.126,0.002112,1.409,2.579,0.6148,0.835,0.0007736,94.883,4.314,4.476,0.0003048,2.984e-05,
C:\Users\sblee\Downloads\Aesthetics-Toolbox-main\split_1\5284eeaf_dbc2_4fe7_be17_35506929f2f8.jpg,1344,1.625,19.778,7.362,9.937,103.717,6.086,108.055,91.084,143.262,42.119,19.494,-26.0875,0.7194,0.4542,0.5644,42.796,56.17,41.681,19.778,14.39,9.296,0.08917,0.1584,0.1649,58.445,11.58,0.01202,0.05664,20.922,0.519,0.457,0.4312,-2.244,-1.201,-1.165,0.004986,1.599,2.567,0.6641,0.8047,0.0006191,88.361,3.844,4.244,0.0001947,1.652e-05,
C:\Users\sblee\Downloads\Aesthetics-Toolbox-main\split_1\528e80b1_6acf_4154_8e20_01bd0fc16ce3.jpg,1024,1.0,19.734,7.419,1.288,21.351,7.424,103.403,131.101,141.912,54.092,-1.73,-7.169,0.5547,0.5006,0.6495,57.241,59.02,58.448,19.734,22.997,26.726,0.221,0.2211,0.2064,28.124,6.822,-0.007812,-0.0332,7.919,0.5836,0.3157,0.2942,-3.031,-1.66,-1.459,0.001777,0.8118,2.017,0.5038,0.7107,0.001134,90.295,4.004,2.251,0.0008627,7.13e-06,
C:\Users\sblee\Downloads\Aesthetics-Toolbox-main\split_1\52976262_8f3d_4843_919f_2323b3cc00a2.jpg,1024,1.0,28.679,7.207,12.719,164.78,5.352,132.395,105.217,105.115,46.71,10.951,5.976,0.02982,0.2377,0.533,76.986,75.849,75.74,28.679,18.618,10.456,0.2012,0.2732,0.3122,47.541,6.359,-0.03125,0.005859,5.0,0.4062,0.4812,0.3927,-2.794,-1.403,-1.288,0.05252,1.515,2.56,0.5558,0.7132,0.001174,96.742,3.191,3.651,0.0002808,2.946e-05,
C:\Users\sblee\Downloads\Aesthetics-Toolbox-main\split_1\52c0cf82_0d04_4ad1_bc64_16d71c57b2b7.jpg,1024,1.0,13.657,7.024,0.7539,11.83,6.267,150.771,94.711,119.713,48.582,26.489,-1.413,0.8874,0.4796,0.6363,33.033,49.989,39.067,13.657,23.487,9.679,0.1709,0.2067,0.1091,48.525,9.797,-0.003906,-0.04883,9.062,