img_file;Image size (pixels);Aspect ratio;RMS contrast;Luminance entropy;Complexity;Edge density;Color entropy;mean R channel;mean G channel;mean B channel (RGB);mean L channel;mean a channel;mean b channel (Lab);mean H channel;mean S channel;mean V channel;std R channel;std G channel;std B channel;std L channel;std a channel;std b channel (Lab);std H channel;std S channel;std V channel;Mirror symmetry;DCM distance;DCM x position;DCM y position;Balance;CNN symmetry left-right;CNN symmetry up-down;CNN symmetry left-right & up-down;Slope Redies;Slope Spehar;Slope Mather;Fourier sigma;2D Fractal dimension;3D Fractal dimension;Self-similarity (PHOG);Self-similarity (CNN);Anisotropy;Homogeneity;1st-order EOE;2nd-order EOE;Sparseness;Variability;
C:\Users\sblee\OneDrive\Documenten\python\Aesthetics-Toolbox-main\Aesthetics-Toolbox-main\art\Image_files_protected.zip;;;;;;;;;;;;;;;;;;;;;;;;;;;;;;;;;;;;;;;;;;;;;;;;
C:\Users\sblee\OneDrive\Documenten\python\Aesthetics-Toolbox-main\Aesthetics-Toolbox-main\art\DRAM_processed\DRAM_processed\labels\expressionism\alexej-von-jawlensky\1905_345930.png;856;0.712;2.024;0.9117;0.06114;1.691;0.0;10.097;10.097;10.097;2.905;-0.0001844;0.0003496;0.0;0.0;0.0396;7.036;7.036;7.036;2.024;0.0001285;0.0002436;0.0;0.0;0.02759;22.484;17.209;0.002809;-0.086;23.047;0.8872;0.7186;0.7291;-3.063;-1.372;-1.446;0.006846;0.7972;2.099;0.2011;0.3885;0.002756;96.628;3.909;2.751;0.0007115;5,94E-03;
C:\Users\sblee\OneDrive\Documenten\python\Aesthetics-Toolbox-main\Aesthetics-Toolbox-main\art\DRAM_processed\DRAM_processed\labels\expressionism\alexej-von-jawlensky\1909_345931.png;852;0.704;2.046;0.9261;0.06747;1.858;0.0;5.12;5.12;5.12;1.473;-9,35E-02;0.0001772;0.0;0.0;0.02008;7.112;7.112;7.112;2.046;0.0001299;0.0002462;0.0;0.0;0.02789;39.943;20.06;-0.08807;-0.048;38.225;0.6686;0.6704;0.6913;-3.072;-1.407;-1.461;0.0006489;0.7663;2.104;0.2081;0.3849;0.002667;90.842;4.259;3.134;0.0006929;6,85E-03;
C:\Users\sblee\OneDrive\Documenten\python\Aesthetics-Toolbox-main\Aesthetics-Toolbox-main\art\DRAM_processed\DRAM_processed\labels\expressionism\alexej-von-jawlensky\1910_345899.png;855;0.71;2.156;0.9988;0.08882;2.209;0.0;7.805;7.805;7.805;2.245;-0.0001426;0.0002702;0.0;0.0;0.03061;7.494;7.494;7.494;2.156;0.0001369;0.0002594;0.0;0.0;0.02939;25.64;35.0;-0.1535;-0.084;31.339;0.6647;0.6702;0.6265;-3.07;-1.358;-1.451;0.0009416;0.8029;2.069;0.1831;0.3852;0.003015;91.02;3.906;3.332;0.0006971;6,88E-03;
C:\Users\sblee\OneDrive\Documenten\python\Aesthetics-Toolbox-main\Aesthetics-Toolbox-main\art\DRAM_processed\DRAM_processed\labels\expressionism\alexej-von-jawlensky\1912_345891.png;956;0.912;1.949;0.8627;0.07051;2.176;0.0;10.72;10.72;10.72;3.084;-0.0001958;0.0003711;0.0;0.0;0.04204;6.774;6.774;6.774;1.949;0.0001237;0.0002345;0.0;0.0;0.02656;14.421;12.387;-0.01535;-0.06;13.68;0.7037;0.6038;0.6046;-3.038;-1.387;-1.481;0.002592;0.8691;2.292;0.2584;0.3742;0.002454;97.555;4.337;3.597;0.0006839;8,63E-03;
C:\Users\sblee\OneDrive\Documenten\python\Aesthetics-Toolbox-main\Aesthetics-Toolbox-main\art\DRAM_processed\DRAM_processed\labels\expressionism\alexej-von-jawlensky\1912_345901.png;867;0.734;2.024;0.912;0.07464;2.014;0.0;10.093;10.093;10.093;2.903;-0.0001843;0.0003494;0.0;0.0;0.03958;7.038;7.038;7.038;2.024;0.0001285;0.0002436;0.0;0.0;0.0276;18.94;14.639;0.07221;-0.012;17.962;0.6426;0.6727;0.6852;-3.037;-1.333;-1.466;0.004046;0.779;2.066;0.2123;0.3884;0.002708;96.06;4.248;2.949;0.000692;7,14E-03;
C:\Users\sblee\OneDrive\Documenten\python\Aesthetics-Toolbox-main\Aesthetics-Toolbox-main\art\DRAM_processed\DRAM_processed\labels\expressionism\alexej-von-jawlensky\1912_345915.png;966;0.932;2.156;0.9991;0.06005;1.917;0.0;7.242;7.242;7.242;2.083;-0.0001323;0.0002507;0.0;0.0;0.0284;7.496;7.496;7.496;2.156;0.0001369;0.0002595;0.0;0.0;0.02939;17.448;7.967;0.03648;-0.016;22.517;0.6334;0.6454;0.7098;-3.065;-1.416;-1.458;0.0007568;0.833;2.197;0.1938;0.3818;0.002873;97.728;4.031;3.042;0.0006975;8,65E-03;
C:\Users\sblee\OneDrive\Documenten\python\Aesthetics-Toolbox-main\Aesthetics-Toolbox-main\art\DRAM_processed\DRAM_processed\labels\expressionism\alexej-von-jawlensky\1913_345900.png;962;0.924;2.157;0.9998;0.06301;1.977;0.0;7.635;7.635;7.635;2.196;-0.0001394;0.0002643;0.0;0.0;0.02994;7.499;7.499;7.499;2.157;0.000137;0.0002596;0.0;0.0;0.02941;36.148;3.866;0.01515;0.012;16.675;0.7012;0.6758;0.6735;-3.045;-1.398;-1.455;0.003637;0.8606;2.159;0.2217;0.3829;0.002739;90.881;4.15;2.825;0.0006947;8,00E-03;
C:\Users\sblee\OneDrive\Documenten\python\Aesthetics-Toolbox-main\Aesthetics-Toolbox-main\art\DRAM_processed\DRAM_processed\labels\expressionism\alexej-von-jawlensky\1913_345906.png;956;0.912;1.841;0.7042;0.09055;2.727;0.0;3.061;3.061;3.061;0.8954;-5,69E-02;0.0001078;0.0;0.0;0.012;6.293;6.293;6.293;1.841;0.0001169;0.0002215;0.0;0.0;0.02468;70.479;31.641;0.02632;0.156;40.615;0.726;0.6554;0.6222;-3.117;-1.367;-1.48;0.001953;0.9444;2.159;0.1643;0.3679;0.002579;74.824;4.466;3.862;0.0006736;8,71E-03;
C:\Users\sblee\OneDrive\Documenten\python\Aesthetics-Toolbox-main\Aesthetics-Toolbox-main\art\DRAM_processed\DRAM_processed\labels\expressionism\alexej-von-jawlensky\1915_345935.png;838;1.479;0.322;0.3219;0.01065;0.3595;0.0;0.293;0.293;0.293;0.08035;-5,10E-03;9,67E-03;0.0;0.0;0.001149;1.174;1.174;1.174;0.322;2,04E-02;3,88E-02;0.0;0.0;0.004606;91.593;89.623;-0.438;-0.09467;78.756;0.9258;0.971;0.9259;-3.016;nan;nan;0.004161;0.9101;2.19;0.06165;0.6;0.004023;49.806;3.343;2.755;0.0007468;5,64E-04;
C:\Users\sblee\OneDrive\Documenten\python\Aesthetics-Toolbox-main\Aesthetics-Toolbox-main\art\DRAM_processed\DRAM_processed\labels\expressionism\alexej-von-jawlensky\1917_345914.png;911;0.822;1.855;0.8026;0.06684;1.895;0.0;11.331;11.331;11.331;3.259;-0.0002069;0.0003923;0.0;0.0;0.04443;6.448;6.448;6.448;1.855;0.0001178;0.0002232;0.0;0.0;0.02529;11.606;11.685;0.05718;-0.012;13.833;0.6797;0.7123;0.6788;-3.035;-1.378;-1.471;0.006185;0.7729;2.233;0.2305;0.3815;0.0028;97.059;4.093;2.809;0.0006957;7,40E-03;
C:\Users\sblee\OneDrive\Documenten\python\Aesthetics-Toolbox-main\Aesthetics-Toolbox-main\art\DRAM_processed\DRAM_processed\labels\expressionism\alexej-von-jawlensky\1918_345895.png;866;0.732;2.336;0.9976;0.1062;2.918;0.0;7.538;7.538;7.538;2.205;-0.00014;0.0002654;0.0;0.0;0.02956;7.987;7.987;7.987;2.336;0.0001483;0.0002812;0.0;0.0;0.03132;36.462;13.905;-0.02186;-0.066;28.718;0.6367;0.5824;0.6265;-3.069;-1.386;-1.477;0.002723;0.7944;2.155;0.2929;0.65;0.002414;91.061;4.435;3.676;0.0006596;1,04E-02;
C:\Users\sblee\OneDrive\Documenten\python\Aesthetics-Toolbox-main\Aesthetics-Toolbox-main\art\DRAM_processed\DRAM_processed\labels\expressionism\august-macke\1910_249261.png;843;0.686;1.563;1.507;0.1054;2.511;0.0;4.347;4.347;4.347;1.23;-7,81E-02;0.000148;0.0;0.0;0.01705;5.428;5.428;5.428;1.563;9,92E-02;0.0001881;0.0;0.0;0.02129;64.242;38.797;-0.0277;-0.192;42.693;0.6277;0.6665;0.6042;-2.952;-1.336;-1.435;0.002239;0.9085;2.186;0.2932;0.5843;0.002118;80.106;4.367;4.089;0.0006363;6,44E-03;
C:\Users\sblee\OneDrive\Documenten\python\Aesthetics-Toolbox-main\Aesthetics-Toolbox-main\art\DRAM_processed\DRAM_processed\labels\expressionism\august-macke\1911_249272.png;889;1.285;1.985;0.7871;0.07837;2.175;0.0;3.764;3.764;3.764;1.101;-6,99E-02;0.0001325;0.0;0.0;0.01476;6.787;6.787;6.787;1.985;0.000126;0.0002389;0.0;0.0;0.02661;58.722;40.115;-0.146;0.1375;54.692;0.6215;0.6255;0.5887;-3.094;-1.387;-1.443;0.002403;0.8371;2.031;0.1694;0.3744;0.002479;77.27;4.518;3.74;0.0006874;6,30E-03;
C:\Users\sblee\OneDrive\Documenten\python\Aesthetics-Toolbox-main\Aesthetics-Toolbox-main\art\DRAM_processed\DRAM_processed\labels\expressionism\august-macke\1911_9223372032559848062.png;893;1.272;1.715;0.6339;0.07141;1.849;0.0;2.557;2.557;2.557;0.7481;-4.75e-05;9,00E-02;0.0;0.0;0.01003;5.863;5.863;5.863;1.715;0.0001089;0.0002064;0.0;0.0;0.02299;69.841;59.831;0.208;0.215;60.857;0.633;0.6721;0.6184;-2.962;-1.385;-1.455;0.002962;0.8783;1.969;0.06421;0.3711;0.002894;71.382;4.476;3.661;0.0007043;6,43E-03;
C:\Users\sblee\OneDrive\Documenten\python\Aesthetics-Toolbox-main\Aesthetics-Toolbox-main\art\DRAM_processed\DRAM_processed\labels\expressionism\august-macke\1912_249207.png;921;0.842;1.484;0.5762;0.08114;2.371;0.0;2.054;2.054;2.054;0.591;-3,75E-02;7,11E-02;0.0;0.0;0.008057;5.157;5.157;5.157;1.484;9,42E-02;0.0001785;0.0;0.0;0.02022;76.33;31.302;-0.1437;-0.062;39.36;0.6427;0.6967;0.6538;-3.087;-1.368;-1.469;0.002432;0.8574;2.147;0.2317;0.382;0.002579;72.014;4.373;3.996;0.0006835;6,04E-03;
C:\Users\sblee\OneDrive\Documenten\python\Aesthetics-Toolbox-main\Aesthetics-Toolbox-main\art\DRAM_processed\DRAM_processed\labels\expressionism\august-macke\1912_249268.png;872;0.744;1.423;0.7778;0.106;2.9;0.0;2.162;2.162;2.162;0.6117;-3,88E-02;7,36E-02;0.0;0.0;0.008477;5.022;5.022;5.022;1.423;9,03E-02;0.0001712;0.0;0.0;0.01969;71.269;41.702;0.03226;0.206;44.746;0.6664;0.6296;0.6269;-3.099;-1.333;-1.447;0.002993;0.9387;2.273;0.1818;0.383;0.002217;74.994;4.468;4.195;0.0006516;6,65E-03;
C:\Users\sblee\OneDrive\Documenten\python\Aesthetics-Toolbox-main\Aesthetics-Toolbox-main\art\DRAM_processed\DRAM_processed\labels\expressionism\august-macke\1912_249283.png;931;1.16;2.024;1.166;0.1505;4.575;0.0;5.379;5.379;5.379;1.544;-9,80E-02;0.0001858;0.0;0.0;0.02109;7.034;7.034;7.034;2.024;0.0001285;0.0002435;0.0;0.0;0.02758;46.731;17.108;-0.082;0.02436;23.454;0.5624;0.5515;0.5764;-3.097;-1.358;-1.439;0.001794;0.8399;2.171;0.4475;0.7046;0.002055;93.256;4.388;4.166;0.0005858;1,23E-02;
C:\Users\sblee\OneDrive\Documenten\python\Aesthetics-Toolbox-main\Aesthetics-Toolbox-main\art\DRAM_processed\DRAM_processed\labels\expressionism\august-macke\1913_249294.png;855;0.71;2.147;0.8825;0.1626;4.072;0.0;4.815;4.815;4.815;1.409;-8,94E-02;0.0001695;0.0;0.0;0.01888;7.339;7.339;7.339;2.147;0.0001363;0.0002584;0.0;0.0;0.02878;56.583;14.042;0.02394;0.066;38.143;0.6498;0.5529;0.5221;-3.019;-1.329;-1.405;0.002155;1.022;2.288;0.332;0.5007;0.001947;83.97;4.519;4.304;0.0006342;8,47E-03;
C:\Users\sblee\OneDrive\Documenten\python\Aesthetics-Toolbox-main\Aesthetics-Toolbox-main\art\DRAM_processed\DRAM_processed\labels\expressionism\august-macke\unknown-year_249180.png;907;1.229;0.2745;0.551;0.0224;0.6977;0.0;0.383;0.383;0.383;0.105;-6,67E-03;1,26E-02;0.0;0.0;0.001502;1.001;1.001;1.001;0.2745;1,74E-02;3,30E-02;0.0;0.0;0.003926;75.659;28.256;0.0;0.1413;44.056;0.9045;0.9085;0.8984;-3.152;-1.255;-1.45;0.003198;0.8933;2.2;0.3672;0.6713;0.002114;80.863;3.817;3.937;0.0007087;8,53E-04;
C:\Users\sblee\OneDrive\Documenten\python\Aesthetics-Toolbox-main\Aesthetics-Toolbox-main\art\DRAM_processed\DRAM_processed\labels\expressionism\august-macke\unknown-year_249305.png;887;0.774;1.854;1.206;0.09457;2.711;0.0;4.408;4.408;4.408;1.252;-7,95E-02;0.0001507;0.0;0.0;0.01729;6.508;6.508;6.508;1.854;0.0001177;0.0002231;0.0;0.0;0.02552;46.299;38.65;-0.02196;-0.192;38.998;0.6226;0.589;0.6029;-3.066;-1.375;-1.462;0.002236;0.8604;2.094;0.1937;0.404;0.002397;85.119;4.353;3.918;0.0006618;8,29E-03;
C:\Users\sblee\OneDrive\Documenten\python\Aesthetics-Toolbox-main\Aesthetics-Toolbox-main\art\DRAM_processed\DRAM_processed\labels\expressionism\balthus\244692.png;883;1.299;1.555;0.7231;0.1179;3.276;0.0;2.39;2.39;2.39;0.6858;-4,35E-02;8,25E-02;0.0;0.0;0.009371;5.411;5.411;5.411;1.555;9,87E-02;0.0001871;0.0;0.0;0.02122;70.406;28.768;0.06112;-0.1302;24.832;0.5863;0.6133;0.5706;-3.112;-1.362;-1.434;0.001452;0.9574;2.325;0.3818;0.7041;0.002191;87.781;4.431;4.22;0.0006421;7,48E-03;
C:\Users\sblee\OneDrive\Documenten\python\Aesthetics-Toolbox-main\Aesthetics-Toolbox-main\art\DRAM_processed\DRAM_processed\labels\expressionism\balthus\244697.png;939;0.878;1.775;1.123;0.08865;2.693;0.0;3.838;3.838;3.838;1.095;-6,95E-02;0.0001318;0.0;0.0;0.01505;6.189;6.189;6.189;1.775;0.0001127;0.0002136;0.0;0.0;0.02427;53.014;22.565;-0.1128;0.004;32.419;0.6561;0.6345;0.611;-3.081;-1.359;-1.481;0.001718;0.8258;2.167;0.3447;0.6049;0.002124;88.773;4.509;4.004;0.0006517;8,94E-03;
C:\Users\sblee\OneDrive\Documenten\python\Aesthetics-Toolbox-main\Aesthetics-Toolbox-main\art\DRAM_processed\DRAM_processed\labels\expressionism\balthus\244700.png;917;1.199;1.941;1.086;0.09728;2.71;0.0;4.603;4.603;4.603;1.32;-8,38E-02;0.0001588;0.0;0.0;0.01805;6.754;6.754;6.754;1.941;0.0001232;0.0002336;0.0;0.0;0.02648;48.792;9.187;-0.044;0.01319;26.393;0.6016;0.6504;0.6382;-3.017;-1.342;-1.425;0.002779;0.8303;2.144;0.375;0.6722;0.002217;89.689;4.421;3.892;0.0006496;8,96E-03;
C:\Users\sblee\OneDrive\Documenten\python\Aesthetics-Toolbox-main\Aesthetics-Toolbox-main\art\DRAM_processed\DRAM_processed\labels\expressionism\balthus\244785.png;972;0.9479;1.839;0.8571;0.08405;2.642;0.0;3.641;3.641;3.641;1.047;-6,65E-02;0.000126;0.0;0.0;0.01428;6.396;6.396;6.396;1.839;0.0001168;0.0002214;0.0;0.0;0.02508;59.614;42.744;0.2125;0.02305;40.161;0.6501;0.6896;0.6196;-3.111;-1.367;-1.473;0.002223;0.9207;2.108;0.2507;0.3784;0.002336;82.716;4.439;3.915;0.0006629;8,35E-03;
C:\Users\sblee\OneDrive\Documenten\python\Aesthetics-Toolbox-main\Aesthetics-Toolbox-main\art\DRAM_processed\DRAM_processed\labels\expressionism\balthus\244786.png;920;0.84;1.503;0.6404;0.1174;3.439;0.0;2.157;2.157;2.157;0.6197;-3,93E-02;7,46E-02;0.0;0.0;0.008457;5.228;5.228;5.228;1.503;9,54E-02;0.0001809;0.0;0.0;0.0205;72.792;30.761;0.15;0.034;46.5;0.6183;0.6749;0.6138;-3.134;-1.37;-1.484;0.002805;0.915;2.122;0.2404;0.375;0.002119;78.306;4.37;4.174;0.0006426;7,84E-03;
C:\Users\sblee\OneDrive\Documenten\python\Aesthetics-Toolbox-main\Aesthetics-Toolbox-main\art\DRAM_processed\DRAM_processed\labels\expressionism\balthus\244789.png;897;0.7976;1.683;0.9667;0.1197;3.204;0.0;2.739;2.739;2.739;0.7916;-5,03E-02;9,53E-02;0.0;0.0;0.01074;5.815;5.815;5.815;1.683;0.0001069;0.0002026;0.0;0.0;0.0228;65.771;41.452;0.02764;-0.2054;39.674;0.5994;0.6302;0.5705;-3.009;-1.369;-1.454;0.001461;0.9935;2.195;0.3201;0.5661;0.001914;75.27;4.426;4.267;0.0006492;6,22E-03;
C:\Users\sblee\OneDrive\Documenten\python\Aesthetics-Toolbox-main\Aesthetics-Toolbox-main\art\DRAM_processed\DRAM_processed\labels\expressionism\balthus\244795.png;806;0.612;1.784;1.062;0.1495;3.774;0.0;3.734;3.734;3.734;1.068;-6,78E-02;0.0001285;0.0;0.0;0.01464;6.218;6.218;6.218;1.784;0.0001133;0.0002147;0.0;0.0;0.02438;54.251;16.458;0.06536;-0.05;35.531;0.5778;0.5888;0.5579;-3.061;-1.335;-1.467;0.002159;0.918;2.071;0.3952;0.6806;0.002118;90.227;4.127;4.006;0.0006195;9,04E-03;
C:\Users\sblee\OneDrive\Documenten\python\Aesthetics-Toolbox-main\Aesthetics-Toolbox-main\art\DRAM_processed\DRAM_processed\labels\expressionism\balthus\244812.png;939;0.878;1.771;1.169;0.122;3.724;0.0;3.761;3.761;3.761;1.074;-6,82E-02;0.0001292;0.0;0.0;0.01475;6.177;6.177;6.177;1.771;0.0001124;0.0002131;0.0;0.0;0.02423;51.487;21.82;-0.1082;-0.014;35.501;0.5654;0.6035;0.5382;-3.102;-1.359;-1.463;0.001406;0.9173;2.306;0.4001;0.6864;0.001965;88.232;4.458;4.194;0.0006081;9,54E-03;
C:\Users\sblee\OneDrive\Documenten\python\Aesthetics-Toolbox-main\Aesthetics-Toolbox-main\art\DRAM_processed\DRAM_processed\labels\expressionism\balthus\244813.png;862;1.375;1.826;0.9859;0.2186;5.844;0.0;3.722;3.722;3.722;1.067;-6,78E-02;0.0001285;0.0;0.0;0.0146;6.356;6.356;6.356;1.826;0.0001159;0.0002198;0.0;0.0;0.02493;57.018;17.427;0.05511;-0.06749;26.23;0.5852;0.5242;0.5283;-3.088;-1.36;-1.467;0.001029;0.9749;2.2;0.4306;0.8017;0.00171;89.769;4.449;4.392;0.0005486;9,78E-03;
C:\Users\sblee\OneDrive\Documenten\python\Aesthetics-Toolbox-main\Aesthetics-Toolbox-main\art\DRAM_processed\DRAM_processed\labels\expressionism\corneliu-baba\still-life.png;989;0.978;0.3825;0.4199;0.009111;0.3553;0.0;0.4256;0.4256;0.4256;0.1167;-7,41E-03;1,40E-02;0.0;0.0;0.001669;1.395;1.395;1.395;0.3825;2,43E-02;4,60E-02;0.0;0.0;0.005472;86.62;31.654;-0.009202;0.158;55.986;0.9647;0.9425;0.9328;-3.039;-1.334;-1.434;0.003918;0.8649;2.131;0.1026;0.5979;0.003706;54.621;3.473;2.739;0.0007492;9,98E-04;
C:\Users\sblee\OneDrive\Documenten\python\Aesthetics-Toolbox-main\Aesthetics-Toolbox-main\art\DRAM_processed\DRAM_processed\labels\expressionism\ding-yanyong\still-life-1972.png;895;1.266;0.4096;0.4661;0.01708;0.5998;0.0;0.4954;0.4954;0.4954;0.1358;-8,62E-03;1,64E-02;0.0;0.0;0.001943;1.494;1.494;1.494;0.4096;2.6e-05;4,93E-02;0.0;0.0;0.005858;82.867;56.778;-0.28;0.04684;56.221;0.8645;0.922;0.864;-3.08;-1.38;-1.461;0.003005;0.8829;2.265;0.097;0.5779;0.002822;64.71;4.312;3.614;0.0007252;1,70E-03;
C:\Users\sblee\OneDrive\Documenten\python\Aesthetics-Toolbox-main\Aesthetics-Toolbox-main\art\DRAM_processed\DRAM_processed\labels\expressionism\edvard-munch\1889_185443.png;819;1.567;1.804;0.8722;0.1143;2.724;0.0;3.319;3.319;3.319;0.9567;-6,07E-02;0.0001151;0.0;0.0;0.01301;6.259;6.259;6.259;1.804;0.0001146;0.0002171;0.0;0.0;0.02454;60.838;30.971;0.084;-0.1301;39.321;0.6436;0.5974;0.5867;-2.986;-1.385;-1.439;0.002135;0.9768;2.0;0.3085;0.3785;0.00226;84.346;4.337;4.003;0.0006629;7,98E-03;
C:\Users\sblee\OneDrive\Documenten\python\Aesthetics-Toolbox-main\Aesthetics-Toolbox-main\art\DRAM_processed\DRAM_processed\labels\expressionism\edvard-munch\1890_185452.png;887;1.292;1.573;0.8661;0.1102;3.019;0.0;2.556;2.556;2.556;0.7322;-4,65E-02;8,81E-02;0.0;0.0;0.01002;5.478;5.478;5.478;1.573;9,99E-02;0.0001893;0.0;0.0;0.02148;68.834;31.201;-0.156;0.001292;48.303;0.6263;0.6354;0.5899;-2.993;-1.314;-1.414;0.002397;0.9064;2.263;0.2213;0.3775;0.002103;77.507;4.338;4.182;0.0006479;7,50E-03;
C:\Users\sblee\OneDrive\Documenten\python\Aesthetics-Toolbox-main\Aesthetics-Toolbox-main\art\DRAM_processed\DRAM_processed\labels\expressionism\edvard-munch\1893_185352.png;953;1.099;2.111;1.198;0.1911;5.36;0.0;7.05;7.05;7.05;2.023;-0.0001285;0.0002435;0.0;0.0;0.02765;7.342;7.342;7.342;2.111;0.000134;0.000254;0.0;0.0;0.02879;27.74;13.984;0.04309;-0.05507;15.66;0.5644;0.5499;0.4923;-2.986;-1.369;-1.457;0.002195;1.009;2.186;0.4282;0.7189;0.001909;95.106;4.221;4.269;0.000564;1,04E-02;
C:\Users\sblee\OneDrive\Documenten\python\Aesthetics-Toolbox-main\Aesthetics-Toolbox-main\art\DRAM_processed\DRAM_processed\labels\expressionism\edvard-munch\1893_185471.png;902;0.804;1.232;0.4349;0.03461;0.998;0.0;1.343;1.343;1.343;0.3863;-2,45E-02;4,65E-02;0.0;0.0;0.005266;4.282;4.282;4.282;1.232;7,82E-02;0.0001483;0.0;0.0;0.01679;84.324;49.61;-0.004975;-0.248;55.935;0.8865;0.8159;0.8111;-3.07;-1.372;-1.445;0.002547;0.8244;1.908;0.05292;0.3842;0.003468;54.797;3.903;2.871;0.0007381;4,00E-03;
C:\Users\sblee\OneDrive\Documenten\python\Aesthetics-Toolbox-main\Aesthetics-Toolbox-main\art\DRAM_processed\DRAM_processed\labels\expressionism\edvard-munch\1894_185328.png;884;0.768;2.153;0.9969;0.04914;1.407;0.0;7.012;7.012;7.012;2.017;-0.0001281;0.0002427;0.0;0.0;0.0275;7.484;7.484;7.484;2.153;0.0001367;0.0002591;0.0;0.0;0.02935;30.38;49.496;0.1094;-0.222;39.336;0.7026;0.6871;0.6968;-3.057;-1.39;-1.464;0.001591;0.7881;2.12;0.1105;0.3879;0.003333;88.662;3.789;3.13;0.0007172;4,27E-03;
C:\Users\sblee\OneDrive\Documenten\python\Aesthetics-Toolbox-main\Aesthetics-Toolbox-main\art\DRAM_processed\DRAM_processed\labels\expressionism\edvard-munch\1894_185384.png;865;0.73;2.157;1.0;0.09396;2.642;0.0;7.554;7.554;7.554;2.173;-0.000138;0.0002615;0.0;0.0;0.02963;7.5;7.5;7.5;2.157;0.000137;0.0002596;0.0;0.0;0.02941;33.029;11.151;-0.03151;-0.046;27.922;0.6284;0.6391;0.644;-3.062;-1.372;-1.48;0.003548;0.7902;2.052;0.237;0.382;0.002481;92.129;4.287;3.547;0.0006714;9,17E-03;
C:\Users\sblee\OneDrive\Documenten\python\Aesthetics-Toolbox-main\Aesthetics-Toolbox-main\art\DRAM_processed\DRAM_processed\labels\expressionism\edvard-munch\1895_185454.png;871;1.348;1.833;0.9701;0.1155;3.308;0.0;3.734;3.734;3.734;1.072;-6,81E-02;0.000129;0.0;0.0;0.01464;6.374;6.374;6.374;1.833;0.0001164;0.0002206;0.0;0.0;0.025;61.045;8.544;0.032;0.0283;36.064;0.6247;0.6026;0.611;-3.092;-1.363;-1.474;0.00249;0.8617;2.106;0.2664;0.5752;0.002322;84.293;4.394;3.927;0.000633;1,02E-02;
C:\Users\sblee\OneDrive\Documenten\python\Aesthetics-Toolbox-main\Aesthetics-Toolbox-main\art\DRAM_processed\DRAM_processed\labels\expressionism\edvard-munch\1896_9223372032559841020.png;876;1.33;1.98;0.8832;0.129;3.676;0.0;4.524;4.524;4.524;1.301;-8,26E-02;0.0001566;0.0;0.0;0.01774;6.884;6.884;6.884;1.98;0.0001257;0.0002383;0.0;0.0;0.027;54.238;9.925;0.038;-0.03191;15.623;0.5895;0.6534;0.5702;-3.09;-1.346;-1.456;0.002156;0.8494;2.076;0.3741;0.6744;0.002147;87.696;4.323;4.004;0.0006261;1,14E-02;
C:\Users\sblee\OneDrive\Documenten\python\Aesthetics-Toolbox-main\Aesthetics-Toolbox-main\art\DRAM_processed\DRAM_processed\labels\expressionism\edvard-munch\1906_185468.png;832;1.506;1.689;0.7636;0.1162;2.89;0.0;2.801;2.801;2.801;0.8069;-5,12E-02;9,71E-02;0.0;0.0;0.01099;5.865;5.865;5.865;1.689;0.0001073;0.0002033;0.0;0.0;0.023;62.398;33.944;0.168;-0.0241;38.727;0.6816;0.622;0.6222;-3.053;-1.351;-1.47;0.002137;0.8864;2.177;0.2578;0.3671;0.002468;84.632;4.45;4.021;0.000669;7,92E-03;
C:\Users\sblee\OneDrive\Documenten\python\Aesthetics-Toolbox-main\Aesthetics-Toolbox-main\art\DRAM_processed\DRAM_processed\labels\expressionism\edvard-munch\1907_185338.png;825;1.538;1.926;1.085;0.09887;2.667;0.0;4.4;4.4;4.4;1.263;-8,02E-02;0.000152;0.0;0.0;0.01725;6.698;6.698;6.698;1.926;0.0001223;0.0002318;0.0;0.0;0.02627;52.992;20.189;-0.05;-0.08769;20.756;0.6233;0.6957;0.5974;-3.043;-1.375;-1.46;0.002233;0.9361;2.041;0.304;0.6523;0.002267;83.861;4.108;3.819;0.0006529;8,11E-03;
C:\Users\sblee\OneDrive\Documenten\python\Aesthetics-Toolbox-main\Aesthetics-Toolbox-main\art\DRAM_processed\DRAM_processed\labels\expressionism\edvard-munch\1907_185382.png;821;1.558;0.3861;0.5971;0.02257;0.5774;0.0;0.5798;0.5798;0.5798;0.159;-1,01E-02;1,91E-02;0.0;0.0;0.002274;1.408;1.408;1.408;0.3861;2,45E-02;4,65E-02;0.0;0.0;0.005522;73.976;41.845;-0.196;-0.07321;48.019;0.9098;0.9099;0.9086;-3.167;-1.353;-1.448;0.003236;0.9206;2.045;0.1383;0.6245;0.003228;68.61;3.837;3.527;0.0007325;9,05E-04;
C:\Users\sblee\OneDrive\Documenten\python\Aesthetics-Toolbox-main\Aesthetics-Toolbox-main\art\DRAM_processed\DRAM_processed\labels\expressionism\edvard-munch\1909_185419.png;959;1.085;2.032;1.156;0.09714;2.829;0.0;5.522;5.522;5.522;1.583;-0.0001005;0.0001906;0.0;0.0;0.02166;7.073;7.073;7.073;2.032;0.000129;0.0002446;0.0;0.0;0.02774;41.785;33.626;-0.1112;-0.1261;36.506;0.5964;0.6129;0.6152;-3.003;-1.374;-1.44;0.001519;0.9458;2.3;0.2393;0.3875;0.0025;88.173;4.257;3.826;0.0006569;8,40E-03;
C:\Users\sblee\OneDrive\Documenten\python\Aesthetics-Toolbox-main\Aesthetics-Toolbox-main\art\DRAM_processed\DRAM_processed\labels\expressionism\edvard-munch\1912_185363.png;894;0.788;1.639;0.9897;0.104;2.923;0.0;3.118;3.118;3.118;0.8826;-5,60E-02;0.0001062;0.0;0.0;0.01223;5.783;5.783;5.783;1.639;0.0001041;0.0001973;0.0;0.0;0.02268;66.556;31.475;0.1574;-0.002;38.952;0.6748;0.7074;0.6314;-3.05;-1.307;-1.417;0.001932;0.9058;2.112;0.2495;0.3786;0.002076;77.316;4.375;4.241;0.0006587;6,63E-03;
C:\Users\sblee\OneDrive\Documenten\python\Aesthetics-Toolbox-main\Aesthetics-Toolbox-main\art\DRAM_processed\DRAM_processed\labels\expressionism\edvard-munch\1916_185445.png;890;1.276;1.461;0.7268;0.08879;2.62;0.0;2.632;2.632;2.632;0.736;-4,67E-02;8,86E-02;0.0;0.0;0.01032;5.224;5.224;5.224;1.461;9,28E-02;0.0001758;0.0;0.0;0.02049;67.359;22.095;-0.1092;0.01662;48.563;0.6527;0.7014;0.6325;-3.106;-1.352;-1.452;0.002244;0.9499;2.215;0.2837;0.395;0.0022;76.808;4.409;4.014;0.000664;5.88e-06;
C:\Users\sblee\OneDrive\Documenten\python\Aesthetics-Toolbox-main\Aesthetics-Toolbox-main\art\DRAM_processed\DRAM_processed\labels\expressionism\edvard-munch\1919_185374.png;880;1.316;1.602;0.9076;0.1233;3.656;0.0;3.313;3.313;3.313;0.9285;-5,90E-02;0.0001117;0.0;0.0;0.01299;5.712;5.712;5.712;1.602;0.0001017;0.0001928;0.0;0.0;0.0224;61.263;4.136;0.02;0.005263;38.907;0.6646;0.6722;0.6392;-3.116;-1.325;-1.45;0.005456;0.9653;2.342;0.282;0.6218;0.002052;82.7;4.189;4.136;0.0006262;8,08E-03;
C:\Users\sblee\OneDrive\Documenten\python\Aesthetics-Toolbox-main\Aesthetics-Toolbox-main\art\DRAM_processed\DRAM_processed\labels\expressionism\edvard-munch\1919_185430.png;938;0.876;1.88;1.247;0.0922;2.743;0.0;4.73;4.73;4.73;1.348;-8.56e-05;0.0001623;0.0;0.0;0.01855;6.563;6.563;6.563;1.88;0.0001194;0.0002263;0.0;0.0;0.02574;43.005;25.604;-0.002283;-0.128;36.621;0.6274;0.6113;0.5869;-3.036;-1.365;-1.423;0.001831;0.8883;2.24;0.3284;0.6445;0.002016;89.246;4.41;3.968;0.0006457;9,08E-03;
C:\Users\sblee\OneDrive\Documenten\python\Aesthetics-Toolbox-main\Aesthetics-Toolbox-main\art\DRAM_processed\DRAM_processed\labels\expressionism\edvard-munch\1925_185483.png;880;1.316;1.86;0.906;0.1315;3.609;0.0;3.788;3.788;3.788;1.089;-6,91E-02;0.000131;0.0;0.0;0.01485;6.465;6.465;6.465;1.86;0.0001181;0.0002238;0.0;0.0;0.02535;61.519;31.039;-0.056;0.1447;35.304;0.6364;0.5237;0.5228;-3.066;-1.344;-1.442;0.001824;0.9329;2.21;0.2406;0.6554;0.002048;82.325;4.429;4.328;0.0006251;7,55E-03;
C:\Users\sblee\OneDrive\Documenten\python\Aesthetics-Toolbox-main\Aesthetics-Toolbox-main\art\DRAM_processed\DRAM_processed\labels\expressionism\edvard-munch\1930_185371.png;891;0.782;1.609;0.9558;0.03648;1.171;0.0;7.477;7.477;7.477;2.069;-0.0001314;0.000249;0.0;0.0;0.02932;5.815;5.815;5.815;1.609;0.0001022;0.0001937;0.0;0.0;0.02281;18.761;28.482;0.1292;-0.06;25.27;0.7464;0.7851;0.7298;-3.077;-1.348;-1.424;0.003547;0.7795;2.054;0.16;0.4148;0.003413;92.786;3.566;3.03;0.0007207;4,40E-03;
C:\Users\sblee\OneDrive\Documenten\python\Aesthetics-Toolbox-main\Aesthetics-Toolbox-main\art\DRAM_processed\DRAM_processed\labels\expressionism\edvard-munch\1942_185429.png;883;1.305;1.11;0.4662;0.04991;1.436;0.0;1.141;1.141;1.141;0.3263;-2,07E-02;3,93E-02;0.0;0.0;0.004473;3.872;3.872;3.872;1.11;7,05E-02;0.0001336;0.0;0.0;0.01518;83.301;27.318;0.024;-0.1345;54.66;0.7489;0.7653;0.7173;-3.115;-1.342;-1.452;0.003368;0.8885;2.126;0.1762;0.3946;0.002926;62.693;4.16;3.618;0.0007102;5,10E-03;
C:\Users\sblee\OneDrive\Documenten\python\Aesthetics-Toolbox-main\Aesthetics-Toolbox-main\art\DRAM_processed\DRAM_processed\labels\expressionism\egon-schiele\1918_232721.png;883;0.766;2.031;1.273;0.1423;3.793;0.0;6.015;6.015;6.015;1.721;-0.0001093;0.0002072;0.0;0.0;0.02359;7.072;7.072;7.072;2.031;0.0001289;0.0002444;0.0;0.0;0.02773;39.946;14.293;-0.02742;-0.066;30.928;0.6595;0.6049;0.5865;-2.986;-1.321;-1.414;0.00239;0.9181;2.156;0.4036;0.7099;0.001962;90.924;4.33;4.142;0.0006025;9,60E-03;
C:\Users\sblee\OneDrive\Documenten\python\Aesthetics-Toolbox-main\Aesthetics-Toolbox-main\art\DRAM_processed\DRAM_processed\labels\expressionism\emil-nolde\1915_277889.png;938;0.876;2.147;0.9927;0.07753;2.086;0.0;6.748;6.748;6.748;1.941;-0.0001232;0.0002336;0.0;0.0;0.02646;7.462;7.462;7.462;2.147;0.0001363;0.0002583;0.0;0.0;0.02926;35.715;23.64;0.006849;-0.118;30.248;0.6391;0.6433;0.6463;-3.057;-1.389;-1.46;0.002488;0.8247;2.18;0.2;0.3837;0.002553;90.479;4.165;3.285;0.0006898;7,24E-03;
C:\Users\sblee\OneDrive\Documenten\python\Aesthetics-Toolbox-main\Aesthetics-Toolbox-main\art\DRAM_processed\DRAM_processed\labels\expressionism\emil-nolde\unknown-year_277882.png;940;0.88;2.134;0.9843;0.2647;7.445;0.0;8.606;8.606;8.606;2.476;-0.0001572;0.0002979;0.0;0.0;0.03375;7.418;7.418;7.418;2.134;0.0001355;0.0002568;0.0;0.0;0.02909;25.125;16.557;0.01136;-0.082;15.304;0.6386;0.4934;0.4525;-3.035;-1.344;-1.404;0.001772;0.947;2.119;0.5077;0.7628;0.00173;97.292;4.43;4.394;0.0004971;1,20E-02;
C:\Users\sblee\OneDrive\Documenten\python\Aesthetics-Toolbox-main\Aesthetics-Toolbox-main\art\DRAM_processed\DRAM_processed\labels\expressionism\ernst-ludwig-kirchner\1907_251863.png;985;0.97;2.042;0.9237;0.1253;4.006;0.0;5.082;5.082;5.082;1.462;-9,28E-02;0.0001759;0.0;0.0;0.01993;7.1;7.1;7.1;2.042;0.0001297;0.0002458;0.0;0.0;0.02784;47.27;28.492;-0.1165;0.082;25.159;0.5961;0.5272;0.5262;-3.092;-1.381;-1.469;0.001336;0.9454;2.092;0.3918;0.6939;0.002113;92.42;4.503;4.19;0.0006149;1,16E-02;
C:\Users\sblee\OneDrive\Documenten\python\Aesthetics-Toolbox-main\Aesthetics-Toolbox-main\art\DRAM_processed\DRAM_processed\labels\expressionism\ernst-ludwig-kirchner\1909_252127.png;919;1.193;1.873;1.418;0.1459;4.228;0.0;7.904;7.904;7.904;2.226;-0.0001413;0.0002678;0.0;0.0;0.031;6.638;6.638;6.638;1.873;0.0001189;0.0002254;0.0;0.0;0.02603;22.309;5.329;0.014;-0.02267;15.833;0.5259;0.5631;0.5132;-3.045;-1.317;-1.424;0.002604;0.9179;2.16;0.3089;0.7192;0.001844;96.59;4.367;4.2;0.0005909;9,89E-03;
C:\Users\sblee\OneDrive\Documenten\python\Aesthetics-Toolbox-main\Aesthetics-Toolbox-main\art\DRAM_processed\DRAM_processed\labels\expressionism\ernst-ludwig-kirchner\1909_252194.png;936;1.147;1.881;0.9489;0.1;2.764;0.0;3.96;3.96;3.96;1.138;-7,22E-02;0.0001369;0.0;0.0;0.01553;6.541;6.541;6.541;1.881;0.0001195;0.0002264;0.0;0.0;0.02565;56.611;53.921;0.026;-0.2683;30.943;0.6599;0.5874;0.5829;-3.028;-1.385;-1.458;0.001943;0.904;2.284;0.2222;0.5808;0.002343;81.119;4.392;4.061;0.0006614;8,56E-03;
C:\Users\sblee\OneDrive\Documenten\python\Aesthetics-Toolbox-main\Aesthetics-Toolbox-main\art\DRAM_processed\DRAM_processed\labels\expressionism\ernst-ludwig-kirchner\1910_251915.png;878;0.756;1.986;1.348;0.1266;3.675;0.0;5.445;5.445;5.445;1.559;-9.9e-05;0.0001876;0.0;0.0;0.02135;6.909;6.909;6.909;1.986;0.0001261;0.000239;0.0;0.0;0.02709;41.956;9.03;0.04497;0.004;26.416;0.5929;0.5917;0.5835;-3.098;-1.371;-1.478;0.00173;0.8051;2.128;0.4217;0.702;0.002004;92.8;4.385;4.003;0.0006032;9.95e-06;
C:\Users\sblee\OneDrive\Documenten\python\Aesthetics-Toolbox-main\Aesthetics-Toolbox-main\art\DRAM_processed\DRAM_processed\labels\expressionism\ernst-ludwig-kirchner\1910_251945.png;873;1.34;1.836;1.066;0.09943;2.777;0.0;3.974;3.974;3.974;1.138;-7,22E-02;0.0001369;0.0;0.0;0.01559;6.393;6.393;6.393;1.836;0.0001165;0.0002209;0.0;0.0;0.02507;55.473;9.782;-0.04;-0.02815;36.606;0.6568;0.6972;0.645;-3.102;-1.355;-1.466;0.001857;0.8494;2.197;0.2839;0.5715;0.002334;83.776;4.455;4.017;0.0006547;8.17e-06;
C:\Users\sblee\OneDrive\Documenten\python\Aesthetics-Toolbox-main\Aesthetics-Toolbox-main\art\DRAM_processed\DRAM_processed\labels\expressionism\ernst-ludwig-kirchner\1913_251909.png;912;0.824;1.945;1.295;0.2041;5.721;0.0;5.098;5.098;5.098;1.451;-9,21E-02;0.0001746;0.0;0.0;0.01999;6.824;6.824;6.824;1.945;0.0001235;0.0002341;0.0;0.0;0.02676;40.94;23.315;-0.1165;0.004;19.675;0.5132;0.5559;0.4882;-3.019;-1.322;-1.429;0.001842;0.9272;2.289;0.3749;0.7545;0.001796;92.477;4.28;4.305;0.0005502;1,11E-02;
C:\Users\sblee\OneDrive\Documenten\python\Aesthetics-Toolbox-main\Aesthetics-Toolbox-main\art\DRAM_processed\DRAM_processed\labels\expressionism\ernst-ludwig-kirchner\1914_252257.png;936;0.872;2.173;1.444;0.1635;4.451;0.0;8.913;8.913;8.913;2.575;-0.0001635;0.0003099;0.0;0.0;0.03495;7.517;7.517;7.517;2.173;0.0001379;0.0002615;0.0;0.0;0.02948;20.762;10.281;-0.0367;-0.036;16.114;0.5184;0.5333;0.5399;-2.999;-1.232;-1.331;0.002767;0.8495;2.071;0.4417;0.7019;0.001812;96.012;4.267;4.016;0.0005832;1,15E-02;
C:\Users\sblee\OneDrive\Documenten\python\Aesthetics-Toolbox-main\Aesthetics-Toolbox-main\art\DRAM_processed\DRAM_processed\labels\expressionism\ernst-ludwig-kirchner\1915_252140.png;947;0.894;2.118;0.9737;0.1455;4.492;0.0;8.927;8.927;8.927;2.568;-0.000163;0.000309;0.0;0.0;0.03501;7.363;7.363;7.363;2.118;0.0001345;0.0002549;0.0;0.0;0.02887;25.379;16.047;0.02573;-0.076;18.436;0.6552;0.6045;0.5597;-3.114;-1.305;-1.455;0.003016;0.8702;2.303;0.3812;0.6782;0.002289;95.601;4.073;3.838;0.000615;1,20E-02;
C:\Users\sblee\OneDrive\Documenten\python\Aesthetics-Toolbox-main\Aesthetics-Toolbox-main\art\DRAM_processed\DRAM_processed\labels\expressionism\ernst-ludwig-kirchner\1919_251870.png;938;1.142;1.081;0.7062;0.08592;2.651;0.0;1.923;1.923;1.923;0.5272;-3,35E-02;6,35E-02;0.0;0.0;0.007541;3.941;3.941;3.941;1.081;6.86e-05;0.00013;0.0;0.0;0.01545;64.333;24.468;0.122;0.009132;33.062;0.6504;0.6577;0.6819;-3.059;-1.355;-1.461;0.002373;0.8898;2.209;0.2646;0.4275;0.002142;92.292;4.37;4.189;0.0006386;6,25E-03;
C:\Users\sblee\OneDrive\Documenten\python\Aesthetics-Toolbox-main\Aesthetics-Toolbox-main\art\DRAM_processed\DRAM_processed\labels\expressionism\ernst-ludwig-kirchner\1920_252171.png;873;0.746;0.4022;0.9685;0.03097;0.9309;0.0;1.188;1.188;1.188;0.3256;-2,07E-02;3,92E-02;0.0;0.0;0.004657;1.467;1.467;1.467;0.4022;2,55E-02;4,84E-02;0.0;0.0;0.005753;41.234;19.43;0.07641;-0.06;33.57;0.872;0.8507;0.8372;-3.218;-1.371;-1.456;0.001457;0.8979;2.255;0.407;0.8386;0.001834;90.524;4.51;4.215;0.0006815;1,54E-03;
C:\Users\sblee\OneDrive\Documenten\python\Aesthetics-Toolbox-main\Aesthetics-Toolbox-main\art\DRAM_processed\DRAM_processed\labels\expressionism\ernst-ludwig-kirchner\1931_252133.png;862;0.724;2.043;1.076;0.1703;4.623;0.0;5.386;5.386;5.386;1.547;-9,82E-02;0.0001862;0.0;0.0;0.02112;7.105;7.105;7.105;2.043;0.0001297;0.0002459;0.0;0.0;0.02786;46.162;8.886;0.01934;-0.04;29.334;0.6545;0.5341;0.5199;-3.092;-1.353;-1.489;0.003777;0.9803;2.186;0.312;0.723;0.001953;92.088;4.183;4.025;0.0005803;1,06E-02;
C:\Users\sblee\OneDrive\Documenten\python\Aesthetics-Toolbox-main\Aesthetics-Toolbox-main\art\DRAM_processed\DRAM_processed\labels\expressionism\ernst-ludwig-kirchner\1933_251856.png;859;1.393;1.437;1.117;0.1837;5.035;0.0;3.555;3.555;3.555;0.9846;-6,25E-02;0.0001185;0.0;0.0;0.01394;5.16;5.16;5.16;1.437;9,13E-02;0.000173;0.0;0.0;0.02023;47.998;11.538;-0.046;0.03482;30.058;0.5578;0.6054;0.6267;-3.088;-1.321;-1.463;0.002467;1.041;2.297;0.3854;0.7906;0.001527;91.29;4.502;4.414;0.0005435;8,16E-03;
C:\Users\sblee\OneDrive\Documenten\python\Aesthetics-Toolbox-main\Aesthetics-Toolbox-main\art\DRAM_processed\DRAM_processed\labels\expressionism\ernst-ludwig-kirchner\unknown-year_251901.png;890;0.78;1.691;0.7002;0.08283;2.186;0.0;12.159;12.159;12.159;3.498;-0.0002221;0.0004209;0.0;0.0;0.04768;5.878;5.878;5.878;1.691;0.0001073;0.0002035;0.0;0.0;0.02305;9.786;10.513;0.007692;-0.052;13.865;0.6538;0.671;0.5994;-3.023;-1.371;-1.461;0.004738;0.8331;3.06;0.1926;0.381;0.00273;98.542;4.333;3.468;0.0006821;7,54E-03;
C:\Users\sblee\OneDrive\Documenten\python\Aesthetics-Toolbox-main\Aesthetics-Toolbox-main\art\DRAM_processed\DRAM_processed\labels\expressionism\ernst-ludwig-kirchner\unknown-year_252126.png;980;0.96;1.3;1.394;0.1209;3.482;0.0;3.41;3.41;3.41;0.9575;-6,08E-02;0.0001152;0.0;0.0;0.01337;4.529;4.529;4.529;1.3;8,25E-02;0.0001565;0.0;0.0;0.01776;77.811;14.788;-0.03333;-0.066;23.881;0.655;0.627;0.5882;-3.017;-1.327;-1.46;0.002601;1.053;2.275;0.3787;0.6507;0.001632;74.226;4.425;4.333;0.0005705;6,33E-03;
C:\Users\sblee\OneDrive\Documenten\python\Aesthetics-Toolbox-main\Aesthetics-Toolbox-main\art\DRAM_processed\DRAM_processed\labels\expressionism\ernst-ludwig-kirchner\unknown-year_252228.png;951;0.902;1.804;1.207;0.1536;4.727;0.0;4.23;4.23;4.23;1.204;-7,64E-02;0.0001449;0.0;0.0;0.01659;6.305;6.305;6.305;1.804;0.0001145;0.0002171;0.0;0.0;0.02472;52.916;13.852;0.05654;-0.04;23.0;0.6271;0.6278;0.6301;-3.093;-1.345;-1.461;0.001717;1.002;2.196;0.4801;0.7141;0.00191;89.365;4.131;4.172;0.000582;1,06E-02;
C:\Users\sblee\OneDrive\Documenten\python\Aesthetics-Toolbox-main\Aesthetics-Toolbox-main\art\DRAM_processed\DRAM_processed\labels\expressionism\francis-picabia\236960.png;909;1.222;0.4955;0.4575;0.06911;1.544;0.0;0.4363;0.4363;0.4363;0.1215;-7,71E-03;1,46E-02;0.0;0.0;0.001711;1.751;1.751;1.751;0.4955;3,15E-02;5,96E-02;0.0;0.0;0.006865;83.546;37.764;0.096;-0.1626;38.98;0.8203;0.7971;0.7675;-2.899;-1.235;-1.299;0.01088;1.114;2.272;0.3334;0.3886;0.001923;76.048;3.925;4.095;0.0006827;2,63E-03;
C:\Users\sblee\OneDrive\Documenten\python\Aesthetics-Toolbox-main\Aesthetics-Toolbox-main\art\DRAM_processed\DRAM_processed\labels\expressionism\francis-picabia\237011.png;874;0.748;0.4572;0.7673;0.0463;1.235;0.0;0.8958;0.8958;0.8958;0.2456;-1,56E-02;2,96E-02;0.0;0.0;0.003513;1.668;1.668;1.668;0.4572;2,90E-02;5,50E-02;0.0;0.0;0.006539;63.153;22.589;-0.05615;0.098;43.258;0.87;0.8383;0.8272;-3.15;-1.335;-1.456;0.0068;0.9853;2.254;0.2152;0.6959;0.002398;78.529;3.219;3.608;0.0006906;1,73E-03;
C:\Users\sblee\OneDrive\Documenten\python\Aesthetics-Toolbox-main\Aesthetics-Toolbox-main\art\DRAM_processed\DRAM_processed\labels\expressionism\franz-marc\1910_254714.png;976;0.952;2.118;1.152;0.1215;3.74;0.0;6.84;6.84;6.84;1.964;-0.0001247;0.0002364;0.0;0.0;0.02682;7.363;7.363;7.363;2.118;0.0001345;0.0002549;0.0;0.0;0.02888;36.041;13.725;-0.02941;0.062;24.925;0.6414;0.5599;0.5389;-3.059;-1.34;-1.485;0.001939;0.945;2.263;0.3309;0.6965;0.001981;91.608;4.484;4.078;0.0006162;1,08E-02;
C:\Users\sblee\OneDrive\Documenten\python\Aesthetics-Toolbox-main\Aesthetics-Toolbox-main\art\DRAM_processed\DRAM_processed\labels\expressionism\franz-marc\1911_254667.png;884;0.768;1.737;0.9361;0.1154;3.488;0.0;4.581;4.581;4.581;1.281;-8,13E-02;0.0001542;0.0;0.0;0.01796;6.21;6.21;6.21;1.737;0.0001103;0.000209;0.0;0.0;0.02435;43.444;30.863;0.1354;0.074;30.696;0.5711;0.6471;0.5605;-3.074;-1.342;-1.465;0.003971;0.8165;2.084;0.286;0.6621;0.002319;87.556;4.089;3.928;0.0006228;9,21E-03;
C:\Users\sblee\OneDrive\Documenten\python\Aesthetics-Toolbox-main\Aesthetics-Toolbox-main\art\DRAM_processed\DRAM_processed\labels\expressionism\franz-marc\1911_254682.png;794;1.701;1.53;0.888;0.05712;1.586;0.0;3.667;3.667;3.667;1.015;-6,44E-02;0.0001221;0.0;0.0;0.01438;5.528;5.528;5.528;1.53;9,71E-02;0.0001841;0.0;0.0;0.02168;57.709;6.897;-0.03;-0.01701;37.806;0.7725;0.7547;0.7756;-3.093;-1.325;-1.461;0.002603;0.7831;2.131;0.2235;0.423;0.002709;81.414;4.195;3.101;0.0006997;6,26E-03;
C:\Users\sblee\OneDrive\Documenten\python\Aesthetics-Toolbox-main\Aesthetics-Toolbox-main\art\DRAM_processed\DRAM_processed\labels\expressionism\franz-marc\1911_254692.png;831;1.511;1.675;0.8884;0.1502;4.169;0.0;3.977;3.977;3.977;1.112;-7,06E-02;0.0001339;0.0;0.0;0.0156;5.99;5.99;5.99;1.675;0.0001064;0.0002016;0.0;0.0;0.02349;53.568;4.602;0.004;0.02266;28.297;0.6473;0.59;0.598;-3.13;-1.358;-1.482;0.002424;0.9149;2.124;0.4165;0.7956;0.001843;88.069;4.458;4.296;0.000582;9.26e-06;
C:\Users\sblee\OneDrive\Documenten\python\Aesthetics-Toolbox-main\Aesthetics-Toolbox-main\art\DRAM_processed\DRAM_processed\labels\expressionism\franz-marc\1911_254722.png;865;1.37;1.32;0.9467;0.06628;1.871;0.0;6.35;6.35;6.35;1.741;-0.0001105;0.0002095;0.0;0.0;0.0249;4.814;4.814;4.814;1.32;8.38e-05;0.0001588;0.0;0.0;0.01888;19.628;21.9;0.094;0.05616;22.611;0.6766;0.6955;0.6836;-3.062;-1.377;-1.482;0.003221;0.8193;2.456;0.2828;0.527;0.002218;94.136;4.409;3.742;0.0006689;6,10E-03;
C:\Users\sblee\OneDrive\Documenten\python\Aesthetics-Toolbox-main\Aesthetics-Toolbox-main\art\DRAM_processed\DRAM_processed\labels\expressionism\franz-marc\1911_254748.png;804;1.636;1.703;0.9102;0.08532;2.09;0.0;8.769;8.769;8.769;2.452;-0.0001557;0.0002951;0.0;0.0;0.03439;6.091;6.091;6.091;1.703;0.0001081;0.000205;0.0;0.0;0.02389;15.988;14.046;0.02906;-0.06393;19.592;0.6913;0.6691;0.7177;-3.018;-1.375;-1.433;0.003642;0.8464;2.171;0.2606;0.4453;0.002455;96.877;4.421;3.326;0.0006844;8,12E-03;
C:\Users\sblee\OneDrive\Documenten\python\Aesthetics-Toolbox-main\Aesthetics-Toolbox-main\art\DRAM_processed\DRAM_processed\labels\expressionism\franz-marc\1911_254752.png;877;1.326;1.303;0.9293;0.03906;1.181;0.0;3.447;3.447;3.447;0.9451;-6,00E-02;0.0001137;0.0;0.0;0.01352;4.753;4.753;4.753;1.303;8,27E-02;0.0001568;0.0;0.0;0.01864;51.809;7.824;-0.038;0.009284;38.701;0.7892;0.8059;0.8036;-3.074;-1.428;-1.465;0.001917;0.7381;2.157;0.2116;0.4443;0.002804;83.751;4.37;2.986;0.0007062;4,73E-03;
C:\Users\sblee\OneDrive\Documenten\python\Aesthetics-Toolbox-main\Aesthetics-Toolbox-main\art\DRAM_processed\DRAM_processed\labels\expressionism\franz-marc\1911_254757.png;872;1.338;1.182;0.8058;0.06702;1.931;0.0;2.465;2.465;2.465;0.676;-4,29E-02;8,14E-02;0.0;0.0;0.009668;4.31;4.31;4.31;1.182;7,50E-02;0.0001422;0.0;0.0;0.0169;60.845;10.917;0.04309;0.03351;40.444;0.7085;0.7018;0.723;-3.082;-1.336;-1.451;0.0009471;0.8548;2.166;0.2607;0.4719;0.002276;85.674;4.463;3.947;0.0006693;6,02E-03;
C:\Users\sblee\OneDrive\Documenten\python\Aesthetics-Toolbox-main\Aesthetics-Toolbox-main\art\DRAM_processed\DRAM_processed\labels\expressionism\franz-marc\1911_254776.png;894;0.788;1.652;0.6763;0.08604;2.515;0.0;2.674;2.674;2.674;0.7692;-4,88E-02;9,26E-02;0.0;0.0;0.01049;5.741;5.741;5.741;1.652;0.0001049;0.0001988;0.0;0.0;0.02251;73.567;0.6463;-0.002538;0.002;31.825;0.7607;0.709;0.7033;-3.023;-1.308;-1.438;0.002357;0.7997;2.084;0.2333;0.3843;0.002775;75.501;4.078;3.639;0.0006761;7,65E-03;
C:\Users\sblee\OneDrive\Documenten\python\Aesthetics-Toolbox-main\Aesthetics-Toolbox-main\art\DRAM_processed\DRAM_processed\labels\expressionism\franz-marc\1911_254777.png;973;0.946;2.086;1.142;0.1083;3.11;0.0;4.724;4.724;4.724;1.373;-8,72E-02;0.0001653;0.0;0.0;0.01853;7.165;7.165;7.165;2.086;0.0001324;0.000251;0.0;0.0;0.0281;57.39;12.885;-0.0074;0.064;30.24;0.6759;0.6036;0.6169;-3.017;-1.319;-1.417;0.001547;0.8847;2.173;0.3436;0.6711;0.002076;83.254;4.434;3.981;0.0006396;1,06E-02;
C:\Users\sblee\OneDrive\Documenten\python\Aesthetics-Toolbox-main\Aesthetics-Toolbox-main\art\DRAM_processed\DRAM_processed\labels\expressionism\franz-marc\1912_254660.png;876;1.324;1.505;1.241;0.08985;2.706;0.0;4.102;4.102;4.102;1.133;-7,20E-02;0.0001364;0.0;0.0;0.01609;5.444;5.444;5.444;1.505;9,56E-02;0.0001812;0.0;0.0;0.02135;41.604;9.237;0.02104;-0.04111;26.994;0.6473;0.626;0.6346;-3.101;-1.339;-1.469;0.0009799;0.8959;2.098;0.3356;0.6571;0.002133;90.964;4.482;4.005;0.0006372;7,80E-03;
C:\Users\sblee\OneDrive\Documenten\python\Aesthetics-Toolbox-main\Aesthetics-Toolbox-main\art\DRAM_processed\DRAM_processed\labels\expressionism\franz-marc\1912_254673.png;851;1.425;1.3;0.9263;0.08721;2.441;0.0;3.416;3.416;3.416;0.9365;-5,95E-02;0.0001127;0.0;0.0;0.0134;4.742;4.742;4.742;1.3;8,26E-02;0.0001565;0.0;0.0;0.0186;50.776;8.841;0.002;-0.04416;27.793;0.7198;0.6479;0.6617;-3.093;-1.359;-1.461;0.001743;0.9074;2.184;0.2392;0.6922;0.00217;89.797;4.519;4.085;0.000642;6,08E-03;
C:\Users\sblee\OneDrive\Documenten\python\Aesthetics-Toolbox-main\Aesthetics-Toolbox-main\art\DRAM_processed\DRAM_processed\labels\expressionism\franz-marc\1912_254690.png;953;0.906;2.086;1.246;0.1038;2.885;0.0;8.273;8.273;8.273;2.374;-0.0001507;0.0002857;0.0;0.0;0.03244;7.25;7.25;7.25;2.086;0.0001324;0.000251;0.0;0.0;0.02843;27.233;19.211;0.003311;-0.096;21.651;0.6885;0.5954;0.5954;-2.984;-1.249;-1.39;0.003373;0.9587;2.185;0.339;0.6807;0.00208;93.397;4.382;3.849;0.0006389;9,12E-03;
C:\Users\sblee\OneDrive\Documenten\python\Aesthetics-Toolbox-main\Aesthetics-Toolbox-main\art\DRAM_processed\DRAM_processed\labels\expressionism\franz-marc\1912_254705.png;895;1.26;1.482;0.7421;0.06958;2.131;0.0;2.734;2.734;2.734;0.7646;-4,85E-02;9,20E-02;0.0;0.0;0.01072;5.298;5.298;5.298;1.482;9,41E-02;0.0001783;0.0;0.0;0.02078;64.868;19.071;0.01904;-0.09343;40.204;0.7059;0.6662;0.6881;-3.117;-1.359;-1.45;0.001801;0.8102;2.144;0.2778;0.399;0.002302;80.854;4.464;3.86;0.0006768;7,21E-03;
C:\Users\sblee\OneDrive\Documenten\python\Aesthetics-Toolbox-main\Aesthetics-Toolbox-main\art\DRAM_processed\DRAM_processed\labels\expressionism\franz-marc\1912_254706.png;818;1.572;1.779;0.9691;0.07041;1.928;0.0;7.841;7.841;7.841;2.193;-0.0001392;0.0002639;0.0;0.0;0.03075;6.36;6.36;6.36;1.779;0.0001129;0.000214;0.0;0.0;0.02494;22.353;19.208;-0.018;-0.09434;20.874;0.725;0.6878;0.6961;-3.061;-1.377;-1.425;0.001163;0.879;2.165;0.2329;0.4061;0.002579;94.264;4.316;3.242;0.0006842;7,26E-03;
C:\Users\sblee\OneDrive\Documenten\python\Aesthetics-Toolbox-main\Aesthetics-Toolbox-main\art\DRAM_processed\DRAM_processed\labels\expressionism\franz-marc\1912_254720.png;878;1.317;1.572;0.8095;0.08938;2.662;0.0;3.235;3.235;3.235;0.9048;-5,75E-02;0.0001089;0.0;0.0;0.01269;5.621;5.621;5.621;1.572;9.98e-05;0.0001892;0.0;0.0;0.02204;57.466;21.123;-0.1032;0.02243;30.474;0.6335;0.6489;0.6519;-3.114;-1.35;-1.476;0.001177;0.8417;2.194;0.335;0.6824;0.002184;87.039;4.452;4.066;0.0006485;8,67E-03;
C:\Users\sblee\OneDrive\Documenten\python\Aesthetics-Toolbox-main\Aesthetics-Toolbox-main\art\DRAM_processed\DRAM_processed\labels\expressionism\franz-marc\1912_254729.png;870;1.345;1.919;1.734;0.1716;4.843;0.0;6.416;6.416;6.416;1.814;-0.0001152;0.0002183;0.0;0.0;0.02516;6.756;6.756;6.756;1.919;0.0001218;0.0002309;0.0;0.0;0.02649;29.552;12.875;-0.05311;0.03639;15.564;0.536;0.5262;0.5378;-3.12;-1.338;-1.44;0.00127;0.8925;2.075;0.3961;0.711;0.001962;96.511;4.378;4.152;0.000559;1,11E-02;
C:\Users\sblee\OneDrive\Documenten\python\Aesthetics-Toolbox-main\Aesthetics-Toolbox-main\art\DRAM_processed\DRAM_processed\labels\expressionism\franz-marc\1912_254766.png;880;1.31;1.08;0.9784;0.0783;2.18;0.0;4.691;4.691;4.691;1.286;-8,17E-02;0.0001548;0.0;0.0;0.01839;3.94;3.94;3.94;1.08;6,86E-02;0.00013;0.0;0.0;0.01545;20.334;7.74;-0.007014;0.03806;20.289;0.6947;0.6718;0.705;-3.095;-1.367;-1.447;0.001153;0.8402;2.381;0.3867;0.7215;0.002158;96.416;4.394;3.863;0.0006333;5,91E-03;
C:\Users\sblee\OneDrive\Documenten\python\Aesthetics-Toolbox-main\Aesthetics-Toolbox-main\art\DRAM_processed\DRAM_processed\labels\expressionism\franz-marc\1913_254758.png;850;1.429;1.084;0.9835;0.08796;2.329;0.0;4.604;4.604;4.604;1.262;-8,02E-02;0.0001519;0.0;0.0;0.01806;3.954;3.954;3.954;1.084;6,88E-02;0.0001305;0.0;0.0;0.01551;24.73;11.142;-0.046;0.03143;21.768;0.7017;0.6874;0.6777;-3.106;-1.365;-1.474;0.002866;0.9454;2.08;0.4189;0.7531;0.001947;94.586;4.487;4.117;0.0006292;6,53E-03;
C:\Users\sblee\OneDrive\Documenten\python\Aesthetics-Toolbox-main\Aesthetics-Toolbox-main\art\DRAM_processed\DRAM_processed\labels\expressionism\franz-marc\1913_254768.png;916;1.202;1.809;0.9931;0.09078;2.841;0.0;7.134;7.134;7.134;1.995;-0.0001267;0.0002401;0.0;0.0;0.02798;6.469;6.469;6.469;1.809;0.0001149;0.0002177;0.0;0.0;0.02537;27.28;15.864;0.078;-0.01442;22.051;0.6053;0.6296;0.6239;-3.093;-1.357;-1.482;0.001462;0.841;2.403;0.3591;0.6467;0.002181;92.808;4.403;3.866;0.0006427;9,22E-03;
C:\Users\sblee\OneDrive\Documenten\python\Aesthetics-Toolbox-main\Aesthetics-Toolbox-main\art\DRAM_processed\DRAM_processed\labels\expressionism\franz-marc-wiki\Franz-Marc-Flock-of-Sheep-II.png;909;1.222;2.409;0.9304;0.2461;6.636;0.0;11.118;11.118;11.118;3.311;-0.0002102;0.0003985;0.0;0.0;0.0436;8.087;8.087;8.087;2.409;0.0001529;0.0002899;0.0;0.0;0.03171;12.462;10.308;0.012;0.05012;12.975;0.442;0.5279;0.4177;-3.046;-1.35;-1.437;0.002373;0.9505;2.269;0.4742;0.7362;0.001814;99.172;4.433;4.292;0.0005634;1,34E-02;
C:\Users\sblee\OneDrive\Documenten\python\Aesthetics-Toolbox-main\Aesthetics-Toolbox-main\art\DRAM_processed\DRAM_processed\labels\expressionism\franz-marc-wiki\Franz-marc-shepherdess-with-sheep.png;848;1.437;2.107;0.9938;0.1795;4.598;0.0;4.042;4.042;4.042;1.195;-7,59E-02;0.0001438;0.0;0.0;0.01585;7.118;7.118;7.118;2.107;0.0001338;0.0002536;0.0;0.0;0.02792;59.244;27.085;-0.01;-0.1351;27.733;0.6349;0.5296;0.5101;-3.027;-1.347;-1.458;0.002192;0.9484;2.372;0.213;0.6906;0.002151;86.584;4.492;4.259;0.0006177;1,10E-02;
C:\Users\sblee\OneDrive\Documenten\python\Aesthetics-Toolbox-main\Aesthetics-Toolbox-main\art\DRAM_processed\DRAM_processed\labels\expressionism\franz-marc-wiki\Franz-Marc-Steffelalm-II-with-Sheep.png;806;1.634;0.6787;0.1318;0.0345;0.7613;0.0;0.3111;0.3111;0.3111;0.09266;-5,88E-03;1,12E-02;0.0;0.0;0.00122;2.279;2.279;2.279;0.6787;4,31E-02;8,17E-02;0.0;0.0;0.008936;95.699;20.472;-0.088;-0.05229;87.317;0.8616;0.8679;0.8371;-2.9;-1.302;-1.365;0.008544;0.9454;2.283;0.06906;0.367;0.003455;28.347;4.412;3.577;0.0007498;1,93E-03;
C:\Users\sblee\OneDrive\Documenten\python\Aesthetics-Toolbox-main\Aesthetics-Toolbox-main\art\DRAM_processed\DRAM_processed\labels\expressionism\franz-marc-wiki\Franz-marc-the-fear-of-the-hare.png;772;1.838;1.364;0.7506;0.1223;3.253;0.0;2.578;2.578;2.578;0.7134;-4,53E-02;8,59E-02;0.0;0.0;0.01011;4.928;4.928;4.928;1.364;8,66E-02;0.0001641;0.0;0.0;0.01933;62.55;34.5;0.034;0.1691;44.336;0.6884;0.666;0.6591;-3.191;-1.325;-1.455;0.004368;1.013;2.16;0.2963;0.5754;0.002207;83.065;4.214;3.909;0.0006298;7,70E-03;
C:\Users\sblee\OneDrive\Documenten\python\Aesthetics-Toolbox-main\Aesthetics-Toolbox-main\art\DRAM_processed\DRAM_processed\labels\expressionism\franz-marc-wiki\Franz_marc-cats_red_and_white.png;829;0.658;1.091;0.992;0.0569;1.46;0.0;4.422;4.422;4.422;1.212;-7,70E-02;0.0001459;0.0;0.0;0.01734;3.978;3.978;3.978;1.091;6,92E-02;0.0001312;0.0;0.0;0.0156;29.85;8.226;0.02584;0.032;24.377;0.7828;0.762;0.78;-3.056;-1.366;-1.455;0.002478;0.7962;2.437;0.2157;0.6011;0.002358;94.308;4.32;3.389;0.0006767;4.38e-06;
C:\Users\sblee\OneDrive\Documenten\python\Aesthetics-Toolbox-main\Aesthetics-Toolbox-main\art\DRAM_processed\DRAM_processed\labels\expressionism\franz-marc-wiki\Franz_marc-dog_before_the_world.png;860;0.72;1.432;0.8059;0.04585;1.396;0.0;2.96;2.96;2.96;0.8191;-5.2e-05;9,86E-02;0.0;0.0;0.01161;5.173;5.173;5.173;1.432;9,09E-02;0.0001723;0.0;0.0;0.02028;56.134;42.695;-0.1917;-0.094;50.818;0.7377;0.762;0.7332;-3.085;-1.375;-1.456;0.001636;0.8055;2.192;0.1843;0.4199;0.002729;79.7;4.202;3.162;0.000706;5,73E-03;
C:\Users\sblee\OneDrive\Documenten\python\Aesthetics-Toolbox-main\Aesthetics-Toolbox-main\art\DRAM_processed\DRAM_processed\labels\expressionism\franz-marc-wiki\Franz_Marc_-_Roter_Hund.png;855;1.408;1.403;0.7828;0.05862;1.761;0.0;2.793;2.793;2.793;0.7731;-4,91E-02;9,30E-02;0.0;0.0;0.01095;5.071;5.071;5.071;1.403;8.91e-05;0.0001689;0.0;0.0;0.01989;59.867;24.656;0.104;-0.0662;43.827;0.6963;0.7208;0.6964;-3.109;-1.369;-1.489;0.002996;0.8267;2.032;0.2057;0.4142;0.002573;80.191;4.501;3.632;0.0006884;5,83E-03;
C:\Users\sblee\OneDrive\Documenten\python\Aesthetics-Toolbox-main\Aesthetics-Toolbox-main\art\DRAM_processed\DRAM_processed\labels\expressionism\franz-marc-wiki\Franz_Marc_-_Zwei_Katzen.png;821;1.558;1.026;0.9077;0.07835;1.986;0.0;2.584;2.584;2.584;0.7085;-4,50E-02;8,53E-02;0.0;0.0;0.01013;3.741;3.741;3.741;1.026;6,51E-02;0.0001234;0.0;0.0;0.01467;53.25;7.148;0.024;-0.02648;32.596;0.758;0.7335;0.7178;-3.086;-1.34;-1.474;0.003446;0.9295;2.353;0.2133;0.5595;0.002314;88.098;4.315;3.964;0.0006563;5,14E-03;
C:\Users\sblee\OneDrive\Documenten\python\Aesthetics-Toolbox-main\Aesthetics-Toolbox-main\art\DRAM_processed\DRAM_processed\labels\expressionism\franz-marc-wiki\Franz_Marc_013.png;892;1.276;1.092;0.9942;0.05359;1.524;0.0;3.64;3.64;3.64;0.998;-6,34E-02;0.0001201;0.0;0.0;0.01427;3.984;3.984;3.984;1.092;6,94E-02;0.0001314;0.0;0.0;0.01562;39.339;17.145;-0.06;0.06122;30.729;0.766;0.7732;0.736;-3.093;-1.342;-1.489;0.004481;0.8177;2.215;0.2015;0.5891;0.002469;89.983;4.423;3.446;0.0006745;5,05E-03;
C:\Users\sblee\OneDrive\Documenten\python\Aesthetics-Toolbox-main\Aesthetics-Toolbox-main\art\DRAM_processed\DRAM_processed\labels\expressionism\franz-marc-wiki\Franz_Marc_024.png;822;1.553;2.357;0.9015;0.1344;3.396;0.0;5.395;5.395;5.395;1.607;-0.000102;0.0001934;0.0;0.0;0.02116;7.913;7.913;7.913;2.357;0.0001496;0.0002836;0.0;0.0;0.03103;52.583;14.488;-0.07;0.01863;32.87;0.5738;0.6139;0.5939;-3.082;-1.355;-1.472;0.002604;0.8471;2.034;0.248;0.6421;0.002371;85.501;4.382;3.807;0.0006507;1,10E-02;
C:\Users\sblee\OneDrive\Documenten\python\Aesthetics-Toolbox-main\Aesthetics-Toolbox-main\art\DRAM_processed\DRAM_processed\labels\expressionism\kees-van-dongen\302927.png;926;0.852;1.882;1.351;0.1789;5.349;0.0;4.695;4.695;4.695;1.337;-8,49E-02;0.000161;0.0;0.0;0.01841;6.58;6.58;6.58;1.882;0.0001195;0.0002265;0.0;0.0;0.0258;45.476;10.532;0.0446;0.028;22.495;0.5884;0.5941;0.5645;-3.078;-1.357;-1.467;0.002209;0.9579;2.048;0.4551;0.7233;0.001825;90.5;4.446;4.322;0.0005408;9,97E-03;
C:\Users\sblee\OneDrive\Documenten\python\Aesthetics-Toolbox-main\Aesthetics-Toolbox-main\art\DRAM_processed\DRAM_processed\labels\expressionism\kees-van-dongen\302932.png;799;0.598;1.554;0.9242;0.1421;3.691;0.0;2.56;2.56;2.56;0.7294;-4,63E-02;8,78E-02;0.0;0.0;0.01004;5.44;5.44;5.44;1.554;9,86E-02;0.000187;0.0;0.0;0.02133;67.776;5.147;0.01839;-0.018;46.359;0.6121;0.6143;0.6212;-3.088;-1.335;-1.458;0.003672;0.9227;2.202;0.3233;0.6174;0.00202;82.793;4.133;4.14;0.0006314;6,35E-03;
C:\Users\sblee\OneDrive\Documenten\python\Aesthetics-Toolbox-main\Aesthetics-Toolbox-main\art\DRAM_processed\DRAM_processed\labels\expressionism\kees-van-dongen\302935.png;883;0.766;1.892;1.245;0.1072;2.899;0.0;4.767;4.767;4.767;1.361;-8,64E-02;0.0001638;0.0;0.0;0.01869;6.593;6.593;6.593;1.892;0.0001201;0.0002277;0.0;0.0;0.02586;50.275;15.085;0.03264;-0.068;29.444;0.6549;0.6841;0.6351;-2.999;-1.317;-1.455;0.002058;0.8186;1.947;0.3205;0.5895;0.002238;86.061;4.216;4.027;0.0006348;7,49E-03;
C:\Users\sblee\OneDrive\Documenten\python\Aesthetics-Toolbox-main\Aesthetics-Toolbox-main\art\DRAM_processed\DRAM_processed\labels\expressionism\louisa-matthiasdottir\326184.png;948;1.116;1.216;0.6077;0.06453;2.084;0.0;1.492;1.492;1.492;0.4226;-2,68E-02;5,09E-02;0.0;0.0;0.005851;4.282;4.282;4.282;1.216;7,72E-02;0.0001463;0.0;0.0;0.01679;80.092;27.232;0.078;-0.1116;50.201;0.7303;0.7082;0.6556;-3.134;-1.358;-1.459;0.002154;1.021;2.213;0.2327;0.3834;0.002427;73.872;4.423;4.024;0.0006846;6.39e-06;
C:\Users\sblee\OneDrive\Documenten\python\Aesthetics-Toolbox-main\Aesthetics-Toolbox-main\art\DRAM_processed\DRAM_processed\labels\expressionism\louisa-matthiasdottir\326185.png;903;1.241;1.436;0.8162;0.09359;2.814;0.0;2.248;2.248;2.248;0.6356;-4,04E-02;7,65E-02;0.0;0.0;0.008814;5.066;5.066;5.066;1.436;9.12e-05;0.0001729;0.0;0.0;0.01987;71.896;17.654;-0.064;-0.06079;34.201;0.7074;0.6731;0.6318;-3.15;-1.353;-1.476;0.002878;0.8677;2.184;0.3096;0.383;0.002112;78.482;4.29;4.075;0.0006518;7,39E-03;
C:\Users\sblee\OneDrive\Documenten\python\Aesthetics-Toolbox-main\Aesthetics-Toolbox-main\art\DRAM_processed\DRAM_processed\labels\expressionism\louisa-matthiasdottir\326186.png;923;1.182;2.055;1.028;0.1207;3.545;0.0;3.925;3.925;3.925;1.155;-7,34E-02;0.000139;0.0;0.0;0.01539;6.972;6.972;6.972;2.055;0.0001305;0.0002473;0.0;0.0;0.02734;57.289;34.3;0.006;-0.1714;31.628;0.5894;0.5903;0.5367;-3.12;-1.356;-1.463;0.002883;0.8688;2.318;0.2737;0.5691;0.002408;84.899;4.224;3.994;0.0006413;9,33E-03;
C:\Users\sblee\OneDrive\Documenten\python\Aesthetics-Toolbox-main\Aesthetics-Toolbox-main\art\DRAM_processed\DRAM_processed\labels\expressionism\louisa-matthiasdottir\326189.png;852;1.42;1.023;0.2953;0.04228;1.097;0.0;0.7486;0.7486;0.7486;0.2217;-1,41E-02;2,67E-02;0.0;0.0;0.002936;3.453;3.453;3.453;1.023;6,50E-02;0.0001232;0.0;0.0;0.01354;90.965;60.816;0.192;-0.2358;53.978;0.7396;0.7727;0.7404;-3.053;-1.335;-1.44;0.002473;0.7703;2.079;0.08617;0.37;0.002771;57.783;4.418;3.344;0.0007274;4,07E-03;
C:\Users\sblee\OneDrive\Documenten\python\Aesthetics-Toolbox-main\Aesthetics-Toolbox-main\art\DRAM_processed\DRAM_processed\labels\expressionism\louisa-matthiasdottir\326191.png;969;1.066;1.573;0.8105;0.06767;2.266;0.0;3.244;3.244;3.244;0.9071;-5,76E-02;0.0001092;0.0;0.0;0.01272;5.626;5.626;5.626;1.573;9,99E-02;0.0001893;0.0;0.0;0.02206;62.255;17.112;-0.058;-0.0629;29.417;0.7047;0.6682;0.6596;-3.079;-1.368;-1.46;0.002362;0.8582;2.134;0.2144;0.5702;0.002598;82.018;4.361;3.651;0.0006696;8,01E-03;
C:\Users\sblee\OneDrive\Documenten\python\Aesthetics-Toolbox-main\Aesthetics-Toolbox-main\art\DRAM_processed\DRAM_processed\labels\expressionism\louisa-matthiasdottir\326195.png;827;1.529;1.259;0.6408;0.08825;2.297;0.0;1.691;1.691;1.691;0.4762;-3,02E-02;5,73E-02;0.0;0.0;0.006633;4.465;4.465;4.465;1.259;7,99E-02;0.0001515;0.0;0.0;0.01751;76.971;40.801;-0.204;-0.001529;53.157;0.609;0.7656;0.587;-3.085;-1.33;-1.454;0.003622;0.9461;2.426;0.1276;0.3906;0.002168;72.141;4.391;3.934;0.0006694;6,35E-03;
C:\Users\sblee\OneDrive\Documenten\python\Aesthetics-Toolbox-main\Aesthetics-Toolbox-main\art\DRAM_processed\DRAM_processed\labels\expressionism\louisa-matthiasdottir\326198.png;890;1.282;1.301;0.3699;0.06618;1.765;0.0;1.208;1.208;1.208;0.3598;-2,28E-02;4.33e-05;0.0;0.0;0.004737;4.368;4.368;4.368;1.301;8,26E-02;0.0001566;0.0;0.0;0.01713;87.655;58.598;0.02;-0.2923;59.077;0.814;0.6517;0.6464;-3.022;-1.345;-1.494;0.002231;0.9164;2.122;0.06866;0.3676;0.002764;58.743;4.374;3.692;0.0007125;5,18E-03;
C:\Users\sblee\OneDrive\Documenten\python\Aesthetics-Toolbox-main\Aesthetics-Toolbox-main\art\DRAM_processed\DRAM_processed\labels\expressionism\louisa-matthiasdottir\342563.png;895;1.266;1.888;1.377;0.1233;3.436;0.0;7.216;7.216;7.216;2.031;-0.0001289;0.0002444;0.0;0.0;0.0283;6.697;6.697;6.697;1.888;0.0001199;0.0002272;0.0;0.0;0.02626;23.516;24.081;-0.006;-0.1203;18.031;0.669;0.5407;0.5486;-3.048;-1.344;-1.436;0.001806;0.8519;2.005;0.4318;0.6876;0.002053;94.626;4.474;4.078;0.0006209;1,07E-02;
C:\Users\sblee\OneDrive\Documenten\python\Aesthetics-Toolbox-main\Aesthetics-Toolbox-main\art\DRAM_processed\DRAM_processed\labels\expressionism\louisa-matthiasdottir\342564.png;829;1.52;0.3265;0.3289;0.007751;0.2551;0.0;0.3018;0.3018;0.3018;0.08275;-5,25E-03;9,96E-03;0.0;0.0;0.001184;1.191;1.191;1.191;0.3265;2,07E-02;3,93E-02;0.0;0.0;0.00467;88.434;23.453;0.106;0.05015;73.972;0.9389;0.9667;0.9383;-3.078;-1.363;-1.455;0.00465;0.7504;1.98;0.05479;0.5918;0.004775;49.789;4.093;2.908;0.0007535;6,73E-04;
C:\Users\sblee\OneDrive\Documenten\python\Aesthetics-Toolbox-main\Aesthetics-Toolbox-main\art\DRAM_processed\DRAM_processed\labels\expressionism\louisa-matthiasdottir\342567.png;946;1.121;1.265;0.6799;0.05423;1.631;0.0;1.707;1.707;1.707;0.4812;-3,06E-02;5,79E-02;0.0;0.0;0.006692;4.475;4.475;4.475;1.265;8,03E-02;0.0001523;0.0;0.0;0.01755;76.42;41.246;0.06;-0.1973;61.115;0.76;0.7233;0.6987;-3.011;-1.35;-1.445;0.001916;0.8141;2.048;0.1233;0.387;0.002486;66.265;4.458;3.797;0.0006905;5.55e-06;
C:\Users\sblee\OneDrive\Documenten\python\Aesthetics-Toolbox-main\Aesthetics-Toolbox-main\art\DRAM_processed\DRAM_processed\labels\expressionism\louisa-matthiasdottir\342568.png;838;1.479;1.624;0.5191;0.09587;2.398;0.0;1.98;1.98;1.98;0.5896;-3,74E-02;7,10E-02;0.0;0.0;0.007763;5.453;5.453;5.453;1.624;0.0001031;0.0001954;0.0;0.0;0.02138;80.642;64.933;0.084;-0.3136;33.457;0.715;0.5986;0.5989;-2.996;-1.352;-1.442;0.003411;0.8564;2.398;0.0887;0.3647;0.002709;66.87;4.364;3.936;0.0006914;6,33E-03;
C:\Users\sblee\OneDrive\Documenten\python\Aesthetics-Toolbox-main\Aesthetics-Toolbox-main\art\DRAM_processed\DRAM_processed\labels\expressionism\louisa-matthiasdottir\342571.png;851;0.702;2.15;0.9953;0.07501;2.056;0.0;8.106;8.106;8.106;2.332;-0.0001481;0.0002806;0.0;0.0;0.03179;7.475;7.475;7.475;2.15;0.0001365;0.0002588;0.0;0.0;0.02932;29.123;22.255;-0.05271;-0.098;28.233;0.6822;0.6834;0.6903;-3.059;-1.378;-1.464;0.001969;0.7751;2.323;0.2085;0.3872;0.002587;93.61;4.298;3.289;0.0006917;7,44E-03;
C:\Users\sblee\OneDrive\Documenten\python\Aesthetics-Toolbox-main\Aesthetics-Toolbox-main\art\DRAM_processed\DRAM_processed\labels\expressionism\louisa-matthiasdottir\342576.png;890;1.282;1.102;0.3936;0.05573;1.486;0.0;0.9963;0.9963;0.9963;0.289;-1,84E-02;3,48E-02;0.0;0.0;0.003907;3.797;3.797;3.797;1.102;7,00E-05;0.0001327;0.0;0.0;0.01489;88.136;19.633;-0.096;0.02051;42.808;0.7308;0.803;0.7228;-3.015;-1.341;-1.387;0.002722;0.9165;2.255;0.2374;0.3735;0.002831;60.92;4.358;3.655;0.0007197;4,22E-03;
C:\Users\sblee\OneDrive\Documenten\python\Aesthetics-Toolbox-main\Aesthetics-Toolbox-main\art\DRAM_processed\DRAM_processed\labels\expressionism\louisa-matthiasdottir\342577.png;899;0.798;1.132;0.4014;0.05229;1.467;0.0;0.9998;0.9998;0.9998;0.2924;-1,86E-02;3,52E-02;0.0;0.0;0.003921;3.865;3.865;3.865;1.132;7,19E-02;0.0001362;0.0;0.0;0.01516;86.768;29.044;0.0188;-0.144;56.357;0.7642;0.7085;0.6992;-3.045;-1.344;-1.438;0.002101;0.8139;2.166;0.06677;0.3751;0.002956;62.961;4.44;3.638;0.0007188;4,24E-03;
C:\Users\sblee\OneDrive\Documenten\python\Aesthetics-Toolbox-main\Aesthetics-Toolbox-main\art\DRAM_processed\DRAM_processed\labels\expressionism\louisa-matthiasdottir\342579.png;936;1.147;1.246;0.5736;0.09066;2.826;0.0;1.768;1.768;1.768;0.4944;-3,14E-02;5.95e-05;0.0;0.0;0.006933;4.456;4.456;4.456;1.246;7,91E-02;0.00015;0.0;0.0;0.01747;76.845;53.049;0.028;-0.2638;32.474;0.8099;0.5748;0.5751;-3.087;-1.329;-1.417;0.007247;0.8998;2.167;0.1129;0.3993;0.002601;71.787;4.25;3.998;0.0006562;6,43E-03;
C:\Users\sblee\OneDrive\Documenten\python\Aesthetics-Toolbox-main\Aesthetics-Toolbox-main\art\DRAM_processed\DRAM_processed\labels\expressionism\louisa-matthiasdottir\342580.png;752;1.984;1.357;0.7244;0.1353;3.128;0.0;2.02;2.02;2.02;0.5689;-3,61E-02;6,85E-02;0.0;0.0;0.007923;4.813;4.813;4.813;1.357;8,61E-02;0.0001633;0.0;0.0;0.01887;72.549;24.179;-0.056;-0.1071;47.33;0.6532;0.6301;0.593;-2.986;-1.351;-1.431;0.006162;1.011;2.228;0.2351;0.391;0.00214;74.21;4.175;4.18;0.0006435;6,93E-03;
C:\Users\sblee\OneDrive\Documenten\python\Aesthetics-Toolbox-main\Aesthetics-Toolbox-main\art\DRAM_processed\DRAM_processed\labels\expressionism\marc-chagall\202747.png;844;1.446;1.895;1.699;0.1229;3.08;0.0;5.732;5.732;5.732;1.631;-0.0001035;0.0001963;0.0;0.0;0.02248;6.607;6.607;6.607;1.895;0.0001203;0.000228;0.0;0.0;0.02591;32.919;39.562;-0.1633;-0.1116;34.223;0.5826;0.6455;0.5862;-2.958;-1.313;-1.417;0.001889;0.8738;2.116;0.3591;0.6814;0.001892;87.405;4.405;4.205;0.0006063;8,97E-03;
C:\Users\sblee\OneDrive\Documenten\python\Aesthetics-Toolbox-main\Aesthetics-Toolbox-main\art\DRAM_processed\DRAM_processed\labels\expressionism\marc-chagall\202887.png;850;0.7;2.262;1.519;0.2722;6.925;0.0;8.267;8.267;8.267;2.402;-0.0001525;0.0002891;0.0;0.0;0.03242;7.781;7.781;7.781;2.262;0.0001436;0.0002722;0.0;0.0;0.03051;25.438;20.662;0.04286;0.094;16.726;0.5362;0.4829;0.5133;-3.08;-1.343;-1.459;0.001762;0.9618;2.196;0.4826;0.7942;0.001722;96.454;4.465;4.383;0.0005207;1,35E-02;
C:\Users\sblee\OneDrive\Documenten\python\Aesthetics-Toolbox-main\Aesthetics-Toolbox-main\art\DRAM_processed\DRAM_processed\labels\expressionism\marc-chagall\202997.png;875;1.333;0.7812;0.5089;0.1215;3.564;0.0;1.017;1.017;1.017;0.2788;-1.77e-05;3,36E-02;0.0;0.0;0.003988;2.849;2.849;2.849;0.7812;4.96e-05;9,40E-02;0.0;0.0;0.01117;78.712;50.725;-0.078;-0.2413;43.1;0.7754;0.6422;0.6145;-2.874;-1.311;-1.374;0.01468;1.253;2.688;0.1415;0.4361;0.001954;74.559;4.063;3.912;0.0006377;4,28E-03;
C:\Users\sblee\OneDrive\Documenten\python\Aesthetics-Toolbox-main\Aesthetics-Toolbox-main\art\DRAM_processed\DRAM_processed\labels\expressionism\marc-chagall\203232.png;864;0.728;2.122;0.9767;0.06486;1.819;0.0;8.846;8.846;8.846;2.545;-0.0001616;0.0003062;0.0;0.0;0.03469;7.378;7.378;7.378;2.122;0.0001348;0.0002554;0.0;0.0;0.02893;24.088;28.821;-0.005495;-0.144;29.162;0.7336;0.6843;0.6631;-3.038;-1.387;-1.459;0.003588;0.7757;2.213;0.2097;0.3868;0.002904;93.036;3.899;3.074;0.000705;5,60E-03;
C:\Users\sblee\OneDrive\Documenten\python\Aesthetics-Toolbox-main\Aesthetics-Toolbox-main\art\DRAM_processed\DRAM_processed\labels\expressionism\maria-bozoky\9223372032559842818.png;849;0.698;2.078;1.336;0.1183;2.831;0.0;8.314;8.314;8.314;2.38;-0.0001511;0.0002864;0.0;0.0;0.0326;7.243;7.243;7.243;2.078;0.0001319;0.0002501;0.0;0.0;0.0284;24.688;27.202;-0.001433;-0.136;29.652;0.692;0.5647;0.5637;-3.001;-1.375;-1.442;0.002885;0.8798;2.16;0.2986;0.6234;0.002176;93.473;4.448;3.866;0.0006452;9,18E-03;
C:\Users\sblee\OneDrive\Documenten\python\Aesthetics-Toolbox-main\Aesthetics-Toolbox-main\art\DRAM_processed\DRAM_processed\labels\expressionism\maria-bozoky\9223372032559842836.png;844;0.6914;0.3928;0.9358;0.01444;0.4259;0.0;1.056;1.056;1.056;0.2895;-1,84E-02;3,48E-02;0.0;0.0;0.00414;1.433;1.433;1.433;0.3928;2,49E-02;4,73E-02;0.0;0.0;0.005619;53.632;9.858;-0.004348;-0.0491;39.421;0.9509;0.9382;0.94;-3.157;-1.364;-1.476;0.0008294;0.7496;2.345;0.2479;0.6817;0.002574;84.988;4.284;3.284;0.0007334;7.92e-07;
C:\Users\sblee\OneDrive\Documenten\python\Aesthetics-Toolbox-main\Aesthetics-Toolbox-main\art\DRAM_processed\DRAM_processed\labels\expressionism\maria-bozoky\9223372032559842905.png;864;0.728;1.062;0.7495;0.05727;1.703;0.0;1.505;1.505;1.505;0.4161;-2,64E-02;5,01E-02;0.0;0.0;0.005901;3.837;3.837;3.837;1.062;6,74E-02;0.0001278;0.0;0.0;0.01505;80.119;66.519;-0.09066;-0.32;69.688;0.781;0.6996;0.6965;-3.11;-1.357;-1.504;0.003486;0.9346;2.661;0.07583;0.4122;0.002599;64.325;4.419;3.946;0.0006953;4,34E-03;
C:\Users\sblee\OneDrive\Documenten\python\Aesthetics-Toolbox-main\Aesthetics-Toolbox-main\art\DRAM_processed\DRAM_processed\labels\expressionism\maria-bozoky\9223372032559843277.png;859;1.393;0.7682;0.4983;0.03283;0.8945;0.0;0.6702;0.6702;0.6702;0.1898;-1,21E-02;2,29E-02;0.0;0.0;0.002628;2.683;2.683;2.683;0.7682;4,88E-02;9,25E-02;0.0;0.0;0.01052;94.896;89.684;-0.318;-0.3162;77.136;0.8167;0.8089;0.8146;-3.006;-1.372;-1.479;0.003233;0.9026;2.288;0.0;0.3945;0.003639;35.357;4.295;3.553;0.0007337;2,54E-03;
C:\Users\sblee\OneDrive\Documenten\python\Aesthetics-Toolbox-main\Aesthetics-Toolbox-main\art\DRAM_processed\DRAM_processed\labels\expressionism\maria-bozoky\9223372032559847940.png;855;0.71;0.3494;0.7888;0.0211;0.6284;0.0;0.7088;0.7088;0.7088;0.1943;-1,23E-02;2,34E-02;0.0;0.0;0.00278;1.274;1.274;1.274;0.3494;2,22E-02;4,21E-02;0.0;0.0;0.004998;64.381;20.346;-0.09437;0.038;42.959;0.9095;0.9073;0.8951;-3.195;-1.344;-1.467;0.002117;0.9328;2.218;0.2337;0.6781;0.002368;79.078;4.325;3.986;0.0007149;1,19E-03;
C:\Users\sblee\OneDrive\Documenten\python\Aesthetics-Toolbox-main\Aesthetics-Toolbox-main\art\DRAM_processed\DRAM_processed\labels\expressionism\maria-bozoky\9223372032559863125.png;834;0.668;2.012;1.118;0.1349;3.466;0.0;5.22;5.22;5.22;1.498;-9,51E-02;0.0001802;0.0;0.0;0.02047;7.001;7.001;7.001;2.012;0.0001278;0.0002422;0.0;0.0;0.02745;42.728;28.401;-0.0988;-0.102;39.567;0.5808;0.6288;0.5529;-3.091;-1.368;-1.482;0.002036;0.8819;2.103;0.3049;0.6734;0.002192;87.843;4.371;4.01;0.000638;9,10E-03;
C:\Users\sblee\OneDrive\Documenten\python\Aesthetics-Toolbox-main\Aesthetics-Toolbox-main\art\DRAM_processed\DRAM_processed\labels\expressionism\maria-bozoky\9223372032559864192.png;845;0.69;1.845;0.9143;0.09479;2.462;0.0;3.744;3.744;3.744;1.075;-6,83E-02;0.0001294;0.0;0.0;0.01468;6.417;6.417;6.417;1.845;0.0001171;0.000222;0.0;0.0;0.02516;58.225;30.002;-0.04203;-0.144;43.739;0.6484;0.6622;0.6081;-3.028;-1.368;-1.467;0.001545;0.8426;2.033;0.2514;0.4135;0.002475;82.923;4.316;3.98;0.0006733;8,86E-03;
C:\Users\sblee\OneDrive\Documenten\python\Aesthetics-Toolbox-main\Aesthetics-Toolbox-main\art\DRAM_processed\DRAM_processed\labels\expressionism\max-beckmann\1927_259748.png;857;0.714;2.33;0.9935;0.2163;5.587;0.0;7.242;7.242;7.242;2.118;-0.0001345;0.0002549;0.0;0.0;0.0284;7.964;7.964;7.964;2.33;0.0001479;0.0002804;0.0;0.0;0.03123;34.349;11.603;0.001401;0.058;24.911;0.5398;0.4924;0.468;-3.035;-1.357;-1.472;0.002133;0.8969;2.324;0.4104;0.7632;0.001849;92.758;4.403;4.299;0.0005772;1,04E-02;
C:\Users\sblee\OneDrive\Documenten\python\Aesthetics-Toolbox-main\Aesthetics-Toolbox-main\art\DRAM_processed\DRAM_processed\labels\expressionism\max-beckmann\1933_9223372032559831017.png;861;1.385;1.625;1.55;0.1245;2.729;0.0;9.108;9.108;9.108;2.562;-0.0001627;0.0003083;0.0;0.0;0.03572;5.675;5.675;5.675;1.625;0.0001032;0.0001955;0.0;0.0;0.02226;8.822;19.361;0.096;0.01247;15.451;0.6224;0.6789;0.6187;-2.866;-1.151;-1.248;0.002671;0.9032;2.072;0.4124;0.663;0.00194;98.07;4.475;4.007;0.0006234;8,93E-03;
C:\Users\sblee\OneDrive\Documenten\python\Aesthetics-Toolbox-main\Aesthetics-Toolbox-main\art\DRAM_processed\DRAM_processed\labels\expressionism\max-beckmann\1943_259800.png;869;0.738;1.919;1.676;0.1832;4.508;0.0;8.571;8.571;8.571;2.446;-0.0001553;0.0002944;0.0;0.0;0.03361;6.659;6.659;6.659;1.919;0.0001219;0.000231;0.0;0.0;0.02611;16.476;10.637;-0.05285;0.006;20.322;0.5605;0.5289;0.5109;-2.982;-1.309;-1.393;0.00205;0.8926;2.219;0.4355;0.7576;0.001723;96.688;4.512;4.2;0.0005508;1,06E-02;
C:\Users\sblee\OneDrive\Documenten\python\Aesthetics-Toolbox-main\Aesthetics-Toolbox-main\art\DRAM_processed\DRAM_processed\labels\expressionism\robert-falk\falk-rr-butilki-i-kuvshin-1912.png;979;0.958;0.475;0.583;0.01765;0.6975;0.0;0.6977;0.6977;0.6977;0.1913;-1,21E-02;2,30E-02;0.0;0.0;0.002736;1.733;1.733;1.733;0.475;3,02E-02;5,72E-02;0.0;0.0;0.006794;74.521;45.3;-0.2119;-0.08;49.538;0.8737;0.8986;0.8726;-3.063;-1.35;-1.465;0.005583;0.8353;2.089;0.1677;0.5746;0.002785;71.71;3.696;3.326;0.0007224;1,98E-03;
C:\Users\sblee\OneDrive\Documenten\python\Aesthetics-Toolbox-main\Aesthetics-Toolbox-main\art\DRAM_processed\DRAM_processed\labels\expressionism\rudolf-lang\9223372032559843412.png;869;0.738;0.4053;0.9792;0.0261;0.7747;0.0;1.246;1.246;1.246;0.3416;-2,17E-02;4,11E-02;0.0;0.0;0.004886;1.478;1.478;1.478;0.4053;2,57E-02;4,88E-02;0.0;0.0;0.005797;34.383;17.043;0.07724;-0.036;29.194;0.8616;0.8627;0.8583;-3.164;-1.38;-1.488;0.001438;0.8632;2.261;0.3314;0.8001;0.002134;94.273;4.403;3.891;0.0006977;1,31E-03;
C:\Users\sblee\OneDrive\Documenten\python\Aesthetics-Toolbox-main\Aesthetics-Toolbox-main\art\DRAM_processed\DRAM_processed\labels\expressionism\rudolf-lang\9223372032559843417.png;840;1.471;0.9977;0.6153;0.07126;1.873;0.0;1.333;1.333;1.333;0.3689;-2,34E-02;4.44e-05;0.0;0.0;0.005226;3.588;3.588;3.588;0.9977;6,33E-02;0.0001201;0.0;0.0;0.01407;79.127;23.117;0.108;-0.04118;50.375;0.731;0.801;0.6852;-3.044;-1.357;-1.476;0.004054;1.042;2.121;0.204;0.392;0.002534;69.482;4.336;3.932;0.0006917;4.84e-06;
C:\Users\sblee\OneDrive\Documenten\python\Aesthetics-Toolbox-main\Aesthetics-Toolbox-main\art\DRAM_processed\DRAM_processed\labels\expressionism\rudolf-lang\9223372032559843421.png;859;1.393;0.7152;0.5321;0.04041;1.092;0.0;0.9676;0.9676;0.9676;0.2653;-1,68E-02;3,19E-02;0.0;0.0;0.003795;2.609;2.609;2.609;0.7152;4,54E-02;8,61E-02;0.0;0.0;0.01023;79.105;7.772;0.022;-0.03203;56.201;0.8368;0.8127;0.8228;-3.145;-1.367;-1.483;0.002359;0.9086;2.149;0.111;0.4825;0.002769;73.586;4.36;3.663;0.0007066;3,46E-03;
C:\Users\sblee\OneDrive\Documenten\python\Aesthetics-Toolbox-main\Aesthetics-Toolbox-main\art\DRAM_processed\DRAM_processed\labels\expressionism\rudolf-lang\9223372032559843426.png;863;1.377;1.941;0.8457;0.1813;4.775;0.0;3.577;3.577;3.577;1.046;-6.64e-05;0.0001259;0.0;0.0;0.01403;6.634;6.634;6.634;1.941;0.0001232;0.0002336;0.0;0.0;0.02602;60.683;47.297;0.236;0.01515;37.942;0.4763;0.5828;0.471;-3.091;-1.369;-1.484;0.001684;0.946;2.209;0.2372;0.6125;0.001958;84.102;4.493;4.244;0.0006024;1,06E-02;
C:\Users\sblee\OneDrive\Documenten\python\Aesthetics-Toolbox-main\Aesthetics-Toolbox-main\art\DRAM_processed\DRAM_processed\labels\expressionism\rudolf-lang\9223372032559843429.png;823;0.646;0.3923;0.9339;0.01821;0.525;0.0;1.049;1.049;1.049;0.2877;-1,83E-02;3,46E-02;0.0;0.0;0.004115;1.431;1.431;1.431;0.3923;2.49e-05;4,72E-02;0.0;0.0;0.005611;45.801;17.103;0.08514;0.008;31.779;0.8985;0.9093;0.9023;-3.158;-1.329;-1.449;0.00164;0.7833;2.069;0.2217;0.7283;0.002502;89.429;4.383;3.459;0.0007274;1,01E-03;
C:\Users\sblee\OneDrive\Documenten\python\Aesthetics-Toolbox-main\Aesthetics-Toolbox-main\art\DRAM_processed\DRAM_processed\labels\expressionism\william-h-johnson\still-life-bottles-jugs-pitcher-1938.png;923;1.177;0.412;0.4704;0.01461;0.5492;0.0;0.5022;0.5022;0.5022;0.1377;-8,74E-03;1,66E-02;0.0;0.0;0.001969;1.503;1.503;1.503;0.412;2,62E-02;4,96E-02;0.0;0.0;0.005894;82.254;38.017;-0.1774;-0.0684;38.085;0.9206;0.906;0.901;-3.092;-1.386;-1.445;0.003654;0.8496;2.03;0.234;0.5808;0.003195;70.017;3.641;3.062;0.000732;1,45E-03;
C:\Users\sblee\OneDrive\Documenten\python\Aesthetics-Toolbox-main\Aesthetics-Toolbox-main\art\DRAM_processed\DRAM_processed\labels\impressionism\alexej-von-jawlensky\stilleben-mit-weinflasche-1904.png;972;1.059;0.6475;0.6744;0.04807;1.714;0.0;0.8588;0.8588;0.8588;0.2355;-1,50E-02;2,83E-02;0.0;0.0;0.003368;2.362;2.362;2.362;0.6475;4,11E-02;7,79E-02;0.0;0.0;0.009261;75.588;43.899;0.142;0.1674;32.795;0.7664;0.7259;0.735;-3.153;-1.395;-1.431;0.003851;0.9548;2.051;0.1268;0.4556;0.002841;85.782;4.422;4.086;0.0006857;4.42e-06;
C:\Users\sblee\OneDrive\Documenten\python\Aesthetics-Toolbox-main\Aesthetics-Toolbox-main\art\DRAM_processed\DRAM_processed\labels\impressionism\algernon-talmage\afternoon-in-the-norfolk-meadows.png;910;1.22;0.9893;0.6195;0.0674;1.918;0.0;1.539;1.539;1.539;0.4219;-2,68E-02;5,08E-02;0.0;0.0;0.006034;3.608;3.608;3.608;0.9893;6,28E-02;0.0001191;0.0;0.0;0.01415;71.946;42.748;0.052;-0.2073;42.571;0.7811;0.6587;0.6587;-2.955;-1.348;-1.416;0.005225;1.008;2.215;0.09373;0.4286;0.00258;71.363;4.393;4.174;0.0006746;4,02E-03;
C:\Users\sblee\OneDrive\Documenten\python\Aesthetics-Toolbox-main\Aesthetics-Toolbox-main\art\DRAM_processed\DRAM_processed\labels\impressionism\algernon-talmage\boy-on-pony-unfinished.png;905;1.235;1.278;0.6552;0.07634;2.271;0.0;1.767;1.767;1.767;0.4971;-3,16E-02;5,98E-02;0.0;0.0;0.006929;4.538;4.538;4.538;1.278;8,11E-02;0.0001538;0.0;0.0;0.0178;74.996;27.451;0.136;-0.01852;53.091;0.6654;0.6836;0.6517;-3.118;-1.35;-1.464;0.002285;0.8778;2.081;0.2006;0.3879;0.002108;73.148;4.423;4.0;0.0006728;6,16E-03;
C:\Users\sblee\OneDrive\Documenten\python\Aesthetics-Toolbox-main\Aesthetics-Toolbox-main\art\DRAM_processed\DRAM_processed\labels\impressionism\algernon-talmage\cattle-in-moonlight.png;831;1.511;0.5599;0.2586;0.02917;0.7949;0.0;0.4361;0.4361;0.4361;0.1196;-7,59E-03;1,44E-02;0.0;0.0;0.00171;2.042;2.042;2.042;0.5599;3,56E-02;6,74E-02;0.0;0.0;0.008009;90.474;39.033;-0.076;-0.1798;75.553;0.8514;0.819;0.8173;-3.062;-1.349;-1.445;0.003744;0.8751;2.311;0.05157;0.4472;0.003636;54.96;4.347;3.594;0.0007324;2,26E-03;
C:\Users\sblee\OneDrive\Documenten\python\Aesthetics-Toolbox-main\Aesthetics-Toolbox-main\art\DRAM_processed\DRAM_processed\labels\impressionism\algernon-talmage\dedham-landscape.png;915;1.205;0.3172;0.1036;0.026;0.6222;0.0;0.1357;0.1357;0.1357;0.03721;-2,36E-03;4,48E-03;0.0;0.0;0.0005322;1.157;1.157;1.157;0.3172;2,01E-02;3,82E-02;0.0;0.0;0.004537;97.383;44.363;0.088;-0.2036;55.549;0.9573;0.8337;0.8333;-2.887;-1.245;-1.308;0.007446;0.8904;2.309;0.0649;0.4356;0.002201;48.376;4.414;3.887;0.000748;1,29E-03;
C:\Users\sblee\OneDrive\Documenten\python\Aesthetics-Toolbox-main\Aesthetics-Toolbox-main\art\DRAM_processed\DRAM_processed\labels\impressionism\algernon-talmage\falcon.png;889;0.778;1.961;1.511;0.06851;1.879;0.0;8.126;8.126;8.126;2.327;-0.0001477;0.00028;0.0;0.0;0.03187;6.788;6.788;6.788;1.961;0.0001245;0.000236;0.0;0.0;0.02662;28.602;38.893;0.1889;-0.046;21.463;0.6503;0.6734;0.6489;-3.003;-1.375;-1.449;0.005347;0.8568;2.324;0.2113;0.3888;0.002346;90.488;4.122;3.974;0.0006831;5,10E-03;
C:\Users\sblee\OneDrive\Documenten\python\Aesthetics-Toolbox-main\Aesthetics-Toolbox-main\art\DRAM_processed\DRAM_processed\labels\impressionism\algernon-talmage\freshness-of-morning-1920.png;918;1.196;0.982;0.6107;0.07517;2.091;0.0;1.34;1.34;1.34;0.3699;-2,35E-02;4,45E-02;0.0;0.0;0.005253;3.544;3.544;3.544;0.982;6,24E-02;0.0001182;0.0;0.0;0.0139;75.629;41.478;0.104;-0.1794;45.817;0.7232;0.656;0.6469;-2.872;-1.3;-1.379;0.008111;0.9494;2.269;0.07181;0.386;0.002496;70.318;4.289;4.163;0.000674;5,77E-03;
C:\Users\sblee\OneDrive\Documenten\python\Aesthetics-Toolbox-main\Aesthetics-Toolbox-main\art\DRAM_processed\DRAM_processed\labels\impressionism\algernon-talmage\grey-horse.png;902;1.244;1.41;0.6898;0.07558;2.327;0.0;2.398;2.398;2.398;0.6706;-4,26E-02;8,07E-02;0.0;0.0;0.009404;5.042;5.042;5.042;1.41;8,95E-02;0.0001697;0.0;0.0;0.01977;70.216;1.559;0.006;-0.004975;41.21;0.6849;0.6987;0.7041;-3.116;-1.383;-1.467;0.002849;0.8409;2.153;0.2965;0.3969;0.002443;79.579;4.368;3.875;0.000676;6,87E-03;
C:\Users\sblee\OneDrive\Documenten\python\Aesthetics-Toolbox-main\Aesthetics-Toolbox-main\art\DRAM_processed\DRAM_processed\labels\impressionism\algernon-talmage\landscape-with-cattle-1917.png;936;1.147;0.3987;0.1504;0.01996;0.5783;0.0;0.2161;0.2161;0.2161;0.05925;-3,76E-03;7.13e-06;0.0;0.0;0.0008475;1.454;1.454;1.454;0.3987;2,53E-02;4,80E-02;0.0;0.0;0.005702;96.147;77.983;-0.002;-0.3899;63.394;0.9023;0.8379;0.8369;-3.013;-1.15;-0.8245;0.005149;0.9544;1.712;0.0601;0.4408;0.003181;45.88;4.414;3.555;0.0007404;1,60E-03;
C:\Users\sblee\OneDrive\Documenten\python\Aesthetics-Toolbox-main\Aesthetics-Toolbox-main\art\DRAM_processed\DRAM_processed\labels\impressionism\algernon-talmage\october-morning-1920.png;891;1.279;0.7851;0.4369;0.05489;1.553;0.0;0.9012;0.9012;0.9012;0.2471;-1,57E-02;2,97E-02;0.0;0.0;0.003534;2.864;2.864;2.864;0.7851;4,99E-02;9,45E-02;0.0;0.0;0.01123;82.488;50.276;-0.124;-0.2187;46.958;0.7759;0.7179;0.7141;-2.964;-1.348;-1.428;0.006191;0.958;2.285;0.07318;0.4317;0.002467;64.657;4.382;4.092;0.0006975;3,53E-03;
C:\Users\sblee\OneDrive\Documenten\python\Aesthetics-Toolbox-main\Aesthetics-Toolbox-main\art\DRAM_processed\DRAM_processed\labels\impressionism\algernon-talmage\the-birthday-present-1923.png;872;1.344;1.822;1.162;0.1667;4.626;0.0;4.091;4.091;4.091;1.162;-7,38E-02;0.0001399;0.0;0.0;0.01604;6.402;6.402;6.402;1.822;0.0001157;0.0002192;0.0;0.0;0.02511;54.724;20.575;-0.086;-0.05645;19.313;0.6228;0.5672;0.5261;-3.029;-1.351;-1.46;0.00331;0.97;2.098;0.5106;0.7423;0.001869;89.083;4.201;4.23;0.0005884;1,00E-02;
C:\Users\sblee\OneDrive\Documenten\python\Aesthetics-Toolbox-main\Aesthetics-Toolbox-main\art\DRAM_processed\DRAM_processed\labels\impressionism\algernon-talmage\the-sketchers-1930.png;911;1.217;0.9552;0.4039;0.06619;1.903;0.0;0.8791;0.8791;0.8791;0.2487;-1,58E-02;2,99E-02;0.0;0.0;0.003447;3.372;3.372;3.372;0.9552;6,07E-02;0.000115;0.0;0.0;0.01322;86.923;43.996;0.064;-0.2105;41.929;0.7468;0.6654;0.6619;-2.968;-1.302;-1.388;0.005893;0.9843;2.278;0.07063;0.3803;0.002746;62.372;4.364;3.876;0.0007012;4,57E-03;
C:\Users\sblee\OneDrive\Documenten\python\Aesthetics-Toolbox-main\Aesthetics-Toolbox-main\art\DRAM_processed\DRAM_processed\labels\impressionism\anders-zorn\a-portrait-of-a-christian-de-falbe.png;862;0.724;1.613;0.935;0.1005;2.782;0.0;2.873;2.873;2.873;0.8164;-5,18E-02;9,83E-02;0.0;0.0;0.01127;5.662;5.662;5.662;1.613;0.0001024;0.0001941;0.0;0.0;0.0222;63.325;27.051;0.1105;0.078;40.735;0.6302;0.7042;0.6501;-3.084;-1.353;-1.463;0.00155;0.8757;2.175;0.2893;0.4343;0.002254;82.82;4.467;4.032;0.000652;8.77e-06;
C:\Users\sblee\OneDrive\Documenten\python\Aesthetics-Toolbox-main\Aesthetics-Toolbox-main\art\DRAM_processed\DRAM_processed\labels\impressionism\anna-ancher\1905_9223372032559822572.png;923;1.182;1.576;1.122;0.1662;4.651;0.0;2.868;2.868;2.868;0.8166;-5,19E-02;9,83E-02;0.0;0.0;0.01125;5.492;5.492;5.492;1.576;0.0001;0.0001896;0.0;0.0;0.02154;59.256;17.735;0.002;-0.08865;26.642;0.6377;0.5746;0.5632;-2.934;-1.324;-1.384;0.003217;1.014;2.318;0.3251;0.7118;0.001907;85.757;4.206;4.37;0.0005866;8.51e-06;
C:\Users\sblee\OneDrive\Documenten\python\Aesthetics-Toolbox-main\Aesthetics-Toolbox-main\art\DRAM_processed\DRAM_processed\labels\impressionism\anna-ancher\1909_9223372032559822568.png;849;1.433;2.128;0.9802;0.1599;4.263;0.0;6.261;6.261;6.261;1.801;-0.0001143;0.0002167;0.0;0.0;0.02455;7.397;7.397;7.397;2.128;0.0001351;0.0002561;0.0;0.0;0.02901;40.628;16.982;0.038;-0.07593;21.806;0.5944;0.5766;0.5595;-3.093;-1.359;-1.473;0.0022;0.889;2.114;0.4521;0.7329;0.001894;91.11;4.418;4.229;0.0005959;1,05E-02;
C:\Users\sblee\OneDrive\Documenten\python\Aesthetics-Toolbox-main\Aesthetics-Toolbox-main\art\DRAM_processed\DRAM_processed\labels\impressionism\anna-ancher\1913_9223372032559822513.png;913;0.826;1.563;0.8111;0.08204;2.292;0.0;2.363;2.363;2.363;0.6825;-4,33E-02;8,21E-02;0.0;0.0;0.009266;5.377;5.377;5.377;1.563;9,92E-02;0.0001881;0.0;0.0;0.02109;67.867;31.518;0.05932;-0.146;48.319;0.6397;0.6385;0.6091;-2.995;-1.354;-1.411;0.002421;0.9323;2.245;0.248;0.3677;0.002112;81.326;4.505;4.123;0.0006818;5,92E-03;
C:\Users\sblee\OneDrive\Documenten\python\Aesthetics-Toolbox-main\Aesthetics-Toolbox-main\art\DRAM_processed\DRAM_processed\labels\impressionism\anna-ancher\unknown-year_9223372032559822787.png;882;0.764;1.921;0.8449;0.1155;3.282;0.0;4.086;4.086;4.086;1.175;-7,46E-02;0.0001414;0.0;0.0;0.01602;6.678;6.678;6.678;1.921;0.000122;0.0002312;0.0;0.0;0.02619;62.245;15.699;-0.02618;-0.074;45.358;0.7375;0.6135;0.5939;-3.09;-1.348;-1.45;0.002629;0.8529;2.201;0.2956;0.4158;0.002271;80.254;4.115;3.984;0.0006461;8.12e-06;
C:\Users\sblee\OneDrive\Documenten\python\Aesthetics-Toolbox-main\Aesthetics-Toolbox-main\art\DRAM_processed\DRAM_processed\labels\impressionism\anna-ancher\unknown-year_9223372032559822788.png;888;1.289;2.117;0.9732;0.05587;1.589;0.0;6.059;6.059;6.059;1.743;-0.0001107;0.0002098;0.0;0.0;0.02376;7.36;7.36;7.36;2.117;0.0001344;0.0002548;0.0;0.0;0.02886;34.908;45.893;-0.198;-0.116;34.274;0.6605;0.718;0.6681;-3.074;-1.382;-1.463;0.001122;0.7884;2.189;0.1747;0.385;0.002753;85.47;4.207;3.27;0.0007082;6.34e-06;
C:\Users\sblee\OneDrive\Documenten\python\Aesthetics-Toolbox-main\Aesthetics-Toolbox-main\art\DRAM_processed\DRAM_processed\labels\impressionism\camille-pissarro\1886_208543.png;915;0.83;1.968;0.9798;0.1048;2.948;0.0;3.552;3.552;3.552;1.043;-6.62e-05;0.0001255;0.0;0.0;0.01393;6.694;6.694;6.694;1.968;0.000125;0.0002369;0.0;0.0;0.02625;67.316;59.017;0.0253;-0.294;46.684;0.7401;0.5731;0.5547;-3.086;-1.369;-1.486;0.00202;0.8868;2.056;0.1637;0.3655;0.002364;80.925;4.4;4.265;0.0006634;7,97E-03;
C:\Users\sblee\OneDrive\Documenten\python\Aesthetics-Toolbox-main\Aesthetics-Toolbox-main\art\DRAM_processed\DRAM_processed\labels\impressionism\camille-pissarro\1887_208544.png;867;0.734;1.678;0.796;0.1458;3.682;0.0;2.538;2.538;2.538;0.7381;-4,69E-02;8,88E-02;0.0;0.0;0.009952;5.761;5.761;5.761;1.678;0.0001065;0.0002019;0.0;0.0;0.02259;69.855;54.671;-0.1567;-0.224;54.692;0.6627;0.513;0.4909;-3.027;-1.346;-1.43;0.001999;0.985;2.438;0.06469;0.3521;0.002397;75.156;4.534;4.044;0.0006463;7,91E-03;
C:\Users\sblee\OneDrive\Documenten\python\Aesthetics-Toolbox-main\Aesthetics-Toolbox-main\art\DRAM_processed\DRAM_processed\labels\impressionism\camille-pissarro\1889_208183.png;896;1.263;2.207;0.9439;0.0851;2.224;0.0;4.443;4.443;4.443;1.32;-8.38e-05;0.0001589;0.0;0.0;0.01742;7.425;7.425;7.425;2.207;0.0001401;0.0002656;0.0;0.0;0.02912;53.031;67.12;-0.192;-0.2753;48.749;0.6157;0.6742;0.6038;-2.988;-1.342;-1.432;0.002483;0.9307;2.353;0.2635;0.3638;0.002131;77.103;4.348;4.249;0.0006968;6,26E-03;
C:\Users\sblee\OneDrive\Documenten\python\Aesthetics-Toolbox-main\Aesthetics-Toolbox-main\art\DRAM_processed\DRAM_processed\labels\impressionism\camille-pissarro\1889_208541.png;906;1.232;2.386;1.391;0.1209;3.259;0.0;7.004;7.004;7.004;2.063;-0.000131;0.0002482;0.0;0.0;0.02747;8.087;8.087;8.087;2.386;0.0001515;0.0002871;0.0;0.0;0.03171;35.942;25.279;0.014;-0.1256;22.037;0.5725;0.5648;0.5517;-3.018;-1.318;-1.422;0.001436;0.8436;2.178;0.2922;0.5195;0.002131;92.142;4.446;4.16;0.0006481;9,57E-03;
C:\Users\sblee\OneDrive\Documenten\python\Aesthetics-Toolbox-main\Aesthetics-Toolbox-main\art\DRAM_processed\DRAM_processed\labels\impressionism\camille-pissarro\shepherdess-and-sheep-1887.png;916;0.832;2.228;1.224;0.1464;4.079;0.0;5.208;5.208;5.208;1.53;-9,72E-02;0.0001842;0.0;0.0;0.02043;7.57;7.57;7.57;2.228;0.0001415;0.0002682;0.0;0.0;0.02969;50.998;24.02;-0.08173;-0.088;31.134;0.5426;0.5479;0.5394;-3.004;-1.35;-1.426;0.001937;0.8749;2.187;0.2781;0.4776;0.001985;86.245;4.444;4.257;0.0006258;1,03E-02;
C:\Users\sblee\OneDrive\Documenten\python\Aesthetics-Toolbox-main\Aesthetics-Toolbox-main\art\DRAM_processed\DRAM_processed\labels\impressionism\clarence-gagnon\clearing-weather-beaupr-1903.png;835;1.493;1.238;0.3425;0.07336;1.748;0.0;1.085;1.085;1.085;0.3233;-2,05E-02;3.89e-05;0.0;0.0;0.004256;4.156;4.156;4.156;1.238;7,86E-02;0.000149;0.0;0.0;0.0163;87.577;60.605;0.118;-0.2791;67.758;0.7339;0.6689;0.6692;-2.875;-1.309;-1.36;0.01027;0.9613;2.386;0.05034;0.3652;0.002922;53.471;4.298;3.845;0.0007202;3,88E-03;
C:\Users\sblee\OneDrive\Documenten\python\Aesthetics-Toolbox-main\Aesthetics-Toolbox-main\art\DRAM_processed\DRAM_processed\labels\impressionism\claude-monet\1862_212791.png;854;0.708;0.6366;0.9117;0.02767;0.8093;0.0;0.9726;0.9726;0.9726;0.2676;-1,70E-02;3,22E-02;0.0;0.0;0.003814;2.305;2.305;2.305;0.6366;4,04E-02;7,66E-02;0.0;0.0;0.00904;94.88;55.962;0.07345;-0.27;48.635;0.8563;0.8366;0.8244;-3.087;-1.376;-1.461;0.002055;0.8942;2.176;0.1903;0.4339;0.002406;38.457;4.236;3.873;0.0007154;1,76E-03;
C:\Users\sblee\OneDrive\Documenten\python\Aesthetics-Toolbox-main\Aesthetics-Toolbox-main\art\DRAM_processed\DRAM_processed\labels\impressionism\claude-monet\1863_211711.png;880;1.316;0.5332;0.2704;0.04297;1.089;0.0;0.3361;0.3361;0.3361;0.09361;-5,94E-03;1,13E-02;0.0;0.0;0.001318;1.903;1.903;1.903;0.5332;3,39E-02;6,42E-02;0.0;0.0;0.007464;94.919;63.044;0.036;-0.3132;31.884;0.8427;0.7617;0.76;-2.939;-1.354;-1.379;0.006567;0.9917;2.531;0.07033;0.3872;0.002251;57.315;4.436;4.158;0.0007156;2,61E-03;
C:\Users\sblee\OneDrive\Documenten\python\Aesthetics-Toolbox-main\Aesthetics-Toolbox-main\art\DRAM_processed\DRAM_processed\labels\impressionism\claude-monet\1863_212386.png;832;1.506;0.3739;0.4056;0.0109;0.3551;0.0;0.4048;0.4048;0.4048;0.111;-7,05E-03;1,34E-02;0.0;0.0;0.001588;1.364;1.364;1.364;0.3739;2,37E-02;4.5e-05;0.0;0.0;0.005349;87.66;17.098;0.014;0.08434;60.147;0.9716;0.9651;0.9575;-3.083;-1.324;-1.438;0.008525;0.6762;2.045;0.1257;0.6125;0.003637;56.765;3.558;2.876;0.0007478;7.98e-07;
C:\Users\sblee\OneDrive\Documenten\python\Aesthetics-Toolbox-main\Aesthetics-Toolbox-main\art\DRAM_processed\DRAM_processed\labels\impressionism\claude-monet\1864_212770.png;955;1.099;0.4665;0.09905;0.03059;0.847;0.0;0.18;0.18;0.18;0.05171;-3,28E-03;6,22E-03;0.0;0.0;0.0007058;1.623;1.623;1.623;0.4665;2,96E-02;5,61E-02;0.0;0.0;0.006364;97.338;44.581;0.03;-0.2209;60.457;0.8604;0.7854;0.7921;-3.001;-1.292;-1.402;0.008028;0.9742;2.11;0.07676;0.3908;0.002284;46.38;4.092;3.561;0.0007408;1,69E-03;
C:\Users\sblee\OneDrive\Documenten\python\Aesthetics-Toolbox-main\Aesthetics-Toolbox-main\art\DRAM_processed\DRAM_processed\labels\impressionism\claude-monet\1865_212075.png;939;0.878;1.784;0.815;0.0852;2.509;0.0;3.323;3.323;3.323;0.9553;-6,07E-02;0.000115;0.0;0.0;0.01303;6.202;6.202;6.202;1.784;0.0001133;0.0002147;0.0;0.0;0.02432;65.754;17.867;0.07403;-0.05;47.386;0.6573;0.693;0.6361;-3.077;-1.346;-1.46;0.001201;0.8037;2.108;0.279;0.3791;0.002004;77.324;4.499;4.035;0.0006627;7,90E-03;
C:\Users\sblee\OneDrive\Documenten\python\Aesthetics-Toolbox-main\Aesthetics-Toolbox-main\art\DRAM_processed\DRAM_processed\labels\impressionism\claude-monet\1865_212843.png;790;0.5832;1.597;0.7943;0.1209;3.052;0.0;2.591;2.591;2.591;0.7415;-4,71E-02;8,92E-02;0.0;0.0;0.01016;5.574;5.574;5.574;1.597;0.0001014;0.0001922;0.0;0.0;0.02186;72.534;12.455;-0.04296;-0.04509;46.656;0.7384;0.6665;0.6604;-3.105;-1.335;-1.424;0.003291;0.9202;2.282;0.2171;0.3862;0.002384;77.843;3.967;3.923;0.0006578;6,59E-03;
C:\Users\sblee\OneDrive\Documenten\python\Aesthetics-Toolbox-main\Aesthetics-Toolbox-main\art\DRAM_processed\DRAM_processed\labels\impressionism\claude-monet\1866_211714.png;899;1.253;0.723;0.1889;0.02889;0.8107;0.0;0.4337;0.4337;0.4337;0.1248;-7,92E-03;1,50E-02;0.0;0.0;0.001701;2.513;2.513;2.513;0.723;4.59e-05;8,70E-02;0.0;0.0;0.009856;94.562;85.796;-0.356;-0.2393;76.695;0.7867;0.7848;0.7904;-3.051;-1.438;-1.336;0.002665;0.8503;1.971;0.0;0.3884;0.003567;47.024;4.472;3.679;0.0007414;2,68E-03;
C:\Users\sblee\OneDrive\Documenten\python\Aesthetics-Toolbox-main\Aesthetics-Toolbox-main\art\DRAM_processed\DRAM_processed\labels\impressionism\claude-monet\1867_211945.png;878;1.323;0.8799;0.5116;0.1197;2.696;0.0;0.8324;0.8324;0.8324;0.2351;-1,49E-02;2,83E-02;0.0;0.0;0.003265;3.094;3.094;3.094;0.8799;5,59E-02;0.0001059;0.0;0.0;0.01213;87.795;51.771;-0.034;-0.2566;40.182;0.7001;0.6324;0.5951;-2.917;-1.326;-1.421;0.00369;1.164;2.413;0.2479;0.4229;0.001753;67.372;4.494;4.434;0.0006503;4,98E-03;
C:\Users\sblee\OneDrive\Documenten\python\Aesthetics-Toolbox-main\Aesthetics-Toolbox-main\art\DRAM_processed\DRAM_processed\labels\impressionism\claude-monet\1868_211916.png;897;0.794;0.4573;0.7676;0.02643;0.7368;0.0;0.8965;0.8965;0.8965;0.2458;-1.56e-05;2,96E-02;0.0;0.0;0.003516;1.668;1.668;1.668;0.4573;2,90E-02;5,50E-02;0.0;0.0;0.006541;67.322;5.989;-0.02393;0.018;44.5;0.9097;0.8821;0.8813;-3.147;-1.341;-1.441;0.003006;0.8371;2.174;0.2077;0.6197;0.002593;76.716;3.823;3.719;0.0007177;1,48E-03;
C:\Users\sblee\OneDrive\Documenten\python\Aesthetics-Toolbox-main\Aesthetics-Toolbox-main\art\DRAM_processed\DRAM_processed\labels\impressionism\claude-monet\1868_211923.png;907;0.814;0.5045;0.8862;0.03834;1.033;0.0;1.216;1.216;1.216;0.3335;-2,12E-02;4,01E-02;0.0;0.0;0.00477;1.84;1.84;1.84;0.5045;3,20E-02;6,07E-02;0.0;0.0;0.007216;54.45;8.686;-0.01106;-0.042;34.801;0.8624;0.8437;0.837;-3.139;-1.347;-1.461;0.001892;0.8798;2.169;0.3686;0.7951;0.001938;86.314;4.077;4.182;0.0006823;1,99E-03;
C:\Users\sblee\OneDrive\Documenten\python\Aesthetics-Toolbox-main\Aesthetics-Toolbox-main\art\DRAM_processed\DRAM_processed\labels\impressionism\claude-monet\1869_211760.png;899;1.248;0.7997;1.017;0.08;2.135;0.0;1.51;1.51;1.51;0.4191;-2,66E-02;5,04E-02;0.0;0.0;0.005921;2.826;2.826;2.826;0.7997;5,08E-02;9,62E-02;0.0;0.0;0.01108;47.416;40.203;0.1032;-0.1725;26.416;0.7894;0.7037;0.6883;-2.935;-1.362;-1.47;0.00821;0.9504;2.091;0.2309;0.4263;0.002232;85.37;4.286;4.191;0.0006684;3.97e-06;
C:\Users\sblee\OneDrive\Documenten\python\Aesthetics-Toolbox-main\Aesthetics-Toolbox-main\art\DRAM_processed\DRAM_processed\labels\impressionism\claude-monet\1872_212045.png;914;1.208;1.321;0.6482;0.08605;2.291;0.0;1.711;1.711;1.711;0.487;-3,09E-02;5,86E-02;0.0;0.0;0.006708;4.633;4.633;4.633;1.321;8,39E-02;0.0001589;0.0;0.0;0.01817;77.435;24.611;0.116;0.04106;56.346;0.646;0.6964;0.6406;-2.92;-1.31;-1.371;0.002518;0.9336;2.173;0.1829;0.3761;0.002112;68.449;4.487;4.07;0.0006816;4,88E-03;
C:\Users\sblee\OneDrive\Documenten\python\Aesthetics-Toolbox-main\Aesthetics-Toolbox-main\art\DRAM_processed\DRAM_processed\labels\impressionism\claude-monet\1875_212081.png;922;1.185;1.903;0.8334;0.07816;2.348;0.0;3.967;3.967;3.967;1.141;-7,25E-02;0.0001373;0.0;0.0;0.01556;6.616;6.616;6.616;1.903;0.0001208;0.000229;0.0;0.0;0.02594;55.823;39.264;-0.028;-0.1943;33.841;0.6326;0.5995;0.5905;-3.07;-1.387;-1.469;0.0009403;0.7924;2.008;0.2118;0.3787;0.002544;82.531;4.364;3.762;0.000675;8,27E-03;
C:\Users\sblee\OneDrive\Documenten\python\Aesthetics-Toolbox-main\Aesthetics-Toolbox-main\art\DRAM_processed\DRAM_processed\labels\impressionism\claude-monet\1877_212235.png;847;0.694;2.114;0.9707;0.1036;2.805;0.0;5.995;5.995;5.995;1.725;-0.0001095;0.0002075;0.0;0.0;0.02351;7.347;7.347;7.347;2.114;0.0001342;0.0002544;0.0;0.0;0.02881;43.602;8.941;-0.03314;-0.03;31.937;0.6219;0.6333;0.6009;-3.064;-1.376;-1.453;0.002104;0.8285;2.262;0.2343;0.4964;0.002271;91.192;4.424;3.718;0.0006601;9.19e-06;
C:\Users\sblee\OneDrive\Documenten\python\Aesthetics-Toolbox-main\Aesthetics-Toolbox-main\art\DRAM_processed\DRAM_processed\labels\impressionism\claude-monet\1879_212064.png;835;0.67;1.946;0.8609;0.06642;1.694;0.0;10.74;10.74;10.74;3.089;-0.0001961;0.0003718;0.0;0.0;0.04212;6.764;6.764;6.764;1.946;0.0001235;0.0002342;0.0;0.0;0.02653;14.644;17.663;0.007463;-0.088;24.661;0.848;0.6497;0.6485;-3.051;-1.382;-1.479;0.006783;0.7514;2.139;0.2015;0.3866;0.00289;97.538;4.209;3.044;0.0007047;6,95E-03;
C:\Users\sblee\OneDrive\Documenten\python\Aesthetics-Toolbox-main\Aesthetics-Toolbox-main\art\DRAM_processed\DRAM_processed\labels\impressionism\claude-monet\1879_212198.png;887;1.292;0.3793;0.8893;0.02171;0.6581;0.0;0.92;0.92;0.92;0.2522;-1,60E-02;3,04E-02;0.0;0.0;0.003608;1.383;1.383;1.383;0.3793;2,41E-02;4,56E-02;0.0;0.0;0.005425;55.532;8.445;-0.03;-0.02972;30.222;0.9054;0.896;0.9006;-3.15;-1.311;-1.43;0.001658;0.8521;2.223;0.2728;0.7264;0.002384;84.435;4.099;3.923;0.0007126;1,06E-03;
C:\Users\sblee\OneDrive\Documenten\python\Aesthetics-Toolbox-main\Aesthetics-Toolbox-main\art\DRAM_processed\DRAM_processed\labels\impressionism\claude-monet\1880_211793.png;906;0.812;2.34;0.9999;0.1656;4.505;0.0;7.885;7.885;7.885;2.307;-0.0001464;0.0002776;0.0;0.0;0.03092;7.999;7.999;7.999;2.34;0.0001486;0.0002816;0.0;0.0;0.03137;32.382;14.921;-0.04433;0.06;22.028;0.5628;0.5397;0.5169;-3.032;-1.35;-1.434;0.002247;0.9395;2.288;0.3584;0.7131;0.001812;92.92;4.492;4.292;0.0006082;9,98E-03;
C:\Users\sblee\OneDrive\Documenten\python\Aesthetics-Toolbox-main\Aesthetics-Toolbox-main\art\DRAM_processed\DRAM_processed\labels\impressionism\claude-monet\1880_212240.png;901;0.802;2.156;0.9993;0.07167;2.102;0.0;7.74;7.74;7.74;2.227;-0.0001414;0.000268;0.0;0.0;0.03035;7.496;7.496;7.496;2.156;0.0001369;0.0002595;0.0;0.0;0.0294;32.979;25.949;-0.0212;-0.128;27.705;0.6875;0.6374;0.6319;-3.068;-1.387;-1.469;0.00348;0.8039;2.102;0.2569;0.3833;0.002549;92.104;4.189;3.313;0.0006892;7,00E-06;
C:\Users\sblee\OneDrive\Documenten\python\Aesthetics-Toolbox-main\Aesthetics-Toolbox-main\art\DRAM_processed\DRAM_processed\labels\impressionism\claude-monet\1881_211770.png;864;0.728;0.3725;0.5658;0.05692;1.308;0.0;0.5323;0.5323;0.5323;0.1459;-9,27E-03;1,76E-02;0.0;0.0;0.002087;1.359;1.359;1.359;0.3725;2,37E-02;4,48E-02;0.0;0.0;0.005328;74.813;35.975;-0.1264;-0.128;53.374;0.8553;0.8537;0.8394;-2.894;-1.249;-1.31;0.01383;1.045;2.458;0.3556;0.7312;0.001913;78.28;3.971;4.047;0.0006736;2.31e-06;
C:\Users\sblee\OneDrive\Documenten\python\Aesthetics-Toolbox-main\Aesthetics-Toolbox-main\art\DRAM_processed\DRAM_processed\labels\impressionism\claude-monet\1882_211999.png;902;0.804;1.654;0.9944;0.05973;1.869;0.0;5.469;5.469;5.469;1.514;-9.61e-05;0.0001822;0.0;0.0;0.02145;5.977;5.977;5.977;1.654;0.000105;0.000199;0.0;0.0;0.02344;43.387;10.852;0.04229;-0.034;30.428;0.7198;0.7639;0.6658;-3.022;-1.324;-1.468;0.002374;0.8474;2.243;0.2607;0.4587;0.002268;87.407;4.489;3.482;0.0006791;7,04E-03;
C:\Users\sblee\OneDrive\Documenten\python\Aesthetics-Toolbox-main\Aesthetics-Toolbox-main\art\DRAM_processed\DRAM_processed\labels\impressionism\claude-monet\1882_212234.png;853;0.706;2.047;1.441;0.09946;2.509;0.0;7.686;7.686;7.686;2.193;-0.0001392;0.0002639;0.0;0.0;0.03014;7.154;7.154;7.154;2.047;0.00013;0.0002464;0.0;0.0;0.02806;27.861;18.507;0.009915;-0.092;29.388;0.6405;0.5793;0.5528;-3.006;-1.315;-1.417;0.003548;0.781;2.08;0.3379;0.5629;0.002067;93.014;4.437;3.78;0.0006547;9,89E-03;
C:\Users\sblee\OneDrive\Documenten\python\Aesthetics-Toolbox-main\Aesthetics-Toolbox-main\art\DRAM_processed\DRAM_processed\labels\impressionism\claude-monet\1882_212241.png;908;0.816;2.145;0.992;0.07364;2.194;0.0;8.291;8.291;8.291;2.385;-0.0001514;0.000287;0.0;0.0;0.03251;7.458;7.458;7.458;2.145;0.0001362;0.0002582;0.0;0.0;0.02925;30.166;21.903;0.03431;-0.104;25.97;0.7048;0.6406;0.6121;-3.063;-1.369;-1.464;0.003493;0.7667;2.02;0.2446;0.3844;0.002541;94.024;4.311;3.399;0.0006867;7,87E-03;
C:\Users\sblee\OneDrive\Documenten\python\Aesthetics-Toolbox-main\Aesthetics-Toolbox-main\art\DRAM_processed\DRAM_processed\labels\impressionism\claude-monet\1882_212795.png;863;1.377;0.7145;0.7623;0.04456;1.135;0.0;0.9157;0.9157;0.9157;0.2553;-1,62E-02;3,07E-02;0.0;0.0;0.003591;2.52;2.52;2.52;0.7145;4,54E-02;8,60E-02;0.0;0.0;0.00988;95.225;11.629;-0.058;-0.004132;33.904;0.7765;0.7762;0.815;-2.957;-1.33;-1.425;0.001854;0.8261;2.236;0.1504;0.4019;0.002519;56.456;4.362;3.857;0.000703;2.54e-06;
C:\Users\sblee\OneDrive\Documenten\python\Aesthetics-Toolbox-main\Aesthetics-Toolbox-main\art\DRAM_processed\DRAM_processed\labels\impressionism\claude-monet\1883_211780.png;845;1.449;0.4812;0.8272;0.04982;1.205;0.0;1.041;1.041;1.041;0.2855;-1,81E-02;3,44E-02;0.0;0.0;0.004083;1.755;1.755;1.755;0.4812;3,06E-02;5,79E-02;0.0;0.0;0.006883;53.286;23.279;0.082;-0.08261;31.389;0.8236;0.8231;0.8286;-3.054;-1.309;-1.41;0.004677;1.009;2.336;0.3595;0.7592;0.002085;90.778;4.192;4.128;0.0006785;2,24E-03;
C:\Users\sblee\OneDrive\Documenten\python\Aesthetics-Toolbox-main\Aesthetics-Toolbox-main\art\DRAM_processed\DRAM_processed\labels\impressionism\claude-monet\1885_212777.png;892;1.276;0.5093;0.8984;0.04649;1.237;0.0;1.259;1.259;1.259;0.3451;-2,19E-02;4,15E-02;0.0;0.0;0.004935;1.857;1.857;1.857;0.5093;3,23E-02;6,13E-02;0.0;0.0;0.007284;53.767;9.551;0.02;-0.04337;26.074;0.8272;0.822;0.8175;-3.15;-1.31;-1.465;0.002251;0.9424;2.343;0.3645;0.7615;0.001888;86.208;3.913;3.995;0.0006702;2.21e-06;
C:\Users\sblee\OneDrive\Documenten\python\Aesthetics-Toolbox-main\Aesthetics-Toolbox-main\art\DRAM_processed\DRAM_processed\labels\impressionism\claude-monet\1886_212355.png;915;0.83;2.141;0.9891;0.0553;1.621;0.0;8.42;8.42;8.42;2.422;-0.0001538;0.0002915;0.0;0.0;0.03302;7.443;7.443;7.443;2.141;0.0001359;0.0002577;0.0;0.0;0.02919;28.327;33.642;-0.008434;-0.168;26.786;0.8719;0.6657;0.6552;-3.064;-1.369;-1.456;0.00292;0.77;2.234;0.2378;0.3832;0.002661;93.449;4.203;3.211;0.0007019;6,94E-03;
C:\Users\sblee\OneDrive\Documenten\python\Aesthetics-Toolbox-main\Aesthetics-Toolbox-main\art\DRAM_processed\DRAM_processed\labels\impressionism\claude-monet\1886_213041.png;820;0.6433;1.478;0.5731;0.06219;1.622;0.0;2.037;2.037;2.037;0.5859;-3.72e-05;7,05E-02;0.0;0.0;0.007987;5.138;5.138;5.138;1.478;9,39E-02;0.0001779;0.0;0.0;0.02015;78.119;9.804;-0.0296;0.03908;55.839;0.7836;0.7691;0.733;-3.071;-1.351;-1.457;0.001172;0.8742;2.083;0.1534;0.3924;0.003117;66.405;4.242;3.594;0.0007089;4,64E-03;
C:\Users\sblee\OneDrive\Documenten\python\Aesthetics-Toolbox-main\Aesthetics-Toolbox-main\art\DRAM_processed\DRAM_processed\labels\impressionism\claude-monet\1888_212797.png;898;1.256;2.334;0.9961;0.1543;4.263;0.0;8.59;8.59;8.59;2.513;-0.0001595;0.0003024;0.0;0.0;0.03368;7.978;7.978;7.978;2.334;0.0001482;0.0002809;0.0;0.0;0.03129;30.174;11.62;0.006;0.05779;22.277;0.6583;0.4834;0.4909;-3.081;-1.372;-1.429;0.00294;0.8646;2.247;0.4347;0.7251;0.001966;94.61;4.502;4.158;0.0006126;1,12E-02;
C:\Users\sblee\OneDrive\Documenten\python\Aesthetics-Toolbox-main\Aesthetics-Toolbox-main\art\DRAM_processed\DRAM_processed\labels\impressionism\giovanni-fattori\bauer-mit-ochsenkarren-1900.png;776;1.812;1.292;0.8948;0.1215;2.926;0.0;2.299;2.299;2.299;0.64;-4,06E-02;7,70E-02;0.0;0.0;0.009016;4.615;4.615;4.615;1.292;8,21E-02;0.0001555;0.0;0.0;0.0181;67.203;23.831;-0.102;0.06159;49.781;0.6717;0.7385;0.63;-2.935;-1.326;-1.426;0.009602;1.041;2.289;0.2444;0.387;0.002107;77.904;4.313;4.186;0.0006425;6,56E-03;
C:\Users\sblee\OneDrive\Documenten\python\Aesthetics-Toolbox-main\Aesthetics-Toolbox-main\art\DRAM_processed\DRAM_processed\labels\impressionism\giovanni-fattori\bauer-mit-zusammengebrochenem-pferd-1903.png;783;1.767;1.177;0.5728;0.09003;2.222;0.0;1.408;1.408;1.408;0.3978;-2,53E-02;4,79E-02;0.0;0.0;0.005522;4.162;4.162;4.162;1.177;7,48E-02;0.0001417;0.0;0.0;0.01632;80.827;14.305;0.046;-0.05477;60.281;0.7309;0.7362;0.7113;-3.01;-1.335;-1.424;0.004713;0.9442;2.102;0.1768;0.393;0.00256;70.243;4.497;4.04;0.0006851;5,38E-03;
C:\Users\sblee\OneDrive\Documenten\python\Aesthetics-Toolbox-main\Aesthetics-Toolbox-main\art\DRAM_processed\DRAM_processed\labels\impressionism\giovanni-fattori\berittener-hirte-und-k-he-1880.png;751;1.992;0.9589;0.5222;0.08906;1.902;0.0;0.9809;0.9809;0.9809;0.2754;-1,75E-02;3,32E-02;0.0;0.0;0.003847;3.403;3.403;3.403;0.9589;6,09E-02;0.0001154;0.0;0.0;0.01335;85.264;33.51;-0.144;-0.08566;56.393;0.727;0.7373;0.6894;-2.891;-1.252;-1.313;0.003313;1.021;2.123;0.2031;0.3953;0.002292;66.367;4.322;4.197;0.0006818;4,55E-03;
C:\Users\sblee\OneDrive\Documenten\python\Aesthetics-Toolbox-main\Aesthetics-Toolbox-main\art\DRAM_processed\DRAM_processed\labels\impressionism\giovanni-fattori\carri-romani-1872.png;829;1.52;1.273;0.6276;0.1288;3.425;0.0;1.824;1.824;1.824;0.511;-3,24E-02;6.15e-05;0.0;0.0;0.007151;4.543;4.543;4.543;1.273;8,09E-02;0.0001532;0.0;0.0;0.01781;74.964;45.875;-0.204;-0.1049;36.726;0.6375;0.7156;0.6339;-2.973;-1.335;-1.423;0.006282;1.037;2.338;0.3049;0.7166;0.002146;75.759;4.259;4.17;0.0006395;7,85E-03;
C:\Users\sblee\OneDrive\Documenten\python\Aesthetics-Toolbox-main\Aesthetics-Toolbox-main\art\DRAM_processed\DRAM_processed\labels\impressionism\giovanni-fattori\cowboys-and-herds-in-the-maremma-1894.png;849;1.433;1.499;1.22;0.1651;4.103;0.0;3.179;3.179;3.179;0.8866;-5,63E-02;0.0001067;0.0;0.0;0.01246;5.354;5.354;5.354;1.499;9,52E-02;0.0001804;0.0;0.0;0.021;59.476;21.295;-0.106;0.01003;33.316;0.6349;0.6806;0.6289;-2.985;-1.308;-1.397;0.001565;1.027;2.263;0.4219;0.723;0.001571;83.059;4.528;4.438;0.0005711;6,98E-03;
C:\Users\sblee\OneDrive\Documenten\python\Aesthetics-Toolbox-main\Aesthetics-Toolbox-main\art\DRAM_processed\DRAM_processed\labels\impressionism\giovanni-fattori\pause-in-the-maremma-with-farmers-and-ox-cart-1875.png;738;2.101;0.8374;0.41;0.07339;1.595;0.0;0.7698;0.7698;0.7698;0.2157;-1.37e-05;2,60E-02;0.0;0.0;0.003019;2.972;2.972;2.972;0.8374;5,32E-02;0.0001008;0.0;0.0;0.01165;87.273;37.177;-0.182;-0.03782;51.213;0.7711;0.7795;0.7509;-3.015;-1.27;-1.26;0.003871;1.08;2.216;0.1209;0.3968;0.002685;69.765;4.482;4.119;0.0007024;3,99E-03;
C:\Users\sblee\OneDrive\Documenten\python\Aesthetics-Toolbox-main\Aesthetics-Toolbox-main\art\DRAM_processed\DRAM_processed\labels\impressionism\gustave-caillebotte\1872_233784.png;827;1.529;0.6662;0.2179;0.04043;1.012;0.0;0.4523;0.4523;0.4523;0.1265;-8.03e-06;1,52E-02;0.0;0.0;0.001774;2.382;2.382;2.382;0.6662;4.23e-05;8,02E-02;0.0;0.0;0.009342;92.91;17.284;-0.048;0.07187;78.949;0.8508;0.8892;0.8529;-2.905;-1.291;-1.357;0.01491;1.106;2.27;0.1496;0.3989;0.003719;47.91;3.982;3.738;0.0007379;2,03E-03;
C:\Users\sblee\OneDrive\Documenten\python\Aesthetics-Toolbox-main\Aesthetics-Toolbox-main\art\DRAM_processed\DRAM_processed\labels\impressionism\gustave-caillebotte\1874_233824.png;875;1.333;1.453;0.721;0.09639;2.864;0.0;2.594;2.594;2.594;0.7255;-4,61E-02;8,73E-02;0.0;0.0;0.01017;5.196;5.196;5.196;1.453;9,23E-02;0.0001749;0.0;0.0;0.02038;65.157;15.62;0.018;0.076;39.478;0.6506;0.681;0.6217;-3.055;-1.329;-1.445;0.00529;0.8854;2.295;0.3145;0.3969;0.002377;78.899;4.183;4.035;0.0006523;8,18E-03;
C:\Users\sblee\OneDrive\Documenten\python\Aesthetics-Toolbox-main\Aesthetics-Toolbox-main\art\DRAM_processed\DRAM_processed\labels\impressionism\gustave-caillebotte\1877_233796.png;884;1.302;1.008;0.6014;0.05666;1.59;0.0;1.048;1.048;1.048;0.2988;-1,90E-02;3,60E-02;0.0;0.0;0.004111;3.513;3.513;3.513;1.008;6,40E-02;0.0001214;0.0;0.0;0.01378;89.623;28.807;-0.14;0.03385;46.652;0.6971;0.7732;0.6979;-3.069;-1.342;-1.458;0.002736;0.8773;2.181;0.1753;0.3828;0.002635;61.622;4.375;3.571;0.0006982;4,96E-03;
C:\Users\sblee\OneDrive\Documenten\python\Aesthetics-Toolbox-main\Aesthetics-Toolbox-main\art\DRAM_processed\DRAM_processed\labels\impressionism\gustave-caillebotte\1878_233982.png;901;0.802;1.538;0.7837;0.07847;2.417;0.0;3.033;3.033;3.033;0.8482;-5,39E-02;0.0001021;0.0;0.0;0.01189;5.498;5.498;5.498;1.538;9,76E-02;0.000185;0.0;0.0;0.02156;60.845;12.727;-0.0212;0.06;37.557;0.6364;0.6567;0.6646;-3.07;-1.346;-1.468;0.002293;0.8543;2.308;0.3172;0.4003;0.002352;80.836;4.221;3.881;0.000673;6,36E-03;
C:\Users\sblee\OneDrive\Documenten\python\Aesthetics-Toolbox-main\Aesthetics-Toolbox-main\art\DRAM_processed\DRAM_processed\labels\impressionism\gustave-caillebotte\1879_233795.png;874;1.337;1.876;1.567;0.1281;3.238;0.0;6.059;6.059;6.059;1.728;-0.0001097;0.000208;0.0;0.0;0.02376;6.505;6.505;6.505;1.876;0.0001191;0.0002258;0.0;0.0;0.02551;43.521;28.97;0.124;-0.07487;25.722;0.5932;0.6094;0.577;-2.915;-1.321;-1.435;0.001725;0.9006;2.115;0.3589;0.6505;0.001958;88.719;4.4;4.173;0.0006192;7,97E-03;
C:\Users\sblee\OneDrive\Documenten\python\Aesthetics-Toolbox-main\Aesthetics-Toolbox-main\art\DRAM_processed\DRAM_processed\labels\impressionism\gustave-caillebotte\1880_233846.png;874;0.748;1.512;0.5929;0.05969;1.623;0.0;2.15;2.15;2.15;0.6184;-3,93E-02;7,44E-02;0.0;0.0;0.008431;5.256;5.256;5.256;1.512;9,60E-02;0.000182;0.0;0.0;0.02061;72.515;40.784;0.1444;-0.144;59.585;0.7415;0.7439;0.7389;-3.072;-1.373;-1.461;0.001827;0.8097;1.982;0.09457;0.3857;0.003114;76.008;4.109;3.323;0.0007124;5,34E-03;
C:\Users\sblee\OneDrive\Documenten\python\Aesthetics-Toolbox-main\Aesthetics-Toolbox-main\art\DRAM_processed\DRAM_processed\labels\impressionism\gustave-caillebotte\1880_233962.png;841;1.466;0.3757;0.877;0.01621;0.4649;0.0;0.8897;0.8897;0.8897;0.2439;-1,55E-02;2,94E-02;0.0;0.0;0.003489;1.37;1.37;1.37;0.3757;2,39E-02;4,52E-02;0.0;0.0;0.005373;54.846;18.0;0.01;-0.08944;33.003;0.9261;0.9112;0.9054;-3.107;-1.358;-1.472;0.002413;0.7777;2.147;0.2141;0.6829;0.002593;82.368;3.998;3.382;0.0007336;8,20E-04;
C:\Users\sblee\OneDrive\Documenten\python\Aesthetics-Toolbox-main\Aesthetics-Toolbox-main\art\DRAM_processed\DRAM_processed\labels\impressionism\gustave-caillebotte\1881_233916.png;851;1.425;0.4011;0.4514;0.01256;0.4335;0.0;0.4726;0.4726;0.4726;0.1296;-8,23E-03;1.56e-05;0.0;0.0;0.001854;1.463;1.463;1.463;0.4011;2,55E-02;4,83E-02;0.0;0.0;0.005737;86.526;82.537;0.41;-0.04701;70.106;0.9146;0.9628;0.9153;-3.087;nan;nan;0.006959;0.8174;2.19;0.07234;0.6088;0.004493;61.697;3.463;2.809;0.0007433;9,20E-04;
C:\Users\sblee\OneDrive\Documenten\python\Aesthetics-Toolbox-main\Aesthetics-Toolbox-main\art\DRAM_processed\DRAM_processed\labels\impressionism\gustave-caillebotte\1882_233964.png;868;0.736;0.3626;0.8327;0.01947;0.588;0.0;0.792;0.792;0.792;0.2171;-1,38E-02;2,61E-02;0.0;0.0;0.003106;1.322;1.322;1.322;0.3626;2,30E-02;4,36E-02;0.0;0.0;0.005186;60.365;1.679;0.008152;-0.002;40.476;0.9079;0.9079;0.9177;-3.147;-1.342;-1.465;0.00159;0.8476;2.139;0.3349;0.7423;0.002384;84.693;4.129;3.801;0.0007204;9,44E-04;
C:\Users\sblee\OneDrive\Documenten\python\Aesthetics-Toolbox-main\Aesthetics-Toolbox-main\art\DRAM_processed\DRAM_processed\labels\impressionism\gustave-caillebotte\1883_233816.png;817;1.577;0.378;0.8849;0.0272;0.753;0.0;0.9089;0.9089;0.9089;0.2492;-1,58E-02;3,00E-02;0.0;0.0;0.003564;1.379;1.379;1.379;0.378;2.4e-05;4,55E-02;0.0;0.0;0.005406;55.051;18.017;0.086;-0.02681;35.748;0.9004;0.9004;0.8892;-3.12;-1.327;-1.443;0.001825;0.8877;2.135;0.3669;0.7936;0.002234;84.084;3.971;3.991;0.0007095;9,84E-04;
C:\Users\sblee\OneDrive\Documenten\python\Aesthetics-Toolbox-main\Aesthetics-Toolbox-main\art\DRAM_processed\DRAM_processed\labels\impressionism\gustave-caillebotte\1884_233845.png;897;1.259;1.747;0.9391;0.1318;3.693;0.0;3.348;3.348;3.348;0.9587;-6,09E-02;0.0001154;0.0;0.0;0.01313;6.085;6.085;6.085;1.747;0.0001109;0.0002102;0.0;0.0;0.02386;58.826;36.01;0.164;0.07431;45.205;0.5673;0.6161;0.5367;-3.016;-1.348;-1.448;0.002314;0.9649;2.107;0.2794;0.6893;0.00217;83.245;4.376;4.163;0.0006212;8,44E-03;
C:\Users\sblee\OneDrive\Documenten\python\Aesthetics-Toolbox-main\Aesthetics-Toolbox-main\art\DRAM_processed\DRAM_processed\labels\impressionism\gustave-caillebotte\1884_233893.png;884;1.302;1.164;0.5365;0.07726;2.244;0.0;1.305;1.305;1.305;0.3711;-2,36E-02;4,47E-02;0.0;0.0;0.005119;4.084;4.084;4.084;1.164;7,39E-02;0.00014;0.0;0.0;0.01602;84.13;21.336;-0.102;-0.03125;41.092;0.7078;0.7231;0.6786;-3.081;-1.37;-1.452;0.001667;0.8744;3.372;0.2986;0.3833;0.002246;72.247;4.388;3.865;0.0006847;5,65E-03;
C:\Users\sblee\OneDrive\Documenten\python\Aesthetics-Toolbox-main\Aesthetics-Toolbox-main\art\DRAM_processed\DRAM_processed\labels\impressionism\gustave-caillebotte\1888_233801.png;913;0.826;2.123;0.9771;0.06136;1.83;0.0;6.169;6.169;6.169;1.774;-0.0001127;0.0002136;0.0;0.0;0.02419;7.381;7.381;7.381;2.123;0.0001348;0.0002555;0.0;0.0;0.02894;43.234;34.535;-0.03027;-0.17;33.965;0.7044;0.6925;0.679;-3.057;-1.377;-1.47;0.001882;0.76;1.992;0.2229;0.3823;0.002814;88.229;4.128;3.275;0.0006988;6,00E-03;
C:\Users\sblee\OneDrive\Documenten\python\Aesthetics-Toolbox-main\Aesthetics-Toolbox-main\art\DRAM_processed\DRAM_processed\labels\impressionism\gustave-caillebotte\1889_233878.png;907;0.814;2.114;0.9712;0.06509;1.933;0.0;6.007;6.007;6.007;1.728;-0.0001097;0.0002079;0.0;0.0;0.02356;7.35;7.35;7.35;2.114;0.0001342;0.0002544;0.0;0.0;0.02882;37.818;35.04;-0.1364;-0.11;38.342;0.6381;0.6578;0.6662;-3.088;-1.406;-1.457;0.002593;0.8059;2.066;0.2133;0.3863;0.002945;86.831;4.083;3.131;0.000697;7.38e-06;
C:\Users\sblee\OneDrive\Documenten\python\Aesthetics-Toolbox-main\Aesthetics-Toolbox-main\art\DRAM_processed\DRAM_processed\labels\impressionism\gustave-caillebotte\1890_233798.png;905;1.235;0.3779;0.5782;0.05139;1.404;0.0;0.5509;0.5509;0.5509;0.151;-9,59E-03;1,82E-02;0.0;0.0;0.00216;1.378;1.378;1.378;0.3779;2,40E-02;4,55E-02;0.0;0.0;0.005406;75.671;3.43;-0.016;-0.006173;30.844;0.8559;0.8498;0.8505;-3.033;-1.316;-1.414;0.01411;1.024;2.446;0.3503;0.7579;0.00217;79.528;3.571;3.797;0.0006777;2,01E-03;
C:\Users\sblee\OneDrive\Documenten\python\Aesthetics-Toolbox-main\Aesthetics-Toolbox-main\art\DRAM_processed\DRAM_processed\labels\impressionism\gustave-caillebotte\1894_233802.png;918;0.836;1.193;0.4138;0.04798;1.39;0.0;1.25;1.25;1.25;0.3595;-2,28E-02;4,33E-02;0.0;0.0;0.004901;4.145;4.145;4.145;1.193;7,57E-02;0.0001435;0.0;0.0;0.01626;83.605;31.331;0.1268;-0.092;65.545;0.7321;0.8177;0.7288;-3.033;-1.329;-1.443;0.002634;0.946;2.069;0.05168;0.3805;0.003646;57.032;3.919;3.374;0.0007251;4,63E-03;
C:\Users\sblee\OneDrive\Documenten\python\Aesthetics-Toolbox-main\Aesthetics-Toolbox-main\art\DRAM_processed\DRAM_processed\labels\impressionism\henri-de-toulouse-lautrec\1879_230355.png;859;0.718;1.51;0.8671;0.1159;3.154;0.0;2.612;2.612;2.612;0.7363;-4,68E-02;8,86E-02;0.0;0.0;0.01024;5.35;5.35;5.35;1.51;9,59E-02;0.0001817;0.0;0.0;0.02098;67.751;14.069;-0.006964;-0.07;49.221;0.6485;0.6131;0.6227;-3.065;-1.313;-1.451;0.003388;0.8695;2.158;0.2733;0.5109;0.002035;79.882;4.246;4.082;0.000642;8,35E-03;
C:\Users\sblee\OneDrive\Documenten\python\Aesthetics-Toolbox-main\Aesthetics-Toolbox-main\art\DRAM_processed\DRAM_processed\labels\impressionism\henri-de-toulouse-lautrec\1879_230356.png;791;0.582;1.745;1.117;0.2015;4.832;0.0;4.0;4.0;4.0;1.128;-7,16E-02;0.0001357;0.0;0.0;0.01569;6.183;6.183;6.183;1.745;0.0001108;0.00021;0.0;0.0;0.02425;51.115;32.671;-0.08076;-0.142;49.317;0.6619;0.491;0.4696;-2.978;-1.296;-1.393;0.005348;0.9998;2.316;0.3264;0.7124;0.001862;82.844;4.061;4.245;0.000593;6,81E-03;
C:\Users\sblee\OneDrive\Documenten\python\Aesthetics-Toolbox-main\Aesthetics-Toolbox-main\art\DRAM_processed\DRAM_processed\labels\impressionism\henri-de-toulouse-lautrec\1879_230442.png;870;0.74;1.226;0.6496;0.08152;2.257;0.0;1.631;1.631;1.631;0.4581;-2,91E-02;5,51E-02;0.0;0.0;0.006396;4.36;4.36;4.36;1.226;7,78E-02;0.0001475;0.0;0.0;0.0171;78.285;15.749;0.01081;-0.078;59.337;0.7499;0.666;0.6845;-3.083;-1.32;-1.462;0.002175;0.8792;2.135;0.294;0.3921;0.00219;73.411;4.388;4.121;0.0006717;6.3e-06;
C:\Users\sblee\OneDrive\Documenten\python\Aesthetics-Toolbox-main\Aesthetics-Toolbox-main\art\DRAM_processed\DRAM_processed\labels\impressionism\henri-de-toulouse-lautrec\1880_230420.png;888;1.289;1.061;0.4849;0.08724;2.462;0.0;1.128;1.128;1.128;0.3184;-2,02E-02;3,83E-02;0.0;0.0;0.004425;3.756;3.756;3.756;1.061;6,74E-02;0.0001277;0.0;0.0;0.01473;82.863;8.297;-0.036;-0.02062;50.624;0.6844;0.685;0.7557;-3.088;-1.341;-1.466;0.002269;0.9665;2.266;0.1866;0.3817;0.002042;72.853;4.387;4.146;0.000681;6.35e-06;
C:\Users\sblee\OneDrive\Documenten\python\Aesthetics-Toolbox-main\Aesthetics-Toolbox-main\art\DRAM_processed\DRAM_processed\labels\impressionism\henri-de-toulouse-lautrec\1880_230430.png;798;1.678;1.0;0.7538;0.08407;2.032;0.0;1.193;1.193;1.193;0.3379;-2,15E-02;4,07E-02;0.0;0.0;0.004678;3.491;3.491;3.491;1.0;6,35E-02;0.0001203;0.0;0.0;0.01369;89.801;26.482;-0.046;-0.1242;32.418;0.698;0.7057;0.6578;-3.086;-1.369;-1.439;0.002396;0.9599;2.102;0.2559;0.3901;0.002387;68.036;4.516;4.119;0.0006818;4,69E-03;
C:\Users\sblee\OneDrive\Documenten\python\Aesthetics-Toolbox-main\Aesthetics-Toolbox-main\art\DRAM_processed\DRAM_processed\labels\impressionism\henri-de-toulouse-lautrec\1880_230448.png;880;0.76;0.88;0.3572;0.05774;1.512;0.0;0.7527;0.7527;0.7527;0.2124;-1,35E-02;2,56E-02;0.0;0.0;0.002952;3.115;3.115;3.115;0.88;5,59E-02;0.0001059;0.0;0.0;0.01222;87.947;52.497;-0.1947;-0.176;85.046;0.7101;0.7048;0.7045;-2.919;-1.292;-1.386;0.005711;0.9756;2.31;0.0;0.3879;0.002873;52.174;4.201;3.978;0.0007129;2,55E-03;
C:\Users\sblee\OneDrive\Documenten\python\Aesthetics-Toolbox-main\Aesthetics-Toolbox-main\art\DRAM_processed\DRAM_processed\labels\impressionism\henri-de-toulouse-lautrec\1880_230532.png;901;1.247;1.397;0.7617;0.162;4.511;0.0;2.137;2.137;2.137;0.6028;-3,83E-02;7,26E-02;0.0;0.0;0.008382;4.948;4.948;4.948;1.397;8,87E-02;0.0001681;0.0;0.0;0.01941;71.952;21.048;-0.064;0.08354;41.129;0.6481;0.602;0.5701;-2.995;-1.295;-1.368;0.004149;1.033;2.532;0.3303;0.6142;0.001756;82.231;4.306;4.397;0.0006075;6,88E-03;
C:\Users\sblee\OneDrive\Documenten\python\Aesthetics-Toolbox-main\Aesthetics-Toolbox-main\art\DRAM_processed\DRAM_processed\labels\impressionism\henri-de-toulouse-lautrec\1880_230615.png;880;0.76;1.391;0.7726;0.06623;2.052;0.0;2.723;2.723;2.723;0.7536;-4,78E-02;9,07E-02;0.0;0.0;0.01068;5.026;5.026;5.026;1.391;8,83E-02;0.0001674;0.0;0.0;0.01971;62.566;13.073;-0.04211;-0.05;48.721;0.7049;0.6742;0.6872;-3.122;-1.376;-1.479;0.001848;0.8528;2.19;0.2455;0.4155;0.00219;81.244;4.448;3.992;0.0006725;5,98E-03;
C:\Users\sblee\OneDrive\Documenten\python\Aesthetics-Toolbox-main\Aesthetics-Toolbox-main\art\DRAM_processed\DRAM_processed\labels\impressionism\henri-de-toulouse-lautrec\1881_230405.png;880;1.31;1.588;0.9322;0.144;4.06;0.0;3.106;3.106;3.106;0.8731;-5,54E-02;0.0001051;0.0;0.0;0.01218;5.645;5.645;5.645;1.588;0.0001008;0.0001911;0.0;0.0;0.02214;62.41;4.179;-0.007014;-0.01969;39.669;0.6484;0.5584;0.5855;-3.083;-1.352;-1.446;0.001053;0.9225;2.385;0.4228;0.7677;0.00174;84.688;4.517;4.387;0.0006047;7,92E-03;
C:\Users\sblee\OneDrive\Documenten\python\Aesthetics-Toolbox-main\Aesthetics-Toolbox-main\art\DRAM_processed\DRAM_processed\labels\impressionism\henri-de-toulouse-lautrec\1881_230409.png;962;0.924;1.523;0.8706;0.1173;3.818;0.0;2.759;2.759;2.759;0.7757;-4,93E-02;9,34E-02;0.0;0.0;0.01082;5.413;5.413;5.413;1.523;9,67E-02;0.0001833;0.0;0.0;0.02123;67.494;17.921;0.06061;-0.066;37.639;0.6324;0.6025;0.564;-3.161;-1.337;-1.473;0.003283;1.03;2.124;0.291;0.6584;0.002043;82.308;4.277;4.125;0.0006109;8.82e-06;
C:\Users\sblee\OneDrive\Documenten\python\Aesthetics-Toolbox-main\Aesthetics-Toolbox-main\art\DRAM_processed\DRAM_processed\labels\impressionism\henri-de-toulouse-lautrec\1881_230411.png;898;0.796;1.223;0.6098;0.06499;1.776;0.0;1.535;1.535;1.535;0.4337;-2,75E-02;5,22E-02;0.0;0.0;0.006019;4.325;4.325;4.325;1.223;7,77E-02;0.0001472;0.0;0.0;0.01696;81.906;11.62;-0.05779;0.006;61.594;0.7347;0.8205;0.7379;-2.995;-1.285;-1.423;0.003317;0.9673;2.151;0.1626;0.3914;0.002365;62.647;4.168;3.792;0.000697;4,56E-03;
C:\Users\sblee\OneDrive\Documenten\python\Aesthetics-Toolbox-main\Aesthetics-Toolbox-main\art\DRAM_processed\DRAM_processed\labels\impressionism\henri-de-toulouse-lautrec\1881_230422.png;915;0.83;1.454;0.8248;0.06566;2.135;0.0;3.104;3.104;3.104;0.8591;-5,46E-02;0.0001034;0.0;0.0;0.01217;5.255;5.255;5.255;1.454;9,23E-02;0.000175;0.0;0.0;0.02061;57.221;13.44;-0.02048;-0.064;39.189;0.6756;0.6689;0.7052;-3.1;-1.361;-1.473;0.001316;0.7736;2.106;0.2849;0.584;0.002335;86.357;4.397;3.877;0.0006699;7,47E-03;
C:\Users\sblee\OneDrive\Documenten\python\Aesthetics-Toolbox-main\Aesthetics-Toolbox-main\art\DRAM_processed\DRAM_processed\labels\impressionism\henri-de-toulouse-lautrec\1881_230443.png;839;1.475;1.763;1.131;0.1722;4.596;0.0;3.896;3.896;3.896;1.102;-7,00E-02;0.0001327;0.0;0.0;0.01528;6.221;6.221;6.221;1.763;0.0001119;0.0002122;0.0;0.0;0.0244;55.459;16.807;-0.074;-0.03982;32.206;0.6025;0.5923;0.5299;-3.094;-1.342;-1.476;0.001947;0.961;2.248;0.3755;0.7309;0.001839;88.85;4.468;4.309;0.000581;9,62E-03;
C:\Users\sblee\OneDrive\Documenten\python\Aesthetics-Toolbox-main\Aesthetics-Toolbox-main\art\DRAM_processed\DRAM_processed\labels\impressionism\henri-de-toulouse-lautrec\1881_230507.png;909;0.818;1.172;0.5996;0.04387;1.408;0.0;1.751;1.751;1.751;0.4847;-3,08E-02;5,83E-02;0.0;0.0;0.006868;4.237;4.237;4.237;1.172;7,44E-02;0.0001411;0.0;0.0;0.01661;74.492;24.158;0.0868;-0.084;58.225;0.7854;0.7856;0.7407;-3.098;-1.365;-1.473;0.001735;0.8034;2.23;0.2066;0.4165;0.002542;68.404;4.418;3.684;0.0007049;4,04E-03;
C:\Users\sblee\OneDrive\Documenten\python\Aesthetics-Toolbox-main\Aesthetics-Toolbox-main\art\DRAM_processed\DRAM_processed\labels\impressionism\henri-de-toulouse-lautrec\1881_230567.png;924;0.848;1.652;1.25;0.1415;4.206;0.0;3.429;3.429;3.429;0.9697;-6,16E-02;0.0001167;0.0;0.0;0.01345;5.818;5.818;5.818;1.652;0.0001049;0.0001989;0.0;0.0;0.02281;55.26;15.518;-0.07547;-0.018;28.772;0.5924;0.6033;0.5956;-3.1;-1.324;-1.459;0.002291;0.9493;2.138;0.4019;0.7345;0.001779;90.001;4.282;4.261;0.0005931;8,99E-03;
C:\Users\sblee\OneDrive\Documenten\python\Aesthetics-Toolbox-main\Aesthetics-Toolbox-main\art\DRAM_processed\DRAM_processed\labels\impressionism\henri-de-toulouse-lautrec\1881_230586.png;879;0.758;1.441;0.7568;0.1932;5.058;0.0;2.117;2.117;2.117;0.6022;-3,82E-02;7,25E-02;0.0;0.0;0.008301;5.059;5.059;5.059;1.441;9,15E-02;0.0001734;0.0;0.0;0.01984;71.827;30.81;0.003958;-0.154;39.964;0.6879;0.4846;0.4689;-2.93;-1.305;-1.354;0.006887;1.059;2.538;0.1878;0.3651;0.00204;78.342;4.186;4.313;0.0006061;6,85E-03;
C:\Users\sblee\OneDrive\Documenten\python\Aesthetics-Toolbox-main\Aesthetics-Toolbox-main\art\DRAM_processed\DRAM_processed\labels\impressionism\henri-de-toulouse-lautrec\1881_230592.png;906;1.232;1.369;0.6603;0.07296;2.225;0.0;2.225;2.225;2.225;0.6222;-3,95E-02;7,49E-02;0.0;0.0;0.008726;4.896;4.896;4.896;1.369;8,69E-02;0.0001648;0.0;0.0;0.0192;72.199;2.843;0.014;-0.002463;43.281;0.6793;0.6747;0.6945;-3.085;-1.328;-1.459;0.001505;0.8727;2.188;0.3028;0.4788;0.002335;80.871;4.391;3.872;0.0006737;7,27E-03;
C:\Users\sblee\OneDrive\Documenten\python\Aesthetics-Toolbox-main\Aesthetics-Toolbox-main\art\DRAM_processed\DRAM_processed\labels\impressionism\henri-de-toulouse-lautrec\1881_230618.png;782;0.5671;1.764;1.296;0.1593;3.81;0.0;4.136;4.136;4.136;1.168;-7,42E-02;0.0001405;0.0;0.0;0.01622;6.236;6.236;6.236;1.764;0.000112;0.0002123;0.0;0.0;0.02445;54.162;20.268;-0.0053;-0.1012;43.82;0.6364;0.6127;0.565;-3.064;-1.321;-1.424;0.002035;0.9127;2.068;0.4287;0.7116;0.001844;86.954;4.358;4.154;0.0005985;8,71E-03;
C:\Users\sblee\OneDrive\Documenten\python\Aesthetics-Toolbox-main\Aesthetics-Toolbox-main\art\DRAM_processed\DRAM_processed\labels\impressionism\henri-de-toulouse-lautrec\1881_230638.png;910;0.82;1.718;0.9218;0.05509;1.741;0.0;4.38;4.38;4.38;1.225;-7,78E-02;0.0001474;0.0;0.0;0.01718;6.145;6.145;6.145;1.718;0.0001091;0.0002068;0.0;0.0;0.0241;55.913;7.761;-0.02195;0.032;35.236;0.7993;0.7594;0.7376;-3.087;-1.374;-1.462;0.002223;0.7516;2.426;0.2147;0.4063;0.002785;83.055;4.202;3.356;0.0006963;6,21E-03;
C:\Users\sblee\OneDrive\Documenten\python\Aesthetics-Toolbox-main\Aesthetics-Toolbox-main\art\DRAM_processed\DRAM_processed\labels\impressionism\henri-de-toulouse-lautrec\1882_230509.png;786;0.572;1.474;0.8328;0.1161;2.81;0.0;2.437;2.437;2.437;0.6874;-4,37E-02;8,27E-02;0.0;0.0;0.009556;5.219;5.219;5.219;1.474;9,36E-02;0.0001774;0.0;0.0;0.02047;72.247;3.439;0.01399;0.01;52.292;0.7014;0.6852;0.7079;-3.055;-1.315;-1.46;0.002427;0.8987;2.131;0.2757;0.3833;0.001973;76.725;4.341;4.162;0.0006501;7,39E-03;
C:\Users\sblee\OneDrive\Documenten\python\Aesthetics-Toolbox-main\Aesthetics-Toolbox-main\art\DRAM_processed\DRAM_processed\labels\impressionism\henry-herbert-la-thangue\309280.png;952;1.106;1.309;0.477;0.06196;1.823;0.0;1.538;1.538;1.538;0.4424;-2,81E-02;5,32E-02;0.0;0.0;0.006031;4.55;4.55;4.55;1.309;8.31e-05;0.0001575;0.0;0.0;0.01784;80.973;29.269;-0.142;-0.0354;63.375;0.7486;0.7675;0.7503;-3.084;-1.354;-1.453;0.001733;0.954;2.161;0.1486;0.3778;0.002534;67.196;4.465;3.818;0.0006989;5,22E-03;
C:\Users\sblee\OneDrive\Documenten\python\Aesthetics-Toolbox-main\Aesthetics-Toolbox-main\art\DRAM_processed\DRAM_processed\labels\impressionism\henry-herbert-la-thangue\309292.png;873;0.746;1.78;0.7557;0.1049;2.923;0.0;3.263;3.263;3.263;0.9387;-5.96e-05;0.000113;0.0;0.0;0.0128;6.189;6.189;6.189;1.78;0.000113;0.0002142;0.0;0.0;0.02427;65.83;5.733;-0.01206;0.026;39.29;0.666;0.6781;0.6607;-3.104;-1.332;-1.457;0.002949;0.8622;2.078;0.2766;0.3803;0.002398;78.779;4.242;4.048;0.0006618;8,09E-03;
C:\Users\sblee\OneDrive\Documenten\python\Aesthetics-Toolbox-main\Aesthetics-Toolbox-main\art\DRAM_processed\DRAM_processed\labels\impressionism\henry-herbert-la-thangue\309312.png;906;0.812;1.526;0.8086;0.1078;2.934;0.0;2.313;2.313;2.313;0.664;-4,22E-02;7,99E-02;0.0;0.0;0.009071;5.304;5.304;5.304;1.526;9,69E-02;0.0001836;0.0;0.0;0.0208;72.327;22.281;0.09852;-0.052;46.984;0.6546;0.635;0.6158;-2.997;-1.324;-1.416;0.001592;0.9332;2.206;0.2967;0.3698;0.002082;74.292;4.35;4.224;0.0006569;6,43E-03;
C:\Users\sblee\OneDrive\Documenten\python\Aesthetics-Toolbox-main\Aesthetics-Toolbox-main\art\DRAM_processed\DRAM_processed\labels\impressionism\henry-herbert-la-thangue\309316.png;938;0.876;1.445;0.9035;0.1104;3.261;0.0;2.437;2.437;2.437;0.6883;-4.37e-05;8,28E-02;0.0;0.0;0.009557;5.089;5.089;5.089;1.445;9,18E-02;0.0001739;0.0;0.0;0.01996;63.99;4.57;0.02055;-0.01;32.02;0.6213;0.6617;0.5798;-3.08;-1.341;-1.469;0.001514;0.861;2.223;0.3945;0.6457;0.001989;86.45;4.376;4.267;0.0006409;8,05E-03;
C:\Users\sblee\OneDrive\Documenten\python\Aesthetics-Toolbox-main\Aesthetics-Toolbox-main\art\DRAM_processed\DRAM_processed\labels\impressionism\henry-herbert-la-thangue\309317.png;945;1.124;1.289;0.6636;0.09969;2.967;0.0;1.813;1.813;1.813;0.5098;-3,24E-02;6,14E-02;0.0;0.0;0.007108;4.581;4.581;4.581;1.289;8,19E-02;0.0001552;0.0;0.0;0.01797;77.106;27.774;-0.136;-0.02809;34.553;0.6883;0.6629;0.624;-3.083;-1.348;-1.449;0.001739;0.9564;2.214;0.3224;0.3756;0.002153;74.57;4.479;4.322;0.0006545;6,78E-03;
C:\Users\sblee\OneDrive\Documenten\python\Aesthetics-Toolbox-main\Aesthetics-Toolbox-main\art\DRAM_processed\DRAM_processed\labels\impressionism\henry-herbert-la-thangue\309327.png;873;0.746;1.781;1.133;0.1413;3.967;0.0;3.892;3.892;3.892;1.104;-7,01E-02;0.0001328;0.0;0.0;0.01526;6.271;6.271;6.271;1.781;0.0001131;0.0002144;0.0;0.0;0.02459;53.088;6.939;0.01743;0.03;32.733;0.5638;0.5872;0.6118;-3.086;-1.347;-1.438;0.00284;0.9456;2.134;0.3536;0.6939;0.002173;87.385;4.073;4.106;0.0006163;8,37E-03;
C:\Users\sblee\OneDrive\Documenten\python\Aesthetics-Toolbox-main\Aesthetics-Toolbox-main\art\DRAM_processed\DRAM_processed\labels\impressionism\henry-herbert-la-thangue\309329.png;889;0.778;0.4776;0.8445;0.04946;1.375;0.0;0.8087;0.8087;0.8087;0.223;-1,42E-02;2,68E-02;0.0;0.0;0.003171;1.703;1.703;1.703;0.4776;3,03E-02;5,75E-02;0.0;0.0;0.006678;60.491;11.853;-0.02442;-0.054;35.781;0.8348;0.8206;0.8237;-3.053;-1.325;-1.398;0.002015;1.051;2.436;0.323;0.5574;0.001587;83.478;4.363;4.356;0.0006617;1.7e-06;
C:\Users\sblee\OneDrive\Documenten\python\Aesthetics-Toolbox-main\Aesthetics-Toolbox-main\art\DRAM_processed\DRAM_processed\labels\impressionism\homer-watson\herding-sheep-1910.png;817;1.577;0.8728;0.218;0.03239;0.7666;0.0;0.5307;0.5307;0.5307;0.1575;-1,00E-05;1,90E-02;0.0;0.0;0.002081;2.939;2.939;2.939;0.8728;5,54E-02;0.000105;0.0;0.0;0.01153;93.523;45.679;0.052;-0.2224;71.916;0.8527;0.8042;0.8009;-2.997;-1.316;-1.43;0.002806;0.7711;2.115;0.05201;0.3754;0.003265;43.232;4.46;3.501;0.0007457;2,23E-03;
C:\Users\sblee\OneDrive\Documenten\python\Aesthetics-Toolbox-main\Aesthetics-Toolbox-main\art\DRAM_processed\DRAM_processed\labels\impressionism\julian-alden-weir\fireside-dreams-1887.png;801;1.661;1.4;0.7803;0.1051;2.911;0.0;2.776;2.776;2.776;0.7683;-4,88E-02;9,25E-02;0.0;0.0;0.01089;5.06;5.06;5.06;1.4;8,89E-02;0.0001685;0.0;0.0;0.01984;58.684;36.879;0.002;-0.1844;32.131;0.6548;0.6171;0.6102;-3.066;-1.376;-1.466;0.002427;0.9612;2.109;0.2199;0.4328;0.002388;85.377;4.309;4.14;0.0006395;6,86E-03;
C:\Users\sblee\OneDrive\Documenten\python\Aesthetics-Toolbox-main\Aesthetics-Toolbox-main\art\DRAM_processed\DRAM_processed\labels\impressionism\julian-alden-weir\summer-1898.png;910;0.82;2.099;1.302;0.0971;2.793;0.0;7.311;7.311;7.311;2.094;-0.0001329;0.0002519;0.0;0.0;0.02867;7.318;7.318;7.318;2.099;0.0001333;0.0002526;0.0;0.0;0.0287;25.665;34.291;-0.1244;-0.118;26.579;0.584;0.608;0.5375;-3.093;-1.406;-1.486;0.001657;0.9084;2.079;0.2899;0.561;0.002271;93.407;4.421;3.866;0.0006496;8,59E-03;
C:\Users\sblee\OneDrive\Documenten\python\Aesthetics-Toolbox-main\Aesthetics-Toolbox-main\art\DRAM_processed\DRAM_processed\labels\impressionism\konstantin-korovin\black-cat-on-a-windowsill-1902.png;886;0.7756;1.48;0.9628;0.08358;2.416;0.0;2.4;2.4;2.4;0.6857;-4,35E-02;8,25E-02;0.0;0.0;0.009411;5.129;5.129;5.129;1.48;9,40E-02;0.0001782;0.0;0.0;0.02011;62.276;10.596;0.05297;0.001002;37.562;0.6538;0.6219;0.6587;-3.087;-1.37;-1.47;0.0009852;0.8534;2.255;0.2631;0.3795;0.002018;87.473;4.458;4.177;0.0006575;6,16E-03;
C:\Users\sblee\OneDrive\Documenten\python\Aesthetics-Toolbox-main\Aesthetics-Toolbox-main\art\DRAM_processed\DRAM_processed\labels\impressionism\lilla-cabot-perry\edith-with-lierre-1895.png;850;0.7;2.057;1.274;0.1033;2.666;0.0;6.393;6.393;6.393;1.832;-0.0001163;0.0002204;0.0;0.0;0.02507;7.154;7.154;7.154;2.057;0.0001306;0.0002475;0.0;0.0;0.02806;36.713;13.969;-0.02286;-0.066;29.739;0.6588;0.6635;0.6235;-3.004;-1.324;-1.441;0.002144;0.8459;2.096;0.3137;0.4921;0.002291;89.553;4.23;3.926;0.0006576;7,62E-03;
C:\Users\sblee\OneDrive\Documenten\python\Aesthetics-Toolbox-main\Aesthetics-Toolbox-main\art\DRAM_processed\DRAM_processed\labels\impressionism\lilla-cabot-perry\the-poacher-also-known-as-the-hunter-1907.png;711;0.4248;1.987;1.213;0.1595;3.504;0.0;5.192;5.192;5.192;1.483;-9,42E-02;0.0001785;0.0;0.0;0.02036;6.94;6.94;6.94;1.987;0.0001261;0.0002391;0.0;0.0;0.02721;44.593;16.41;-0.04717;-0.06713;44.094;0.603;0.6522;0.6076;-3.088;-1.346;-1.432;0.001246;0.8084;2.311;0.302;0.6874;0.002298;89.646;4.254;3.913;0.0006376;9,14E-03;
C:\Users\sblee\OneDrive\Documenten\python\Aesthetics-Toolbox-main\Aesthetics-Toolbox-main\art\DRAM_processed\DRAM_processed\labels\impressionism\lilla-cabot-perry\woman-with-a-cat-1901.png;845;0.69;2.073;1.313;0.1117;2.891;0.0;7.643;7.643;7.643;2.19;-0.0001391;0.0002636;0.0;0.0;0.02997;7.207;7.207;7.207;2.073;0.0001316;0.0002495;0.0;0.0;0.02826;29.301;20.352;-0.01884;-0.1;29.679;0.6659;0.5863;0.5797;-3.044;-1.359;-1.44;0.003869;0.8345;2.113;0.3038;0.6149;0.00231;93.883;4.337;3.685;0.0006528;8.76e-06;
C:\Users\sblee\OneDrive\Documenten\python\Aesthetics-Toolbox-main\Aesthetics-Toolbox-main\art\DRAM_processed\DRAM_processed\labels\impressionism\louise_abbema\cae-19-abbema041.png;872;1.344;0.9383;0.5198;0.05076;1.518;0.0;1.083;1.083;1.083;0.2996;-1,90E-02;3,61E-02;0.0;0.0;0.004247;3.391;3.391;3.391;0.9383;5,96E-02;0.0001129;0.0;0.0;0.0133;82.637;38.51;0.168;-0.09409;61.462;0.7238;0.758;0.7104;-3.087;-1.353;-1.447;0.003927;0.9036;2.258;0.1654;0.4117;0.002275;62.53;4.438;4.1;0.000696;4,19E-03;
C:\Users\sblee\OneDrive\Documenten\python\Aesthetics-Toolbox-main\Aesthetics-Toolbox-main\art\DRAM_processed\DRAM_processed\labels\impressionism\mary-cassatt\children-playing-with-a-cat-1908.png;905;1.235;1.985;1.172;0.1129;3.079;0.0;9.891;9.891;9.891;2.839;-0.0001803;0.0003417;0.0;0.0;0.03879;6.893;6.893;6.893;1.985;0.000126;0.0002388;0.0;0.0;0.02703;14.154;22.597;-0.012;-0.1123;11.171;0.5649;0.5505;0.5347;-3.004;-1.338;-1.428;0.002127;0.8457;1.998;0.3988;0.6548;0.00202;96.608;4.395;4.097;0.000622;1,02E-02;
C:\Users\sblee\OneDrive\Documenten\python\Aesthetics-Toolbox-main\Aesthetics-Toolbox-main\art\DRAM_processed\DRAM_processed\labels\impressionism\mary-cassatt\elsie-cassatt-holding-a-big-dog.png;914;0.8317;2.015;1.458;0.1025;2.424;0.0;8.656;8.656;8.656;2.47;-0.0001568;0.0002973;0.0;0.0;0.03394;7.034;7.034;7.034;2.015;0.0001279;0.0002424;0.0;0.0;0.02758;20.011;27.68;0.03735;-0.1333;24.777;0.6279;0.6108;0.5943;-2.964;-1.312;-1.4;0.001693;0.7695;2.048;0.3282;0.6712;0.002037;94.628;4.296;3.893;0.0006423;9,27E-03;
C:\Users\sblee\OneDrive\Documenten\python\Aesthetics-Toolbox-main\Aesthetics-Toolbox-main\art\DRAM_processed\DRAM_processed\labels\impressionism\mary-cassatt\portrait-of-mie-louise-durand-ruel-1911.png;917;0.834;2.005;1.643;0.1332;3.144;0.0;7.681;7.681;7.681;2.188;-0.0001389;0.0002634;0.0;0.0;0.03012;7.001;7.001;7.001;2.005;0.0001273;0.0002413;0.0;0.0;0.02745;26.606;24.995;-0.01559;-0.124;26.254;0.7086;0.5352;0.5345;-2.864;-1.277;-1.39;0.002791;0.8737;2.08;0.3428;0.7006;0.001861;93.496;4.432;4.094;0.0006051;1,12E-02;
C:\Users\sblee\OneDrive\Documenten\python\Aesthetics-Toolbox-main\Aesthetics-Toolbox-main\art\DRAM_processed\DRAM_processed\labels\impressionism\mary-cassatt\sara-holding-a-cat.png;884;0.768;1.868;1.321;0.1194;2.923;0.0;10.172;10.172;10.172;2.912;-0.0001849;0.0003505;0.0;0.0;0.03989;6.476;6.476;6.476;1.868;0.0001186;0.0002248;0.0;0.0;0.0254;10.2;17.208;0.002604;-0.086;19.198;0.6261;0.5678;0.5597;-2.957;-1.226;-1.403;0.002069;0.8016;2.005;0.3607;0.6942;0.001977;97.309;4.414;4.077;0.000617;1,09E-02;
C:\Users\sblee\OneDrive\Documenten\python\Aesthetics-Toolbox-main\Aesthetics-Toolbox-main\art\DRAM_processed\DRAM_processed\labels\impressionism\mary-cassatt\sara-in-a-large-flowered-hat-looking-right-holding-her-dog.png;907;0.814;2.056;1.409;0.09506;2.386;0.0;8.19;8.19;8.19;2.34;-0.0001486;0.0002816;0.0;0.0;0.03212;7.173;7.173;7.173;2.056;0.0001305;0.0002474;0.0;0.0;0.02813;28.39;24.431;-0.006143;-0.122;24.863;0.7182;0.6141;0.6148;-2.956;-1.283;-1.398;0.002763;0.8047;2.082;0.3144;0.6627;0.002037;93.708;4.364;3.801;0.0006488;9,20E-03;
C:\Users\sblee\OneDrive\Documenten\python\Aesthetics-Toolbox-main\Aesthetics-Toolbox-main\art\DRAM_processed\DRAM_processed\labels\impressionism\mary-cassatt\sara-with-her-dog-1901.png;899;0.798;1.615;1.642;0.1102;2.551;0.0;11.21;11.21;11.21;3.194;-0.0002028;0.0003844;0.0;0.0;0.04396;5.598;5.598;5.598;1.615;0.0001026;0.0001944;0.0;0.0;0.02195;7.879;11.817;-0.01128;-0.058;14.096;0.7019;0.6148;0.615;-2.869;-1.118;-1.239;0.003664;0.8072;2.278;0.3544;0.6372;0.002043;98.518;4.335;3.875;0.0006241;9,01E-03;
C:\Users\sblee\OneDrive\Documenten\python\Aesthetics-Toolbox-main\Aesthetics-Toolbox-main\art\DRAM_processed\DRAM_processed\labels\impressionism\mary-cassatt\sara-with-her-dog.png;875;0.75;1.995;1.504;0.09272;2.258;0.0;8.506;8.506;8.506;2.423;-0.0001538;0.0002916;0.0;0.0;0.03336;6.973;6.973;6.973;1.995;0.0001266;0.00024;0.0;0.0;0.02735;24.553;22.702;0.028;-0.11;25.296;0.7358;0.6279;0.6169;-2.954;-1.3;-1.422;0.00314;0.8424;2.13;0.3132;0.6195;0.002101;94.685;4.437;3.837;0.0006502;9.41e-06;
C:\Users\sblee\OneDrive\Documenten\python\Aesthetics-Toolbox-main\Aesthetics-Toolbox-main\art\DRAM_processed\DRAM_processed\labels\impressionism\mary-cassatt\summertime-1894.png;874;1.337;1.195;0.925;0.06519;1.762;0.0;1.582;1.582;1.582;0.4504;-2.86e-05;5.42e-05;0.0;0.0;0.006204;4.162;4.162;4.162;1.195;7,59E-02;0.0001438;0.0;0.0;0.01632;84.8;32.99;-0.16;-0.04011;53.191;0.7317;0.7695;0.7189;-2.995;-1.358;-1.455;0.002856;0.9239;2.247;0.2137;0.3895;0.002315;60.478;4.353;4.169;0.0006757;3,93E-03;
C:\Users\sblee\OneDrive\Documenten\python\Aesthetics-Toolbox-main\Aesthetics-Toolbox-main\art\DRAM_processed\DRAM_processed\labels\impressionism\mary-cassatt\susan-on-a-balcony-holding-a-dog.png;820;0.64;2.007;1.605;0.121;2.674;0.0;8.384;8.384;8.384;2.392;-0.0001519;0.0002879;0.0;0.0;0.03288;7.001;7.001;7.001;2.007;0.0001274;0.0002415;0.0;0.0;0.02745;19.399;30.68;-0.0875;-0.126;32.49;0.5829;0.5781;0.6215;-2.887;-1.31;-1.433;0.00167;0.9074;2.088;0.3318;0.6802;0.001959;93.946;4.398;4.077;0.0006293;9.64e-06;
C:\Users\sblee\OneDrive\Documenten\python\Aesthetics-Toolbox-main\Aesthetics-Toolbox-main\art\DRAM_processed\DRAM_processed\labels\impressionism\mary-cassatt\woman-by-a-window-feeding-her-dog.png;833;0.6693;2.026;1.441;0.1321;3.278;0.0;6.73;6.73;6.73;1.922;-0.000122;0.0002313;0.0;0.0;0.02639;7.06;7.06;7.06;2.026;0.0001286;0.0002438;0.0;0.0;0.02768;27.432;28.149;0.1018;-0.09719;33.755;0.6091;0.6131;0.5898;-3.011;-1.377;-1.472;0.001185;0.8974;2.149;0.3766;0.6969;0.001999;93.236;4.47;4.054;0.0006238;1.01e-05;
C:\Users\sblee\OneDrive\Documenten\python\Aesthetics-Toolbox-main\Aesthetics-Toolbox-main\art\DRAM_processed\DRAM_processed\labels\impressionism\nikolay-bogdanov-belsky\still-life-with-a-bottle-of-vine.png;844;1.453;2.17;1.307;0.08973;2.374;0.0;5.97;5.97;5.97;1.738;-0.0001103;0.0002092;0.0;0.0;0.02341;7.413;7.413;7.413;2.17;0.0001378;0.0002611;0.0;0.0;0.02907;43.126;54.047;-0.224;0.1512;40.411;0.6248;0.6414;0.5894;-3.042;-1.354;-1.448;0.00191;0.8107;2.176;0.252;0.3789;0.002281;83.741;4.261;4.106;0.0006709;6.47e-06;
C:\Users\sblee\OneDrive\Documenten\python\Aesthetics-Toolbox-main\Aesthetics-Toolbox-main\art\DRAM_processed\DRAM_processed\labels\impressionism\paul-cezanne\1875_215461.png;866;1.36;1.23;0.4339;0.0398;1.102;0.0;1.338;1.338;1.338;0.385;-2,44E-02;4,63E-02;0.0;0.0;0.005248;4.276;4.276;4.276;1.23;7,81E-02;0.000148;0.0;0.0;0.01677;85.444;23.747;-0.007014;-0.1185;62.831;0.8791;0.7627;0.7628;-3.08;-1.351;-1.466;0.0009329;0.7854;2.16;0.1364;0.3914;0.002925;59.134;4.34;3.397;0.0007296;3,56E-03;
C:\Users\sblee\OneDrive\Documenten\python\Aesthetics-Toolbox-main\Aesthetics-Toolbox-main\art\DRAM_processed\DRAM_processed\labels\impressionism\paul-cezanne\unknown-year_215875.png;972;1.055;0.3803;0.4161;0.00967;0.3686;0.0;0.42;0.42;0.42;0.1152;-7,31E-03;1,39E-02;0.0;0.0;0.001647;1.387;1.387;1.387;0.3803;2,41E-02;4,58E-02;0.0;0.0;0.005439;83.271;43.68;-0.1653;0.1427;61.903;0.9194;0.9374;0.9185;-3.108;-1.372;-1.456;0.001984;0.8752;2.297;0.0502;0.5917;0.004072;57.294;3.645;2.976;0.0007477;9,55E-04;
C:\Users\sblee\OneDrive\Documenten\python\Aesthetics-Toolbox-main\Aesthetics-Toolbox-main\art\DRAM_processed\DRAM_processed\labels\impressionism\pierre-auguste-renoir\1862_219052.png;846;1.445;1.095;0.9984;0.04198;1.121;0.0;3.81;3.81;3.81;1.045;-6,63E-02;0.0001257;0.0;0.0;0.01494;3.996;3.996;3.996;1.095;6,96E-02;0.0001318;0.0;0.0;0.01567;38.87;13.774;0.018;-0.06647;28.24;0.8457;0.7857;0.7862;-3.064;-1.37;-1.488;0.004003;0.7866;2.199;0.1906;0.483;0.002691;89.727;4.335;3.02;0.0007017;4,00E-03;
C:\Users\sblee\OneDrive\Documenten\python\Aesthetics-Toolbox-main\Aesthetics-Toolbox-main\art\DRAM_processed\DRAM_processed\labels\impressionism\pierre-auguste-renoir\1870_218534.png;955;0.91;1.63;0.974;0.05288;1.807;0.0;4.864;4.864;4.864;1.346;-8,55E-02;0.000162;0.0;0.0;0.01908;5.892;5.892;5.892;1.63;0.0001035;0.0001962;0.0;0.0;0.0231;43.84;17.21;-0.01868;0.084;29.041;0.7302;0.6919;0.6756;-3.08;-1.399;-1.465;0.001995;0.8291;2.237;0.2557;0.4914;0.002425;86.682;4.517;3.416;0.000684;7,22E-03;
C:\Users\sblee\OneDrive\Documenten\python\Aesthetics-Toolbox-main\Aesthetics-Toolbox-main\art\DRAM_processed\DRAM_processed\labels\impressionism\pierre-auguste-renoir\child-with-cat-julie-manet-1887.png;903;0.806;2.048;1.339;0.1091;2.951;0.0;6.829;6.829;6.829;1.955;-0.0001241;0.0002352;0.0;0.0;0.02678;7.125;7.125;7.125;2.048;0.00013;0.0002465;0.0;0.0;0.02794;31.363;28.013;0.0335;-0.136;28.303;0.6088;0.5814;0.5928;-2.992;-1.351;-1.442;0.002443;0.783;2.068;0.3362;0.6692;0.002195;92.242;4.382;4.056;0.0006345;1,01E-02;
C:\Users\sblee\OneDrive\Documenten\python\Aesthetics-Toolbox-main\Aesthetics-Toolbox-main\art\DRAM_processed\DRAM_processed\labels\impressionism\pierre-auguste-renoir\tama-the-japanese-dog.png;922;1.18;1.649;0.9905;0.06293;2.026;0.0;5.31;5.31;5.31;1.47;-9,33E-02;0.0001769;0.0;0.0;0.02083;5.96;5.96;5.96;1.649;0.0001047;0.0001985;0.0;0.0;0.02337;36.593;10.493;0.02505;-0.0461;23.969;0.6852;0.6923;0.6673;-3.091;-1.392;-1.459;0.0008946;0.8377;2.063;0.2504;0.4317;0.002229;92.351;4.437;3.616;0.0006747;6,93E-03;
C:\Users\sblee\OneDrive\Documenten\python\Aesthetics-Toolbox-main\Aesthetics-Toolbox-main\art\DRAM_processed\DRAM_processed\labels\impressionism\pierre-auguste-renoir\woman-with-a-cat.png;915;0.83;2.026;1.404;0.1228;3.154;0.0;7.786;7.786;7.786;2.227;-0.0001414;0.000268;0.0;0.0;0.03053;7.042;7.042;7.042;2.026;0.0001286;0.0002438;0.0;0.0;0.02762;25.677;18.961;0.02289;-0.092;22.268;0.5942;0.5849;0.5902;-2.941;-1.262;-1.371;0.002091;0.8948;2.149;0.2821;0.6658;0.002035;94.915;4.471;4.071;0.0006162;1,18E-02;
C:\Users\sblee\OneDrive\Documenten\python\Aesthetics-Toolbox-main\Aesthetics-Toolbox-main\art\DRAM_processed\DRAM_processed\labels\impressionism\stefan-luchian\shepherdess.png;839;1.475;1.559;0.6861;0.08192;2.083;0.0;2.065;2.065;2.065;0.6029;-3,83E-02;7,26E-02;0.0;0.0;0.0081;5.333;5.333;5.333;1.559;9,90E-02;0.0001876;0.0;0.0;0.02091;75.857;43.923;-0.132;-0.1755;53.869;0.6602;0.6727;0.6026;-3.011;-1.365;-1.437;0.001898;0.8793;2.242;0.2188;0.3707;0.002491;71.799;4.47;3.86;0.0006903;6,67E-03;
C:\Users\sblee\OneDrive\Documenten\python\Aesthetics-Toolbox-main\Aesthetics-Toolbox-main\art\DRAM_processed\DRAM_processed\labels\impressionism\theodor-philipsen\a-black-and-white-cow.png;888;1.289;1.156;0.7804;0.08042;2.298;0.0;2.314;2.314;2.314;0.6344;-4,03E-02;7,64E-02;0.0;0.0;0.009074;4.217;4.217;4.217;1.156;7,34E-02;0.0001391;0.0;0.0;0.01654;63.445;18.42;0.078;0.04897;48.718;0.6984;0.719;0.7014;-3.072;-1.353;-1.471;0.002785;0.96;2.271;0.2778;0.4314;0.002137;80.288;4.423;4.237;0.0006561;5,18E-03;
C:\Users\sblee\OneDrive\Documenten\python\Aesthetics-Toolbox-main\Aesthetics-Toolbox-main\art\DRAM_processed\DRAM_processed\labels\impressionism\theodor-philipsen\a-group-of-horses-saltholmen-1906.png;888;1.289;1.269;0.609;0.162;3.988;0.0;1.675;1.675;1.675;0.4734;-3,01E-02;5,70E-02;0.0;0.0;0.006571;4.477;4.477;4.477;1.269;8,06E-02;0.0001528;0.0;0.0;0.01756;77.328;52.333;0.058;-0.2552;32.263;0.7189;0.4798;0.4806;-2.859;-1.281;-1.347;0.006751;1.156;2.502;0.1265;0.353;0.002037;74.118;4.453;4.4;0.0006245;6,34E-03;
C:\Users\sblee\OneDrive\Documenten\python\Aesthetics-Toolbox-main\Aesthetics-Toolbox-main\art\DRAM_processed\DRAM_processed\labels\impressionism\theodor-philipsen\cattle-near-a-gate-saltholm.png;835;1.493;1.01;0.6387;0.09775;2.569;0.0;1.618;1.618;1.618;0.4437;-2,82E-02;5.34e-05;0.0;0.0;0.006347;3.683;3.683;3.683;1.01;6,41E-02;0.0001215;0.0;0.0;0.01444;73.283;18.561;-0.018;-0.09104;47.77;0.7964;0.6906;0.6813;-2.956;-1.32;-1.386;0.006637;1.044;2.389;0.2399;0.4235;0.002242;75.692;4.234;4.209;0.0006536;5,50E-03;
C:\Users\sblee\OneDrive\Documenten\python\Aesthetics-Toolbox-main\Aesthetics-Toolbox-main\art\DRAM_processed\DRAM_processed\labels\impressionism\theodor-philipsen\cattle-seen-against-the-sun-on-the-island-of-saltholm-a-color-study-1892.png;809;1.618;0.8671;0.5081;0.08996;2.236;0.0;1.127;1.127;1.127;0.3091;-1,96E-02;3.72e-05;0.0;0.0;0.004421;3.163;3.163;3.163;0.8671;5,51E-02;0.0001044;0.0;0.0;0.0124;80.805;9.783;-0.022;0.04369;32.469;0.7812;0.7062;0.7174;-2.9;-1.301;-1.35;0.007086;1.081;2.245;0.3003;0.4255;0.002189;75.965;4.294;4.23;0.000663;5,06E-03;
C:\Users\sblee\OneDrive\Documenten\python\Aesthetics-Toolbox-main\Aesthetics-Toolbox-main\art\DRAM_processed\DRAM_processed\labels\impressionism\theodor-philipsen\cows-near-the-well-at-gammelgaard-saltholm-1901.png;803;1.65;1.167;0.7907;0.1167;2.941;0.0;2.374;2.374;2.374;0.6509;-4,13E-02;7,83E-02;0.0;0.0;0.009311;4.255;4.255;4.255;1.167;7,41E-02;0.0001404;0.0;0.0;0.01669;61.355;8.407;0.028;0.03135;32.114;0.6879;0.6715;0.6451;-3.017;-1.323;-1.439;0.002967;1.004;2.298;0.367;0.6732;0.001948;84.7;4.355;4.352;0.0006225;6,28E-03;
C:\Users\sblee\OneDrive\Documenten\python\Aesthetics-Toolbox-main\Aesthetics-Toolbox-main\art\DRAM_processed\DRAM_processed\labels\impressionism\theodor-philipsen\g-s-1899.png;1000;1.0;0.3574;0.8155;0.02552;0.834;0.0;0.7581;0.7581;0.7581;0.2078;-1.32e-05;2,50E-02;0.0;0.0;0.002973;1.304;1.304;1.304;0.3574;2,27E-02;4,30E-02;0.0;0.0;0.005112;59.378;6.412;0.002;-0.032;30.355;0.8902;0.8878;0.8869;-3.142;-1.338;-1.454;0.00234;0.9251;2.203;0.3824;0.8299;0.001837;84.153;4.51;4.258;0.0006892;1,35E-03;
C:\Users\sblee\OneDrive\Documenten\python\Aesthetics-Toolbox-main\Aesthetics-Toolbox-main\art\DRAM_processed\DRAM_processed\labels\impressionism\theodor-philipsen\homeward-at-milking-time-evening-saltholm-1897.png;838;1.479;0.729;0.6093;0.09004;2.245;0.0;0.8595;0.8595;0.8595;0.2357;-1,50E-02;2,84E-02;0.0;0.0;0.003371;2.659;2.659;2.659;0.729;4,63E-02;8,77E-02;0.0;0.0;0.01043;84.894;26.55;-0.026;-0.1302;28.416;0.7389;0.6985;0.6607;-2.881;-1.3;-1.391;0.005358;1.099;2.245;0.3129;0.4274;0.001617;71.818;4.484;4.408;0.0006449;4,24E-03;
C:\Users\sblee\OneDrive\Documenten\python\Aesthetics-Toolbox-main\Aesthetics-Toolbox-main\art\DRAM_processed\DRAM_processed\labels\impressionism\valentin-serov\portrait-of-count-feliks-feliksovich-sumarokov-yelstov-later-prince-yusupov-1903.png;890;0.78;1.919;1.531;0.1171;2.864;0.0;9.307;9.307;9.307;2.648;-0.0001681;0.0003187;0.0;0.0;0.0365;6.709;6.709;6.709;1.919;0.0001218;0.0002309;0.0;0.0;0.02631;14.458;17.626;-0.04103;-0.078;23.279;0.6402;0.5668;0.5603;-2.912;-1.181;-1.257;0.001472;0.8133;2.096;0.3335;0.6935;0.001816;96.752;4.361;4.039;0.0006234;1,04E-02;
C:\Users\sblee\OneDrive\Documenten\python\Aesthetics-Toolbox-main\Aesthetics-Toolbox-main\art\DRAM_processed\DRAM_processed\labels\impressionism\victor-borisov-musatov\boy-with-a-dog-1895.png;935;0.87;1.843;1.198;0.07899;2.37;0.0;4.331;4.331;4.331;1.23;-7.81e-05;0.000148;0.0;0.0;0.01699;6.469;6.469;6.469;1.843;0.000117;0.0002217;0.0;0.0;0.02537;46.85;14.226;0.03103;-0.064;34.54;0.6355;0.6461;0.6218;-3.029;-1.343;-1.446;0.001357;0.7873;2.266;0.2683;0.4967;0.002425;87.399;4.451;3.728;0.0006631;8,11E-03;
C:\Users\sblee\OneDrive\Documenten\python\Aesthetics-Toolbox-main\Aesthetics-Toolbox-main\art\DRAM_processed\DRAM_processed\labels\impressionism\william-merritt-chase\408477.png;939;0.878;1.351;0.7983;0.0834;2.493;0.0;1.825;1.825;1.825;0.5229;-3.32e-05;6,29E-02;0.0;0.0;0.007158;4.699;4.699;4.699;1.351;8.58e-05;0.0001626;0.0;0.0;0.01843;76.61;27.804;-0.09226;0.104;47.804;0.6428;0.6803;0.6724;-3.087;-1.354;-1.441;0.00179;0.8666;2.241;0.2229;0.3772;0.002156;78.544;4.461;4.046;0.000665;7,16E-03;
C:\Users\sblee\OneDrive\Documenten\python\Aesthetics-Toolbox-main\Aesthetics-Toolbox-main\art\DRAM_processed\DRAM_processed\labels\impressionism\william-merritt-chase\a-lady-in-black-aka-the-red-shawl.png;881;0.7655;1.938;1.068;0.1328;3.511;0.0;4.549;4.549;4.549;1.304;-8.28e-05;0.0001569;0.0;0.0;0.01784;6.748;6.748;6.748;1.938;0.0001231;0.0002333;0.0;0.0;0.02646;42.406;18.36;-0.08639;-0.03106;34.476;0.5851;0.5901;0.6062;-3.019;-1.358;-1.434;0.0006181;0.9775;2.238;0.3792;0.6653;0.002006;89.226;4.436;4.191;0.0006222;8,29E-03;
C:\Users\sblee\OneDrive\Documenten\python\Aesthetics-Toolbox-main\Aesthetics-Toolbox-main\art\DRAM_processed\DRAM_processed\labels\impressionism\william-merritt-chase\a-sketch-of-my-hound-kuttie.png;897;1.259;1.547;0.9026;0.08189;2.638;0.0;3.82;3.82;3.82;1.057;-6,71E-02;0.0001272;0.0;0.0;0.01498;5.59;5.59;5.59;1.547;9,82E-02;0.0001862;0.0;0.0;0.02192;52.905;14.599;0.054;-0.04912;33.779;0.6506;0.6732;0.6315;-3.1;-1.363;-1.474;0.001973;0.8274;2.241;0.31;0.6149;0.002362;86.945;4.374;3.939;0.0006552;7,79E-03;
C:\Users\sblee\OneDrive\Documenten\python\Aesthetics-Toolbox-main\Aesthetics-Toolbox-main\art\DRAM_processed\DRAM_processed\labels\impressionism\william-merritt-chase\a-summer-afternon-in-holland-aka-sunlight-and-shadow.png;934;1.152;1.284;0.6037;0.1242;3.417;0.0;1.594;1.594;1.594;0.4557;-2,89E-02;5,48E-02;0.0;0.0;0.006252;4.479;4.479;4.479;1.284;8.15e-05;0.0001545;0.0;0.0;0.01756;78.697;28.077;0.13;-0.053;31.634;0.6331;0.6723;0.591;-2.986;-1.347;-1.422;0.002735;1.026;2.43;0.2512;0.369;0.001859;73.621;4.469;4.349;0.0006496;6,46E-03;
C:\Users\sblee\OneDrive\Documenten\python\Aesthetics-Toolbox-main\Aesthetics-Toolbox-main\art\DRAM_processed\DRAM_processed\labels\impressionism\william-merritt-chase\afternoon-by-the-sea-aka-gravesend-bay.png;830;1.515;1.532;0.8887;0.1465;3.637;0.0;2.437;2.437;2.437;0.6957;-4,42E-02;8,37E-02;0.0;0.0;0.009556;5.353;5.353;5.353;1.532;9,73E-02;0.0001844;0.0;0.0;0.02099;72.501;12.345;-0.034;-0.05152;46.12;0.6734;0.6839;0.6531;-2.971;-1.326;-1.41;0.002059;1.023;2.322;0.4283;0.6912;0.001727;78.317;4.456;4.374;0.0006148;6,78E-03;
C:\Users\sblee\OneDrive\Documenten\python\Aesthetics-Toolbox-main\Aesthetics-Toolbox-main\art\DRAM_processed\DRAM_processed\labels\impressionism\william-merritt-chase\end-of-the-season-sun.png;883;1.305;1.618;1.304;0.3581;8.43;0.0;4.16;4.16;4.16;1.169;-7.42e-05;0.0001406;0.0;0.0;0.01632;5.707;5.707;5.707;1.618;0.0001027;0.0001948;0.0;0.0;0.02238;40.602;39.894;-0.184;-0.07702;29.403;0.6445;0.6275;0.6087;-2.754;-1.281;-1.281;0.005581;1.302;2.798;0.5088;0.8341;0.001336;92.656;4.537;4.52;0.0004436;6,99E-03;
C:\Users\sblee\OneDrive\Documenten\python\Aesthetics-Toolbox-main\Aesthetics-Toolbox-main\art\DRAM_processed\DRAM_processed\labels\impressionism\william-merritt-chase\good-friends-1.png;992;0.984;1.779;1.329;0.1472;4.302;0.0;4.147;4.147;4.147;1.175;-7,46E-02;0.0001414;0.0;0.0;0.01626;6.256;6.256;6.256;1.779;0.000113;0.0002141;0.0;0.0;0.02453;51.339;7.7;-0.02642;-0.028;33.12;0.6313;0.5818;0.58;-2.949;-1.262;-1.389;0.003035;1.046;2.352;0.3749;0.71;0.001785;86.986;4.325;4.263;0.0005848;8,21E-03;
C:\Users\sblee\OneDrive\Documenten\python\Aesthetics-Toolbox-main\Aesthetics-Toolbox-main\art\DRAM_processed\DRAM_processed\labels\impressionism\william-merritt-chase\portrait-of-james-rapelje-howell.png;892;0.784;1.911;1.265;0.1503;4.244;0.0;4.89;4.89;4.89;1.39;-8,83E-02;0.0001673;0.0;0.0;0.01917;6.702;6.702;6.702;1.911;0.0001213;0.00023;0.0;0.0;0.02628;46.227;14.006;0.06122;-0.034;31.797;0.5799;0.5815;0.5062;-3.039;-1.332;-1.417;0.001649;0.8756;2.118;0.367;0.731;0.001846;91.062;4.419;4.305;0.0005874;1,02E-02;
C:\Users\sblee\OneDrive\Documenten\python\Aesthetics-Toolbox-main\Aesthetics-Toolbox-main\art\DRAM_processed\DRAM_processed\labels\impressionism\william-merritt-chase\portrait-of-miss-dora-wheeler-1.png;976;1.05;1.779;1.052;0.1139;3.243;0.0;3.702;3.702;3.702;1.057;-6,71E-02;0.0001273;0.0;0.0;0.01452;6.207;6.207;6.207;1.779;0.000113;0.0002141;0.0;0.0;0.02434;56.171;26.413;-0.06;-0.1176;37.661;0.6331;0.6606;0.5893;-2.96;-1.298;-1.436;0.001531;1.036;2.227;0.3052;0.3673;0.002119;84.502;4.312;4.175;0.0006213;9,39E-03;
C:\Users\sblee\OneDrive\Documenten\python\Aesthetics-Toolbox-main\Aesthetics-Toolbox-main\art\DRAM_processed\DRAM_processed\labels\impressionism\william-merritt-chase\reflection.png;840;0.68;1.567;1.238;0.09763;2.545;0.0;3.752;3.752;3.752;1.053;-6,69E-02;0.0001267;0.0;0.0;0.01471;5.53;5.53;5.53;1.567;9,95E-02;0.0001885;0.0;0.0;0.02169;46.77;43.663;-0.01176;-0.218;45.216;0.6889;0.6562;0.6374;-3.027;-1.362;-1.466;0.001899;0.8695;2.149;0.2604;0.3791;0.002373;85.376;4.333;4.082;0.0006626;8,51E-03;
C:\Users\sblee\OneDrive\Documenten\python\Aesthetics-Toolbox-main\Aesthetics-Toolbox-main\art\DRAM_processed\DRAM_processed\labels\impressionism\william-merritt-chase\self-portrait.png;895;0.79;2.157;0.9999;0.09404;2.677;0.0;7.437;7.437;7.437;2.139;-0.0001358;0.0002575;0.0;0.0;0.02916;7.5;7.5;7.5;2.157;0.000137;0.0002596;0.0;0.0;0.02941;28.694;23.366;0.05696;-0.102;26.645;0.6304;0.5722;0.5817;-3.031;-1.371;-1.463;0.001496;0.8151;2.078;0.302;0.6024;0.002348;96.049;4.323;3.583;0.0006619;1,01E-02;
C:\Users\sblee\OneDrive\Documenten\python\Aesthetics-Toolbox-main\Aesthetics-Toolbox-main\art\DRAM_processed\DRAM_processed\labels\impressionism\william-merritt-chase\view-near-polling-1876.png;876;1.324;0.9821;0.2525;0.06295;1.559;0.0;0.6713;0.6713;0.6713;0.1996;-1,27E-02;2,40E-02;0.0;0.0;0.002633;3.302;3.302;3.302;0.9821;6,24E-02;0.0001182;0.0;0.0;0.01295;92.053;33.595;0.02705;-0.1658;64.756;0.8497;0.6889;0.6874;-2.981;-1.322;-1.413;0.002393;1.022;2.31;0.07512;0.3563;0.00323;51.843;4.414;3.874;0.0007216;3,81E-03;
C:\Users\sblee\OneDrive\Documenten\python\Aesthetics-Toolbox-main\Aesthetics-Toolbox-main\art\DRAM_processed\DRAM_processed\labels\impressionism\william-merritt-chase\woman-on-a-striped-with-a-dog-also-known-as-young-woman-on-a-striped-sofa-with-her-dog.png;884;0.768;2.105;1.265;0.1161;3.301;0.0;7.041;7.041;7.041;2.017;-0.0001281;0.0002428;0.0;0.0;0.02761;7.336;7.336;7.336;2.105;0.0001337;0.0002533;0.0;0.0;0.02877;28.056;32.585;0.08333;-0.14;33.56;0.5691;0.6368;0.5743;-3.098;-1.365;-1.469;0.001385;0.8655;2.198;0.2542;0.5896;0.002337;93.071;4.362;4.0;0.0006365;9,04E-03;
C:\Users\sblee\OneDrive\Documenten\python\Aesthetics-Toolbox-main\Aesthetics-Toolbox-main\art\DRAM_processed\DRAM_processed\labels\post_impressionism\alfred-sisley\geese.png;872;1.344;0.2314;0.4251;0.01175;0.3454;0.0;0.2599;0.2599;0.2599;0.07125;-4,52E-03;8,58E-03;0.0;0.0;0.001019;0.8439;0.8439;0.8439;0.2314;1,47E-02;2,78E-02;0.0;0.0;0.003309;83.154;60.072;-0.178;-0.2419;55.008;0.9245;0.9139;0.9129;-3.135;-1.36;-1.464;0.00179;0.9487;2.323;0.04537;0.6809;0.002686;59.962;4.537;3.833;0.0007389;7,15E-04;
C:\Users\sblee\OneDrive\Documenten\python\Aesthetics-Toolbox-main\Aesthetics-Toolbox-main\art\DRAM_processed\DRAM_processed\labels\post_impressionism\alfred-sisley\goose-girl.png;914;1.208;0.4857;0.3205;0.02647;0.7739;0.0;0.2867;0.2867;0.2867;0.08097;-5,14E-03;9,74E-03;0.0;0.0;0.001124;1.696;1.696;1.696;0.4857;3,08E-02;5,85E-02;0.0;0.0;0.006653;97.736;68.744;-0.272;-0.2101;60.421;0.8423;0.8251;0.8294;-3.001;-1.348;-1.443;0.007424;0.9675;2.452;0.03228;0.3968;0.002603;25.426;4.176;3.908;0.0007259;1,27E-03;
C:\Users\sblee\OneDrive\Documenten\python\Aesthetics-Toolbox-main\Aesthetics-Toolbox-main\art\DRAM_processed\DRAM_processed\labels\post_impressionism\alfred-sisley\not_detected_238362.png;857;1.394;0.3957;0.342;0.02736;0.6933;0.0;0.251;0.251;0.251;0.0702;-4,46E-03;8,45E-03;0.0;0.0;0.0009842;1.389;1.389;1.389;0.3957;2,51E-02;4,76E-02;0.0;0.0;0.005447;98.626;61.698;-0.1573;-0.2654;47.221;0.8895;0.8459;0.8486;-3.03;-1.325;-1.426;0.006288;1.083;2.456;0.04856;0.4073;0.002234;28.578;4.3;4.011;0.0007289;9,89E-04;
C:\Users\sblee\OneDrive\Documenten\python\Aesthetics-Toolbox-main\Aesthetics-Toolbox-main\art\DRAM_processed\DRAM_processed\labels\post_impressionism\cuno-amiet\1894_322953.png;899;1.253;2.12;0.9752;0.05325;1.551;0.0;6.115;6.115;6.115;1.759;-0.0001117;0.0002117;0.0;0.0;0.02398;7.371;7.371;7.371;2.12;0.0001346;0.0002552;0.0;0.0;0.02891;34.094;48.384;0.212;-0.1165;35.803;0.6684;0.6876;0.6534;-3.058;-1.393;-1.458;0.001159;0.7666;2.079;0.1438;0.3825;0.002623;85.199;4.115;3.455;0.0007081;5.98e-06;
C:\Users\sblee\OneDrive\Documenten\python\Aesthetics-Toolbox-main\Aesthetics-Toolbox-main\art\DRAM_processed\DRAM_processed\labels\post_impressionism\cuno-amiet\1910_322916.png;903;0.806;2.262;0.9522;0.1115;3.072;0.0;5.951;5.951;5.951;1.741;-0.0001105;0.0002095;0.0;0.0;0.02334;7.733;7.733;7.733;2.262;0.0001436;0.0002722;0.0;0.0;0.03033;48.562;12.183;-0.01861;0.058;29.175;0.6979;0.6181;0.5989;-3.039;-1.36;-1.455;0.001597;0.868;2.192;0.2664;0.5621;0.002317;87.657;4.507;4.005;0.0006548;8,41E-03;
C:\Users\sblee\OneDrive\Documenten\python\Aesthetics-Toolbox-main\Aesthetics-Toolbox-main\art\DRAM_processed\DRAM_processed\labels\post_impressionism\cuno-amiet\1930_322964.png;960;0.92;2.109;0.9678;0.09197;2.726;0.0;9.079;9.079;9.079;2.612;-0.0001658;0.0003143;0.0;0.0;0.0356;7.332;7.332;7.332;2.109;0.0001339;0.0002538;0.0;0.0;0.02875;22.151;21.617;-0.004348;-0.108;17.794;0.5976;0.6351;0.5568;-2.985;-1.343;-1.406;0.004124;0.8744;1.94;0.2834;0.6022;0.002466;94.62;4.012;3.624;0.0006552;9,21E-03;
C:\Users\sblee\OneDrive\Documenten\python\Aesthetics-Toolbox-main\Aesthetics-Toolbox-main\art\DRAM_processed\DRAM_processed\labels\post_impressionism\franz-marc\Franz_marc_cats.png;912;1.214;1.082;0.9803;0.04951;1.447;0.0;3.341;3.341;3.341;0.916;-5,82E-02;0.0001102;0.0;0.0;0.0131;3.945;3.945;3.945;1.082;6,87E-02;0.0001302;0.0;0.0;0.01547;33.337;9.825;0.044;-0.02184;24.544;0.7679;0.7379;0.7906;-3.074;-1.396;-1.488;0.001859;0.8275;2.123;0.2821;0.5037;0.002389;91.107;4.369;3.528;0.000685;4,73E-03;
C:\Users\sblee\OneDrive\Documenten\python\Aesthetics-Toolbox-main\Aesthetics-Toolbox-main\art\DRAM_processed\DRAM_processed\labels\post_impressionism\franz-marc\franz_marc_jumping_dog_schlick_1908.png;910;1.22;1.391;0.7724;0.06063;1.927;0.0;2.722;2.722;2.722;0.7532;-4,78E-02;9,06E-02;0.0;0.0;0.01067;5.025;5.025;5.025;1.391;8,83E-02;0.0001674;0.0;0.0;0.01971;61.43;20.186;-0.072;0.07073;44.883;0.6974;0.6806;0.6923;-3.059;-1.342;-1.45;0.00127;0.8546;2.066;0.259;0.4067;0.00243;82.769;4.275;3.829;0.0006766;6,27E-03;
C:\Users\sblee\OneDrive\Documenten\python\Aesthetics-Toolbox-main\Aesthetics-Toolbox-main\art\DRAM_processed\DRAM_processed\labels\post_impressionism\franz-marc\franz_marc_siberian_sheepdogs.png;857;1.401;1.638;0.9809;0.08794;2.645;0.0;5.026;5.026;5.026;1.391;-8,83E-02;0.0001674;0.0;0.0;0.01971;5.92;5.92;5.92;1.638;0.000104;0.0001972;0.0;0.0;0.02322;40.425;20.144;-0.016;0.09944;34.817;0.7182;0.6191;0.6105;-3.104;-1.363;-1.465;0.002069;0.8354;2.182;0.344;0.6422;0.002216;90.516;4.418;3.931;0.0006495;8,46E-03;
C:\Users\sblee\OneDrive\Documenten\python\Aesthetics-Toolbox-main\Aesthetics-Toolbox-main\art\DRAM_processed\DRAM_processed\labels\post_impressionism\franz-marc\Franz_marc_two_cats.png;976;1.046;1.069;0.9644;0.08119;2.474;0.0;4.885;4.885;4.885;1.339;-8,50E-02;0.0001612;0.0;0.0;0.01916;3.901;3.901;3.901;1.069;6.79e-05;0.0001287;0.0;0.0;0.0153;23.691;6.3;-0.03106;0.005241;13.801;0.7115;0.7297;0.7208;-3.127;-1.324;-1.437;0.003844;0.9592;2.006;0.4109;0.738;0.002008;96.355;4.41;4.093;0.0006195;6,23E-03;
C:\Users\sblee\OneDrive\Documenten\python\Aesthetics-Toolbox-main\Aesthetics-Toolbox-main\art\DRAM_processed\DRAM_processed\labels\post_impressionism\franz-marc\grazing-horses-1910.png;837;1.476;1.795;0.9822;0.1423;3.923;0.0;5.481;5.481;5.481;1.533;-9,73E-02;0.0001845;0.0;0.0;0.02149;6.42;6.42;6.42;1.795;0.000114;0.0002161;0.0;0.0;0.02518;33.691;13.032;-0.003006;-0.06509;20.931;0.5778;0.5564;0.543;-3.13;-1.363;-1.48;0.001689;0.9649;2.033;0.3209;0.739;0.001981;94.518;4.434;4.183;0.000601;9,57E-03;
C:\Users\sblee\OneDrive\Documenten\python\Aesthetics-Toolbox-main\Aesthetics-Toolbox-main\art\DRAM_processed\DRAM_processed\labels\post_impressionism\franz-marc\large-lenggries-horses-1908.png;756;1.953;1.635;0.8573;0.1254;2.977;0.0;9.342;9.342;9.342;2.613;-0.0001659;0.0003144;0.0;0.0;0.03664;5.846;5.846;5.846;1.635;0.0001038;0.0001967;0.0;0.0;0.02292;13.303;6.452;-0.008;-0.03125;18.88;0.673;0.6112;0.6165;-3.067;-1.341;-1.457;0.002242;0.9392;2.127;0.2486;0.591;0.002181;97.871;4.396;3.909;0.0006468;7,98E-03;
C:\Users\sblee\OneDrive\Documenten\python\Aesthetics-Toolbox-main\Aesthetics-Toolbox-main\art\DRAM_processed\DRAM_processed\labels\post_impressionism\franz-marc-wiki\Franz_marc-lying_dog_also_known_as_portrait_of_a_dog_.png;892;1.276;1.655;0.9955;0.08107;2.396;0.0;6.475;6.475;6.475;1.792;-0.0001138;0.0002157;0.0;0.0;0.02539;5.981;5.981;5.981;1.655;0.0001051;0.0001992;0.0;0.0;0.02346;22.563;19.826;-0.048;0.08673;25.612;0.6224;0.6979;0.6073;-3.079;-1.355;-1.431;0.002402;0.8383;2.193;0.3374;0.6362;0.002262;94.07;4.463;3.825;0.0006595;8,51E-03;
C:\Users\sblee\OneDrive\Documenten\python\Aesthetics-Toolbox-main\Aesthetics-Toolbox-main\art\DRAM_processed\DRAM_processed\labels\post_impressionism\fujishima-takeji\an-amazon-by-fujishima-takeji.png;885;0.77;1.879;1.306;0.1111;2.971;0.0;5.611;5.611;5.611;1.581;-0.0001004;0.0001902;0.0;0.0;0.02201;6.66;6.66;6.66;1.879;0.0001193;0.0002262;0.0;0.0;0.02612;33.971;22.821;-0.05844;-0.098;33.903;0.5989;0.5908;0.6297;-2.974;-1.352;-1.461;0.002228;0.7902;2.076;0.3522;0.6534;0.002256;92.174;4.393;3.972;0.0006347;9,71E-03;
C:\Users\sblee\OneDrive\Documenten\python\Aesthetics-Toolbox-main\Aesthetics-Toolbox-main\art\DRAM_processed\DRAM_processed\labels\post_impressionism\george-washington-lambert\weighing-the-fleece-1921.png;884;1.302;2.083;1.139;0.1791;4.63;0.0;4.708;4.708;4.708;1.368;-8,69E-02;0.0001647;0.0;0.0;0.01846;7.157;7.157;7.157;2.083;0.0001323;0.0002507;0.0;0.0;0.02807;51.322;32.358;-0.08;-0.1406;25.698;0.588;0.5242;0.5002;-2.974;-1.339;-1.41;0.002014;0.9026;2.32;0.4097;0.7114;0.00189;84.629;4.439;4.349;0.0005929;9,25E-03;
C:\Users\sblee\OneDrive\Documenten\python\Aesthetics-Toolbox-main\Aesthetics-Toolbox-main\art\DRAM_processed\DRAM_processed\labels\post_impressionism\grace-cossington-smith\quaker-girl-1915.png;881;0.762;1.791;1.158;0.1244;3.426;0.0;3.831;3.831;3.831;1.094;-6,95E-02;0.0001317;0.0;0.0;0.01502;6.246;6.246;6.246;1.791;0.0001137;0.0002156;0.0;0.0;0.02449;51.256;27.271;0.1325;-0.032;33.637;0.6112;0.6024;0.5796;-3.035;-1.369;-1.457;0.001429;0.9252;2.23;0.3715;0.6796;0.002094;88.893;4.405;4.211;0.0006327;7,49E-03;
C:\Users\sblee\OneDrive\Documenten\python\Aesthetics-Toolbox-main\Aesthetics-Toolbox-main\art\DRAM_processed\DRAM_processed\labels\post_impressionism\grace-cossington-smith\sunny-morning-cows-at-lanyon-1916.png;918;0.836;0.5682;0.2646;0.02422;0.7486;0.0;0.4497;0.4497;0.4497;0.1233;-7,83E-03;1,48E-02;0.0;0.0;0.001764;2.072;2.072;2.072;0.5682;3,61E-02;6,84E-02;0.0;0.0;0.008127;91.459;53.062;-0.02632;-0.264;46.557;0.8843;0.8317;0.8316;-3.007;-1.357;-1.435;0.005219;0.8848;2.297;0.07111;0.4498;0.002978;48.261;4.1;3.442;0.0007283;1,84E-03;
C:\Users\sblee\OneDrive\Documenten\python\Aesthetics-Toolbox-main\Aesthetics-Toolbox-main\art\DRAM_processed\DRAM_processed\labels\post_impressionism\gwen-john\girl-with-cat.png;884;0.768;2.095;1.236;0.1093;2.617;0.0;6.969;6.969;6.969;1.999;-0.0001269;0.0002406;0.0;0.0;0.02733;7.287;7.287;7.287;2.095;0.000133;0.0002522;0.0;0.0;0.02857;38.135;27.205;0.002604;-0.136;26.561;0.7826;0.6412;0.6256;-3.02;-1.309;-1.437;0.002386;0.8259;2.148;0.2785;0.6474;0.002301;92.093;4.277;3.786;0.0006574;9,36E-03;
C:\Users\sblee\OneDrive\Documenten\python\Aesthetics-Toolbox-main\Aesthetics-Toolbox-main\art\DRAM_processed\DRAM_processed\labels\post_impressionism\gwen-john\gwen_john_black_cat_on_blue_and_pink.png;923;1.182;0.7934;0.6217;0.02667;0.7851;0.0;1.238;1.238;1.238;0.3395;-2,16E-02;4,09E-02;0.0;0.0;0.004856;2.894;2.894;2.894;0.7934;5,04E-02;9,55E-02;0.0;0.0;0.01135;72.054;29.479;-0.11;0.09811;50.56;0.8438;0.8421;0.8324;-3.082;-1.353;-1.461;0.001211;0.805;2.052;0.1532;0.4881;0.003336;71.248;4.141;3.216;0.0007258;2,71E-03;
C:\Users\sblee\OneDrive\Documenten\python\Aesthetics-Toolbox-main\Aesthetics-Toolbox-main\art\DRAM_processed\DRAM_processed\labels\post_impressionism\gwen-john\gwen_john_the_cat.png;941;1.134;1.015;0.8933;0.02826;0.8549;0.0;2.481;2.481;2.481;0.6802;-4,32E-02;8,19E-02;0.0;0.0;0.009729;3.7;3.7;3.7;1.015;6,44E-02;0.0001221;0.0;0.0;0.01451;58.523;15.501;-0.024;0.0737;44.084;0.8693;0.849;0.8223;-3.063;-1.374;-1.446;0.001631;0.7658;2.379;0.1862;0.4836;0.002794;79.957;4.357;2.798;0.0007208;3,92E-03;
C:\Users\sblee\OneDrive\Documenten\python\Aesthetics-Toolbox-main\Aesthetics-Toolbox-main\art\DRAM_processed\DRAM_processed\labels\post_impressionism\gwen-john\young-woman-holding-a-black-cat.png;818;0.636;2.035;1.386;0.09121;2.249;0.0;7.233;7.233;7.233;2.069;-0.0001314;0.000249;0.0;0.0;0.02836;7.077;7.077;7.077;2.035;0.0001292;0.0002449;0.0;0.0;0.02775;25.126;35.699;-0.1132;-0.138;35.281;0.6452;0.6336;0.6143;-3.017;-1.346;-1.434;0.00171;0.8093;2.105;0.3064;0.4445;0.002383;92.675;4.109;3.744;0.0006701;8,25E-03;
C:\Users\sblee\OneDrive\Documenten\python\Aesthetics-Toolbox-main\Aesthetics-Toolbox-main\art\DRAM_processed\DRAM_processed\labels\post_impressionism\henri-de-toulouse-lautrec\1882_230341.png;894;0.788;2.157;0.9998;0.06431;1.862;0.0;7.623;7.623;7.623;2.193;-0.0001392;0.0002639;0.0;0.0;0.02989;7.499;7.499;7.499;2.157;0.000137;0.0002596;0.0;0.0;0.02941;31.745;30.929;-0.08376;-0.13;30.782;0.6516;0.7139;0.6317;-3.054;-1.385;-1.453;0.002333;0.8215;1.959;0.2161;0.3822;0.002779;90.203;4.252;3.22;0.0006949;7,17E-03;
C:\Users\sblee\OneDrive\Documenten\python\Aesthetics-Toolbox-main\Aesthetics-Toolbox-main\art\DRAM_processed\DRAM_processed\labels\post_impressionism\henri-de-toulouse-lautrec\1888_230482.png;849;1.433;1.191;0.6135;0.0469;1.411;0.0;1.817;1.817;1.817;0.503;-3,19E-02;6,05E-02;0.0;0.0;0.007127;4.302;4.302;4.302;1.191;7,56E-02;0.0001433;0.0;0.0;0.01687;76.747;4.887;0.002;0.02436;50.917;0.7956;0.8251;0.806;-3.101;-1.353;-1.482;0.00149;0.8273;2.012;0.1813;0.4165;0.002957;70.986;4.157;3.446;0.0007071;4,92E-03;
C:\Users\sblee\OneDrive\Documenten\python\Aesthetics-Toolbox-main\Aesthetics-Toolbox-main\art\DRAM_processed\DRAM_processed\labels\post_impressionism\henri-de-toulouse-lautrec\1889_230426.png;855;0.71;1.871;0.8128;0.07445;2.053;0.0;3.765;3.765;3.765;1.083;-6,88E-02;0.0001303;0.0;0.0;0.01476;6.504;6.504;6.504;1.871;0.0001188;0.0002251;0.0;0.0;0.0255;61.378;26.67;0.04366;-0.126;49.232;0.7389;0.6478;0.6373;-3.082;-1.359;-1.46;0.002365;0.8125;2.106;0.1814;0.3845;0.002628;78.341;4.235;3.502;0.0006939;7,66E-03;
C:\Users\sblee\OneDrive\Documenten\python\Aesthetics-Toolbox-main\Aesthetics-Toolbox-main\art\DRAM_processed\DRAM_processed\labels\post_impressionism\henri-de-toulouse-lautrec\1889_230699.png;886;0.772;2.116;0.9724;0.1154;3.169;0.0;6.037;6.037;6.037;1.737;-0.0001103;0.000209;0.0;0.0;0.02368;7.356;7.356;7.356;2.116;0.0001343;0.0002547;0.0;0.0;0.02885;43.821;23.252;0.007772;-0.116;31.665;0.6975;0.5482;0.5469;-3.071;-1.346;-1.449;0.002125;0.847;2.158;0.2896;0.6655;0.002089;91.348;4.421;3.976;0.0006456;9,43E-03;
C:\Users\sblee\OneDrive\Documenten\python\Aesthetics-Toolbox-main\Aesthetics-Toolbox-main\art\DRAM_processed\DRAM_processed\labels\post_impressionism\henri-de-toulouse-lautrec\1890_230416.png;904;0.808;1.888;1.072;0.1076;2.727;0.0;4.261;4.261;4.261;1.22;-7,75E-02;0.0001468;0.0;0.0;0.01671;6.576;6.576;6.576;1.888;0.0001199;0.0002272;0.0;0.0;0.02579;52.893;43.821;0.04703;-0.214;40.098;0.6399;0.6193;0.6031;-2.971;-1.328;-1.425;0.00234;0.8631;2.156;0.1706;0.4345;0.002179;83.552;4.42;4.165;0.0006446;8,97E-03;
C:\Users\sblee\OneDrive\Documenten\python\Aesthetics-Toolbox-main\Aesthetics-Toolbox-main\art\DRAM_processed\DRAM_processed\labels\post_impressionism\henri-de-toulouse-lautrec\1890_230587.png;873;0.746;1.947;0.8614;0.09945;2.751;0.0;4.266;4.266;4.266;1.227;-7,79E-02;0.0001477;0.0;0.0;0.01673;6.767;6.767;6.767;1.947;0.0001236;0.0002343;0.0;0.0;0.02654;59.39;9.634;-0.004021;-0.048;40.625;0.7639;0.6242;0.6168;-3.065;-1.34;-1.44;0.001562;0.8381;2.276;0.2684;0.4554;0.002281;83.985;4.447;3.909;0.0006617;9,03E-03;
C:\Users\sblee\OneDrive\Documenten\python\Aesthetics-Toolbox-main\Aesthetics-Toolbox-main\art\DRAM_processed\DRAM_processed\labels\post_impressionism\henri-de-toulouse-lautrec\1892_230453.png;872;1.344;2.055;0.9317;0.08302;2.326;0.0;5.211;5.211;5.211;1.499;-9,52E-02;0.0001804;0.0;0.0;0.02044;7.142;7.142;7.142;2.055;0.0001304;0.0002473;0.0;0.0;0.02801;48.955;25.882;0.028;0.1263;42.251;0.6898;0.5969;0.5826;-3.073;-1.356;-1.448;0.001373;0.8309;2.07;0.2221;0.3851;0.00241;84.813;4.466;3.625;0.0006767;7,79E-03;
C:\Users\sblee\OneDrive\Documenten\python\Aesthetics-Toolbox-main\Aesthetics-Toolbox-main\art\DRAM_processed\DRAM_processed\labels\post_impressionism\henri-de-toulouse-lautrec\1893_230488.png;956;0.912;2.089;0.9543;0.1199;3.683;0.0;9.377;9.377;9.377;2.697;-0.0001713;0.0003246;0.0;0.0;0.03677;7.261;7.261;7.261;2.089;0.0001326;0.0002514;0.0;0.0;0.02848;20.245;9.61;-0.002193;-0.048;16.189;0.5672;0.5271;0.5488;-3.075;-1.326;-1.477;0.001558;0.8977;2.199;0.3594;0.6911;0.00204;96.51;4.488;4.046;0.0006168;1,15E-02;
C:\Users\sblee\OneDrive\Documenten\python\Aesthetics-Toolbox-main\Aesthetics-Toolbox-main\art\DRAM_processed\DRAM_processed\labels\post_impressionism\henri-de-toulouse-lautrec\1894_230570.png;865;1.37;2.109;0.9676;0.1241;3.452;0.0;5.917;5.917;5.917;1.702;-0.0001081;0.0002048;0.0;0.0;0.0232;7.331;7.331;7.331;2.109;0.0001339;0.0002538;0.0;0.0;0.02875;45.11;11.134;0.036;0.04247;23.715;0.5615;0.6317;0.5372;-3.059;-1.356;-1.456;0.0018;0.8058;2.194;0.3821;0.6453;0.002064;88.964;4.411;4.096;0.0006324;1,02E-02;
C:\Users\sblee\OneDrive\Documenten\python\Aesthetics-Toolbox-main\Aesthetics-Toolbox-main\art\DRAM_processed\DRAM_processed\labels\post_impressionism\henri-de-toulouse-lautrec\1894_230701.png;850;0.7034;2.153;0.997;0.0811;2.072;0.0;7.015;7.015;7.015;2.018;-0.0001281;0.0002429;0.0;0.0;0.02751;7.484;7.484;7.484;2.153;0.0001367;0.0002591;0.0;0.0;0.02935;37.832;31.53;0.02707;-0.1553;32.654;0.7081;0.6955;0.6507;-3.083;-1.371;-1.478;0.0007561;0.8135;2.109;0.1962;0.3912;0.002686;88.994;4.233;3.309;0.0006924;6.23e-06;
C:\Users\sblee\OneDrive\Documenten\python\Aesthetics-Toolbox-main\Aesthetics-Toolbox-main\art\DRAM_processed\DRAM_processed\labels\post_impressionism\henri-de-toulouse-lautrec\1895_230342.png;841;1.466;2.072;0.9434;0.08425;2.284;0.0;5.413;5.413;5.413;1.557;-9,89E-02;0.0001874;0.0;0.0;0.02123;7.204;7.204;7.204;2.072;0.0001316;0.0002494;0.0;0.0;0.02825;48.278;14.675;-0.07;-0.02199;31.241;0.6808;0.6771;0.6416;-3.089;-1.366;-1.468;0.002199;0.7798;2.106;0.2173;0.3855;0.0026;85.553;4.244;3.487;0.0006839;7,40E-03;
C:\Users\sblee\OneDrive\Documenten\python\Aesthetics-Toolbox-main\Aesthetics-Toolbox-main\art\DRAM_processed\DRAM_processed\labels\post_impressionism\henri-de-toulouse-lautrec\1897_230539.png;880;0.76;1.787;0.76;0.08763;2.51;0.0;3.299;3.299;3.299;0.949;-6,03E-02;0.0001142;0.0;0.0;0.01294;6.213;6.213;6.213;1.787;0.0001135;0.0002151;0.0;0.0;0.02436;68.12;31.703;-0.1579;0.014;32.064;0.6719;0.7691;0.6613;-3.055;-1.311;-1.45;0.002114;0.8284;2.061;0.2629;0.3829;0.002528;76.485;4.16;3.736;0.0006787;6,89E-03;
C:\Users\sblee\OneDrive\Documenten\python\Aesthetics-Toolbox-main\Aesthetics-Toolbox-main\art\DRAM_processed\DRAM_processed\labels\post_impressionism\henri-de-toulouse-lautrec\1897_230544.png;909;1.222;1.959;1.153;0.0696;1.972;0.0;4.906;4.906;4.906;1.405;-8,92E-02;0.000169;0.0;0.0;0.01924;6.822;6.822;6.822;1.959;0.0001244;0.0002357;0.0;0.0;0.02675;44.777;34.914;0.04;-0.1699;30.502;0.6688;0.6692;0.6435;-3.003;-1.371;-1.459;0.001659;0.8031;2.087;0.2592;0.4629;0.002399;85.267;4.392;3.591;0.0006799;6,15E-03;
C:\Users\sblee\OneDrive\Documenten\python\Aesthetics-Toolbox-main\Aesthetics-Toolbox-main\art\DRAM_processed\DRAM_processed\labels\post_impressionism\henri-de-toulouse-lautrec\1899_230348.png;876;0.752;1.606;0.963;0.1115;3.225;0.0;3.084;3.084;3.084;0.8697;-5,52E-02;0.0001047;0.0;0.0;0.0121;5.688;5.688;5.688;1.606;0.0001019;0.0001932;0.0;0.0;0.02231;64.086;4.546;-0.02128;-0.008;45.035;0.6528;0.6445;0.6918;-3.094;-1.339;-1.464;0.001884;0.9003;2.21;0.3909;0.5922;0.002157;80.583;4.246;4.11;0.0006391;7,77E-03;
C:\Users\sblee\OneDrive\Documenten\python\Aesthetics-Toolbox-main\Aesthetics-Toolbox-main\art\DRAM_processed\DRAM_processed\labels\post_impressionism\henri-de-toulouse-lautrec\1899_230363.png;818;0.636;1.387;0.7518;0.1031;2.663;0.0;2.082;2.082;2.082;0.5876;-3,73E-02;7,07E-02;0.0;0.0;0.008164;4.908;4.908;4.908;1.387;8,81E-02;0.0001669;0.0;0.0;0.01925;73.055;8.025;-0.003145;0.04;41.923;0.6565;0.6847;0.6446;-3.067;-1.347;-1.464;0.001897;1.011;2.218;0.2937;0.3872;0.002194;80.241;4.457;4.264;0.0006646;6,26E-03;
C:\Users\sblee\OneDrive\Documenten\python\Aesthetics-Toolbox-main\Aesthetics-Toolbox-main\art\DRAM_processed\DRAM_processed\labels\post_impressionism\henri-de-toulouse-lautrec\1899_230626.png;854;0.708;1.802;1.187;0.1604;4.325;0.0;4.559;4.559;4.559;1.284;-8,15E-02;0.0001546;0.0;0.0;0.01788;6.389;6.389;6.389;1.802;0.0001144;0.0002169;0.0;0.0;0.02506;49.618;21.212;-0.1045;-0.018;36.655;0.5893;0.6008;0.5594;-3.075;-1.341;-1.445;0.001353;0.8977;2.154;0.4004;0.7067;0.001762;88.614;4.515;4.35;0.0005858;1,06E-02;
C:\Users\sblee\OneDrive\Documenten\python\Aesthetics-Toolbox-main\Aesthetics-Toolbox-main\art\DRAM_processed\DRAM_processed\labels\post_impressionism\henri-de-toulouse-lautrec\1899_230628.png;892;0.784;2.057;0.9336;0.05888;1.59;0.0;9.758;9.758;9.758;2.807;-0.0001782;0.0003378;0.0;0.0;0.03827;7.152;7.152;7.152;2.057;0.0001306;0.0002476;0.0;0.0;0.02805;17.608;29.358;-0.08163;-0.122;24.344;0.6937;0.7022;0.6461;-3.028;-1.406;-1.455;0.004603;0.8771;2.137;0.2219;0.3835;0.002889;94.516;4.133;3.196;0.0007097;6,92E-03;
C:\Users\sblee\OneDrive\Documenten\python\Aesthetics-Toolbox-main\Aesthetics-Toolbox-main\art\DRAM_processed\DRAM_processed\labels\post_impressionism\henri-de-toulouse-lautrec\at-the-circus-fernando-the-rider-1888.png;816;1.582;1.981;1.376;0.1996;5.022;0.0;5.719;5.719;5.719;1.626;-0.0001033;0.0001957;0.0;0.0;0.02243;6.955;6.955;6.955;1.981;0.0001258;0.0002384;0.0;0.0;0.02727;38.866;13.157;-0.042;-0.05063;23.178;0.5807;0.5315;0.4879;-3.063;-1.326;-1.463;0.001956;0.9544;2.129;0.5112;0.7694;0.001657;95.094;4.418;4.282;0.0005501;1,15E-02;
C:\Users\sblee\OneDrive\Documenten\python\Aesthetics-Toolbox-main\Aesthetics-Toolbox-main\art\DRAM_processed\DRAM_processed\labels\post_impressionism\henri-de-toulouse-lautrec\at-the-races-1899.png;912;1.208;2.092;1.363;0.1531;4.149;0.0;7.035;7.035;7.035;2.013;-0.0001278;0.0002422;0.0;0.0;0.02759;7.302;7.302;7.302;2.092;0.0001328;0.0002517;0.0;0.0;0.02863;26.708;25.666;-0.1032;-0.07627;24.826;0.534;0.5367;0.5486;-3.032;-1.34;-1.456;0.001762;0.9018;2.055;0.4298;0.7185;0.001951;94.425;4.293;4.205;0.0005979;1,13E-02;
C:\Users\sblee\OneDrive\Documenten\python\Aesthetics-Toolbox-main\Aesthetics-Toolbox-main\art\DRAM_processed\DRAM_processed\labels\post_impressionism\henri-de-toulouse-lautrec\hangover-1889.png;920;1.19;2.087;1.204;0.06319;1.942;0.0;6.313;6.313;6.313;1.813;-0.0001151;0.0002182;0.0;0.0;0.02476;7.252;7.252;7.252;2.087;0.0001325;0.0002511;0.0;0.0;0.02844;39.006;28.892;0.118;-0.08333;30.854;0.661;0.6892;0.6512;-3.066;-1.383;-1.454;0.001056;0.7305;2.052;0.2963;0.4909;0.002482;88.799;4.248;3.585;0.0006803;7,01E-03;
C:\Users\sblee\OneDrive\Documenten\python\Aesthetics-Toolbox-main\Aesthetics-Toolbox-main\art\DRAM_processed\DRAM_processed\labels\post_impressionism\henri-de-toulouse-lautrec\napoléon-1896.png;880;0.76;1.93;1.418;0.1743;4.568;0.0;6.445;6.445;6.445;1.82;-0.0001155;0.000219;0.0;0.0;0.02527;6.824;6.824;6.824;1.93;0.0001226;0.0002323;0.0;0.0;0.02676;32.473;24.964;-0.1105;-0.058;29.851;0.5423;0.5429;0.4916;-2.995;-1.28;-1.409;0.003295;0.9276;2.123;0.4885;0.7645;0.001654;91.81;4.371;4.259;0.0005607;1,06E-02;
C:\Users\sblee\OneDrive\Documenten\python\Aesthetics-Toolbox-main\Aesthetics-Toolbox-main\art\DRAM_processed\DRAM_processed\labels\post_impressionism\henri-de-toulouse-lautrec\observation-fabre-reserve-officer-1901.png;911;0.822;1.568;0.9208;0.0979;2.787;0.0;2.939;2.939;2.939;0.8273;-5,25E-02;9,96E-02;0.0;0.0;0.01152;5.563;5.563;5.563;1.568;9,96E-02;0.0001887;0.0;0.0;0.02182;63.015;46.72;0.2202;0.078;47.07;0.6081;0.6279;0.6201;-3.107;-1.347;-1.448;0.002782;0.8937;2.107;0.2371;0.3816;0.002351;77.011;4.294;4.154;0.0006599;6,53E-03;
C:\Users\sblee\OneDrive\Documenten\python\Aesthetics-Toolbox-main\Aesthetics-Toolbox-main\art\DRAM_processed\DRAM_processed\labels\post_impressionism\henri-de-toulouse-lautrec\the-last-crunbs-1891.png;885;1.299;2.061;1.052;0.08284;2.398;0.0;5.478;5.478;5.478;1.575;-1,00E-01;0.0001895;0.0;0.0;0.02148;7.166;7.166;7.166;2.061;0.0001309;0.0002481;0.0;0.0;0.0281;44.388;21.576;0.056;-0.09221;30.934;0.663;0.6296;0.6297;-3.063;-1.364;-1.433;0.001361;0.8123;2.17;0.2899;0.5142;0.002443;87.23;4.374;3.842;0.0006645;9,41E-03;
C:\Users\sblee\OneDrive\Documenten\python\Aesthetics-Toolbox-main\Aesthetics-Toolbox-main\art\DRAM_processed\DRAM_processed\labels\post_impressionism\maxime-maufra\departure-of-fishing-boats-1900.png;919;1.193;0.2914;0.2614;0.02886;0.7358;0.0;0.1898;0.1898;0.1898;0.05248;-3,33E-03;6,32E-03;0.0;0.0;0.0007443;1.04;1.04;1.04;0.2914;1.85e-05;3,51E-02;0.0;0.0;0.004077;91.661;35.203;0.104;-0.142;56.544;0.8823;0.8339;0.8307;-2.89;-1.295;-1.313;0.007485;0.955;2.293;0.08427;0.4117;0.002451;69.03;4.37;4.114;0.0007271;1,41E-03;
C:\Users\sblee\OneDrive\Documenten\python\Aesthetics-Toolbox-main\Aesthetics-Toolbox-main\art\DRAM_processed\DRAM_processed\labels\post_impressionism\maxime-maufra\the-port-of-la-rochelle-at-twilight-1911.png;900;1.25;0.4797;0.8233;0.06788;1.68;0.0;1.031;1.031;1.031;0.2827;-1,80E-02;3,40E-02;0.0;0.0;0.004043;1.75;1.75;1.75;0.4797;3,05E-02;5,77E-02;0.0;0.0;0.006861;57.195;43.32;-0.146;-0.16;31.353;0.7954;0.827;0.772;-2.934;-1.303;-1.358;0.01167;1.065;2.481;0.3479;0.7968;0.00187;88.481;3.862;4.237;0.0006482;2,23E-03;
C:\Users\sblee\OneDrive\Documenten\python\Aesthetics-Toolbox-main\Aesthetics-Toolbox-main\art\DRAM_processed\DRAM_processed\labels\post_impressionism\maxime-maufra\the-transatlantic-leaving-port-1905.png;895;1.266;0.4548;0.7615;0.03848;1.014;0.0;0.8829;0.8829;0.8829;0.2421;-1,54E-02;2,91E-02;0.0;0.0;0.003462;1.659;1.659;1.659;0.4548;2,89E-02;5,47E-02;0.0;0.0;0.006506;63.022;50.122;-0.24;-0.07215;43.972;0.8447;0.8734;0.8435;-3.148;-1.363;-1.426;0.003314;0.9392;2.371;0.247;0.6049;0.002396;79.803;4.012;4.087;0.0006944;1,63E-03;
C:\Users\sblee\OneDrive\Documenten\python\Aesthetics-Toolbox-main\Aesthetics-Toolbox-main\art\DRAM_processed\DRAM_processed\labels\post_impressionism\nadezda-petrovic\1900_9223372032559858499.png;832;0.664;1.831;0.7873;0.06795;1.823;0.0;11.469;11.469;11.469;3.299;-0.0002095;0.0003971;0.0;0.0;0.04498;6.364;6.364;6.364;1.831;0.0001162;0.0002203;0.0;0.0;0.02496;14.772;12.531;-0.009036;-0.062;20.161;0.8653;0.7032;0.6976;-3.06;-1.353;-1.469;0.005596;0.7464;2.159;0.169;0.3818;0.002745;98.064;4.235;2.919;0.0006944;8,47E-03;
C:\Users\sblee\OneDrive\Documenten\python\Aesthetics-Toolbox-main\Aesthetics-Toolbox-main\art\DRAM_processed\DRAM_processed\labels\post_impressionism\nadezda-petrovic\1905_9223372032559858516.png;881;0.762;1.995;0.8925;0.07307;2.051;0.0;10.359;10.359;10.359;2.98;-0.0001892;0.0003586;0.0;0.0;0.04062;6.934;6.934;6.934;1.995;0.0001266;0.00024;0.0;0.0;0.02719;16.972;16.105;-0.009186;-0.08;20.456;0.7268;0.6705;0.6446;-3.065;-1.393;-1.474;0.006818;0.7985;2.363;0.2227;0.3885;0.002905;96.46;3.897;2.855;0.000693;6,64E-03;
C:\Users\sblee\OneDrive\Documenten\python\Aesthetics-Toolbox-main\Aesthetics-Toolbox-main\art\DRAM_processed\DRAM_processed\labels\post_impressionism\nadezda-petrovic\1907_9223372032559846798.png;875;0.75;2.127;0.9795;0.06471;1.842;0.0;6.24;6.24;6.24;1.795;-0.000114;0.000216;0.0;0.0;0.02447;7.393;7.393;7.393;2.127;0.000135;0.000256;0.0;0.0;0.02899;40.77;33.171;-0.092;-0.138;33.847;0.6437;0.7106;0.6433;-3.065;-1.324;-1.463;0.001481;0.8;2.142;0.2274;0.3862;0.002853;88.424;4.023;3.126;0.0006965;7,61E-03;
C:\Users\sblee\OneDrive\Documenten\python\Aesthetics-Toolbox-main\Aesthetics-Toolbox-main\art\DRAM_processed\DRAM_processed\labels\post_impressionism\nadezda-petrovic\unknown-year_9223372032559858486.png;879;0.7615;2.157;0.9994;0.08334;2.386;0.0;7.285;7.285;7.285;2.096;-0.000133;0.0002522;0.0;0.0;0.02857;7.497;7.497;7.497;2.157;0.0001369;0.0002595;0.0;0.0;0.0294;37.726;19.308;0.05526;-0.07916;25.865;0.6768;0.663;0.6442;-3.08;-1.359;-1.449;0.0008164;0.8208;2.154;0.292;0.5151;0.002453;90.369;4.377;3.544;0.0006796;7,49E-03;
C:\Users\sblee\OneDrive\Documenten\python\Aesthetics-Toolbox-main\Aesthetics-Toolbox-main\art\DRAM_processed\DRAM_processed\labels\post_impressionism\nadezda-petrovic\unknown-year_9223372032559858512.png;918;1.196;0.3083;0.4247;0.01093;0.3191;0.0;0.346;0.346;0.346;0.09488;-6,02E-03;1,14E-02;0.0;0.0;0.001357;1.124;1.124;1.124;0.3083;1,96E-02;3.71e-05;0.0;0.0;0.00441;84.165;40.086;0.198;0.0311;58.785;0.9285;0.9538;0.9265;-3.203;-1.373;-1.473;0.0008226;0.7466;2.057;0.04612;0.6257;0.003548;58.265;4.098;3.292;0.0007482;7,97E-04;
C:\Users\sblee\OneDrive\Documenten\python\Aesthetics-Toolbox-main\Aesthetics-Toolbox-main\art\DRAM_processed\DRAM_processed\labels\post_impressionism\nadezda-petrovic\unknown-year_9223372032559858515.png;843;0.686;1.585;0.6363;0.04594;1.234;0.0;12.587;12.587;12.587;3.621;-0.0002299;0.0004358;0.0;0.0;0.04936;5.511;5.511;5.511;1.585;0.0001006;0.0001908;0.0;0.0;0.02161;5.977;11.114;0.01312;-0.054;17.17;0.8298;0.7429;0.7405;-3.025;-1.359;-1.469;0.0113;0.7342;4.746;0.09145;0.3919;0.003282;98.946;3.82;2.52;0.0007269;4.16e-06;
C:\Users\sblee\OneDrive\Documenten\python\Aesthetics-Toolbox-main\Aesthetics-Toolbox-main\art\DRAM_processed\DRAM_processed\labels\post_impressionism\nikolai-aleksandrovich-tarkhov\Nikolai+Aleksandrovich+Tarkhov-Sheep+In+The+Stable+In+Perigord.png;898;1.256;2.532;0.9999;0.2217;5.696;0.0;8.421;8.421;8.421;2.508;-0.0001592;0.0003018;0.0;0.0;0.03302;8.5;8.5;8.5;2.532;0.0001607;0.0003047;0.0;0.0;0.03333;31.79;5.204;-0.024;0.01005;20.972;0.4757;0.5088;0.4976;-3.029;-1.334;-1.413;0.002448;0.9335;2.304;0.4102;0.7046;0.001814;93.373;4.402;4.26;0.0005904;1.25e-05;
C:\Users\sblee\OneDrive\Documenten\python\Aesthetics-Toolbox-main\Aesthetics-Toolbox-main\art\DRAM_processed\DRAM_processed\labels\post_impressionism\nina-arbore\nina-arbore-pisici-1935.png;918;1.196;1.095;0.9981;0.05743;1.682;0.0;4.205;4.205;4.205;1.153;-7.32e-05;0.0001388;0.0;0.0;0.01649;3.995;3.995;3.995;1.095;6,95E-02;0.0001318;0.0;0.0;0.01567;31.189;4.924;-0.02;0.01435;21.116;0.7514;0.7411;0.7644;-3.072;-1.345;-1.454;0.002652;0.7767;2.217;0.3125;0.7062;0.002333;93.461;4.52;3.649;0.0006639;5,79E-03;
C:\Users\sblee\OneDrive\Documenten\python\Aesthetics-Toolbox-main\Aesthetics-Toolbox-main\art\DRAM_processed\DRAM_processed\labels\post_impressionism\nina-arbore\nina-arbore-portret-de-femeie.png;873;0.746;2.023;1.478;0.1273;3.657;0.0;8.121;8.121;8.121;2.315;-0.000147;0.0002786;0.0;0.0;0.03185;7.071;7.071;7.071;2.023;0.0001284;0.0002434;0.0;0.0;0.02773;21.566;16.718;0.03887;-0.074;20.607;0.5532;0.598;0.5512;-3.101;-1.379;-1.447;0.003095;0.8602;2.097;0.3458;0.6916;0.002211;95.389;4.284;4.028;0.000614;1.04e-05;
C:\Users\sblee\OneDrive\Documenten\python\Aesthetics-Toolbox-main\Aesthetics-Toolbox-main\art\DRAM_processed\DRAM_processed\labels\post_impressionism\paul-cezanne\1879_215823.png;920;0.84;2.131;0.9824;0.06512;1.97;0.0;6.331;6.331;6.331;1.821;-0.0001156;0.0002192;0.0;0.0;0.02483;7.408;7.408;7.408;2.131;0.0001353;0.0002565;0.0;0.0;0.02905;42.828;20.36;-0.01905;-0.1;30.9;0.7149;0.7043;0.6738;-3.089;-1.403;-1.462;0.002266;0.8082;2.346;0.2344;0.3871;0.002754;88.167;4.049;3.175;0.0006933;7,07E-03;
C:\Users\sblee\OneDrive\Documenten\python\Aesthetics-Toolbox-main\Aesthetics-Toolbox-main\art\DRAM_processed\DRAM_processed\labels\post_impressionism\paul-cezanne\1880_215573.png;865;0.73;2.292;0.9705;0.1085;2.918;0.0;6.388;6.388;6.388;1.869;-0.0001186;0.0002249;0.0;0.0;0.02505;7.836;7.836;7.836;2.292;0.0001455;0.0002759;0.0;0.0;0.03073;46.382;14.321;0.01507;0.07;26.464;0.6618;0.6028;0.5752;-3.061;-1.383;-1.47;0.001789;0.8572;2.062;0.2828;0.6581;0.002175;87.728;4.515;3.852;0.0006555;7,77E-03;
C:\Users\sblee\OneDrive\Documenten\python\Aesthetics-Toolbox-main\Aesthetics-Toolbox-main\art\DRAM_processed\DRAM_processed\labels\post_impressionism\paul-cezanne\1882_215830.png;906;0.812;2.153;0.9968;0.07457;2.211;0.0;8.003;8.003;8.003;2.302;-0.0001462;0.0002771;0.0;0.0;0.03138;7.483;7.483;7.483;2.153;0.0001367;0.0002591;0.0;0.0;0.02935;33.651;18.108;-0.009852;-0.09;23.125;0.728;0.6206;0.6273;-3.054;-1.346;-1.461;0.003639;0.7898;2.063;0.2321;0.3859;0.002571;91.694;4.229;3.319;0.0006876;8,10E-03;
C:\Users\sblee\OneDrive\Documenten\python\Aesthetics-Toolbox-main\Aesthetics-Toolbox-main\art\DRAM_processed\DRAM_processed\labels\post_impressionism\paul-cezanne\1888_215855.png;912;1.214;2.147;0.8824;0.1518;4.256;0.0;4.815;4.815;4.815;1.408;-8,94E-02;0.0001695;0.0;0.0;0.01888;7.338;7.338;7.338;2.147;0.0001363;0.0002583;0.0;0.0;0.02878;52.508;26.182;0.116;0.06068;36.42;0.5347;0.5867;0.4805;-3.083;-1.365;-1.463;0.001586;0.9222;2.122;0.3722;0.7041;0.001899;86.608;4.563;4.323;0.0006144;9,96E-03;
C:\Users\sblee\OneDrive\Documenten\python\Aesthetics-Toolbox-main\Aesthetics-Toolbox-main\art\DRAM_processed\DRAM_processed\labels\post_impressionism\paul-cezanne\1890_215520.png;912;1.214;1.449;0.5564;0.06477;1.9;0.0;1.944;1.944;1.944;0.5593;-3,55E-02;6,73E-02;0.0;0.0;0.007624;5.038;5.038;5.038;1.449;9,20E-02;0.0001744;0.0;0.0;0.01976;75.638;24.301;-0.006;-0.1214;44.207;0.671;0.6731;0.6635;-3.052;-1.361;-1.467;0.001919;0.8051;2.215;0.1693;0.3834;0.002683;75.415;4.228;3.719;0.0006917;6,51E-03;
C:\Users\sblee\OneDrive\Documenten\python\Aesthetics-Toolbox-main\Aesthetics-Toolbox-main\art\DRAM_processed\DRAM_processed\labels\post_impressionism\paul-cezanne\1890_215842.png;886;0.772;2.082;0.9499;0.08943;2.616;0.0;5.535;5.535;5.535;1.592;-0.0001011;0.0001916;0.0;0.0;0.02171;7.238;7.238;7.238;2.082;0.0001322;0.0002506;0.0;0.0;0.02838;46.216;15.817;0.05959;-0.052;32.76;0.6645;0.6362;0.6109;-3.065;-1.399;-1.471;0.004189;0.7739;1.989;0.2366;0.5499;0.00263;88.021;4.197;3.552;0.0006659;8,83E-03;
C:\Users\sblee\OneDrive\Documenten\python\Aesthetics-Toolbox-main\Aesthetics-Toolbox-main\art\DRAM_processed\DRAM_processed\labels\post_impressionism\paul-cezanne\1891_215946.png;915;0.83;2.126;1.15;0.07569;2.3;0.0;6.969;6.969;6.969;2.003;-0.0001272;0.000241;0.0;0.0;0.02733;7.39;7.39;7.39;2.126;0.000135;0.0002559;0.0;0.0;0.02898;33.518;27.372;-0.1048;-0.088;31.562;0.6408;0.6543;0.6326;-3.072;-1.394;-1.457;0.003399;0.8323;1.992;0.2494;0.4642;0.002518;89.57;4.209;3.552;0.0006739;7,82E-03;
C:\Users\sblee\OneDrive\Documenten\python\Aesthetics-Toolbox-main\Aesthetics-Toolbox-main\art\DRAM_processed\DRAM_processed\labels\post_impressionism\paul-cezanne\1892_215685.png;919;0.838;2.143;0.9901;0.06884;2.073;0.0;8.377;8.377;8.377;2.41;-0.000153;0.00029;0.0;0.0;0.03285;7.449;7.449;7.449;2.143;0.000136;0.0002579;0.0;0.0;0.02921;27.013;30.009;-0.00358;-0.15;24.392;0.8609;0.5989;0.6013;-3.105;-1.345;-1.457;0.003777;0.7809;2.239;0.1936;0.3872;0.002924;94.205;4.049;3.279;0.0006916;6,99E-03;
C:\Users\sblee\OneDrive\Documenten\python\Aesthetics-Toolbox-main\Aesthetics-Toolbox-main\art\DRAM_processed\DRAM_processed\labels\post_impressionism\paul-cezanne\1892_215941.png;869;1.355;2.125;1.162;0.1946;5.234;0.0;7.77;7.77;7.77;2.232;-0.0001417;0.0002686;0.0;0.0;0.03047;7.387;7.387;7.387;2.125;0.0001349;0.0002557;0.0;0.0;0.02897;27.772;23.743;-0.014;-0.1179;14.995;0.6543;0.5137;0.5034;-3.059;-1.359;-1.466;0.002314;0.9931;2.425;0.3956;0.7464;0.001789;95.082;4.365;4.308;0.0005756;1,00E-02;
C:\Users\sblee\OneDrive\Documenten\python\Aesthetics-Toolbox-main\Aesthetics-Toolbox-main\art\DRAM_processed\DRAM_processed\labels\post_impressionism\paul-cezanne\1893_215943.png;853;1.416;2.13;1.167;0.1545;4.222;0.0;7.141;7.141;7.141;2.052;-0.0001303;0.0002469;0.0;0.0;0.028;7.404;7.404;7.404;2.13;0.0001352;0.0002563;0.0;0.0;0.02903;38.575;18.381;-0.022;-0.08924;19.069;0.6755;0.5461;0.5492;-3.048;-1.354;-1.448;0.00167;0.869;2.096;0.4685;0.6861;0.002074;94.152;4.393;4.148;0.0005906;1,13E-02;
C:\Users\sblee\OneDrive\Documenten\python\Aesthetics-Toolbox-main\Aesthetics-Toolbox-main\art\DRAM_processed\DRAM_processed\labels\post_impressionism\paul-cezanne\1894_215909.png;856;0.712;2.082;0.8441;0.1841;4.623;0.0;4.35;4.35;4.35;1.272;-8,08E-02;0.0001531;0.0;0.0;0.01706;7.119;7.119;7.119;2.082;0.0001322;0.0002506;0.0;0.0;0.02792;60.322;18.035;0.005618;0.09;34.226;0.6337;0.5201;0.5068;-2.99;-1.355;-1.452;0.002116;0.9788;2.257;0.2006;0.6476;0.002012;85.446;4.376;4.153;0.0006248;8,55E-03;
C:\Users\sblee\OneDrive\Documenten\python\Aesthetics-Toolbox-main\Aesthetics-Toolbox-main\art\DRAM_processed\DRAM_processed\labels\post_impressionism\paul-cezanne\1895_215758.png;873;0.746;1.808;0.9252;0.06159;1.728;0.0;3.587;3.587;3.587;1.029;-6,53E-02;0.0001238;0.0;0.0;0.01407;6.294;6.294;6.294;1.808;0.0001148;0.0002176;0.0;0.0;0.02468;64.593;15.593;-0.06568;0.042;45.254;0.7472;0.7617;0.7113;-3.057;-1.365;-1.448;0.001765;0.7811;2.136;0.233;0.3862;0.002716;77.883;4.33;3.489;0.0006944;6,54E-03;
C:\Users\sblee\OneDrive\Documenten\python\Aesthetics-Toolbox-main\Aesthetics-Toolbox-main\art\DRAM_processed\DRAM_processed\labels\post_impressionism\paul-cezanne\1895_215874.png;894;1.269;0.2468;0.2119;0.007197;0.2509;0.0;0.1677;0.1677;0.1677;0.04598;-2,92E-03;5,53E-03;0.0;0.0;0.0006577;0.9003;0.9003;0.9003;0.2468;1,57E-02;2.97e-05;0.0;0.0;0.00353;93.418;46.784;0.014;0.2335;59.39;0.9714;0.944;0.9434;-3.047;-1.342;-1.427;0.003046;0.8741;1.991;0.04947;0.6109;0.003879;47.29;3.7;3.092;0.0007541;5,84E-04;
C:\Users\sblee\OneDrive\Documenten\python\Aesthetics-Toolbox-main\Aesthetics-Toolbox-main\art\DRAM_processed\DRAM_processed\labels\post_impressionism\paul-cezanne\1897_215737.png;887;0.774;2.065;0.9383;0.07263;2.093;0.0;9.678;9.678;9.678;2.784;-0.0001768;0.000335;0.0;0.0;0.03795;7.177;7.177;7.177;2.065;0.0001311;0.0002485;0.0;0.0;0.02814;16.385;26.255;-0.06848;-0.112;24.429;0.6502;0.6255;0.5997;-3.045;-1.415;-1.46;0.001692;0.7819;2.154;0.2385;0.3829;0.002563;94.261;4.179;3.452;0.0006922;7,36E-03;
C:\Users\sblee\OneDrive\Documenten\python\Aesthetics-Toolbox-main\Aesthetics-Toolbox-main\art\DRAM_processed\DRAM_processed\labels\post_impressionism\paul-cezanne\1898_215894.png;899;1.253;0.2473;0.2125;0.006476;0.2335;0.0;0.1684;0.1684;0.1684;0.04618;-2,93E-03;5,56E-03;0.0;0.0;0.0006605;0.9021;0.9021;0.9021;0.2473;1.57e-05;2,98E-02;0.0;0.0;0.003538;93.05;65.09;0.27;0.1817;78.694;0.9429;0.9445;0.9416;-3.163;-1.386;-1.466;0.00445;0.8588;2.284;0.0;0.5898;0.004208;41.622;3.964;3.194;0.0007574;6,94E-04;
C:\Users\sblee\OneDrive\Documenten\python\Aesthetics-Toolbox-main\Aesthetics-Toolbox-main\art\DRAM_processed\DRAM_processed\labels\post_impressionism\paul-cezanne\1898_216031.png;878;0.756;2.137;1.079;0.08866;2.502;0.0;6.888;6.888;6.888;1.98;-0.0001257;0.0002383;0.0;0.0;0.02701;7.43;7.43;7.43;2.137;0.0001357;0.0002572;0.0;0.0;0.02914;34.277;28.598;-0.0291;-0.14;32.746;0.6365;0.6693;0.6387;-3.039;-1.383;-1.486;0.001522;0.9056;2.212;0.2314;0.3837;0.002658;90.673;4.223;3.528;0.0006809;8,22E-03;
C:\Users\sblee\OneDrive\Documenten\python\Aesthetics-Toolbox-main\Aesthetics-Toolbox-main\art\DRAM_processed\DRAM_processed\labels\post_impressionism\paul-cezanne\1899_215727.png;883;0.766;1.805;0.7713;0.0867;2.463;0.0;3.393;3.393;3.393;0.976;-6,20E-02;0.0001175;0.0;0.0;0.01331;6.275;6.275;6.275;1.805;0.0001146;0.0002172;0.0;0.0;0.02461;67.884;12.856;-0.01697;0.062;23.457;0.7181;0.7161;0.7438;-3.094;-1.333;-1.464;0.001448;0.8185;1.964;0.2589;0.3875;0.00272;79.016;4.368;3.641;0.0006741;7,81E-03;
C:\Users\sblee\OneDrive\Documenten\python\Aesthetics-Toolbox-main\Aesthetics-Toolbox-main\art\DRAM_processed\DRAM_processed\labels\post_impressionism\paul-cezanne\1900_215819.png;868;0.736;2.157;0.9995;0.09408;2.638;0.0;7.309;7.309;7.309;2.102;-0.0001335;0.000253;0.0;0.0;0.02866;7.498;7.498;7.498;2.157;0.0001369;0.0002596;0.0;0.0;0.0294;35.02;20.467;-0.02174;-0.1;30.646;0.7196;0.6109;0.6171;-3.059;-1.396;-1.47;0.002955;0.8298;2.128;0.2435;0.4166;0.00246;91.933;4.372;3.488;0.0006654;8,96E-03;
C:\Users\sblee\OneDrive\Documenten\python\Aesthetics-Toolbox-main\Aesthetics-Toolbox-main\art\DRAM_processed\DRAM_processed\labels\post_impressionism\paul-cezanne\1900_215841.png;916;0.832;2.155;0.9983;0.0624;1.882;0.0;7.141;7.141;7.141;2.054;-0.0001304;0.0002472;0.0;0.0;0.028;7.491;7.491;7.491;2.155;0.0001368;0.0002593;0.0;0.0;0.02938;35.352;31.433;0.05288;-0.148;31.941;0.7343;0.6604;0.6537;-3.08;-1.38;-1.461;0.003071;0.7764;2.09;0.2241;0.3847;0.003049;90.115;4.17;3.111;0.0007;7,41E-03;
C:\Users\sblee\OneDrive\Documenten\python\Aesthetics-Toolbox-main\Aesthetics-Toolbox-main\art\DRAM_processed\DRAM_processed\labels\post_impressionism\pierre-bonnard\1889_222022.png;877;0.754;2.149;0.9945;0.06266;1.766;0.0;8.153;8.153;8.153;2.345;-0.0001489;0.0002823;0.0;0.0;0.03197;7.471;7.471;7.471;2.149;0.0001365;0.0002587;0.0;0.0;0.0293;33.042;25.907;0.01989;-0.128;26.731;0.7586;0.6873;0.6771;-3.053;-1.367;-1.46;0.003104;0.7475;1.933;0.2407;0.3841;0.00259;93.765;4.159;3.125;0.0006992;7,35E-03;
C:\Users\sblee\OneDrive\Documenten\python\Aesthetics-Toolbox-main\Aesthetics-Toolbox-main\art\DRAM_processed\DRAM_processed\labels\post_impressionism\pierre-bonnard\1899_221919.png;984;0.968;1.593;1.141;0.07432;2.259;0.0;3.303;3.303;3.303;0.9356;-5.94e-05;0.0001126;0.0;0.0;0.01295;5.58;5.58;5.58;1.593;0.0001012;0.0001917;0.0;0.0;0.02188;59.836;22.763;0.1012;0.052;35.569;0.7155;0.7295;0.6989;-3.008;-1.331;-1.435;0.001446;0.9194;2.154;0.3011;0.6224;0.002289;81.506;4.473;4.016;0.000656;7,87E-03;
C:\Users\sblee\OneDrive\Documenten\python\Aesthetics-Toolbox-main\Aesthetics-Toolbox-main\art\DRAM_processed\DRAM_processed\labels\post_impressionism\pierre-bonnard\1905_221847.png;889;1.285;1.315;0.7922;0.08782;2.555;0.0;1.862;1.862;1.862;0.5285;-3,36E-02;6.36e-05;0.0;0.0;0.007301;4.607;4.607;4.607;1.315;8,35E-02;0.0001582;0.0;0.0;0.01807;72.055;22.966;-0.01;-0.1144;29.707;0.6463;0.6611;0.6105;-3.045;-1.349;-1.465;0.001767;0.8761;2.132;0.2295;0.3841;0.002316;80.252;4.349;4.105;0.0006616;6,35E-03;
C:\Users\sblee\OneDrive\Documenten\python\Aesthetics-Toolbox-main\Aesthetics-Toolbox-main\art\DRAM_processed\DRAM_processed\labels\post_impressionism\pierre-bonnard\1906_222119.png;975;1.048;2.018;1.385;0.05793;1.848;0.0;6.272;6.272;6.272;1.787;-0.0001134;0.000215;0.0;0.0;0.0246;7.064;7.064;7.064;2.018;0.0001281;0.0002429;0.0;0.0;0.0277;33.545;44.707;0.1192;-0.1891;24.08;0.6665;0.6713;0.6507;-3.042;-1.365;-1.454;0.001591;0.8829;2.134;0.2894;0.3775;0.002586;89.526;4.105;3.41;0.0006935;7,81E-03;
C:\Users\sblee\OneDrive\Documenten\python\Aesthetics-Toolbox-main\Aesthetics-Toolbox-main\art\DRAM_processed\DRAM_processed\labels\post_impressionism\pierre-bonnard\1913_221895.png;977;1.048;1.725;0.9997;0.1032;3.312;0.0;3.352;3.352;3.352;0.9549;-6,06E-02;0.0001149;0.0;0.0;0.01314;6.041;6.041;6.041;1.725;0.0001095;0.0002076;0.0;0.0;0.02369;58.307;19.465;0.034;-0.09119;29.359;0.5616;0.5965;0.5791;-3.098;-1.351;-1.459;0.001747;0.9586;2.144;0.3101;0.4665;0.002257;86.87;4.276;4.167;0.0006359;9,41E-03;
C:\Users\sblee\OneDrive\Documenten\python\Aesthetics-Toolbox-main\Aesthetics-Toolbox-main\art\DRAM_processed\DRAM_processed\labels\post_impressionism\pierre-bonnard\unknown-year_221867.png;863;0.7295;1.543;0.986;0.07708;2.028;0.0;2.776;2.776;2.776;0.7893;-5,01E-02;9,50E-02;0.0;0.0;0.01089;5.395;5.395;5.395;1.543;9,80E-02;0.0001857;0.0;0.0;0.02116;64.834;16.63;-0.08242;0.01102;46.593;0.7495;0.7145;0.6987;-3.014;-1.317;-1.445;0.001502;0.8715;2.056;0.2959;0.385;0.002391;77.56;4.498;3.929;0.0006672;6.15e-06;
C:\Users\sblee\OneDrive\Documenten\python\Aesthetics-Toolbox-main\Aesthetics-Toolbox-main\art\DRAM_processed\DRAM_processed\labels\post_impressionism\roderic-oconor\tate-tate-t00133-10-001.png;916;0.832;0.5411;0.7079;0.02139;0.7935;0.0;0.9656;0.9656;0.9656;0.2647;-1,68E-02;3,19E-02;0.0;0.0;0.003786;1.974;1.974;1.974;0.5411;3,44E-02;6,51E-02;0.0;0.0;0.00774;67.567;27.521;-0.1274;-0.052;42.272;0.8605;0.903;0.8714;-3.049;-1.348;-1.439;0.005577;0.7595;2.027;0.2737;0.5728;0.002618;74.645;3.65;3.466;0.0007191;1,95E-03;
C:\Users\sblee\OneDrive\Documenten\python\Aesthetics-Toolbox-main\Aesthetics-Toolbox-main\art\DRAM_processed\DRAM_processed\labels\post_impressionism\suzanne-valadon\1908_253295.png;864;0.728;1.392;0.5234;0.07363;2.023;0.0;1.769;1.769;1.769;0.5089;-3,23E-02;6,12E-02;0.0;0.0;0.006937;4.838;4.838;4.838;1.392;8,84E-02;0.0001675;0.0;0.0;0.01897;78.474;37.511;0.1841;-0.036;44.998;0.6841;0.7158;0.6491;-3.094;-1.349;-1.459;0.002959;0.8188;2.045;0.2582;0.3694;0.002699;69.372;4.269;3.766;0.0006923;5,82E-03;
C:\Users\sblee\OneDrive\Documenten\python\Aesthetics-Toolbox-main\Aesthetics-Toolbox-main\art\DRAM_processed\DRAM_processed\labels\post_impressionism\suzanne-valadon\1918_253284.png;850;0.7;1.174;1.451;0.1026;2.809;0.0;3.94;3.94;3.94;1.08;-6,86E-02;0.00013;0.0;0.0;0.01545;4.28;4.28;4.28;1.174;7,45E-02;0.0001412;0.0;0.0;0.01679;35.233;27.449;-0.1;-0.094;32.419;0.6623;0.6966;0.641;-3.043;-1.301;-1.389;0.002375;0.9811;2.293;0.3996;0.7255;0.001896;91.138;4.243;4.147;0.0006083;6,46E-03;
C:\Users\sblee\OneDrive\Documenten\python\Aesthetics-Toolbox-main\Aesthetics-Toolbox-main\art\DRAM_processed\DRAM_processed\labels\post_impressionism\suzanne-valadon\1918_253290.png;879;1.319;0.9322;0.7893;0.02988;0.8343;0.0;1.893;1.893;1.893;0.5189;-3,30E-02;6,25E-02;0.0;0.0;0.007422;3.4;3.4;3.4;0.9322;5,92E-02;0.0001122;0.0;0.0;0.01333;65.041;5.947;0.016;0.02507;45.455;0.8469;0.8325;0.8796;-3.064;-1.356;-1.476;0.001782;0.7862;2.077;0.1973;0.4901;0.002801;76.567;4.265;3.173;0.0007219;2,57E-03;
C:\Users\sblee\OneDrive\Documenten\python\Aesthetics-Toolbox-main\Aesthetics-Toolbox-main\art\DRAM_processed\DRAM_processed\labels\post_impressionism\suzanne-valadon\1919_253249.png;763;0.526;2.017;1.315;0.1555;3.477;0.0;5.17;5.17;5.17;1.494;-9,48E-02;0.0001798;0.0;0.0;0.02027;6.92;6.92;6.92;2.017;0.0001281;0.0002428;0.0;0.0;0.02714;45.639;23.628;0.005703;0.118;27.491;0.6114;0.5799;0.5596;-2.964;-1.341;-1.435;0.00292;0.9107;2.063;0.3128;0.685;0.001965;89.909;4.501;4.211;0.00062;9,25E-03;
C:\Users\sblee\OneDrive\Documenten\python\Aesthetics-Toolbox-main\Aesthetics-Toolbox-main\art\DRAM_processed\DRAM_processed\labels\post_impressionism\suzanne-valadon\1920_253257.png;821;0.642;1.984;1.406;0.1117;2.619;0.0;8.734;8.734;8.734;2.498;-0.0001586;0.0003007;0.0;0.0;0.03425;6.89;6.89;6.89;1.984;0.000126;0.0002387;0.0;0.0;0.02702;11.717;32.8;-0.1604;-0.034;24.606;0.5986;0.6236;0.5967;-2.936;-1.368;-1.434;0.001117;0.9153;2.164;0.2784;0.6493;0.002139;95.62;4.41;4.092;0.0006401;7,42E-03;
C:\Users\sblee\OneDrive\Documenten\python\Aesthetics-Toolbox-main\Aesthetics-Toolbox-main\art\DRAM_processed\DRAM_processed\labels\post_impressionism\suzanne-valadon\1920_253276.png;875;0.75;0.6344;0.4436;0.01946;0.5362;0.0;0.7372;0.7372;0.7372;0.2021;-1,28E-02;2,43E-02;0.0;0.0;0.002891;2.314;2.314;2.314;0.6344;4,03E-02;7,64E-02;0.0;0.0;0.009074;84.363;10.96;0.009333;-0.054;67.399;0.895;0.9131;0.8851;-3.046;-1.35;-1.463;0.001031;0.7816;1.982;0.1514;0.4906;0.003409;60.332;4.293;3.188;0.000739;2,07E-03;
C:\Users\sblee\OneDrive\Documenten\python\Aesthetics-Toolbox-main\Aesthetics-Toolbox-main\art\DRAM_processed\DRAM_processed\labels\post_impressionism\suzanne-valadon\1922_253259.png;900;0.8;1.914;1.568;0.1466;3.853;0.0;5.171;5.171;5.171;1.475;-9,37E-02;0.0001775;0.0;0.0;0.02028;6.665;6.665;6.665;1.914;0.0001215;0.0002304;0.0;0.0;0.02614;38.455;19.387;0.09;-0.036;27.164;0.5659;0.5863;0.5409;-3.046;-1.339;-1.42;0.001746;0.8901;2.093;0.4672;0.7286;0.001787;92.544;4.481;4.238;0.0005795;9,74E-03;
C:\Users\sblee\OneDrive\Documenten\python\Aesthetics-Toolbox-main\Aesthetics-Toolbox-main\art\DRAM_processed\DRAM_processed\labels\post_impressionism\suzanne-valadon\1927_253282.png;904;0.808;1.885;0.8217;0.06576;1.95;0.0;3.85;3.85;3.85;1.107;-7,03E-02;0.0001333;0.0;0.0;0.0151;6.552;6.552;6.552;1.885;0.0001197;0.0002268;0.0;0.0;0.02569;59.128;18.307;0.08416;0.036;39.664;0.7071;0.6855;0.693;-3.079;-1.385;-1.462;0.001637;0.7573;2.015;0.2148;0.383;0.002752;79.536;4.267;3.418;0.0006955;8,22E-03;
C:\Users\sblee\OneDrive\Documenten\python\Aesthetics-Toolbox-main\Aesthetics-Toolbox-main\art\DRAM_processed\DRAM_processed\labels\post_impressionism\suzanne-valadon\1932_253248.png;908;0.816;1.813;1.135;0.1101;3.23;0.0;4.013;4.013;4.013;1.141;-7,24E-02;0.0001373;0.0;0.0;0.01574;6.36;6.36;6.36;1.813;0.0001151;0.0002182;0.0;0.0;0.02494;54.633;15.894;-0.06618;-0.044;31.368;0.6262;0.6024;0.575;-3.02;-1.332;-1.444;0.0022;0.8805;2.137;0.2675;0.6226;0.002282;86.422;4.494;4.139;0.0006366;9,06E-03;
C:\Users\sblee\OneDrive\Documenten\python\Aesthetics-Toolbox-main\Aesthetics-Toolbox-main\art\DRAM_processed\DRAM_processed\labels\post_impressionism\suzanne-valadon\1932_253275.png;908;1.225;1.503;0.9941;0.0896;2.479;0.0;2.614;2.614;2.614;0.7465;-4.74e-05;8,98E-02;0.0;0.0;0.01025;5.199;5.199;5.199;1.503;9.54e-05;0.0001808;0.0;0.0;0.02039;60.367;25.772;0.112;0.06373;41.193;0.6174;0.6349;0.6202;-3.044;-1.378;-1.467;0.001792;0.8386;2.219;0.2194;0.3728;0.00224;84.039;4.537;4.202;0.0006634;6,14E-03;
C:\Users\sblee\OneDrive\Documenten\python\Aesthetics-Toolbox-main\Aesthetics-Toolbox-main\art\DRAM_processed\DRAM_processed\labels\post_impressionism\suzanne-valadon-wiki\728px-NATURE_MORTE_AU_HARENG.png;911;1.217;1.091;1.323;0.1087;3.424;0.0;3.092;3.092;3.092;0.8477;-5,38E-02;0.000102;0.0;0.0;0.01212;3.979;3.979;3.979;1.091;6,93E-02;0.0001313;0.0;0.0;0.0156;38.767;14.357;-0.04;-0.05961;15.405;0.6687;0.6915;0.6604;-3.037;-1.336;-1.426;0.003614;0.9692;2.306;0.4826;0.7672;0.001741;96.047;4.187;4.186;0.0005634;6,76E-03;
C:\Users\sblee\OneDrive\Documenten\python\Aesthetics-Toolbox-main\Aesthetics-Toolbox-main\art\DRAM_processed\DRAM_processed\labels\post_impressionism\suzanne-valadon-wiki\Suzanne-Valadon-L-Etable-en-Beaujolais.png;910;1.22;0.8427;0.4866;0.04913;1.458;0.0;1.056;1.056;1.056;0.2896;-1,84E-02;3,49E-02;0.0;0.0;0.004143;3.074;3.074;3.074;0.8427;5,35E-02;0.0001014;0.0;0.0;0.01205;78.227;11.458;-0.046;0.03415;48.82;0.7882;0.7639;0.7891;-2.945;-1.33;-1.435;0.005114;0.8601;2.179;0.1718;0.4325;0.002716;73.741;4.434;3.93;0.0006971;4,01E-03;
C:\Users\sblee\OneDrive\Documenten\python\Aesthetics-Toolbox-main\Aesthetics-Toolbox-main\art\DRAM_processed\DRAM_processed\labels\post_impressionism\theo-van-doesburg\theo_van_doesburg_a_dog_1899.png;823;1.548;1.539;0.8962;0.06109;1.755;0.0;3.751;3.751;3.751;1.038;-6,59E-02;0.0001249;0.0;0.0;0.01471;5.563;5.563;5.563;1.539;9,77E-02;0.0001853;0.0;0.0;0.02181;59.614;5.63;0.01;0.02632;35.941;0.8184;0.7566;0.7462;-3.077;-1.31;-1.443;0.001964;0.8334;2.013;0.215;0.4144;0.002842;80.656;4.276;3.579;0.0006934;4.91e-06;
C:\Users\sblee\OneDrive\Documenten\python\Aesthetics-Toolbox-main\Aesthetics-Toolbox-main\art\DRAM_processed\DRAM_processed\labels\post_impressionism\theo-van-doesburg\theo_van_doesburg_two_dogs_1899.png;789;1.73;0.918;0.4139;0.05045;1.319;0.0;1.0;1.0;1.0;0.2768;-1,76E-02;3,33E-02;0.0;0.0;0.003923;3.317;3.317;3.317;0.918;5,83E-02;0.0001105;0.0;0.0;0.01301;85.729;15.11;0.026;0.07093;64.868;0.8427;0.8178;0.8046;-3.023;-1.339;-1.438;0.003689;0.9994;2.207;0.2268;0.4189;0.002594;59.652;4.497;3.928;0.0007133;3,65E-03;
C:\Users\sblee\OneDrive\Documenten\python\Aesthetics-Toolbox-main\Aesthetics-Toolbox-main\art\DRAM_processed\DRAM_processed\labels\post_impressionism\theo-van-rysselberghe\the-woman-in-white-portrait-of-madame-helene-keller-1907.png;937;1.144;2.076;1.213;0.1101;3.339;0.0;6.109;6.109;6.109;1.75;-0.0001111;0.0002106;0.0;0.0;0.02396;7.237;7.237;7.237;2.076;0.0001318;0.0002499;0.0;0.0;0.02838;37.861;27.154;-0.048;-0.127;26.743;0.583;0.5932;0.5481;-3.059;-1.36;-1.463;0.002086;0.8661;2.086;0.3865;0.6517;0.002246;90.637;4.323;4.005;0.000636;1,13E-02;
C:\Users\sblee\OneDrive\Documenten\python\Aesthetics-Toolbox-main\Aesthetics-Toolbox-main\art\DRAM_processed\DRAM_processed\labels\post_impressionism\vincent-van-gogh\1881_205870.png;843;1.458;1.018;0.449;0.05933;1.615;0.0;1.08;1.08;1.08;0.303;-1,92E-02;3,65E-02;0.0;0.0;0.004233;3.625;3.625;3.625;1.018;6,46E-02;0.0001225;0.0;0.0;0.01422;82.286;29.801;0.14;-0.05102;56.458;0.7173;0.7196;0.7307;-3.083;-1.338;-1.45;0.001735;0.8936;2.16;0.1266;0.3912;0.002285;67.218;4.505;3.933;0.0007036;5.13e-06;
C:\Users\sblee\OneDrive\Documenten\python\Aesthetics-Toolbox-main\Aesthetics-Toolbox-main\art\DRAM_processed\DRAM_processed\labels\post_impressionism\vincent-van-gogh\1886_206617.png;897;1.259;1.382;0.6694;0.08909;2.72;0.0;2.277;2.277;2.277;0.6369;-4,04E-02;7,66E-02;0.0;0.0;0.008931;4.942;4.942;4.942;1.382;8,77E-02;0.0001663;0.0;0.0;0.01938;71.712;4.703;0.014;0.01889;45.804;0.7081;0.6753;0.674;-3.162;-1.356;-1.482;0.002356;0.925;2.303;0.3155;0.4768;0.002106;80.411;4.505;4.183;0.0006522;7,11E-03;
C:\Users\sblee\OneDrive\Documenten\python\Aesthetics-Toolbox-main\Aesthetics-Toolbox-main\art\DRAM_processed\DRAM_processed\labels\post_impressionism\vincent-van-gogh\1886_207117.png;859;1.393;0.2286;0.4174;0.008143;0.2458;0.0;0.2531;0.2531;0.2531;0.0694;-4,41E-03;8,35E-03;0.0;0.0;0.0009927;0.8339;0.8339;0.8339;0.2286;1,45E-02;2,75E-02;0.0;0.0;0.00327;83.809;13.116;0.004;0.06546;66.095;0.9513;0.9505;0.9508;-3.158;-1.33;-1.469;0.002107;0.8155;2.11;0.1074;0.6943;0.003327;67.424;3.893;3.114;0.0007515;4.97e-07;
C:\Users\sblee\OneDrive\Documenten\python\Aesthetics-Toolbox-main\Aesthetics-Toolbox-main\art\DRAM_processed\DRAM_processed\labels\post_impressionism\vincent-van-gogh\1887_205715.png;863;0.726;0.3207;0.6952;0.01183;0.3525;0.0;0.561;0.561;0.561;0.1538;-9,77E-03;1,85E-02;0.0;0.0;0.0022;1.17;1.17;1.17;0.3207;2,04E-02;3.86e-05;0.0;0.0;0.004587;70.743;16.46;0.073;0.038;52.098;0.9251;0.946;0.9261;-3.132;-1.322;-1.425;0.003385;0.8649;2.08;0.1621;0.6757;0.002624;71.114;4.234;3.442;0.0007439;7,62E-04;
C:\Users\sblee\OneDrive\Documenten\python\Aesthetics-Toolbox-main\Aesthetics-Toolbox-main\art\DRAM_processed\DRAM_processed\labels\post_impressionism\vincent-van-gogh\1887_205716.png;870;0.74;0.3707;0.86;0.01533;0.4667;0.0;0.8501;0.8501;0.8501;0.2331;-1.48e-05;2,81E-02;0.0;0.0;0.003334;1.352;1.352;1.352;0.3707;2,35E-02;4,46E-02;0.0;0.0;0.005302;59.414;9.691;-0.03243;0.036;35.429;0.9283;0.9131;0.9143;-3.172;-1.355;-1.474;0.001943;0.8517;2.19;0.2354;0.6782;0.002491;80.671;4.319;3.684;0.0007307;8,25E-04;
C:\Users\sblee\OneDrive\Documenten\python\Aesthetics-Toolbox-main\Aesthetics-Toolbox-main\art\DRAM_processed\DRAM_processed\labels\post_impressionism\vincent-van-gogh\1887_205969.png;919;1.193;0.5207;0.5935;0.02633;0.7353;0.0;0.6;0.6;0.6;0.1662;-1,06E-02;2,00E-05;0.0;0.0;0.002353;1.85;1.85;1.85;0.5207;3,31E-02;6,27E-02;0.0;0.0;0.007256;76.568;38.701;-0.038;-0.1897;46.514;0.8852;0.848;0.838;-3.021;-1.323;-1.446;0.003801;0.8997;2.112;0.06702;0.4087;0.003108;69.013;4.261;3.676;0.0007259;1,65E-03;
C:\Users\sblee\OneDrive\Documenten\python\Aesthetics-Toolbox-main\Aesthetics-Toolbox-main\art\DRAM_processed\DRAM_processed\labels\post_impressionism\vincent-van-gogh\1887_205987.png;878;1.323;0.3278;0.718;0.0311;0.9052;0.0;0.5942;0.5942;0.5942;0.1629;-1,03E-02;1.96e-05;0.0;0.0;0.00233;1.196;1.196;1.196;0.3278;2,08E-02;3,95E-02;0.0;0.0;0.004689;67.118;8.426;0.04;0.01323;41.159;0.8685;0.8835;0.8584;-3.11;-1.333;-1.441;0.002846;0.9144;2.214;0.321;0.79;0.002101;83.786;4.27;4.212;0.0006946;1,29E-03;
C:\Users\sblee\OneDrive\Documenten\python\Aesthetics-Toolbox-main\Aesthetics-Toolbox-main\art\DRAM_processed\DRAM_processed\labels\post_impressionism\vincent-van-gogh\1887_206763.png;883;0.766;2.061;0.9361;0.06754;1.93;0.0;9.715;9.715;9.715;2.795;-0.0001774;0.0003363;0.0;0.0;0.0381;7.165;7.165;7.165;2.061;0.0001309;0.0002481;0.0;0.0;0.0281;15.923;19.321;-0.06658;-0.07;21.435;0.6542;0.639;0.6435;-3.045;-1.392;-1.457;0.001953;0.8487;2.108;0.1983;0.3865;0.002752;94.975;4.172;3.033;0.0006885;8,12E-03;
C:\Users\sblee\OneDrive\Documenten\python\Aesthetics-Toolbox-main\Aesthetics-Toolbox-main\art\DRAM_processed\DRAM_processed\labels\post_impressionism\vincent-van-gogh\1887_206985.png;908;0.816;0.4363;0.5131;0.01172;0.4264;0.0;0.572;0.572;0.572;0.1568;-9,96E-03;1,89E-02;0.0;0.0;0.002243;1.591;1.591;1.591;0.4363;2.77e-05;5,25E-02;0.0;0.0;0.006241;78.406;30.083;-0.09069;0.12;61.522;0.9167;0.9239;0.908;-3.059;-1.365;-1.456;0.003008;0.7533;2.021;0.1087;0.5808;0.003147;63.849;4.105;3.119;0.0007415;1,19E-03;
C:\Users\sblee\OneDrive\Documenten\python\Aesthetics-Toolbox-main\Aesthetics-Toolbox-main\art\DRAM_processed\DRAM_processed\labels\post_impressionism\vincent-van-gogh\1887_207049.png;869;1.349;0.2658;0.5248;0.01536;0.4633;0.0;0.3552;0.3552;0.3552;0.09739;-6,18E-03;1,17E-02;0.0;0.0;0.001393;0.9693;0.9693;0.9693;0.2658;1,69E-02;3,20E-02;0.0;0.0;0.003801;78.248;29.342;0.06313;0.1324;55.984;0.9179;0.919;0.9115;-3.216;-1.36;-1.483;0.001069;0.8373;2.124;0.1757;0.6716;0.002635;72.727;4.29;3.709;0.0007327;7,78E-04;
C:\Users\sblee\OneDrive\Documenten\python\Aesthetics-Toolbox-main\Aesthetics-Toolbox-main\art\DRAM_processed\DRAM_processed\labels\post_impressionism\vincent-van-gogh\1887_207075.png;915;1.205;2.157;0.9994;0.1676;4.86;0.0;7.717;7.717;7.717;2.22;-0.0001409;0.0002672;0.0;0.0;0.03026;7.497;7.497;7.497;2.157;0.0001369;0.0002595;0.0;0.0;0.0294;23.936;9.088;0.022;-0.03976;12.429;0.4893;0.5457;0.5188;-3.071;-1.367;-1.468;0.001745;0.8583;2.248;0.4898;0.741;0.001864;95.331;4.382;4.323;0.0005732;1,13E-02;
C:\Users\sblee\OneDrive\Documenten\python\Aesthetics-Toolbox-main\Aesthetics-Toolbox-main\art\DRAM_processed\DRAM_processed\labels\post_impressionism\vincent-van-gogh\1888_205964.png;912;1.208;0.3588;0.3839;0.03444;0.8573;0.0;0.313;0.313;0.313;0.08643;-5,49E-03;1.04e-05;0.0;0.0;0.001228;1.283;1.283;1.283;0.3588;2,28E-02;4,32E-02;0.0;0.0;0.005032;86.476;75.565;0.2715;0.2627;65.04;0.8354;0.8183;0.8182;-3.019;-1.299;-1.345;0.002178;1.026;2.218;0.03251;0.4226;0.002635;62.362;4.473;4.114;0.0007142;1,76E-03;
C:\Users\sblee\OneDrive\Documenten\python\Aesthetics-Toolbox-main\Aesthetics-Toolbox-main\art\DRAM_processed\DRAM_processed\labels\post_impressionism\vincent-van-gogh\1888_205966.png;763;1.901;0.4267;0.6929;0.09031;1.645;0.0;0.7438;0.7438;0.7438;0.2039;-1,30E-02;2,45E-02;0.0;0.0;0.002917;1.556;1.556;1.556;0.4267;2,71E-02;5,14E-02;0.0;0.0;0.006103;64.9;42.574;0.134;-0.1654;40.269;0.8254;0.8195;0.8117;-2.706;-1.193;-1.127;0.01885;1.245;2.527;0.3469;0.7552;0.001776;83.206;4.353;4.321;0.0006504;2,16E-03;
C:\Users\sblee\OneDrive\Documenten\python\Aesthetics-Toolbox-main\Aesthetics-Toolbox-main\art\DRAM_processed\DRAM_processed\labels\post_impressionism\vincent-van-gogh\1888_206165.png;912;1.214;1.054;1.049;0.1224;3.858;0.0;2.379;2.379;2.379;0.6522;-4,14E-02;7,85E-02;0.0;0.0;0.009328;3.846;3.846;3.846;1.054;6,70E-02;0.0001269;0.0;0.0;0.01508;52.519;32.638;-0.05;-0.1553;20.533;0.6872;0.6443;0.6344;-3.025;-1.356;-1.467;0.00251;0.9837;2.336;0.4278;0.805;0.001678;90.57;4.161;4.353;0.0005661;6.58e-06;
C:\Users\sblee\OneDrive\Documenten\python\Aesthetics-Toolbox-main\Aesthetics-Toolbox-main\art\DRAM_processed\DRAM_processed\labels\post_impressionism\vincent-van-gogh\1888_206334.png;892;0.784;2.021;1.105;0.09718;2.325;0.0;9.779;9.779;9.779;2.809;-0.0001783;0.0003381;0.0;0.0;0.03835;7.024;7.024;7.024;2.021;0.0001283;0.0002432;0.0;0.0;0.02755;14.863;29.67;-0.0102;-0.148;25.096;0.6964;0.6244;0.621;-2.945;-1.37;-1.451;0.002784;0.8697;2.294;0.297;0.3685;0.002439;95.01;4.291;3.826;0.0006722;7,44E-03;
C:\Users\sblee\OneDrive\Documenten\python\Aesthetics-Toolbox-main\Aesthetics-Toolbox-main\art\DRAM_processed\DRAM_processed\labels\post_impressionism\vincent-van-gogh\1888_206362.png;903;1.241;2.287;0.9672;0.251;5.617;0.0;6.301;6.301;6.301;1.843;-0.000117;0.0002218;0.0;0.0;0.02471;7.817;7.817;7.817;2.287;0.0001452;0.0002752;0.0;0.0;0.03066;42.607;19.435;-0.028;0.09305;33.438;0.5406;0.492;0.4666;-2.68;-1.274;-1.296;0.01186;1.11;2.569;0.3213;0.699;0.001663;88.665;4.496;4.307;0.0006029;1,14E-02;
C:\Users\sblee\OneDrive\Documenten\python\Aesthetics-Toolbox-main\Aesthetics-Toolbox-main\art\DRAM_processed\DRAM_processed\labels\post_impressionism\vincent-van-gogh\1888_206452.png;894;0.788;1.198;0.9588;0.1231;3.808;0.0;3.43;3.43;3.43;0.9404;-5,97E-02;0.0001132;0.0;0.0;0.01345;4.371;4.371;4.371;1.198;7,61E-02;0.0001442;0.0;0.0;0.01714;42.471;14.522;-0.06853;-0.024;28.129;0.6908;0.6649;0.628;-3.13;-1.357;-1.47;0.002711;0.9704;2.148;0.4448;0.7956;0.001763;93.213;4.483;4.288;0.0005626;7,45E-03;
C:\Users\sblee\OneDrive\Documenten\python\Aesthetics-Toolbox-main\Aesthetics-Toolbox-main\art\DRAM_processed\DRAM_processed\labels\post_impressionism\vincent-van-gogh\1888_206684.png;906;0.812;2.05;1.301;0.1434;3.844;0.0;8.626;8.626;8.626;2.472;-0.0001569;0.0002975;0.0;0.0;0.03383;7.128;7.128;7.128;2.05;0.0001302;0.0002467;0.0;0.0;0.02795;18.37;22.294;0.03448;-0.106;23.438;0.5449;0.5441;0.5092;-3.027;-1.366;-1.455;0.002522;0.9739;2.386;0.3206;0.6915;0.002051;95.929;4.394;4.16;0.000604;1,04E-02;
C:\Users\sblee\OneDrive\Documenten\python\Aesthetics-Toolbox-main\Aesthetics-Toolbox-main\art\DRAM_processed\DRAM_processed\labels\post_impressionism\vincent-van-gogh\1888_206698.png;911;1.211;0.6421;0.8882;0.05732;1.492;0.0;1.15;1.15;1.15;0.3178;-2,02E-02;3,82E-02;0.0;0.0;0.004511;2.288;2.288;2.288;0.6421;4,08E-02;7,73E-02;0.0;0.0;0.008973;57.765;27.827;-0.08918;-0.1068;40.425;0.7791;0.7835;0.751;-2.952;-1.308;-1.42;0.001524;0.9436;2.337;0.2619;0.3971;0.001944;81.343;4.5;4.337;0.0006766;3,09E-03;
C:\Users\sblee\OneDrive\Documenten\python\Aesthetics-Toolbox-main\Aesthetics-Toolbox-main\art\DRAM_processed\DRAM_processed\labels\post_impressionism\vincent-van-gogh\1888_206948.png;916;1.202;0.2388;0.2009;0.006646;0.2399;0.0;0.1566;0.1566;0.1566;0.04293;-2,73E-03;5,17E-03;0.0;0.0;0.000614;0.8708;0.8708;0.8708;0.2388;1,52E-02;2,87E-02;0.0;0.0;0.003415;93.115;52.871;-0.11;0.2404;83.111;0.9429;0.9431;0.9441;-3.158;-1.375;-1.445;0.002971;0.8088;2.108;0.0;0.5923;0.004981;45.285;3.983;3.19;0.0007553;7,56E-04;
C:\Users\sblee\OneDrive\Documenten\python\Aesthetics-Toolbox-main\Aesthetics-Toolbox-main\art\DRAM_processed\DRAM_processed\labels\post_impressionism\vincent-van-gogh\1888_207133.png;893;1.272;1.145;0.874;0.1814;4.294;0.0;1.64;1.64;1.64;0.459;-2,91E-02;5,52E-02;0.0;0.0;0.006431;4.062;4.062;4.062;1.145;7,27E-02;0.0001378;0.0;0.0;0.01593;75.38;22.652;0.024;-0.1107;30.042;0.6374;0.6292;0.6193;-2.869;-1.299;-1.369;0.002529;1.153;2.318;0.3142;0.3681;0.00149;83.342;4.478;4.427;0.0005989;5,85E-03;
C:\Users\sblee\OneDrive\Documenten\python\Aesthetics-Toolbox-main\Aesthetics-Toolbox-main\art\DRAM_processed\DRAM_processed\labels\post_impressionism\vincent-van-gogh\1889_206266.png;886;0.772;2.087;1.273;0.09588;2.418;0.0;7.959;7.959;7.959;2.282;-0.0001449;0.0002746;0.0;0.0;0.03121;7.257;7.257;7.257;2.087;0.0001325;0.0002511;0.0;0.0;0.02846;27.122;28.443;0.007772;-0.142;28.175;0.6832;0.619;0.6028;-2.92;-1.332;-1.433;0.002944;0.8487;2.029;0.3236;0.6453;0.002254;92.891;4.269;3.865;0.0006551;7,89E-03;
C:\Users\sblee\OneDrive\Documenten\python\Aesthetics-Toolbox-main\Aesthetics-Toolbox-main\art\DRAM_processed\DRAM_processed\labels\post_impressionism\vincent-van-gogh\1889_206780.png;913;0.826;2.157;1.0;0.05419;1.617;0.0;7.554;7.554;7.554;2.173;-0.000138;0.0002615;0.0;0.0;0.02962;7.5;7.5;7.5;2.157;0.000137;0.0002596;0.0;0.0;0.02941;32.277;34.673;-0.06174;-0.162;30.322;0.6983;0.6948;0.6668;-3.054;-1.39;-1.474;0.001436;0.7953;2.05;0.2144;0.3855;0.002846;91.209;3.947;3.027;0.0007062;6,32E-03;
C:\Users\sblee\OneDrive\Documenten\python\Aesthetics-Toolbox-main\Aesthetics-Toolbox-main\art\DRAM_processed\DRAM_processed\labels\post_impressionism\vincent-van-gogh\1889_206790.png;942;0.884;2.129;0.9812;0.06274;1.926;0.0;8.71;8.71;8.71;2.505;-0.0001591;0.0003015;0.0;0.0;0.03416;7.402;7.402;7.402;2.129;0.0001352;0.0002562;0.0;0.0;0.02903;24.549;28.366;0.06109;-0.128;23.815;0.6462;0.6606;0.6103;-3.069;-1.396;-1.464;0.002036;0.7587;2.326;0.2329;0.3833;0.002616;93.886;4.254;3.44;0.0006957;6,58E-03;
C:\Users\sblee\OneDrive\Documenten\python\Aesthetics-Toolbox-main\Aesthetics-Toolbox-main\art\DRAM_processed\DRAM_processed\labels\post_impressionism\vincent-van-gogh\1889_206804.png;864;0.728;1.391;0.523;0.07278;2.017;0.0;1.767;1.767;1.767;0.5084;-3,23E-02;6,12E-02;0.0;0.0;0.00693;4.836;4.836;4.836;1.391;8,83E-02;0.0001674;0.0;0.0;0.01896;78.598;15.55;-0.04945;-0.06;57.865;0.718;0.7281;0.7163;-3.098;-1.376;-1.483;0.002225;0.815;2.063;0.1828;0.38;0.002493;74.453;4.521;3.84;0.0006876;6,24E-03;
C:\Users\sblee\OneDrive\Documenten\python\Aesthetics-Toolbox-main\Aesthetics-Toolbox-main\art\DRAM_processed\DRAM_processed\labels\post_impressionism\vincent-van-gogh\1889_206809.png;840;0.68;2.237;1.327;0.1283;2.932;0.0;6.273;6.273;6.273;1.825;-0.0001159;0.0002197;0.0;0.0;0.0246;7.673;7.673;7.673;2.237;0.000142;0.0002692;0.0;0.0;0.03009;38.598;14.101;-0.06176;-0.034;32.491;0.5793;0.566;0.5583;-2.893;-1.262;-1.372;0.002107;0.8433;2.05;0.3065;0.5866;0.001956;90.028;4.537;3.971;0.0006338;1,05E-02;
C:\Users\sblee\OneDrive\Documenten\python\Aesthetics-Toolbox-main\Aesthetics-Toolbox-main\art\DRAM_processed\DRAM_processed\labels\post_impressionism\vincent-van-gogh\1889_206986.png;877;1.326;0.3169;0.3141;0.005261;0.1799;0.0;0.2833;0.2833;0.2833;0.07768;-4,93E-03;9,35E-03;0.0;0.0;0.001111;1.156;1.156;1.156;0.3169;2,01E-02;3,81E-02;0.0;0.0;0.004533;90.692;102.689;0.442;-0.2613;79.073;0.9583;0.9705;0.9588;-3.063;nan;nan;0.008964;0.965;2.19;0.04914;0.6072;0.005289;45.483;3.225;2.231;0.0007626;3,54E-04;
C:\Users\sblee\OneDrive\Documenten\python\Aesthetics-Toolbox-main\Aesthetics-Toolbox-main\art\DRAM_processed\DRAM_processed\labels\post_impressionism\vincent-van-gogh\1889_207129.png;886;0.772;1.987;0.8874;0.06826;1.956;0.0;4.576;4.576;4.576;1.316;-8,36E-02;0.0001584;0.0;0.0;0.01795;6.907;6.907;6.907;1.987;0.0001261;0.0002391;0.0;0.0;0.02708;51.152;15.59;-0.07772;-0.006;37.347;0.6451;0.646;0.7063;-3.072;-1.38;-1.458;0.001817;0.7856;2.163;0.2178;0.3833;0.002465;84.462;4.336;3.395;0.000688;6,69E-03;
C:\Users\sblee\OneDrive\Documenten\python\Aesthetics-Toolbox-main\Aesthetics-Toolbox-main\art\DRAM_processed\DRAM_processed\labels\post_impressionism\vincent-van-gogh\1889_207185.png;801;0.6052;1.668;1.049;0.151;3.324;0.0;3.296;3.296;3.296;0.9378;-5,95E-02;0.0001129;0.0;0.0;0.01292;5.833;5.833;5.833;1.668;0.0001059;0.0002008;0.0;0.0;0.02288;58.041;28.273;0.1026;-0.09719;53.444;0.6494;0.6579;0.5777;-2.846;-1.265;-1.36;0.003225;0.8949;2.168;0.2397;0.3741;0.002088;80.514;4.362;4.176;0.0006202;7,13E-03;
C:\Users\sblee\OneDrive\Documenten\python\Aesthetics-Toolbox-main\Aesthetics-Toolbox-main\art\DRAM_processed\DRAM_processed\labels\post_impressionism\vincent-van-gogh\1889_207300.png;884;0.768;1.161;0.9158;0.1173;3.639;0.0;2.978;2.978;2.978;0.8165;-5,18E-02;9,83E-02;0.0;0.0;0.01168;4.235;4.235;4.235;1.161;7,37E-02;0.0001397;0.0;0.0;0.01661;50.336;5.728;0.01562;0.024;27.504;0.7146;0.6882;0.6854;-3.142;-1.359;-1.488;0.004376;0.9708;2.2;0.4246;0.7127;0.00194;88.392;4.003;4.08;0.0005861;7,50E-03;
C:\Users\sblee\OneDrive\Documenten\python\Aesthetics-Toolbox-main\Aesthetics-Toolbox-main\art\DRAM_processed\DRAM_processed\labels\post_impressionism\vincent-van-gogh\1889_207381.png;880;1.316;0.712;0.4023;0.06445;1.754;0.0;0.6785;0.6785;0.6785;0.188;-1,19E-02;2,26E-02;0.0;0.0;0.002661;2.556;2.556;2.556;0.712;4.52e-05;8,57E-02;0.0;0.0;0.01002;87.383;36.8;0.184;0.0;38.685;0.7129;0.7764;0.7258;-2.944;-1.262;-1.278;0.004961;1.012;2.442;0.1762;0.3966;0.002587;73.797;4.293;4.01;0.0007004;3,41E-03;
C:\Users\sblee\OneDrive\Documenten\python\Aesthetics-Toolbox-main\Aesthetics-Toolbox-main\art\DRAM_processed\DRAM_processed\labels\post_impressionism\vincent-van-gogh\1889_207392.png;896;1.263;1.603;0.8695;0.1562;4.2;0.0;2.736;2.736;2.736;0.7818;-4,96E-02;9,41E-02;0.0;0.0;0.01073;5.591;5.591;5.591;1.603;0.0001018;0.0001929;0.0;0.0;0.02193;66.999;47.557;-0.014;-0.2374;19.72;0.6468;0.5778;0.5137;-2.988;-1.336;-1.432;0.002387;1.004;2.237;0.3025;0.5749;0.001916;79.938;4.251;4.388;0.0006113;7,72E-03;
C:\Users\sblee\OneDrive\Documenten\python\Aesthetics-Toolbox-main\Aesthetics-Toolbox-main\art\DRAM_processed\DRAM_processed\labels\post_impressionism\vincent-van-gogh\1890_205838.png;918;1.196;1.35;0.9783;0.1226;3.595;0.0;5.866;5.866;5.866;1.608;-0.0001021;0.0001935;0.0;0.0;0.023;4.925;4.925;4.925;1.35;8,57E-02;0.0001625;0.0;0.0;0.01931;23.102;15.135;-0.024;-0.07177;9.514;0.6528;0.5839;0.5648;-3.022;-1.337;-1.421;0.001527;0.9558;2.368;0.4118;0.7592;0.001711;95.783;4.474;4.385;0.000599;7,38E-03;
C:\Users\sblee\OneDrive\Documenten\python\Aesthetics-Toolbox-main\Aesthetics-Toolbox-main\art\DRAM_processed\DRAM_processed\labels\post_impressionism\vincent-van-gogh\1890_205873.png;905;0.81;2.124;0.9778;0.101;2.869;0.0;8.811;8.811;8.811;2.535;-0.0001609;0.000305;0.0;0.0;0.03455;7.384;7.384;7.384;2.124;0.0001349;0.0002556;0.0;0.0;0.02896;16.34;7.819;-0.03086;-0.024;22.96;0.5749;0.5537;0.6769;-3.046;-1.355;-1.471;0.001099;0.8743;2.282;0.275;0.3741;0.002327;97.165;4.457;3.929;0.0006625;8,30E-03;
C:\Users\sblee\OneDrive\Documenten\python\Aesthetics-Toolbox-main\Aesthetics-Toolbox-main\art\DRAM_processed\DRAM_processed\labels\post_impressionism\vincent-van-gogh\1890_206331.png;895;1.26;1.507;0.834;0.1344;3.809;0.0;2.407;2.407;2.407;0.6834;-4,34E-02;8,23E-02;0.0;0.0;0.009439;5.299;5.299;5.299;1.507;9,57E-02;0.0001813;0.0;0.0;0.02078;70.331;6.554;-0.02906;-0.01515;31.325;0.6076;0.6695;0.6264;-3.097;-1.352;-1.47;0.002061;0.8837;2.351;0.3389;0.3921;0.00186;81.77;4.47;4.352;0.0006138;9,02E-03;
C:\Users\sblee\OneDrive\Documenten\python\Aesthetics-Toolbox-main\Aesthetics-Toolbox-main\art\DRAM_processed\DRAM_processed\labels\post_impressionism\vincent-van-gogh\1890_206350.png;885;0.77;1.96;1.275;0.1455;4.049;0.0;5.352;5.352;5.352;1.528;-9,70E-02;0.0001839;0.0;0.0;0.02099;6.832;6.832;6.832;1.96;0.0001244;0.0002358;0.0;0.0;0.02679;46.503;12.342;0.02987;0.054;26.541;0.6562;0.6083;0.5947;-3.036;-1.315;-1.413;0.001698;0.9069;2.187;0.3819;0.7435;0.002015;87.888;4.465;4.253;0.0005972;9,30E-03;
C:\Users\sblee\OneDrive\Documenten\python\Aesthetics-Toolbox-main\Aesthetics-Toolbox-main\art\DRAM_processed\DRAM_processed\labels\post_impressionism\vincent-van-gogh\1890_206709.png;898;1.256;1.639;0.7062;0.07391;2.084;0.0;2.648;2.648;2.648;0.7611;-4,83E-02;9,16E-02;0.0;0.0;0.01038;5.699;5.699;5.699;1.639;0.000104;0.0001972;0.0;0.0;0.02235;68.844;23.985;-0.032;-0.1156;42.313;0.6763;0.6889;0.6719;-3.051;-1.307;-1.419;0.002526;0.8528;2.098;0.2443;0.3838;0.002658;76.783;4.054;3.734;0.0006877;6,85E-03;
C:\Users\sblee\OneDrive\Documenten\python\Aesthetics-Toolbox-main\Aesthetics-Toolbox-main\art\DRAM_processed\DRAM_processed\labels\post_impressionism\vincent-van-gogh\1890_206732.png;908;1.225;0.8681;1.003;0.07461;2.072;0.0;1.489;1.489;1.489;0.4152;-2,64E-02;5,00E-02;0.0;0.0;0.00584;3.055;3.055;3.055;0.8681;5,51E-02;0.0001045;0.0;0.0;0.01198;92.87;25.617;0.056;-0.1152;39.663;0.7713;0.7685;0.7323;-3.049;-1.341;-1.466;0.004674;0.9021;2.275;0.3177;0.5435;0.002158;54.245;4.399;4.178;0.0006615;4.02e-06;
C:\Users\sblee\OneDrive\Documenten\python\Aesthetics-Toolbox-main\Aesthetics-Toolbox-main\art\DRAM_processed\DRAM_processed\labels\post_impressionism\vincent-van-gogh\1890_206957.png;841;0.682;2.33;0.9938;0.1471;3.828;0.0;7.262;7.262;7.262;2.124;-0.0001349;0.0002556;0.0;0.0;0.02848;7.966;7.966;7.966;2.33;0.0001479;0.0002804;0.0;0.0;0.03124;41.103;6.13;0.01906;-0.024;25.484;0.6426;0.5915;0.5564;-3.095;-1.368;-1.466;0.001845;0.8468;2.276;0.3663;0.7137;0.001891;91.499;4.513;4.134;0.0006251;1,05E-02;
C:\Users\sblee\OneDrive\Documenten\python\Aesthetics-Toolbox-main\Aesthetics-Toolbox-main\art\DRAM_processed\DRAM_processed\labels\post_impressionism\vincent-van-gogh\1890_207101.png;898;0.796;1.877;1.149;0.1222;3.368;0.0;4.258;4.258;4.258;1.215;-7,71E-02;0.0001462;0.0;0.0;0.0167;6.572;6.572;6.572;1.877;0.0001192;0.0002259;0.0;0.0;0.02577;58.209;7.218;0.002513;-0.036;41.062;0.6344;0.6178;0.5826;-3.014;-1.304;-1.419;0.00177;0.888;2.36;0.3526;0.6675;0.001949;83.546;4.41;4.25;0.0006271;8,47E-03;
C:\Users\sblee\OneDrive\Documenten\python\Aesthetics-Toolbox-main\Aesthetics-Toolbox-main\art\DRAM_processed\DRAM_processed\labels\post_impressionism\vincent-van-gogh\1890_207126.png;984;0.968;2.126;0.9788;0.05949;1.906;0.0;6.219;6.219;6.219;1.789;-0.0001136;0.0002153;0.0;0.0;0.02439;7.39;7.39;7.39;2.126;0.000135;0.0002558;0.0;0.0;0.02898;35.588;38.39;0.1736;-0.082;29.278;0.6223;0.6955;0.624;-3.056;-1.387;-1.466;0.001292;0.8524;1.964;0.2222;0.3784;0.002769;86.47;4.328;3.469;0.0006928;7,51E-03;
C:\Users\sblee\OneDrive\Documenten\python\Aesthetics-Toolbox-main\Aesthetics-Toolbox-main\art\DRAM_processed\DRAM_processed\labels\post_impressionism\vincent-van-gogh\dog(1).png;821;1.558;1.52;0.88;0.1198;3.359;0.0;3.587;3.587;3.587;0.9928;-6,30E-02;0.0001195;0.0;0.0;0.01407;5.494;5.494;5.494;1.52;9,65E-02;0.000183;0.0;0.0;0.02154;49.449;36.048;-0.02;0.1791;38.732;0.628;0.6052;0.6228;-3.155;-1.378;-1.492;0.002555;0.9441;2.242;0.3466;0.6837;0.002061;88.033;4.361;4.082;0.0006168;7,43E-03;
C:\Users\sblee\OneDrive\Documenten\python\Aesthetics-Toolbox-main\Aesthetics-Toolbox-main\art\DRAM_processed\DRAM_processed\labels\post_impressionism\wassily-kandisky\rapallo-boats.png;864;1.374;0.4827;0.8308;0.02325;0.6072;0.0;1.051;1.051;1.051;0.2881;-1,83E-02;3,47E-02;0.0;0.0;0.004121;1.76;1.76;1.76;0.4827;3,06E-02;5,81E-02;0.0;0.0;0.006904;53.092;45.312;-0.1;-0.2033;34.62;0.8944;0.8844;0.8845;-3.229;-1.347;-1.471;0.002286;0.8793;2.194;0.1615;0.6287;0.002883;80.789;4.028;3.564;0.0007277;9,77E-04;
C:\Users\sblee\OneDrive\Documenten\python\Aesthetics-Toolbox-main\Aesthetics-Toolbox-main\art\DRAM_processed\DRAM_processed\labels\post_impressionism\wassily-kandisky\rapallo-grauer-day-1905.png;868;1.359;0.4114;0.6564;0.02829;0.7703;0.0;0.6778;0.6778;0.6778;0.1858;-1.18e-05;2,24E-02;0.0;0.0;0.002658;1.501;1.501;1.501;0.4114;2,61E-02;4,95E-02;0.0;0.0;0.005885;65.832;11.957;0.0;0.05978;40.658;0.8801;0.8757;0.871;-3.195;-1.347;-1.473;0.002;0.8401;2.2;0.3001;0.621;0.00255;83.131;4.039;3.82;0.0007121;1.39e-06;
C:\Users\sblee\OneDrive\Documenten\python\Aesthetics-Toolbox-main\Aesthetics-Toolbox-main\art\DRAM_processed\DRAM_processed\labels\post_impressionism\william-orpen\ready-to-start-self-portrait-6-octobre-1917.png;915;0.83;1.398;0.971;0.06001;1.889;0.0;2.256;2.256;2.256;0.6423;-4,08E-02;7,73E-02;0.0;0.0;0.008847;4.873;4.873;4.873;1.398;8,88E-02;0.0001683;0.0;0.0;0.01911;78.073;22.38;-0.1072;-0.032;44.642;0.7083;0.7173;0.7132;-3.075;-1.377;-1.455;0.001236;0.8632;2.245;0.2462;0.4395;0.002619;62.43;4.166;3.974;0.0006776;5,94E-03;
C:\Users\sblee\OneDrive\Documenten\python\Aesthetics-Toolbox-main\Aesthetics-Toolbox-main\art\DRAM_processed\DRAM_processed\labels\realism\albert-anker\die-bauern-und-die-zeitung-1867.png;888;1.289;1.867;1.197;0.2285;6.287;0.0;4.422;4.422;4.422;1.262;-8,01E-02;0.0001519;0.0;0.0;0.01734;6.513;6.513;6.513;1.867;0.0001185;0.0002247;0.0;0.0;0.02554;49.32;15.034;-0.008;-0.07474;20.833;0.6168;0.5455;0.5106;-3.024;-1.316;-1.396;0.001779;1.022;2.236;0.4786;0.8012;0.001546;92.244;4.39;4.431;0.0005143;9,71E-03;
C:\Users\sblee\OneDrive\Documenten\python\Aesthetics-Toolbox-main\Aesthetics-Toolbox-main\art\DRAM_processed\DRAM_processed\labels\realism\albert-anker\display-image.png;931;0.862;0.4181;0.4809;0.01254;0.4681;0.0;0.5189;0.5189;0.5189;0.1423;-9,03E-03;1,71E-02;0.0;0.0;0.002035;1.525;1.525;1.525;0.4181;2,65E-02;5,03E-02;0.0;0.0;0.00598;80.479;20.876;-0.08933;-0.054;55.006;0.9111;0.9233;0.9071;-3.091;-1.318;-1.464;0.001921;0.7475;2.045;0.1329;0.5827;0.003139;61.029;3.781;3.145;0.0007401;1,54E-03;
C:\Users\sblee\OneDrive\Documenten\python\Aesthetics-Toolbox-main\Aesthetics-Toolbox-main\art\DRAM_processed\DRAM_processed\labels\realism\albert-anker\grandmother.png;833;0.666;1.999;1.529;0.1058;2.551;0.0;6.711;6.711;6.711;1.91;-0.0001213;0.0002298;0.0;0.0;0.02632;6.989;6.989;6.989;1.999;0.0001269;0.0002406;0.0;0.0;0.02741;29.206;42.832;0.05856;-0.206;41.333;0.6407;0.6234;0.5954;-2.997;-1.36;-1.465;0.002202;0.883;2.023;0.2726;0.5455;0.002336;90.725;4.373;4.147;0.0006525;7,67E-03;
C:\Users\sblee\OneDrive\Documenten\python\Aesthetics-Toolbox-main\Aesthetics-Toolbox-main\art\DRAM_processed\DRAM_processed\labels\realism\albert-anker\hohes-alter-ii-alte-frau-sich-aufw-rmend-1885.png;882;0.764;2.076;1.14;0.1013;2.83;0.0;5.97;5.97;5.97;1.714;-0.0001088;0.0002062;0.0;0.0;0.02341;7.223;7.223;7.223;2.076;0.0001318;0.0002499;0.0;0.0;0.02833;39.878;26.83;-0.09948;-0.09;38.145;0.599;0.6153;0.5851;-3.016;-1.399;-1.467;0.002281;0.9166;2.129;0.2822;0.3803;0.002161;87.704;4.43;3.929;0.0006573;8,57E-03;
C:\Users\sblee\OneDrive\Documenten\python\Aesthetics-Toolbox-main\Aesthetics-Toolbox-main\art\DRAM_processed\DRAM_processed\labels\realism\albert-anker\jeune-fille-nourrissant-les-poules-1865.png;885;0.77;1.646;1.235;0.1402;3.703;0.0;2.992;2.992;2.992;0.8585;-5.45e-05;0.0001033;0.0;0.0;0.01173;5.704;5.704;5.704;1.646;0.0001045;0.0001981;0.0;0.0;0.02237;68.153;34.99;-0.1545;-0.082;44.386;0.5552;0.623;0.5239;-3.019;-1.348;-1.44;0.001571;0.9746;2.197;0.3713;0.6367;0.001613;78.746;4.502;4.37;0.0006113;7,76E-03;
C:\Users\sblee\OneDrive\Documenten\python\Aesthetics-Toolbox-main\Aesthetics-Toolbox-main\art\DRAM_processed\DRAM_processed\labels\realism\antonio-jacobsen\steamship-oscar-ii-entering-new-york-harbor.png;802;1.656;0.3839;0.5919;0.03818;0.8539;0.0;0.5718;0.5718;0.5718;0.1568;-9,95E-03;1,89E-02;0.0;0.0;0.002243;1.4;1.4;1.4;0.3839;2,44E-02;4.62e-05;0.0;0.0;0.005491;75.143;39.075;0.002;-0.1954;40.856;0.9036;0.8548;0.856;-3.012;-1.329;-1.337;0.009456;0.9773;2.343;0.2482;0.6063;0.002405;74.036;3.952;4.111;0.0007065;1,37E-03;
C:\Users\sblee\OneDrive\Documenten\python\Aesthetics-Toolbox-main\Aesthetics-Toolbox-main\art\DRAM_processed\DRAM_processed\labels\realism\briton-riviere\a-blockade-runner-1888.png;857;0.714;1.172;0.6851;0.08182;2.365;0.0;1.799;1.799;1.799;0.4977;-3.16e-05;5,99E-02;0.0;0.0;0.007056;4.235;4.235;4.235;1.172;7,44E-02;0.000141;0.0;0.0;0.01661;70.311;43.161;-0.119;-0.18;49.384;0.6573;0.6627;0.6573;-3.078;-1.351;-1.459;0.001967;0.8765;2.199;0.303;0.4425;0.002194;84.326;4.493;4.214;0.0006648;5,49E-03;
C:\Users\sblee\OneDrive\Documenten\python\Aesthetics-Toolbox-main\Aesthetics-Toolbox-main\art\DRAM_processed\DRAM_processed\labels\realism\briton-riviere\an-anxious-moment-1878.png;830;1.515;0.3707;0.8602;0.03164;0.8616;0.0;0.8505;0.8505;0.8505;0.2332;-1,48E-02;2,81E-02;0.0;0.0;0.003335;1.352;1.352;1.352;0.3707;2,35E-02;4,46E-02;0.0;0.0;0.005302;54.704;21.95;-0.012;-0.1091;32.117;0.8765;0.8364;0.8407;-3.087;-1.336;-1.403;0.00351;1.046;2.304;0.3852;0.7759;0.001809;83.128;4.517;4.39;0.0006935;1,24E-03;
C:\Users\sblee\OneDrive\Documenten\python\Aesthetics-Toolbox-main\Aesthetics-Toolbox-main\art\DRAM_processed\DRAM_processed\labels\realism\briton-riviere\an-exile-of-the-45jpg.png;998;1.004;1.652;0.9965;0.1051;3.403;0.0;3.128;3.128;3.128;0.8874;-5,63E-02;0.0001068;0.0;0.0;0.01227;5.807;5.807;5.807;1.652;0.0001049;0.0001988;0.0;0.0;0.02277;63.489;7.451;0.03;-0.02209;30.638;0.6363;0.6416;0.6185;-3.049;-1.338;-1.444;0.002733;0.9771;2.119;0.2852;0.5863;0.002128;81.899;4.38;4.233;0.0006388;8,31E-03;
C:\Users\sblee\OneDrive\Documenten\python\Aesthetics-Toolbox-main\Aesthetics-Toolbox-main\art\DRAM_processed\DRAM_processed\labels\realism\briton-riviere\calves-in-a-meadow-1864.png;903;1.241;1.223;0.8477;0.1045;2.998;0.0;2.744;2.744;2.744;0.7523;-4,78E-02;9,05E-02;0.0;0.0;0.01076;4.462;4.462;4.462;1.223;7,77E-02;0.0001472;0.0;0.0;0.0175;55.095;8.722;0.004;-0.04342;27.891;0.658;0.6797;0.6696;-3.048;-1.366;-1.446;0.005597;0.8934;2.141;0.4069;0.7573;0.001902;87.271;4.387;4.291;0.0006165;7,29E-03;
C:\Users\sblee\OneDrive\Documenten\python\Aesthetics-Toolbox-main\Aesthetics-Toolbox-main\art\DRAM_processed\DRAM_processed\labels\realism\briton-riviere\his-only-friend-1871.png;863;1.377;1.59;0.8566;0.07496;1.996;0.0;2.663;2.663;2.663;0.7593;-4,82E-02;9,14E-02;0.0;0.0;0.01044;5.567;5.567;5.567;1.59;0.000101;0.0001914;0.0;0.0;0.02183;67.95;28.783;-0.046;-0.1364;45.671;0.6902;0.6662;0.6635;-3.082;-1.336;-1.461;0.001753;0.7816;2.16;0.2439;0.3868;0.002355;75.859;4.456;3.89;0.0006706;6,72E-03;
C:\Users\sblee\OneDrive\Documenten\python\Aesthetics-Toolbox-main\Aesthetics-Toolbox-main\art\DRAM_processed\DRAM_processed\labels\realism\briton-riviere\lost-or-strayed-1905.png;956;0.912;1.334;0.848;0.1167;3.536;0.0;2.049;2.049;2.049;0.5742;-3,65E-02;6.91e-05;0.0;0.0;0.008034;4.753;4.753;4.753;1.334;8,47E-02;0.0001605;0.0;0.0;0.01864;71.351;6.74;-0.01535;0.03;19.186;0.5699;0.6295;0.5821;-3.008;-1.331;-1.402;0.00258;1.111;2.282;0.3574;0.6127;0.001768;83.161;4.493;4.426;0.0006255;6,83E-03;
C:\Users\sblee\OneDrive\Documenten\python\Aesthetics-Toolbox-main\Aesthetics-Toolbox-main\art\DRAM_processed\DRAM_processed\labels\realism\briton-riviere\play-fellows-1900.png;829;0.658;1.712;0.8801;0.1099;2.907;0.0;3.099;3.099;3.099;0.8871;-5,63E-02;0.0001068;0.0;0.0;0.01215;5.974;5.974;5.974;1.712;0.0001087;0.0002061;0.0;0.0;0.02343;63.782;18.751;-0.09271;0.014;42.129;0.6348;0.6817;0.6343;-3.051;-1.323;-1.44;0.001359;0.8869;2.249;0.2973;0.3821;0.002274;82.578;4.305;4.049;0.000651;6,44E-03;
C:\Users\sblee\OneDrive\Documenten\python\Aesthetics-Toolbox-main\Aesthetics-Toolbox-main\art\DRAM_processed\DRAM_processed\labels\realism\briton-riviere\pride-of-place-1891.png;818;0.636;1.086;0.5343;0.0733;2.041;0.0;1.461;1.461;1.461;0.4043;-2,57E-02;4,87E-02;0.0;0.0;0.005729;3.924;3.924;3.924;1.086;6,89E-02;0.0001307;0.0;0.0;0.01539;77.441;37.291;0.08491;-0.166;52.278;0.689;0.6538;0.7104;-3.108;-1.371;-1.459;0.002542;0.926;2.181;0.2245;0.4073;0.002544;78.04;4.475;3.695;0.0006762;5,95E-03;
C:\Users\sblee\OneDrive\Documenten\python\Aesthetics-Toolbox-main\Aesthetics-Toolbox-main\art\DRAM_processed\DRAM_processed\labels\realism\briton-riviere\so-full-of-shapes-is-fancy-1878.png;938;0.876;0.8521;0.3691;0.03932;1.282;0.0;0.8503;0.8503;0.8503;0.2353;-1,49E-02;2,83E-02;0.0;0.0;0.003335;3.079;3.079;3.079;0.8521;5.41e-05;0.0001025;0.0;0.0;0.01207;84.874;48.024;-0.1164;-0.21;74.468;0.7717;0.7281;0.7204;-3.104;-1.372;-1.455;0.002547;0.9188;2.165;0.04872;0.4195;0.002513;56.683;4.516;3.968;0.0007121;2,95E-03;
C:\Users\sblee\OneDrive\Documenten\python\Aesthetics-Toolbox-main\Aesthetics-Toolbox-main\art\DRAM_processed\DRAM_processed\labels\realism\briton-riviere\the-last-of-the-crew-1883.png;872;0.744;1.401;0.7488;0.08738;2.456;0.0;2.038;2.038;2.038;0.5783;-3,67E-02;6.96e-05;0.0;0.0;0.007992;4.924;4.924;4.924;1.401;8,89E-02;0.0001686;0.0;0.0;0.01931;71.969;21.871;0.02688;0.106;45.398;0.7144;0.7061;0.6869;-3.069;-1.356;-1.457;0.001945;0.9642;2.146;0.2229;0.3817;0.002125;74.619;4.438;4.161;0.000669;6,24E-03;
C:\Users\sblee\OneDrive\Documenten\python\Aesthetics-Toolbox-main\Aesthetics-Toolbox-main\art\DRAM_processed\DRAM_processed\labels\realism\briton-riviere\the-long-sleep-1868.png;882;1.309;1.521;1.12;0.1215;3.213;0.0;2.766;2.766;2.766;0.7799;-4,95E-02;9,39E-02;0.0;0.0;0.01085;5.373;5.373;5.373;1.521;9,66E-02;0.000183;0.0;0.0;0.02107;64.326;23.636;0.036;-0.1126;42.91;0.634;0.5815;0.5941;-2.976;-1.314;-1.434;0.00168;0.9698;2.279;0.312;0.5;0.001933;80.877;4.5;4.307;0.0006249;7,35E-03;
C:\Users\sblee\OneDrive\Documenten\python\Aesthetics-Toolbox-main\Aesthetics-Toolbox-main\art\DRAM_processed\DRAM_processed\labels\realism\briton-riviere\tick-tack-1881.png;883;1.305;1.282;0.685;0.04546;1.426;0.0;2.187;2.187;2.187;0.6053;-3,84E-02;7,28E-02;0.0;0.0;0.008577;4.633;4.633;4.633;1.282;8.14e-05;0.0001543;0.0;0.0;0.01817;72.582;4.398;-0.01;0.01958;50.287;0.7984;0.7509;0.7918;-3.083;-1.359;-1.477;0.001486;0.7654;2.05;0.1842;0.4176;0.002653;73.353;4.329;3.433;0.0007015;5,92E-03;
C:\Users\sblee\OneDrive\Documenten\python\Aesthetics-Toolbox-main\Aesthetics-Toolbox-main\art\DRAM_processed\DRAM_processed\labels\realism\briton-riviere\watching-dog-1875.png;825;1.538;1.466;0.8347;0.0578;1.653;0.0;3.184;3.184;3.184;0.8811;-5,59E-02;0.000106;0.0;0.0;0.01249;5.298;5.298;5.298;1.466;9,31E-02;0.0001764;0.0;0.0;0.02078;62.967;14.462;0.0;-0.07231;47.27;0.7952;0.7466;0.7325;-3.078;-1.339;-1.468;0.001706;0.8063;2.324;0.1653;0.4172;0.002469;77.805;4.329;3.583;0.0006926;4,75E-03;
C:\Users\sblee\OneDrive\Documenten\python\Aesthetics-Toolbox-main\Aesthetics-Toolbox-main\art\DRAM_processed\DRAM_processed\labels\realism\charles-jacque\342276.png;804;1.645;1.671;0.6728;0.1897;3.921;0.0;2.206;2.206;2.206;0.653;-4,15E-02;7,86E-02;0.0;0.0;0.008651;5.636;5.636;5.636;1.671;0.0001061;0.0002011;0.0;0.0;0.0221;75.692;30.39;0.076;-0.1316;34.146;0.6607;0.5182;0.4925;-2.773;-1.232;-1.274;0.006107;1.117;2.461;0.1153;0.356;0.002299;73.558;4.519;4.421;0.0006489;6,65E-03;
C:\Users\sblee\OneDrive\Documenten\python\Aesthetics-Toolbox-main\Aesthetics-Toolbox-main\art\DRAM_processed\DRAM_processed\labels\realism\charles-jacque\342284.png;904;0.808;1.971;1.082;0.1417;3.89;0.0;3.634;3.634;3.634;1.065;-6,76E-02;0.0001282;0.0;0.0;0.01425;6.704;6.704;6.704;1.971;0.0001251;0.0002372;0.0;0.0;0.02629;61.294;35.686;0.01238;-0.178;43.623;0.6663;0.4995;0.5044;-3.046;-1.353;-1.42;0.003395;0.8887;2.259;0.2425;0.3866;0.002181;80.477;4.38;4.278;0.0006415;8,05E-03;
C:\Users\sblee\OneDrive\Documenten\python\Aesthetics-Toolbox-main\Aesthetics-Toolbox-main\art\DRAM_processed\DRAM_processed\labels\realism\charles-jacque\342289.png;850;1.429;2.333;0.8884;0.148;3.831;0.0;5.201;5.201;5.201;1.549;-9,84E-02;0.0001864;0.0;0.0;0.0204;7.834;7.834;7.834;2.333;0.0001481;0.0002808;0.0;0.0;0.03072;52.63;21.32;0.028;-0.1029;31.528;0.5852;0.5745;0.5393;-3.061;-1.359;-1.448;0.001672;0.8634;2.296;0.3238;0.664;0.00219;85.825;4.486;4.137;0.0006416;9,38E-03;
C:\Users\sblee\OneDrive\Documenten\python\Aesthetics-Toolbox-main\Aesthetics-Toolbox-main\art\DRAM_processed\DRAM_processed\labels\realism\charles-jacque\342292.png;862;0.724;1.808;0.7468;0.09135;2.353;0.0;2.621;2.621;2.621;0.7793;-4,95E-02;9,38E-02;0.0;0.0;0.01028;6.071;6.071;6.071;1.808;0.0001148;0.0002176;0.0;0.0;0.02381;72.471;32.076;0.09392;-0.13;57.192;0.673;0.642;0.6066;-3.013;-1.361;-1.439;0.002177;0.8378;2.21;0.2243;0.3637;0.002308;69.909;4.493;3.926;0.0006771;6,61E-03;
C:\Users\sblee\OneDrive\Documenten\python\Aesthetics-Toolbox-main\Aesthetics-Toolbox-main\art\DRAM_processed\DRAM_processed\labels\realism\charles-jacque-wiki\640px-Charles_Emile_Jacque_-_Landschap_met_schapen_en_herderin_-_0417_-_Rijksmuseum_Twenthe.png;832;1.506;1.761;0.6844;0.1561;3.782;0.0;2.462;2.462;2.462;0.7303;-4,64E-02;8,79E-02;0.0;0.0;0.009654;5.934;5.934;5.934;1.761;0.0001118;0.000212;0.0;0.0;0.02327;73.022;15.807;-0.024;-0.0753;48.446;0.6832;0.6093;0.5843;-2.968;-1.33;-1.425;0.003851;1.043;2.318;0.3018;0.3598;0.002166;77.572;4.483;4.319;0.0006511;7,23E-03;
C:\Users\sblee\OneDrive\Documenten\python\Aesthetics-Toolbox-main\Aesthetics-Toolbox-main\art\DRAM_processed\DRAM_processed\labels\realism\charles-jacque-wiki\Charles_Emile_Jacque_-_retour_du_troupeau_-_Tweed_museum.png;867;1.362;2.249;1.118;0.1933;4.906;0.0;4.909;4.909;4.909;1.454;-9.23e-05;0.000175;0.0;0.0;0.01925;7.587;7.587;7.587;2.249;0.0001428;0.0002707;0.0;0.0;0.02975;51.881;18.933;-0.05;-0.08038;32.228;0.6635;0.5507;0.5318;-3.029;-1.331;-1.44;0.003664;0.978;2.323;0.3391;0.6741;0.001888;85.169;4.419;4.32;0.0006027;9,01E-03;
C:\Users\sblee\OneDrive\Documenten\python\Aesthetics-Toolbox-main\Aesthetics-Toolbox-main\art\DRAM_processed\DRAM_processed\labels\realism\charles-jacque-wiki\Printemps_by_Charles-Emile_Jacque__1859.png;861;0.722;2.122;1.067;0.1523;3.922;0.0;4.262;4.262;4.262;1.256;-7,98E-02;0.0001512;0.0;0.0;0.01671;7.191;7.191;7.191;2.122;0.0001347;0.0002554;0.0;0.0;0.0282;57.971;32.461;0.05125;-0.154;41.608;0.6163;0.5354;0.5245;-3.034;-1.368;-1.455;0.002221;0.9183;2.242;0.3134;0.6606;0.002163;83.029;4.417;4.17;0.0006335;9,01E-03;
C:\Users\sblee\OneDrive\Documenten\python\Aesthetics-Toolbox-main\Aesthetics-Toolbox-main\art\DRAM_processed\DRAM_processed\labels\realism\constant-troyon\273249.png;852;1.42;0.9752;0.6647;0.09641;2.378;0.0;1.063;1.063;1.063;0.299;-1,90E-02;3,60E-02;0.0;0.0;0.004168;3.436;3.436;3.436;0.9752;6,19E-02;0.0001174;0.0;0.0;0.01347;83.8;54.679;-0.104;-0.2528;35.618;0.7207;0.6008;0.597;-2.947;-1.332;-1.432;0.004521;0.9981;2.266;0.09401;0.3685;0.002126;68.344;4.364;4.302;0.0006752;5,14E-03;
C:\Users\sblee\OneDrive\Documenten\python\Aesthetics-Toolbox-main\Aesthetics-Toolbox-main\art\DRAM_processed\DRAM_processed\labels\realism\constant-troyon\273267.png;867;1.362;0.7714;0.3813;0.05848;1.449;0.0;0.6877;0.6877;0.6877;0.1917;-1,22E-02;2,31E-02;0.0;0.0;0.002697;2.753;2.753;2.753;0.7714;4,90E-02;9,28E-02;0.0;0.0;0.01079;87.685;36.021;0.05;-0.173;65.558;0.8163;0.7218;0.7212;-2.843;-1.28;-1.369;0.008041;1.131;2.324;0.07887;0.3881;0.002664;55.096;4.261;3.918;0.0007136;2,90E-03;
C:\Users\sblee\OneDrive\Documenten\python\Aesthetics-Toolbox-main\Aesthetics-Toolbox-main\art\DRAM_processed\DRAM_processed\labels\realism\constant-troyon\273276.png;885;1.299;1.661;0.9669;0.1456;3.82;0.0;2.639;2.639;2.639;0.7653;-4,86E-02;9.21e-05;0.0;0.0;0.01035;5.676;5.676;5.676;1.661;0.0001054;0.0001999;0.0;0.0;0.02226;67.082;33.848;-0.126;-0.113;47.92;0.5696;0.5775;0.5574;-2.974;-1.311;-1.396;0.003862;1.022;2.29;0.1423;0.3991;0.002039;80.803;4.32;4.278;0.0006253;6,85E-03;
C:\Users\sblee\OneDrive\Documenten\python\Aesthetics-Toolbox-main\Aesthetics-Toolbox-main\art\DRAM_processed\DRAM_processed\labels\realism\constant-troyon\273277.png;871;1.341;1.149;0.5819;0.07673;2.273;0.0;1.669;1.669;1.669;0.4619;-2,93E-02;5,56E-02;0.0;0.0;0.006546;4.153;4.153;4.153;1.149;7,30E-02;0.0001383;0.0;0.0;0.01628;75.726;20.317;-0.06513;-0.07796;53.291;0.7188;0.6809;0.6772;-3.049;-1.315;-1.436;0.003675;0.9448;2.247;0.2276;0.4074;0.002271;71.033;4.165;4.055;0.0006779;5,08E-03;
C:\Users\sblee\OneDrive\Documenten\python\Aesthetics-Toolbox-main\Aesthetics-Toolbox-main\art\DRAM_processed\DRAM_processed\labels\realism\constant-troyon\273282.png;837;1.484;0.9359;0.5711;0.09141;2.311;0.0;1.23;1.23;1.23;0.3392;-2,15E-02;4,08E-02;0.0;0.0;0.004825;3.386;3.386;3.386;0.9359;5,94E-02;0.0001126;0.0;0.0;0.01328;78.48;43.402;0.076;-0.2033;39.066;0.757;0.6179;0.6194;-2.942;-1.292;-1.34;0.005646;1.014;2.489;0.1003;0.394;0.00234;67.76;4.394;4.292;0.0006705;4,34E-03;
C:\Users\sblee\OneDrive\Documenten\python\Aesthetics-Toolbox-main\Aesthetics-Toolbox-main\art\DRAM_processed\DRAM_processed\labels\realism\constant-troyon\a-cow-in-a-landscape.png;903;1.241;1.169;0.7929;0.07072;2.111;0.0;2.387;2.387;2.387;0.6545;-4,16E-02;7,88E-02;0.0;0.0;0.009361;4.263;4.263;4.263;1.169;7.42e-05;0.0001407;0.0;0.0;0.01672;63.589;22.401;0.112;-0.001241;38.517;0.701;0.7166;0.675;-3.081;-1.348;-1.434;0.003401;0.9218;2.13;0.2516;0.4326;0.002528;78.73;4.281;4.009;0.000669;5,90E-03;
C:\Users\sblee\OneDrive\Documenten\python\Aesthetics-Toolbox-main\Aesthetics-Toolbox-main\art\DRAM_processed\DRAM_processed\labels\realism\constant-troyon\cows-in-the-field-1852.png;890;0.78;0.8512;0.494;0.05277;1.459;0.0;1.081;1.081;1.081;0.2962;-1,88E-02;3,57E-02;0.0;0.0;0.004237;3.104;3.104;3.104;0.8512;5,40E-02;0.0001024;0.0;0.0;0.01217;79.002;29.563;0.02308;-0.146;62.973;0.8087;0.7281;0.7215;-2.975;-1.331;-1.415;0.006094;0.936;2.198;0.06421;0.431;0.0027;63.773;4.357;3.965;0.0007069;3,23E-03;
C:\Users\sblee\OneDrive\Documenten\python\Aesthetics-Toolbox-main\Aesthetics-Toolbox-main\art\DRAM_processed\DRAM_processed\labels\realism\constant-troyon\goose-girl.png;836;1.488;1.097;0.8336;0.06661;1.777;0.0;1.344;1.344;1.344;0.3825;-2,43E-02;4,60E-02;0.0;0.0;0.005272;3.819;3.819;3.819;1.097;6,96E-02;0.000132;0.0;0.0;0.01498;89.726;17.633;-0.018;-0.08631;51.857;0.8757;0.7726;0.7703;-3.07;-1.339;-1.439;0.003354;1.036;2.125;0.2197;0.4881;0.001939;55.624;4.331;4.247;0.0006628;3,88E-03;
C:\Users\sblee\OneDrive\Documenten\python\Aesthetics-Toolbox-main\Aesthetics-Toolbox-main\art\DRAM_processed\DRAM_processed\labels\realism\constant-troyon\herdsman-1860.png;874;1.337;1.22;0.8121;0.08116;2.159;0.0;1.976;1.976;1.976;0.5501;-3,49E-02;6.62e-05;0.0;0.0;0.007747;4.357;4.357;4.357;1.22;7,75E-02;0.0001468;0.0;0.0;0.01709;72.802;20.108;-0.064;-0.07754;47.945;0.7362;0.7176;0.6857;-2.959;-1.299;-1.412;0.002045;0.885;2.138;0.2094;0.3922;0.002333;73.826;4.378;4.08;0.0006686;5,66E-03;
C:\Users\sblee\OneDrive\Documenten\python\Aesthetics-Toolbox-main\Aesthetics-Toolbox-main\art\DRAM_processed\DRAM_processed\labels\realism\constant-troyon\on-the-way-to-the-market-1859.png;898;0.796;1.556;0.9985;0.1769;4.351;0.0;2.359;2.359;2.359;0.6799;-4,32E-02;8,18E-02;0.0;0.0;0.009251;5.353;5.353;5.353;1.556;9,88E-02;0.0001873;0.0;0.0;0.02099;69.78;43.691;0.03266;-0.216;44.031;0.7217;0.4673;0.4648;-2.86;-1.325;-1.434;0.005821;1.046;2.325;0.1384;0.3559;0.0019;76.719;4.269;4.339;0.0006122;7,43E-03;
C:\Users\sblee\OneDrive\Documenten\python\Aesthetics-Toolbox-main\Aesthetics-Toolbox-main\art\DRAM_processed\DRAM_processed\labels\realism\constant-troyon\outside-the-stable.png;849;1.426;1.157;0.601;0.06319;1.794;0.0;1.515;1.515;1.515;0.4228;-2,69E-02;5,09E-02;0.0;0.0;0.005939;4.142;4.142;4.142;1.157;7,34E-02;0.0001392;0.0;0.0;0.01624;78.764;21.449;0.0511;-0.09429;50.977;0.7168;0.6892;0.7071;-3.106;-1.355;-1.468;0.001726;0.8372;2.072;0.1643;0.4021;0.002356;73.139;4.49;3.942;0.00069;5.95e-06;
C:\Users\sblee\OneDrive\Documenten\python\Aesthetics-Toolbox-main\Aesthetics-Toolbox-main\art\DRAM_processed\DRAM_processed\labels\realism\danielson-gambogi-elin\elin-danielson-gambogi-sunset.png;883;1.305;0.9469;0.3811;0.06677;1.469;0.0;0.8283;0.8283;0.8283;0.2365;-1,50E-02;2,85E-02;0.0;0.0;0.003248;3.307;3.307;3.307;0.9469;6,01E-02;0.000114;0.0;0.0;0.01297;86.828;41.07;0.128;-0.1606;79.683;0.7375;0.7626;0.7215;-2.826;-1.251;-1.35;0.002699;0.929;2.382;0.05394;0.3813;0.002479;55.056;4.491;3.988;0.0007129;3,62E-03;
C:\Users\sblee\OneDrive\Documenten\python\Aesthetics-Toolbox-main\Aesthetics-Toolbox-main\art\DRAM_processed\DRAM_processed\labels\realism\edelfelt-albert\albert-edelfelt-going-to-the-christening-1880.png;857;1.401;1.574;1.312;0.1061;2.707;0.0;3.313;3.313;3.313;0.9423;-5,98E-02;0.0001134;0.0;0.0;0.01299;5.476;5.476;5.476;1.574;9,99E-02;0.0001894;0.0;0.0;0.02147;72.649;12.299;-0.022;-0.05742;27.174;0.6681;0.6858;0.6407;-3.019;-1.319;-1.424;0.002316;0.8828;2.201;0.3242;0.5427;0.002209;73.133;4.354;4.197;0.0006428;7.45e-06;
C:\Users\sblee\OneDrive\Documenten\python\Aesthetics-Toolbox-main\Aesthetics-Toolbox-main\art\DRAM_processed\DRAM_processed\labels\realism\elin-danielson-gambogi\danielson-gambogi-kalastajaveneit.png;820;1.562;0.4968;0.6653;0.0422;0.9937;0.0;0.6941;0.6941;0.6941;0.1914;-1,22E-02;2,30E-02;0.0;0.0;0.002722;1.78;1.78;1.78;0.4968;3,15E-02;5,98E-02;0.0;0.0;0.00698;72.967;22.163;-0.068;0.0875;48.832;0.8459;0.8287;0.8278;-2.929;-1.304;-1.375;0.008584;0.8719;2.386;0.08725;0.3989;0.002528;73.712;4.209;3.93;0.0007139;1,73E-03;
C:\Users\sblee\OneDrive\Documenten\python\Aesthetics-Toolbox-main\Aesthetics-Toolbox-main\art\DRAM_processed\DRAM_processed\labels\realism\elin-danielson-gambogi\elin-danielson-gambogi-sailing-c1890-1.png;836;1.488;0.3213;0.3843;0.04774;1.032;0.0;0.3041;0.3041;0.3041;0.08366;-5,31E-03;1,01E-02;0.0;0.0;0.001193;1.159;1.159;1.159;0.3213;2.04e-05;3,87E-02;0.0;0.0;0.004546;86.257;10.744;0.004;0.05357;57.085;0.881;0.8719;0.8416;-2.785;-1.256;-1.279;0.008326;1.118;2.378;0.2217;0.4094;0.00226;72.738;4.127;4.036;0.0007032;2,09E-03;
C:\Users\sblee\OneDrive\Documenten\python\Aesthetics-Toolbox-main\Aesthetics-Toolbox-main\art\DRAM_processed\DRAM_processed\labels\realism\elin-danielson-gambogi\elin-danielson-gambogi-seated-man-at-the-table-a-iv-3609-finnish-national-gallery-1.png;869;1.355;1.882;1.027;0.07589;2.173;0.0;4.073;4.073;4.073;1.169;-7,42E-02;0.0001407;0.0;0.0;0.01597;6.542;6.542;6.542;1.882;0.0001195;0.0002264;0.0;0.0;0.02565;57.252;26.554;0.106;-0.07995;41.408;0.6517;0.6926;0.621;-3.065;-1.374;-1.472;0.001324;0.8256;1.949;0.2691;0.5902;0.002347;81.319;4.361;3.637;0.0006689;8,75E-03;
C:\Users\sblee\OneDrive\Documenten\python\Aesthetics-Toolbox-main\Aesthetics-Toolbox-main\art\DRAM_processed\DRAM_processed\labels\realism\elin-danielson-gambogi\elin-danielson-gambogi-still-life-a-1995-65-finnish-national-gallery-1.png;858;1.39;0.3335;0.3399;0.009277;0.3185;0.0;0.3159;0.3159;0.3159;0.0866;-5,50E-03;1,04E-02;0.0;0.0;0.001239;1.216;1.216;1.216;0.3335;2,12E-02;4,01E-02;0.0;0.0;0.00477;87.467;54.351;0.2014;0.1825;77.618;0.9262;0.9407;0.9272;-3.109;-1.377;-1.447;0.004814;0.7452;1.817;0.05179;0.5993;0.003949;54.964;3.492;2.823;0.000751;7,25E-04;
C:\Users\sblee\OneDrive\Documenten\python\Aesthetics-Toolbox-main\Aesthetics-Toolbox-main\art\DRAM_processed\DRAM_processed\labels\realism\elin-danielson-gambogi\elin-danielson-gambogi-the-spinner.png;964;0.928;1.794;0.9239;0.1028;3.168;0.0;3.521;3.521;3.521;1.01;-6.41e-05;0.0001215;0.0;0.0;0.01381;6.245;6.245;6.245;1.794;0.0001139;0.0002159;0.0;0.0;0.02449;57.214;42.5;-0.1767;-0.118;40.712;0.607;0.6411;0.5803;-3.101;-1.381;-1.483;0.00253;1.006;2.168;0.2643;0.3749;0.002028;79.885;4.426;4.176;0.000648;9,52E-03;
C:\Users\sblee\OneDrive\Documenten\python\Aesthetics-Toolbox-main\Aesthetics-Toolbox-main\art\DRAM_processed\DRAM_processed\labels\realism\elin-danielson-gambogi\elin-danielson-gambogi-young-needleworkers-1915-1.png;892;1.276;1.647;1.276;0.223;6.316;0.0;4.036;4.036;4.036;1.137;-7,22E-02;0.0001368;0.0;0.0;0.01583;5.794;5.794;5.794;1.647;0.0001045;0.0001982;0.0;0.0;0.02272;43.813;25.039;0.076;-0.09949;28.503;0.6441;0.5837;0.5292;-3.026;-1.308;-1.43;0.003162;1.062;2.245;0.4291;0.8157;0.001737;91.551;4.065;4.328;0.0005195;9,08E-03;
C:\Users\sblee\OneDrive\Documenten\python\Aesthetics-Toolbox-main\Aesthetics-Toolbox-main\art\DRAM_processed\DRAM_processed\labels\realism\giovanni-boldini\girl-with-black-cat-1885.png;860;0.72;1.9;1.49;0.1144;2.748;0.0;6.293;6.293;6.293;1.789;-0.0001136;0.0002153;0.0;0.0;0.02468;6.621;6.621;6.621;1.9;0.0001206;0.0002286;0.0;0.0;0.02597;23.807;21.778;-0.01389;-0.108;33.421;0.6077;0.6632;0.5971;-2.959;-1.34;-1.454;0.001659;0.9538;2.028;0.2908;0.5645;0.002208;91.915;4.453;4.129;0.0006493;8,12E-03;
C:\Users\sblee\OneDrive\Documenten\python\Aesthetics-Toolbox-main\Aesthetics-Toolbox-main\art\DRAM_processed\DRAM_processed\labels\realism\giovanni-boldini\the-actress-rejane-and-her-dog.png;924;0.848;1.948;1.491;0.1358;3.043;0.0;9.313;9.313;9.313;2.655;-0.0001685;0.0003195;0.0;0.0;0.03652;6.804;6.804;6.804;1.948;0.0001237;0.0002345;0.0;0.0;0.02668;17.764;25.245;0.02358;-0.124;22.766;0.6001;0.5631;0.5251;-2.842;-1.219;-1.257;0.001517;0.9516;2.279;0.3149;0.6606;0.001842;95.554;4.375;4.197;0.000626;9,91E-03;
C:\Users\sblee\OneDrive\Documenten\python\Aesthetics-Toolbox-main\Aesthetics-Toolbox-main\art\DRAM_processed\DRAM_processed\labels\realism\gustave-courbet\191712.png;834;1.497;2.316;0.9851;0.3679;7.499;0.0;9.149;9.149;9.149;2.676;-0.0001699;0.0003221;0.0;0.0;0.03588;7.917;7.917;7.917;2.316;0.000147;0.0002787;0.0;0.0;0.03105;28.317;13.295;0.064;0.01796;25.203;0.5039;0.6031;0.4878;-2.726;-1.224;-1.19;0.00891;1.203;2.535;0.4647;0.8192;0.001485;94.044;4.558;4.482;0.0005447;9,36E-03;
C:\Users\sblee\OneDrive\Documenten\python\Aesthetics-Toolbox-main\Aesthetics-Toolbox-main\art\DRAM_processed\DRAM_processed\labels\realism\gustave-courbet\191718.png;909;1.222;2.314;0.9838;0.1524;4.014;0.0;9.196;9.196;9.196;2.69;-0.0001708;0.0003237;0.0;0.0;0.03606;7.91;7.91;7.91;2.314;0.0001469;0.0002785;0.0;0.0;0.03102;30.545;7.897;-0.03;-0.02567;19.538;0.6366;0.5951;0.6035;-2.986;-1.368;-1.365;0.002489;0.8796;2.457;0.3913;0.6386;0.001957;93.43;4.559;4.178;0.0006166;9,05E-03;
C:\Users\sblee\OneDrive\Documenten\python\Aesthetics-Toolbox-main\Aesthetics-Toolbox-main\art\DRAM_processed\DRAM_processed\labels\realism\gustave-courbet\191719.png;857;0.714;2.128;0.8712;0.2357;5.333;0.0;11.329;11.329;11.329;3.314;-0.0002104;0.0003988;0.0;0.0;0.04443;7.275;7.275;7.275;2.128;0.0001351;0.0002561;0.0;0.0;0.02853;18.681;5.533;0.02101;-0.018;17.734;0.6443;0.6338;0.6074;-2.886;nan;nan;0.004241;1.1;2.19;0.3693;0.677;0.001751;97.093;4.567;4.324;0.0005917;7,58E-03;
C:\Users\sblee\OneDrive\Documenten\python\Aesthetics-Toolbox-main\Aesthetics-Toolbox-main\art\DRAM_processed\DRAM_processed\labels\realism\gustave-courbet\191736.png;878;1.323;1.538;0.8947;0.1096;3.359;0.0;3.736;3.736;3.736;1.034;-6,56E-02;0.0001244;0.0;0.0;0.01465;5.556;5.556;5.556;1.538;9,76E-02;0.0001851;0.0;0.0;0.02179;54.469;13.234;-0.002;0.06614;39.295;0.7096;0.6594;0.6406;-3.145;-1.344;-1.478;0.003185;0.9057;2.228;0.3302;0.6986;0.002078;85.563;4.159;4.084;0.0006216;8,15E-03;
C:\Users\sblee\OneDrive\Documenten\python\Aesthetics-Toolbox-main\Aesthetics-Toolbox-main\art\DRAM_processed\DRAM_processed\labels\realism\gustave-courbet\191739.png;901;1.247;1.902;1.119;0.1041;2.889;0.0;4.384;4.384;4.384;1.252;-7,95E-02;0.0001507;0.0;0.0;0.01719;6.644;6.644;6.644;1.902;0.0001207;0.0002288;0.0;0.0;0.02606;54.741;9.15;0.02;-0.04115;35.21;0.6494;0.6276;0.5786;-3.014;-1.339;-1.433;0.001611;0.8678;2.197;0.2442;0.504;0.002184;84.471;4.49;4.063;0.000643;8,21E-03;
C:\Users\sblee\OneDrive\Documenten\python\Aesthetics-Toolbox-main\Aesthetics-Toolbox-main\art\DRAM_processed\DRAM_processed\labels\realism\gustave-courbet\191745.png;885;1.299;1.563;0.9162;0.1691;5.095;0.0;3.975;3.975;3.975;1.1;-6,98E-02;0.0001324;0.0;0.0;0.01559;5.648;5.648;5.648;1.563;9,92E-02;0.0001881;0.0;0.0;0.02215;49.585;17.694;-0.016;0.08701;33.039;0.6508;0.6247;0.5861;-3.118;-1.312;-1.442;0.004508;1.028;2.256;0.4508;0.7624;0.0018;88.518;3.951;4.126;0.0005627;9,20E-03;
C:\Users\sblee\OneDrive\Documenten\python\Aesthetics-Toolbox-main\Aesthetics-Toolbox-main\art\DRAM_processed\DRAM_processed\labels\realism\gustave-courbet\191746.png;914;0.828;2.275;1.494;0.1364;3.739;0.0;8.35;8.35;8.35;2.429;-0.0001542;0.0002923;0.0;0.0;0.03274;7.816;7.816;7.816;2.275;0.0001444;0.0002738;0.0;0.0;0.03065;20.55;15.505;-0.07729;0.006;22.21;0.5129;0.507;0.5507;-3.02;-1.369;-1.422;0.0019;0.9493;2.284;0.3317;0.5135;0.002006;96.29;4.534;4.219;0.0006364;9,22E-03;
C:\Users\sblee\OneDrive\Documenten\python\Aesthetics-Toolbox-main\Aesthetics-Toolbox-main\art\DRAM_processed\DRAM_processed\labels\realism\gustave-courbet\191844.png;905;1.235;1.66;1.0;0.08242;2.382;0.0;6.035;6.035;6.035;1.67;-0.000106;0.000201;0.0;0.0;0.02367;6.0;6.0;6.0;1.66;0.0001054;0.0001998;0.0;0.0;0.02353;31.117;24.663;-0.12;-0.0284;26.95;0.659;0.6333;0.6084;-2.973;-1.362;-1.433;0.002375;0.9333;2.16;0.2698;0.4095;0.001912;91.779;4.564;4.058;0.0006576;5,55E-03;
C:\Users\sblee\OneDrive\Documenten\python\Aesthetics-Toolbox-main\Aesthetics-Toolbox-main\art\DRAM_processed\DRAM_processed\labels\realism\gustave-courbet\191891.png;897;1.259;1.74;0.9386;0.1184;3.632;0.0;4.618;4.618;4.618;1.291;-8,20E-02;0.0001554;0.0;0.0;0.01811;6.221;6.221;6.221;1.74;0.0001105;0.0002094;0.0;0.0;0.0244;45.913;18.427;-0.006;0.09194;32.911;0.6118;0.5772;0.5801;-3.121;-1.359;-1.455;0.002993;0.884;2.085;0.3777;0.7024;0.002027;91.123;4.324;4.074;0.0006115;9,30E-03;
C:\Users\sblee\OneDrive\Documenten\python\Aesthetics-Toolbox-main\Aesthetics-Toolbox-main\art\DRAM_processed\DRAM_processed\labels\realism\gustave-courbet\191901.png;875;1.333;1.513;1.09;0.2507;6.323;0.0;2.887;2.887;2.887;0.8084;-5,13E-02;9,73E-02;0.0;0.0;0.01132;5.391;5.391;5.391;1.513;9,61E-02;0.0001821;0.0;0.0;0.02114;62.704;35.954;-0.116;-0.1373;32.378;0.6219;0.49;0.4535;-2.878;-1.308;-1.395;0.004123;1.166;2.499;0.3831;0.8282;0.001463;89.197;4.503;4.51;0.0005284;7.29e-06;
C:\Users\sblee\OneDrive\Documenten\python\Aesthetics-Toolbox-main\Aesthetics-Toolbox-main\art\DRAM_processed\DRAM_processed\labels\realism\gustave-courbet\191909.png;930;1.163;1.826;0.8795;0.1595;4.675;0.0;3.588;3.588;3.588;1.03;-6,54E-02;0.000124;0.0;0.0;0.01407;6.357;6.357;6.357;1.826;0.0001159;0.0002198;0.0;0.0;0.02493;62.107;6.561;-0.004;0.03256;25.982;0.634;0.6545;0.6304;-3.059;-1.334;-1.419;0.002081;0.859;2.116;0.4714;0.7279;0.001841;84.747;4.27;4.292;0.0005838;1,11E-02;
C:\Users\sblee\OneDrive\Documenten\python\Aesthetics-Toolbox-main\Aesthetics-Toolbox-main\art\DRAM_processed\DRAM_processed\labels\realism\gustave-courbet\191914.png;886;1.295;1.612;1.273;0.2126;5.245;0.0;3.431;3.431;3.431;0.9655;-6.13e-05;0.0001162;0.0;0.0;0.01346;5.703;5.703;5.703;1.612;0.0001024;0.000194;0.0;0.0;0.02236;57.801;7.265;-0.002;-0.03627;26.071;0.6746;0.6066;0.5988;-2.916;-1.251;-1.38;0.002462;1.09;2.348;0.4344;0.7783;0.001527;84.867;4.369;4.427;0.0005562;8,33E-03;
C:\Users\sblee\OneDrive\Documenten\python\Aesthetics-Toolbox-main\Aesthetics-Toolbox-main\art\DRAM_processed\DRAM_processed\labels\realism\gustave-courbet\191915.png;926;0.852;1.384;0.7659;0.1061;3.211;0.0;2.049;2.049;2.049;0.5796;-3.68e-05;6,98E-02;0.0;0.0;0.008036;4.881;4.881;4.881;1.384;8,79E-02;0.0001666;0.0;0.0;0.01914;71.716;40.079;-0.162;-0.118;48.59;0.589;0.6226;0.6029;-3.095;-1.357;-1.475;0.001768;0.9733;2.151;0.1002;0.3813;0.002068;79.459;4.423;4.209;0.0006431;5.79e-06;
C:\Users\sblee\OneDrive\Documenten\python\Aesthetics-Toolbox-main\Aesthetics-Toolbox-main\art\DRAM_processed\DRAM_processed\labels\realism\gustave-courbet\191972.png;894;1.269;0.7966;0.4467;0.05598;1.659;0.0;0.9308;0.9308;0.9308;0.2552;-1.62e-05;3,07E-02;0.0;0.0;0.00365;2.905;2.905;2.905;0.7966;5,06E-02;9,59E-02;0.0;0.0;0.01139;82.709;37.007;0.042;-0.1802;53.981;0.8646;0.7057;0.7033;-3.031;-1.343;-1.456;0.007158;0.9468;2.312;0.06593;0.4388;0.00299;62.629;4.24;3.897;0.0006997;3,86E-03;
C:\Users\sblee\OneDrive\Documenten\python\Aesthetics-Toolbox-main\Aesthetics-Toolbox-main\art\DRAM_processed\DRAM_processed\labels\realism\gustave-courbet\beach-in-normandy.png;835;1.485;0.1731;0.1716;0.01479;0.3568;0.0;0.1023;0.1023;0.1023;0.02803;-1.78e-06;3,37E-03;0.0;0.0;0.000401;0.6313;0.6313;0.6313;0.1731;1,10E-02;2,08E-02;0.0;0.0;0.002476;94.752;61.487;-0.09719;-0.2917;69.301;0.9369;0.9213;0.9218;-3.094;-1.32;-1.4;0.004946;0.9566;2.421;0.04794;0.608;0.003049;52.789;4.214;3.522;0.000747;5,53E-04;
C:\Users\sblee\OneDrive\Documenten\python\Aesthetics-Toolbox-main\Aesthetics-Toolbox-main\art\DRAM_processed\DRAM_processed\labels\realism\gustave-courbet\fishing-boats-on-the-deauville-beach-1866.png;877;1.326;0.5057;0.8894;0.04333;1.105;0.0;1.227;1.227;1.227;0.3364;-2,14E-02;4,05E-02;0.0;0.0;0.004811;1.845;1.845;1.845;0.5057;3,21E-02;6,09E-02;0.0;0.0;0.007233;49.708;32.418;0.13;-0.09682;38.996;0.7971;0.8284;0.8085;-3.127;-1.331;-1.436;0.002961;0.9621;2.276;0.3027;0.772;0.002015;86.389;3.899;3.884;0.0006786;1.91e-06;
C:\Users\sblee\OneDrive\Documenten\python\Aesthetics-Toolbox-main\Aesthetics-Toolbox-main\art\DRAM_processed\DRAM_processed\labels\realism\gustave-courbet\girl-with-seagulls-trouville-1865.png;897;0.794;1.902;1.575;0.1657;4.18;0.0;5.907;5.907;5.907;1.688;-0.0001072;0.0002031;0.0;0.0;0.02317;6.593;6.593;6.593;1.902;0.0001207;0.0002289;0.0;0.0;0.02585;44.175;40.199;-0.1877;-0.072;23.686;0.5524;0.588;0.5256;-2.982;-1.349;-1.449;0.001925;0.962;2.242;0.3312;0.6494;0.001826;87.638;4.3;4.114;0.0005909;9,21E-03;
C:\Users\sblee\OneDrive\Documenten\python\Aesthetics-Toolbox-main\Aesthetics-Toolbox-main\art\DRAM_processed\DRAM_processed\labels\realism\gustave-courbet\the-cliffs-at-etretat-after-the-storm-1870.png;906;1.232;0.1731;0.1716;0.008111;0.2189;0.0;0.1022;0.1022;0.1022;0.02803;-1.78e-06;3,37E-03;0.0;0.0;0.000401;0.6313;0.6313;0.6313;0.1731;1,10E-02;2,08E-02;0.0;0.0;0.002476;95.406;92.792;-0.302;-0.3522;91.872;0.945;0.9466;0.9463;-3.17;-1.421;-1.356;0.004852;0.9463;2.117;0.0;0.6197;0.004085;37.645;4.277;3.494;0.0007575;4.27e-07;
C:\Users\sblee\OneDrive\Documenten\python\Aesthetics-Toolbox-main\Aesthetics-Toolbox-main\art\DRAM_processed\DRAM_processed\labels\realism\gustave-courbet\the-wrestlers-1853.png;876;0.752;1.735;0.7277;0.1195;3.332;0.0;3.044;3.044;3.044;0.8756;-5,56E-02;0.0001054;0.0;0.0;0.01194;6.033;6.033;6.033;1.735;0.0001102;0.0002088;0.0;0.0;0.02366;69.376;11.709;-0.007979;-0.058;51.125;0.7143;0.6422;0.6079;-3.159;-1.362;-1.49;0.003053;0.8785;2.04;0.2861;0.3959;0.002052;77.949;4.353;4.147;0.0006463;7,81E-03;
C:\Users\sblee\OneDrive\Documenten\python\Aesthetics-Toolbox-main\Aesthetics-Toolbox-main\art\DRAM_processed\DRAM_processed\labels\realism\henreiette-ronner-knip\0.png;873;1.34;0.9254;0.7809;0.04254;1.142;0.0;1.853;1.853;1.853;0.5081;-3,23E-02;6,12E-02;0.0;0.0;0.007267;3.375;3.375;3.375;0.9254;5,88E-02;0.0001114;0.0;0.0;0.01324;68.323;8.902;-0.044;0.006702;45.044;0.8219;0.8404;0.8223;-3.041;-1.346;-1.444;0.001683;0.8534;1.999;0.2841;0.4763;0.002266;75.871;4.488;3.902;0.0006998;3,39E-03;
C:\Users\sblee\OneDrive\Documenten\python\Aesthetics-Toolbox-main\Aesthetics-Toolbox-main\art\DRAM_processed\DRAM_processed\labels\realism\henreiette-ronner-knip\1.png;875;1.333;0.9084;0.76;0.05866;1.573;0.0;1.759;1.759;1.759;0.4823;-3,06E-02;5,80E-02;0.0;0.0;0.006898;3.313;3.313;3.313;0.9084;5,77E-02;0.0001093;0.0;0.0;0.01299;62.195;24.214;0.024;-0.1187;40.186;0.7979;0.7924;0.7651;-3.055;-1.36;-1.448;0.001846;0.8245;2.228;0.3465;0.4802;0.002129;80.639;4.519;4.143;0.0006759;4,08E-03;
C:\Users\sblee\OneDrive\Documenten\python\Aesthetics-Toolbox-main\Aesthetics-Toolbox-main\art\DRAM_processed\DRAM_processed\labels\realism\henreiette-ronner-knip\2.png;879;1.319;1.132;1.026;0.07067;1.94;0.0;2.278;2.278;2.278;0.6271;-3,98E-02;7,55E-02;0.0;0.0;0.008934;4.106;4.106;4.106;1.132;7,18E-02;0.0001362;0.0;0.0;0.0161;57.202;27.942;0.09;-0.1069;36.323;0.6933;0.7003;0.6768;-3.002;-1.319;-1.409;0.001563;0.8731;2.236;0.2675;0.4697;0.002191;83.624;4.515;4.173;0.0006584;6,07E-03;
C:\Users\sblee\OneDrive\Documenten\python\Aesthetics-Toolbox-main\Aesthetics-Toolbox-main\art\DRAM_processed\DRAM_processed\labels\realism\henreiette-ronner-knip\3.png;796;1.689;1.094;0.9962;0.05724;1.386;0.0;3.712;3.712;3.712;1.018;-6,46E-02;0.0001225;0.0;0.0;0.01456;3.99;3.99;3.99;1.094;6,95E-02;0.0001316;0.0;0.0;0.01565;35.86;7.719;0.038;-0.006757;29.588;0.767;0.757;0.7931;-3.055;-1.352;-1.438;0.003187;0.8596;2.342;0.2847;0.4867;0.002312;91.388;4.371;3.629;0.000688;3,93E-03;
C:\Users\sblee\OneDrive\Documenten\python\Aesthetics-Toolbox-main\Aesthetics-Toolbox-main\art\DRAM_processed\DRAM_processed\labels\realism\henreiette-ronner-knip\4.png;839;1.475;0.7571;0.5797;0.03356;0.8574;0.0;1.106;1.106;1.106;0.3033;-1,93E-02;3.65e-05;0.0;0.0;0.004338;2.761;2.761;2.761;0.7571;4,81E-02;9,11E-02;0.0;0.0;0.01083;74.282;43.165;-0.2;-0.08112;54.964;0.8427;0.8217;0.8207;-2.999;-1.343;-1.43;0.003047;0.9758;2.08;0.13;0.4885;0.003256;65.866;4.19;3.608;0.0007233;1,88E-03;
C:\Users\sblee\OneDrive\Documenten\python\Aesthetics-Toolbox-main\Aesthetics-Toolbox-main\art\DRAM_processed\DRAM_processed\labels\realism\henreiette-ronner-knip\5.png;881;1.312;0.8106;0.6419;0.05008;1.335;0.0;1.306;1.306;1.306;0.358;-2,27E-02;4,31E-02;0.0;0.0;0.00512;2.956;2.956;2.956;0.8106;5,15E-02;9,76E-02;0.0;0.0;0.01159;69.997;27.87;0.076;-0.1168;49.1;0.8049;0.7863;0.7758;-3.008;-1.364;-1.449;0.002216;0.9191;2.188;0.173;0.4705;0.002419;75.353;4.519;3.856;0.0006849;4,16E-03;
C:\Users\sblee\OneDrive\Documenten\python\Aesthetics-Toolbox-main\Aesthetics-Toolbox-main\art\DRAM_processed\DRAM_processed\labels\realism\henri-de-toulouse-lautrec\1881_230674.png;871;1.341;1.191;0.8155;0.07589;2.248;0.0;2.527;2.527;2.527;0.6928;-4,40E-02;8,34E-02;0.0;0.0;0.009909;4.345;4.345;4.345;1.191;7,56E-02;0.0001434;0.0;0.0;0.01704;62.728;1.721;0.003006;-0.008065;40.297;0.7515;0.7027;0.6723;-3.169;-1.347;-1.479;0.003161;0.9143;2.219;0.2201;0.4408;0.002303;80.199;4.312;4.011;0.0006551;6,57E-03;
C:\Users\sblee\OneDrive\Documenten\python\Aesthetics-Toolbox-main\Aesthetics-Toolbox-main\art\DRAM_processed\DRAM_processed\labels\realism\henriette-ronner-knip-wiki\640px-Henriette-ronner-yorkshire-terrier.png;832;1.506;1.656;0.9964;0.07128;1.938;0.0;5.574;5.574;5.574;1.543;-9,79E-02;0.0001856;0.0;0.0;0.02186;5.985;5.985;5.985;1.656;0.0001052;0.0001993;0.0;0.0;0.02347;30.474;31.297;-0.052;-0.1476;26.518;0.667;0.6877;0.6445;-2.989;-1.369;-1.406;0.003174;1.0;2.189;0.2645;0.4166;0.002336;89.6;4.41;3.735;0.0006863;6,23E-03;
C:\Users\sblee\OneDrive\Documenten\python\Aesthetics-Toolbox-main\Aesthetics-Toolbox-main\art\DRAM_processed\DRAM_processed\labels\realism\henriette-ronner-knip-wiki\640px-Henriette_Ronner-Knip-Chimney.png;875;1.333;1.151;1.385;0.08016;2.233;0.0;3.487;3.487;3.487;0.956;-6,07E-02;0.000115;0.0;0.0;0.01367;4.199;4.199;4.199;1.151;7.31e-05;0.0001386;0.0;0.0;0.01647;35.709;32.311;-0.15;0.06;34.336;0.6898;0.7083;0.678;-3.004;-1.307;-1.404;0.002357;0.8597;2.234;0.3493;0.6874;0.002065;91.475;4.291;4.181;0.0006305;6,05E-03;
C:\Users\sblee\OneDrive\Documenten\python\Aesthetics-Toolbox-main\Aesthetics-Toolbox-main\art\DRAM_processed\DRAM_processed\labels\realism\henriette-ronner-knip-wiki\640px-Henriette_Ronner-Knip-In_Front_Chimney.png;875;1.333;1.153;1.297;0.09446;2.74;0.0;3.246;3.246;3.246;0.89;-5.65e-05;0.0001071;0.0;0.0;0.01273;4.205;4.205;4.205;1.153;7,32E-02;0.0001388;0.0;0.0;0.01649;39.143;35.73;0.176;0.03067;34.562;0.699;0.6803;0.6474;-3.05;-1.308;-1.43;0.002965;0.8925;2.169;0.3431;0.7061;0.001888;92.625;4.371;4.296;0.0006091;5,93E-03;
C:\Users\sblee\OneDrive\Documenten\python\Aesthetics-Toolbox-main\Aesthetics-Toolbox-main\art\DRAM_processed\DRAM_processed\labels\realism\henriette-ronner-knip-wiki\640px-Henriette_Ronner-Knip_-_Das_kleine_Fuhrwerk.png;822;1.553;1.278;0.729;0.103;2.832;0.0;2.016;2.016;2.016;0.5611;-3,56E-02;6,75E-02;0.0;0.0;0.007904;4.585;4.585;4.585;1.278;8,12E-02;0.0001539;0.0;0.0;0.01798;70.9;19.88;0.002;-0.09938;41.298;0.6908;0.6628;0.6519;-3.105;-1.362;-1.457;0.002734;0.941;2.123;0.2896;0.388;0.002136;83.108;4.403;4.254;0.0006481;6,70E-03;
C:\Users\sblee\OneDrive\Documenten\python\Aesthetics-Toolbox-main\Aesthetics-Toolbox-main\art\DRAM_processed\DRAM_processed\labels\realism\henriette-ronner-knip-wiki\640px-Henriette_Ronner-Knip_-_Will_You_Play_With_Me.png;897;0.794;1.503;0.8652;0.07288;2.314;0.0;3.448;3.448;3.448;0.9542;-6,06E-02;0.0001148;0.0;0.0;0.01352;5.43;5.43;5.43;1.503;9,54E-02;0.0001809;0.0;0.0;0.02129;55.631;25.352;0.01385;-0.126;42.902;0.7095;0.6272;0.6314;-3.117;-1.377;-1.482;0.001658;0.8447;2.175;0.2295;0.5133;0.00226;85.902;4.526;3.977;0.0006547;6,57E-03;
C:\Users\sblee\OneDrive\Documenten\python\Aesthetics-Toolbox-main\Aesthetics-Toolbox-main\art\DRAM_processed\DRAM_processed\labels\realism\henriette-ronner-knip-wiki\640px-Henriette_ronner-knip_cat_nap.png;840;1.471;0.9423;0.8019;0.04184;1.108;0.0;1.953;1.953;1.953;0.5355;-3.4e-05;6,45E-02;0.0;0.0;0.00766;3.437;3.437;3.437;0.9423;5,98E-02;0.0001134;0.0;0.0;0.01348;65.628;8.306;0.032;0.02647;46.771;0.8227;0.8426;0.8205;-3.046;-1.356;-1.466;0.002584;0.6937;2.062;0.2138;0.4869;0.002571;78.308;4.363;3.597;0.0007019;3.51e-06;
C:\Users\sblee\OneDrive\Documenten\python\Aesthetics-Toolbox-main\Aesthetics-Toolbox-main\art\DRAM_processed\DRAM_processed\labels\realism\henriette-ronner-knip-wiki\640px-Henriette_ronner-knip_making_music.png;860;1.389;0.8469;0.6851;0.06714;1.78;0.0;1.458;1.458;1.458;0.3999;-2,54E-02;4,81E-02;0.0;0.0;0.005719;3.089;3.089;3.089;0.8469;5,38E-02;0.0001019;0.0;0.0;0.01211;67.275;8.419;0.006;0.04167;37.638;0.7556;0.7532;0.7285;-3.056;-1.349;-1.448;0.001762;0.9097;2.235;0.3885;0.5607;0.002165;86.989;4.529;4.287;0.00066;4,80E-03;
C:\Users\sblee\OneDrive\Documenten\python\Aesthetics-Toolbox-main\Aesthetics-Toolbox-main\art\DRAM_processed\DRAM_processed\labels\realism\henriette-ronner-knip-wiki\640px-Henriette_ronner-knip_the_maine_coon.png;895;0.79;1.096;0.9988;0.04115;1.176;0.0;3.835;3.835;3.835;1.052;-6,68E-02;0.0001266;0.0;0.0;0.01504;3.997;3.997;3.997;1.096;6,96E-02;0.0001319;0.0;0.0;0.01567;37.215;15.766;0.01139;-0.078;29.853;0.7984;0.8031;0.7687;-3.054;-1.356;-1.43;0.003769;0.7653;2.859;0.2347;0.4868;0.002597;90.002;4.379;3.192;0.000699;4,06E-03;
C:\Users\sblee\OneDrive\Documenten\python\Aesthetics-Toolbox-main\Aesthetics-Toolbox-main\art\DRAM_processed\DRAM_processed\labels\realism\henriette-ronner-knip-wiki\800px-Henriette_Ronner-Knip_(1821-1909)__Katje__1896__Olieverf_op_paneel_(cropped).png;814;1.592;0.9912;0.8635;0.05172;1.291;0.0;2.288;2.288;2.288;0.6274;-3,98E-02;7.55e-05;0.0;0.0;0.008974;3.615;3.615;3.615;0.9912;6,29E-02;0.0001193;0.0;0.0;0.01418;57.3;13.508;0.03;-0.06051;40.046;0.7855;0.7809;0.7942;-3.032;-1.339;-1.476;0.001723;0.8335;2.141;0.2046;0.4874;0.002409;82.149;4.367;3.694;0.0006897;4,36E-03;
C:\Users\sblee\OneDrive\Documenten\python\Aesthetics-Toolbox-main\Aesthetics-Toolbox-main\art\DRAM_processed\DRAM_processed\labels\realism\henriette-ronner-knip-wiki\Best_of_Friends.png;915;1.205;1.062;0.9541;0.04117;1.195;0.0;2.997;2.997;2.997;0.8217;-5,22E-02;9,89E-02;0.0;0.0;0.01175;3.872;3.872;3.872;1.062;6.74e-05;0.0001278;0.0;0.0;0.01519;48.96;17.132;0.044;-0.07349;31.318;0.8358;0.7895;0.7935;-3.063;-1.375;-1.485;0.001943;0.791;2.245;0.2496;0.4962;0.002433;85.129;4.464;3.453;0.0006925;4,06E-03;
C:\Users\sblee\OneDrive\Documenten\python\Aesthetics-Toolbox-main\Aesthetics-Toolbox-main\art\DRAM_processed\DRAM_processed\labels\realism\henriette-ronner-knip-wiki\De_Pianoles_door_Henriette_Ronner-Knip.png;867;1.362;0.7983;0.6274;0.06243;1.668;0.0;1.257;1.257;1.257;0.3447;-2,19E-02;4,15E-02;0.0;0.0;0.00493;2.912;2.912;2.912;0.7983;5,07E-02;9,61E-02;0.0;0.0;0.01142;70.717;23.597;0.054;-0.1049;31.314;0.7641;0.7206;0.7382;-3.068;-1.359;-1.458;0.001397;0.8769;2.018;0.3062;0.4912;0.002042;82.514;4.525;4.265;0.0006618;4,19E-03;
C:\Users\sblee\OneDrive\Documenten\python\Aesthetics-Toolbox-main\Aesthetics-Toolbox-main\art\DRAM_processed\DRAM_processed\labels\realism\henriette-ronner-knip-wiki\Henriette_Ronner-Knip-aprole_douner.png;875;1.333;1.007;0.8837;0.05515;1.533;0.0;2.416;2.416;2.416;0.6623;-4,21E-02;7,97E-02;0.0;0.0;0.009473;3.673;3.673;3.673;1.007;6,39E-02;0.0001212;0.0;0.0;0.0144;50.344;10.726;0.044;-0.03067;29.928;0.7518;0.7413;0.7365;-3.063;-1.356;-1.426;0.001489;0.8042;2.054;0.3765;0.6913;0.002271;88.475;4.467;3.909;0.000675;5,04E-03;
C:\Users\sblee\OneDrive\Documenten\python\Aesthetics-Toolbox-main\Aesthetics-Toolbox-main\art\DRAM_processed\DRAM_processed\labels\realism\henriette-ronner-knip-wiki\Henriette_Ronner-Knip_-_Poes_met_jongen.png;875;0.75;0.7327;0.5518;0.03724;1.016;0.0;1.024;1.024;1.024;0.2806;-1,78E-02;3,38E-02;0.0;0.0;0.004014;2.672;2.672;2.672;0.7327;4,65E-02;8,82E-02;0.0;0.0;0.01048;77.299;21.748;0.05467;-0.094;63.731;0.8614;0.8217;0.8053;-3.033;-1.343;-1.441;0.002704;0.8549;2.199;0.2277;0.4841;0.002461;69.335;4.352;3.828;0.0007089;3,29E-03;
C:\Users\sblee\OneDrive\Documenten\python\Aesthetics-Toolbox-main\Aesthetics-Toolbox-main\art\DRAM_processed\DRAM_processed\labels\realism\henriette-ronner-knip-wiki\Henriette_Ronner-Knip_-_The_Little_Rascals_-_812015T19523.png;866;1.366;1.254;0.6632;0.06831;2.056;0.0;2.069;2.069;2.069;0.5726;-3,64E-02;6,89E-02;0.0;0.0;0.008114;4.533;4.533;4.533;1.254;7,97E-02;0.000151;0.0;0.0;0.01778;70.816;26.966;-0.016;-0.1339;41.313;0.7639;0.6629;0.6578;-3.085;-1.37;-1.466;0.002712;0.851;2.11;0.1991;0.4162;0.002394;77.058;4.336;4.024;0.0006757;6.85e-06;
C:\Users\sblee\OneDrive\Documenten\python\Aesthetics-Toolbox-main\Aesthetics-Toolbox-main\art\DRAM_processed\DRAM_processed\labels\realism\henriette-ronner-knip-wiki\Henriette_Ronner-Knip_Esel_und_Hahn_im_Stall.png;899;0.798;1.146;0.7508;0.07564;2.306;0.0;1.582;1.582;1.582;0.4417;-2,80E-02;5,32E-02;0.0;0.0;0.006204;4.098;4.098;4.098;1.146;7,28E-02;0.0001379;0.0;0.0;0.01607;79.126;22.713;0.0188;-0.112;55.927;0.724;0.6682;0.6383;-3.144;-1.348;-1.473;0.004598;0.9013;2.198;0.2181;0.5453;0.001888;71.475;4.278;4.059;0.0006675;4,70E-03;
C:\Users\sblee\OneDrive\Documenten\python\Aesthetics-Toolbox-main\Aesthetics-Toolbox-main\art\DRAM_processed\DRAM_processed\labels\realism\henriette-ronner-knip-wiki\Henriette_Ronner-Knip_Katze_1897.png;843;1.458;1.086;0.986;0.04216;1.121;0.0;3.444;3.444;3.444;0.9443;-6,00E-02;0.0001136;0.0;0.0;0.01351;3.961;3.961;3.961;1.086;6,90E-02;0.0001307;0.0;0.0;0.01553;38.911;18.09;0.028;-0.08601;30.306;0.8028;0.8003;0.7911;-3.06;-1.367;-1.45;0.002768;0.798;2.217;0.203;0.484;0.002639;89.136;4.46;3.09;0.0006968;4,27E-03;
C:\Users\sblee\OneDrive\Documenten\python\Aesthetics-Toolbox-main\Aesthetics-Toolbox-main\art\DRAM_processed\DRAM_processed\labels\realism\henriette-ronner-knip-wiki\Katjesspel.png;862;1.381;0.7785;0.6044;0.03275;0.8856;0.0;1.183;1.183;1.183;0.3242;-2,06E-02;3,90E-02;0.0;0.0;0.004638;2.839;2.839;2.839;0.7785;4,94E-02;9,37E-02;0.0;0.0;0.01114;76.548;13.611;0.056;-0.03867;56.838;0.8605;0.8343;0.8143;-3.092;-1.348;-1.458;0.001061;0.8526;2.003;0.1601;0.484;0.002944;70.277;4.298;3.505;0.0007165;2.8e-06;
C:\Users\sblee\OneDrive\Documenten\python\Aesthetics-Toolbox-main\Aesthetics-Toolbox-main\art\DRAM_processed\DRAM_processed\labels\realism\henriette-ronner-knip-wiki\Kat_bespiedt_vogels_bij_een_slapende_hond.png;803;1.65;1.209;0.8275;0.05828;1.583;0.0;2.003;2.003;2.003;0.5538;-3,52E-02;6,67E-02;0.0;0.0;0.007855;4.37;4.37;4.37;1.209;7,67E-02;0.0001455;0.0;0.0;0.01714;69.847;22.81;-0.028;0.1106;51.62;0.7638;0.753;0.7289;-3.108;-1.364;-1.453;0.001901;0.8779;2.097;0.2515;0.4222;0.002424;79.49;4.245;3.834;0.0006911;4,79E-03;
C:\Users\sblee\OneDrive\Documenten\python\Aesthetics-Toolbox-main\Aesthetics-Toolbox-main\art\DRAM_processed\DRAM_processed\labels\realism\henriette-ronner-knip-wiki\Kittens_at_play.png;869;0.738;1.176;1.375;0.08015;2.228;0.0;3.665;3.665;3.665;1.005;-6,38E-02;0.0001209;0.0;0.0;0.01437;4.289;4.289;4.289;1.176;7,47E-02;0.0001415;0.0;0.0;0.01682;41.185;8.538;-0.03659;-0.022;32.192;0.6939;0.6858;0.7172;-3.004;-1.285;-1.423;0.002903;0.867;2.146;0.4234;0.7125;0.001844;90.072;4.299;4.176;0.0006262;5,49E-03;
C:\Users\sblee\OneDrive\Documenten\python\Aesthetics-Toolbox-main\Aesthetics-Toolbox-main\art\DRAM_processed\DRAM_processed\labels\realism\henriette-ronner-knip-wiki\Kurze_Rast.png;930;0.86;1.37;0.7551;0.04417;1.484;0.0;2.607;2.607;2.607;0.7215;-4,58E-02;8,68E-02;0.0;0.0;0.01022;4.949;4.949;4.949;1.37;8,70E-02;0.0001648;0.0;0.0;0.01941;63.813;54.497;0.01628;-0.272;47.907;0.8003;0.7124;0.6992;-3.107;-1.389;-1.473;0.001488;0.8086;2.114;0.1481;0.4149;0.002964;78.546;4.298;3.438;0.0007;6,10E-03;
C:\Users\sblee\OneDrive\Documenten\python\Aesthetics-Toolbox-main\Aesthetics-Toolbox-main\art\DRAM_processed\DRAM_processed\labels\realism\henriette-ronner-knip-wiki\The_Dog_Cart.png;828;1.524;1.245;0.7163;0.1155;3.137;0.0;1.774;1.774;1.774;0.4965;-3,15E-02;5,98E-02;0.0;0.0;0.006957;4.437;4.437;4.437;1.245;7,90E-02;0.0001498;0.0;0.0;0.0174;74.905;16.974;-0.052;-0.06707;54.311;0.686;0.6743;0.6467;-3.029;-1.341;-1.455;0.004047;1.09;2.303;0.2685;0.3818;0.001973;76.361;4.38;4.299;0.000638;6,63E-03;
C:\Users\sblee\OneDrive\Documenten\python\Aesthetics-Toolbox-main\Aesthetics-Toolbox-main\art\DRAM_processed\DRAM_processed\labels\realism\henriette-ronner-knip-wiki\THE_YOUNG_ARTIST.png;867;1.362;0.8677;0.7103;0.03435;0.9363;0.0;1.554;1.554;1.554;0.426;-2,71E-02;5,13E-02;0.0;0.0;0.006094;3.165;3.165;3.165;0.8677;5,51E-02;0.0001044;0.0;0.0;0.01241;69.793;20.959;0.1;0.03134;51.873;0.8304;0.8561;0.8245;-3.059;-1.351;-1.441;0.001428;0.7779;1.969;0.2075;0.485;0.002755;73.935;4.462;3.58;0.0007113;3,19E-03;
C:\Users\sblee\OneDrive\Documenten\python\Aesthetics-Toolbox-main\Aesthetics-Toolbox-main\art\DRAM_processed\DRAM_processed\labels\realism\henrique-pousao\310204.png;803;0.606;1.972;0.8775;0.1103;2.748;0.0;4.454;4.454;4.454;1.281;-8,14E-02;0.0001542;0.0;0.0;0.01747;6.854;6.854;6.854;1.972;0.0001252;0.0002373;0.0;0.0;0.02688;59.172;7.384;-0.02805;-0.024;36.756;0.6956;0.7239;0.652;-3.058;-1.322;-1.453;0.001804;0.8433;2.022;0.2735;0.552;0.002309;82.701;4.263;3.879;0.0006657;7,70E-03;
C:\Users\sblee\OneDrive\Documenten\python\Aesthetics-Toolbox-main\Aesthetics-Toolbox-main\art\DRAM_processed\DRAM_processed\labels\realism\henrique-pousao\310206.png;846;0.692;2.026;1.343;0.1245;3.097;0.0;6.418;6.418;6.418;1.834;-0.0001165;0.0002208;0.0;0.0;0.02517;7.056;7.056;7.056;2.026;0.0001286;0.0002438;0.0;0.0;0.02767;38.316;17.807;0.03468;-0.082;29.343;0.7299;0.6275;0.6169;-2.963;-1.306;-1.383;0.002322;0.8743;2.062;0.31;0.7333;0.001928;90.33;4.469;4.079;0.0006133;1,05E-02;
C:\Users\sblee\OneDrive\Documenten\python\Aesthetics-Toolbox-main\Aesthetics-Toolbox-main\art\DRAM_processed\DRAM_processed\labels\realism\henrique-pousao\310212.png;864;0.728;2.141;0.9891;0.08658;2.374;0.0;8.422;8.422;8.422;2.423;-0.0001538;0.0002916;0.0;0.0;0.03303;7.443;7.443;7.443;2.141;0.0001359;0.0002577;0.0;0.0;0.02919;30.304;12.987;0.01099;-0.064;22.576;0.7071;0.6187;0.6363;-3.045;-1.369;-1.479;0.003335;0.8481;2.105;0.2708;0.453;0.002332;91.499;4.4;3.595;0.0006666;7,44E-03;
C:\Users\sblee\OneDrive\Documenten\python\Aesthetics-Toolbox-main\Aesthetics-Toolbox-main\art\DRAM_processed\DRAM_processed\labels\realism\henrique-pousao\310218.png;899;0.798;2.157;0.9997;0.0906;2.424;0.0;7.647;7.647;7.647;2.2;-0.0001397;0.0002647;0.0;0.0;0.02999;7.499;7.499;7.499;2.157;0.000137;0.0002596;0.0;0.0;0.02941;35.41;20.002;0.001253;-0.1;27.092;0.755;0.6179;0.6139;-3.06;-1.366;-1.434;0.003199;0.8315;2.387;0.2565;0.3774;0.002413;91.436;4.354;3.586;0.0006823;8,18E-03;
C:\Users\sblee\OneDrive\Documenten\python\Aesthetics-Toolbox-main\Aesthetics-Toolbox-main\art\DRAM_processed\DRAM_processed\labels\realism\henry-herbert-la-thangue\309299.png;919;0.838;1.535;0.8367;0.1213;3.351;0.0;2.465;2.465;2.465;0.7017;-4,46E-02;8,44E-02;0.0;0.0;0.009667;5.388;5.388;5.388;1.535;9,75E-02;0.0001848;0.0;0.0;0.02113;69.119;12.77;-0.05131;0.038;35.018;0.6127;0.6803;0.5849;-3.03;-1.314;-1.388;0.001946;0.9071;2.284;0.3112;0.5253;0.002231;77.318;4.276;4.327;0.0006485;7,37E-03;
C:\Users\sblee\OneDrive\Documenten\python\Aesthetics-Toolbox-main\Aesthetics-Toolbox-main\art\DRAM_processed\DRAM_processed\labels\realism\henry-herbert-la-thangue\309324.png;979;1.044;1.755;1.116;0.1322;4.08;0.0;3.796;3.796;3.796;1.075;-6,83E-02;0.0001294;0.0;0.0;0.01489;6.187;6.187;6.187;1.755;0.0001114;0.0002112;0.0;0.0;0.02426;48.898;9.845;-0.004;0.04906;27.344;0.5497;0.5514;0.5823;-3.076;-1.358;-1.454;0.002022;1.016;2.134;0.3343;0.7142;0.001938;92.538;4.459;4.303;0.0006054;9,29E-03;
C:\Users\sblee\OneDrive\Documenten\python\Aesthetics-Toolbox-main\Aesthetics-Toolbox-main\art\DRAM_processed\DRAM_processed\labels\realism\henry-william-banks-davis\a-summer-afternoon-1873.png;738;2.101;1.344;0.9722;0.1526;3.339;0.0;4.022;4.022;4.022;1.103;-7,00E-05;0.0001327;0.0;0.0;0.01577;4.903;4.903;4.903;1.344;8,54E-02;0.0001618;0.0;0.0;0.01923;37.889;34.183;-0.138;-0.1008;32.056;0.6593;0.6286;0.6146;-2.935;-1.334;-1.452;0.003488;1.082;2.361;0.3362;0.789;0.001727;89.588;4.492;4.415;0.0006073;6.43e-06;
C:\Users\sblee\OneDrive\Documenten\python\Aesthetics-Toolbox-main\Aesthetics-Toolbox-main\art\DRAM_processed\DRAM_processed\labels\realism\henry-william-banks-davis\evening-light-1878.png;743;2.058;1.042;0.6695;0.1222;2.668;0.0;1.752;1.752;1.752;0.4804;-3.05e-05;5,78E-02;0.0;0.0;0.006872;3.802;3.802;3.802;1.042;6,62E-02;0.0001254;0.0;0.0;0.01491;70.47;16.676;-0.034;-0.07613;40.873;0.7721;0.6693;0.6622;-2.86;-1.239;-1.279;0.007379;1.096;2.358;0.2341;0.4271;0.001998;75.706;4.353;4.311;0.0006424;5,62E-03;
C:\Users\sblee\OneDrive\Documenten\python\Aesthetics-Toolbox-main\Aesthetics-Toolbox-main\art\DRAM_processed\DRAM_processed\labels\realism\henry-william-banks-davis\midday.png;891;0.782;1.319;0.9462;0.08234;2.357;0.0;3.643;3.643;3.643;0.9989;-6,34E-02;0.0001202;0.0;0.0;0.01429;4.812;4.812;4.812;1.319;8,38E-02;0.0001588;0.0;0.0;0.01887;47.03;22.518;-0.01151;-0.112;34.9;0.723;0.634;0.6146;-3.029;-1.331;-1.419;0.00365;0.8479;2.176;0.2764;0.7059;0.002173;87.387;4.452;4.201;0.000644;5,55E-03;
C:\Users\sblee\OneDrive\Documenten\python\Aesthetics-Toolbox-main\Aesthetics-Toolbox-main\art\DRAM_processed\DRAM_processed\labels\realism\henry-william-banks-davis\mother-and-son-1881.png;829;1.52;1.383;0.67;0.1025;2.725;0.0;2.281;2.281;2.281;0.6378;-4,05E-02;7,68E-02;0.0;0.0;0.008944;4.944;4.944;4.944;1.383;8,78E-02;0.0001664;0.0;0.0;0.01939;73.015;6.96;0.032;0.01368;55.949;0.7449;0.7288;0.665;-2.92;-1.307;-1.388;0.009133;1.003;2.351;0.1738;0.3997;0.002314;73.607;4.272;3.848;0.0006731;6,02E-03;
C:\Users\sblee\OneDrive\Documenten\python\Aesthetics-Toolbox-main\Aesthetics-Toolbox-main\art\DRAM_processed\DRAM_processed\labels\realism\ivan-kramskoy\books-got-her-1872.png;927;0.854;2.068;1.014;0.05639;1.676;0.0;5.446;5.446;5.446;1.566;-9,94E-02;0.0001885;0.0;0.0;0.02136;7.19;7.19;7.19;2.068;0.0001313;0.0002489;0.0;0.0;0.0282;43.436;39.309;-0.06909;-0.184;40.801;0.7126;0.6815;0.6895;-3.043;-1.366;-1.477;0.001067;0.7966;2.06;0.2259;0.3847;0.002843;86.918;4.084;3.317;0.0007011;7,17E-03;
C:\Users\sblee\OneDrive\Documenten\python\Aesthetics-Toolbox-main\Aesthetics-Toolbox-main\art\DRAM_processed\DRAM_processed\labels\realism\ivan-kramskoy\girl-with-a-cat-1882.png;890;0.78;2.092;1.265;0.1023;2.785;0.0;7.339;7.339;7.339;2.105;-0.0001336;0.0002533;0.0;0.0;0.02878;7.273;7.273;7.273;2.092;0.0001328;0.0002517;0.0;0.0;0.02852;28.732;24.969;0.04615;-0.116;29.164;0.6181;0.5952;0.5839;-3.017;-1.33;-1.442;0.001337;0.7874;2.205;0.2842;0.627;0.002233;91.704;4.399;3.933;0.0006385;9,59E-03;
C:\Users\sblee\OneDrive\Documenten\python\Aesthetics-Toolbox-main\Aesthetics-Toolbox-main\art\DRAM_processed\DRAM_processed\labels\realism\jarnefelt-eero\j-rnefeltsavolaisvene.png;886;0.772;0.9666;0.7285;0.05413;1.424;0.0;1.121;1.121;1.121;0.3172;-2,01E-02;3,82E-02;0.0;0.0;0.004394;3.375;3.375;3.375;0.9666;6,14E-02;0.0001163;0.0;0.0;0.01324;89.635;19.97;-0.03368;-0.094;59.381;0.7701;0.7676;0.7821;-2.988;-1.321;-1.423;0.002347;0.8223;2.085;0.1634;0.3821;0.002413;62.189;4.487;3.693;0.0007031;3,67E-03;
C:\Users\sblee\OneDrive\Documenten\python\Aesthetics-Toolbox-main\Aesthetics-Toolbox-main\art\DRAM_processed\DRAM_processed\labels\realism\jean-francois-millet\189987.png;909;0.818;2.062;0.9368;0.06277;1.85;0.0;5.296;5.296;5.296;1.523;-9,67E-02;0.0001833;0.0;0.0;0.02077;7.169;7.169;7.169;2.062;0.0001309;0.0002482;0.0;0.0;0.02811;50.001;30.409;-0.003667;-0.152;31.887;0.7243;0.6602;0.6677;-3.063;-1.372;-1.47;0.001631;0.7861;2.116;0.2331;0.3867;0.002768;85.288;4.161;3.321;0.0006959;6,14E-03;
C:\Users\sblee\OneDrive\Documenten\python\Aesthetics-Toolbox-main\Aesthetics-Toolbox-main\art\DRAM_processed\DRAM_processed\labels\realism\jean-francois-millet\190025.png;925;1.176;2.279;1.411;0.1821;4.414;0.0;7.243;7.243;7.243;2.108;-0.0001338;0.0002537;0.0;0.0;0.0284;7.825;7.825;7.825;2.279;0.0001447;0.0002742;0.0;0.0;0.03069;34.133;31.229;-0.104;0.1165;31.645;0.5921;0.5065;0.4602;-2.94;-1.304;-1.405;0.001825;0.9941;2.353;0.3263;0.6631;0.00171;88.976;4.531;4.407;0.0006049;9.21e-06;
C:\Users\sblee\OneDrive\Documenten\python\Aesthetics-Toolbox-main\Aesthetics-Toolbox-main\art\DRAM_processed\DRAM_processed\labels\realism\joseph-farquharson\in-the-shade.png;830;1.515;0.8233;0.4697;0.03538;0.9542;0.0;1.002;1.002;1.002;0.2748;-1,75E-02;3,31E-02;0.0;0.0;0.00393;3.003;3.003;3.003;0.8233;5,23E-02;9,91E-02;0.0;0.0;0.01178;82.494;31.179;-0.154;-0.02424;55.21;0.8178;0.875;0.8144;-3.048;-1.354;-1.457;0.002502;0.7809;2.137;0.1134;0.4509;0.002963;61.626;4.379;3.621;0.0007216;3,03E-03;
C:\Users\sblee\OneDrive\Documenten\python\Aesthetics-Toolbox-main\Aesthetics-Toolbox-main\art\DRAM_processed\DRAM_processed\labels\realism\joseph-farquharson\rugged-pasture.png;870;0.74;1.159;0.309;0.05056;1.266;0.0;0.9423;0.9423;0.9423;0.2806;-1,78E-02;3,38E-02;0.0;0.0;0.003695;3.89;3.89;3.89;1.159;7,36E-02;0.0001394;0.0;0.0;0.01525;88.779;49.153;0.1243;-0.212;76.385;0.7851;0.7058;0.7067;-3.021;-1.349;-1.444;0.003278;0.8524;2.029;0.05894;0.3692;0.002647;50.782;4.49;3.617;0.0007229;3,50E-03;
C:\Users\sblee\OneDrive\Documenten\python\Aesthetics-Toolbox-main\Aesthetics-Toolbox-main\art\DRAM_processed\DRAM_processed\labels\realism\joseph-farquharson\sheep-in-the-snow.png;883;1.305;1.278;0.3599;0.06956;1.799;0.0;1.163;1.163;1.163;0.3463;-2,20E-02;4,17E-02;0.0;0.0;0.004559;4.291;4.291;4.291;1.278;8,11E-02;0.0001538;0.0;0.0;0.01683;86.454;20.943;-0.09;-0.05352;57.024;0.7377;0.7548;0.6826;-3.039;-1.345;-1.456;0.002526;0.9283;2.178;0.1708;0.3642;0.002471;64.658;4.54;3.828;0.0007091;4,55E-03;
